"# background genes","# genes","category","chart color","description","FDR value","genes","network.SUID","nodes.SUID","p-value","PMID","term name","transferred FDR value","year"
"129","58","STRING Clusters","","Steroid hormone biosynthesis, and Oxidation by cytochrome P450","9.92E-61","HSD17B2|SULT2B1|STS|CYP3A5|SULT1E1|AKR1D1|UGT2A3|HSD17B7|MSMO1|SRD5A3|UGT2B10|SRD5A1|SIGMAR1|CYP11B1|CYP2A6|CYP7A1|UGT1A6|UGT2B7|UGT1A1|UGT2B4|CYP2S1|CYP4A11|UGT2B17|CYP2B6|CYP11B2|CYP2A13|UGT2B28|CYP3A7|UGT2B15|CYP1A2|UGT1A10|UGT1A9|DHCR7|HSD11B1|SOAT1|HSD3B1|CYP17A1|CYP2C8|CYP4A22|UGT1A4|UGT1A5|UGT1A7|UGT1A8|AKR1C4|AKR1C3|AKR1C1|IDI1|CYP19A1|UGT2B11|UGT1A3|CYP2E1|HSD3B2|HSD17B6|UGT2A2|SRD5A2|ENSP00000480571|CYP26C1|CYP3A4","128","1013|1163|1214|1088|1118|1076|1679|1124|2414|1106|1700|1154|493|1094|1346|1226|1022|1034|1016|1718|1283|1694|1046|1295|1070|1337|1706|1205|1052|331|1058|1742|1169|352|472|1133|1148|1724|1652|1028|1664|1760|1040|1463|286|1472|466|310|1670|1733|1178|1142|1064|1688|1112|1196|1631|1082","2.17E-64","","CL:9386","6.000348832784582","0"
"60","47","KEGG Pathways","","Steroid hormone biosynthesis","3.87E-58","HSD17B2|SULT2B1|STS|CYP3A5|SULT1E1|AKR1D1|UGT2A3|HSD17B7|SRD5A3|UGT2B10|SRD5A1|CYP11B1|CYP7A1|UGT1A6|UGT2B7|UGT1A1|UGT2B4|UGT2B17|CYP11B2|UGT2B28|CYP3A7|UGT2B15|CYP1A2|UGT1A10|UGT1A9|HSD11B1|HSD3B1|CYP17A1|UGT1A4|UGT1A5|UGT1A7|UGT1A8|AKR1C4|AKR1C3|AKR1C1|CYP1A1|CYP19A1|UGT2B11|UGT1A3|CYP2E1|HSD3B2|HSD17B6|UGT2A2|SRD5A2|CYP1B1|ENSP00000480571|CYP3A4","128","1013|1163|1214|1088|1118|1076|1679|1124|1106|1700|1154|1094|1226|1022|1034|1016|1718|1046|1070|1706|1205|1052|331|1058|1742|352|1133|1148|1028|1664|1760|1040|1463|286|1472|337|310|1670|1733|1178|1142|1064|1688|1112|1100|1196|1082","1.15E-60","","hsa00140","5.741228903498109","0"
"71","48","STRING Clusters","","Steroid hormone biosynthesis, and Arachidonic acid monooxygenase activity","1.56E-56","HSD17B2|CYP3A5|SULT1E1|UGT2A3|SRD5A3|UGT2B10|SRD5A1|CYP11B1|CYP2A6|UGT1A6|UGT2B7|UGT1A1|UGT2B4|CYP2S1|CYP4A11|UGT2B17|CYP2B6|CYP11B2|CYP2A13|UGT2B28|CYP3A7|UGT2B15|CYP1A2|UGT1A10|UGT1A9|HSD11B1|HSD3B1|CYP17A1|CYP2C8|CYP4A22|UGT1A4|UGT1A5|UGT1A7|UGT1A8|AKR1C4|AKR1C3|AKR1C1|CYP19A1|UGT2B11|UGT1A3|CYP2E1|HSD3B2|HSD17B6|UGT2A2|SRD5A2|ENSP00000480571|CYP26C1|CYP3A4","128","1013|1088|1118|1679|1106|1700|1154|1094|1346|1022|1034|1016|1718|1283|1694|1046|1295|1070|1337|1706|1205|1052|331|1058|1742|352|1133|1148|1724|1652|1028|1664|1760|1040|1463|286|1472|310|1670|1733|1178|1142|1064|1688|1112|1196|1631|1082","1.02E-59","","CL:9388","5.580687540164554","0"
"1435","115","KEGG Pathways","","Metabolic pathways","3.85E-56","HSD17B2|SIRT4|GSTA3|DHDH|NAMPT|CYP3A5|NT5C1A|GSTM2|AKR1D1|PLA2G12A|NT5C|ALOX12|UGT2A3|HSD17B7|GSTM5|MSMO1|ASPA|CAD|PI4K2B|PDE8B|BST1|UGT2B10|PDE3B|MARS2|AKR1B1|PDE11A|CYP11B1|LTC4S|ALOX15|HPGDS|CYP2A6|CYP7A1|ENTPD3|UGT1A6|DCXR|UGT2B7|UGT1A1|UGT2B4|CYP2S1|CYP4A11|EZH2|UGT2B17|CYP2B6|CYP11B2|TPH2|UPP1|UGT2B28|TMLHE|GSTA1|CYP3A7|NT5C2|UGT2B15|CYP1A2|PTGES|UGT1A10|UGT1A9|DHCR7|NT5C1B|GSTM3|PNP|HSD11B1|PI4KB|HSD3B1|GSTM4|CYP17A1|GSTA4|GSTA5|CYP2C8|ENTPD8|CYP4A22|UCK1|UGT1A4|UGT1A5|UGT1A7|UGT1A8|ALOX5|PLA2G2D|NMRK1|PIK3CD|AKR1C4|AKR1C3|ASMT|IDI1|NT5M|ASPDH|PDE8A|CYP1A1|TYMP|MGST1|CYP19A1|ADA2|UGT2B11|NT5C3B|NAPRT|ENPP3|UGT1A3|GSTA2|NT5C1B-RDH14|CYP2E1|NNMT|ADK|HSD3B2|HSD17B6|ACLY|UPP2|UGT2A2|NT5C3A|NMRK2|ENSP00000480571|MGST2|INPP5F|ENPP1|CYP26C1|CYP3A4|PIK3CB","128","1013|1232|1265|1457|247|1088|1547|1301|1076|2216|1535|2291|1679|1124|1325|2414|2636|499|1496|2723|1256|1700|2237|1943|283|3068|1094|3128|2300|1319|1346|1226|3008|1022|3062|1034|1016|1718|1283|1694|220|1046|1295|1070|2603|1982|1706|490|1364|1205|1559|1052|331|2228|1058|1742|1169|1529|1289|250|352|418|1133|1277|1148|1307|1271|1724|1952|1652|475|1028|1664|1760|1040|358|361|1586|1520|1463|286|4607|466|1553|2639|2738|337|1973|1331|310|1958|1670|2003|1574|1235|1733|1370|1541|1178|1250|346|1142|1064|394|1994|1688|2009|1568|1196|1313|1481|1241|1631|1082|1514","2.29E-58","","hsa01100","5.54145392704915","0"
"2092","131","Reactome Pathways","","Metabolism","9.42E-53","HSD17B2|SULT2B1|GSTA3|STS|PIK3R2|NAMPT|CYP3A5|SULT1E1|NT5C1A|GSTM2|AHR|AKR1D1|PLA2G12A|NT5C|ALOX12|UGT2A3|ABCB7|HSD17B7|GSTM5|PSMB7|MSMO1|PIK3R3|ASPA|SRD5A3|CAD|PI4K2B|BST1|UGT2B10|NCOR1|SRD5A1|PLA2R1|AKR1B1|PSMB4|CYP11B1|LTC4S|ALOX15|HPGDS|CYP2A6|CYP7A1|ENTPD3|UGT1A6|DCXR|UGT2B7|UGT1A1|UGT2B4|CYP2S1|CYP4A11|UGT2B17|AHRR|CYP2B6|KARS1|CYP11B2|TPH2|UPP1|CYP2A13|UGT2B28|TMLHE|GSTA1|CYP3A7|PSMF1|NT5C2|UGT2B15|CYP1A2|PTGES|UGT1A10|UGT1A9|DHCR7|NT5C1B|GSTM3|PNP|HSD11B1|THEM4|PI4KB|HSD3B1|GSTM4|CYP17A1|SARS1|GSTA4|GSTA5|CYP2C8|ENTPD8|CYP4A22|UCK1|UGT1A4|UGT1A5|UGT1A7|UGT1A8|ALOX5|PLA2G2D|NMRK1|PIK3CD|AKR1C4|AKR1C3|AKR1C1|ASMT|IDI1|SEC13|NT5M|PRKAR1A|CYP1A1|TYMP|MGST1|CYP19A1|NCOR2|NCOA1|PSMB11|UGT2B11|NCOA2|NAPRT|ENPP3|UGT1A3|GSTA2|CYP2E1|NNMT|ADK|HSD3B2|AKT1|ACLY|UPP2|NT5C3A|SRD5A2|CYP1B1|NMRK2|MGST2|INPP5F|ENPP1|CYP26C1|MED19|CYP3A4|NR1H2|PIK3CB","128","1013|1163|1265|1214|1478|247|1088|1118|1547|1301|2096|1076|2216|1535|2291|1679|478|1124|1325|256|2414|1508|2636|1106|499|1496|1256|1700|1007|1154|3053|283|259|1094|3128|2300|1319|1346|1226|3008|1022|3062|1034|1016|1718|1283|1694|1046|3986|1295|316|1070|2603|1982|1337|1706|490|1364|1205|2531|1559|1052|331|2228|1058|1742|1169|1529|1289|250|352|4991|418|1133|1277|1148|1925|1307|1271|1724|1952|1652|475|1028|1664|1760|1040|358|361|1586|1520|1463|286|1472|4607|466|427|1553|403|337|1973|1331|310|1001|2099|1880|1670|2105|1574|1235|1733|1370|1178|1250|346|1142|301|394|1994|2009|1112|1100|1568|1313|1481|1241|1631|415|1082|412|1514","4.12E-56","","HSA-1430728","5.2025949097207125","0"
"69","43","KEGG Pathways","","Metabolism of xenobiotics by cytochrome P450","2.78E-50","GSTA3|DHDH|CYP3A5|GSTM2|UGT2A3|GSTM5|UGT2B10|HPGDS|CYP2A6|UGT1A6|UGT2B7|UGT1A1|UGT2B4|CYP2S1|UGT2B17|CYP2B6|CYP2A13|UGT2B28|GSTA1|UGT2B15|CYP1A2|UGT1A10|UGT1A9|GSTM3|HSD11B1|GSTM4|GSTA4|GSTA5|UGT1A4|UGT1A5|UGT1A7|UGT1A8|AKR1C1|CYP1A1|MGST1|UGT2B11|UGT1A3|GSTA2|CYP2E1|UGT2A2|CYP1B1|MGST2|CYP3A4","128","1265|1457|1088|1301|1679|1325|1700|1319|1346|1022|1034|1016|1718|1283|1046|1295|1337|1706|1364|1052|331|1058|1742|1289|352|1277|1307|1271|1028|1664|1760|1040|1472|337|1331|1670|1733|1370|1178|1688|1100|1313|1082","2.48E-52","","hsa00980","4.955595520408193","0"
"1645","115","GO Biological Process","","Small molecule metabolic process","2.56E-48","SULT2B1|SIRT4|DHDH|NAMPT|CYP3A5|SULT1E1|WARS2|NT5C1A|GSTM2|AKR1D1|NT5C|CDADC1|ALOX12|UGT2A3|HSD17B7|NARS1|MSMO1|ASPA|SRD5A3|CAD|PDE8B|UGT2B10|SRD5A1|NARS2|MARS2|AKR1B1|CYP11B1|LTC4S|ALOX15|HPGDS|CYP2A6|CYP7A1|ENTPD3|UGT1A6|DCXR|UGT2B7|UGT1A1|UGT2B4|CYP2S1|CYP4A11|UGT2B17|CYP2B6|KARS1|CYP11B2|TPH2|UPP1|CYP2A13|UGT2B28|GSTA1|CYP3A7|TARS3|NT5C2|UGT2B15|CYP1A2|PTGES|UGT1A10|UGT1A9|WARS1|DHCR7|NT5C1B|PNP|SOAT1|THEM4|GSTM4|CYP17A1|SARS1|CYP2C8|PARS2|ENTPD8|CYP4A22|UCK1|UGT1A4|UGT1A5|UGT1A7|UGT1A8|ALOX5|NMRK1|AKR1C4|AKR1C3|AKR1C1|IDI1|NT5M|ASPDH|GARS1|PDE8A|CYP1A1|TYMP|CYP19A1|ADA2|UGT2B11|NT5C3B|NAPRT|ENPP3|UGT1A3|NT5C1B-RDH14|CYP2E1|NNMT|ADK|HSD17B6|AKT1|ACLY|SARS2-2|SARS2|UPP2|UGT2A2|NT5C3A|SRD5A2|CYP1B1|NMRK2|MGST2|PDE8B-2|HARS2|ENPP1|CYP26C1|CYP3A4","128","1163|1232|1457|247|1088|1118|1886|1547|1301|1076|1535|457|2291|1679|1124|1898|2414|2636|1106|499|2723|1700|1154|1913|1943|283|1094|3128|2300|1319|1346|1226|3008|1022|3062|1034|1016|1718|1283|1694|1046|1295|316|1070|2603|1982|1337|1706|1364|1205|1889|1559|1052|331|2228|1058|1742|325|1169|1529|250|472|4991|1277|1148|1925|1724|1937|1952|1652|475|1028|1664|1760|1040|358|1586|1463|286|1472|466|1553|2639|1904|2738|337|1973|310|1958|1670|2003|1574|1235|1733|1541|1178|1250|346|1064|301|394|1919|1931|1994|1688|2009|1112|1100|1568|1313|5654|319|1241|1631|1082","1.63E-52","","GO:0044281","4.759176003468815","0"
"180","53","WikiPathways","","Metapathway biotransformation Phase I and II","7.5E-48","SULT2B1|GSTA3|CYP3A5|SULT1E1|GSTM2|AKR1D1|UGT2A3|GSTM5|AKR1B1|CYP11B1|CYP2A6|CYP7A1|UGT1A6|UGT2B7|UGT1A1|UGT2B4|CYP2S1|UGT2B17|CYP2B6|CYP11B2|CYP2A13|UGT2B28|GSTA1|CYP3A7|UGT2B15|CYP1A2|UGT1A10|UGT1A9|GSTM3|GSTM4|CYP17A1|GSTA4|GSTA5|CYP2C8|UGT1A4|UGT1A5|UGT1A7|AKR1C4|AKR1C3|AKR1C1|CYP1A1|MGST1|CYP19A1|UGT2B11|UGT1A3|GSTA2|CYP2E1|NNMT|UGT2A2|CYP1B1|MGST2|CYP26C1|CYP3A4","128","1163|1265|1088|1118|1301|1076|1679|1325|283|1094|1346|1226|1022|1034|1016|1718|1283|1046|1295|1070|1337|1706|1364|1205|1052|331|1058|1742|1289|1277|1148|1307|1271|1724|1028|1664|1760|1463|286|1472|337|1331|310|1670|1733|1370|1178|1250|1688|1100|1313|1631|1082","9.6E-51","","WP702","4.71249387366083","0"
"76","42","KEGG Pathways","","Chemical carcinogenesis","1.62E-47","GSTA3|CYP3A5|GSTM2|UGT2A3|GSTM5|UGT2B10|HPGDS|CYP2A6|UGT1A6|UGT2B7|UGT1A1|UGT2B4|UGT2B17|CYP2A13|UGT2B28|GSTA1|CYP3A7|UGT2B15|CYP1A2|UGT1A10|UGT1A9|GSTM3|HSD11B1|GSTM4|GSTA4|GSTA5|CYP2C8|UGT1A4|UGT1A5|UGT1A7|UGT1A8|CYP1A1|MGST1|UGT2B11|UGT1A3|GSTA2|CYP2E1|UGT2A2|CYP1B1|ENSP00000480571|MGST2|CYP3A4","128","1265|1088|1301|1679|1325|1700|1319|1346|1022|1034|1016|1718|1046|1337|1706|1364|1205|1052|331|1058|1742|1289|352|1277|1307|1271|1724|1028|1664|1760|1040|337|1331|1670|1733|1370|1178|1688|1100|1196|1313|1082","1.93E-49","","hsa05204","4.679048498545737","0"
"215","55","Reactome Pathways","","Biological oxidations","8.46E-47","SULT2B1|GSTA3|CYP3A5|SULT1E1|GSTM2|AHR|UGT2A3|GSTM5|UGT2B10|CYP11B1|HPGDS|CYP2A6|CYP7A1|UGT1A6|UGT2B7|UGT1A1|UGT2B4|CYP2S1|CYP4A11|UGT2B17|AHRR|CYP2B6|CYP11B2|CYP2A13|UGT2B28|GSTA1|CYP3A7|UGT2B15|CYP1A2|UGT1A10|UGT1A9|GSTM3|GSTM4|GSTA4|GSTA5|CYP2C8|CYP4A22|UGT1A4|UGT1A5|UGT1A7|UGT1A8|CYP1A1|MGST1|CYP19A1|NCOA1|UGT2B11|NCOA2|UGT1A3|GSTA2|CYP2E1|NNMT|CYP1B1|MGST2|CYP26C1|CYP3A4","128","1163|1265|1088|1118|1301|2096|1679|1325|1700|1094|1319|1346|1226|1022|1034|1016|1718|1283|1694|1046|3986|1295|1070|1337|1706|1364|1205|1052|331|1058|1742|1289|1277|1307|1271|1724|1652|1028|1664|1760|1040|337|1331|310|2099|1670|2105|1733|1370|1178|1250|1100|1313|1631|1082","7.41E-50","","HSA-211859","4.607262963696098","0"
"64","37","KEGG Pathways","","Drug metabolism - cytochrome P450","2.59E-42","GSTA3|CYP3A5|GSTM2|UGT2A3|GSTM5|UGT2B10|HPGDS|CYP2A6|UGT1A6|UGT2B7|UGT1A1|UGT2B4|UGT2B17|CYP2B6|UGT2B28|GSTA1|UGT2B15|CYP1A2|UGT1A10|UGT1A9|GSTM3|GSTM4|GSTA4|GSTA5|CYP2C8|UGT1A4|UGT1A5|UGT1A7|UGT1A8|MGST1|UGT2B11|UGT1A3|GSTA2|CYP2E1|UGT2A2|MGST2|CYP3A4","128","1265|1088|1301|1679|1325|1700|1319|1346|1022|1034|1016|1718|1046|1295|1706|1364|1052|331|1058|1742|1289|1277|1307|1271|1724|1028|1664|1760|1040|1331|1670|1733|1370|1178|1688|1313|1082","3.86E-44","","hsa00982","4.158670023591875","0"
"5522","184","GO Molecular Function","","Catalytic activity","1.96E-41","HDAC7|HSD17B2|SULT2B1|SIRT4|GSTA3|CDK5RAP1|STS|USB1|DHDH|NAMPT|CYP3A5|SULT1E1|PRSS16|WARS2|NT5C1A|MMP8|GSTM2|AKR1D1|PLA2G12A|NT5C|CDADC1|ALOX12|UGT2A3|HSD17B7|GSTM5|TRIM45|NARS1|PSMB7|MMP20|MSMO1|PIK3R3|ASPA|DESI1|DCPS|SRD5A3|CAD|PI4K2B|PDE8B|BST1|UGT2B10|PELI2|SRD5A1|NARS2|PDE3B|MARS2|AKR1B1|PDE11A|FRRS1|PSMB4|CYP11B1|LTC4S|ALOX15|HPGDS|MELK|GNPTAB|CYP2A6|CYP7A1|ENTPD3|UGT1A6|DCXR|UGT2B7|UGT1A1|UGT2B4|ANKK1|CYP2S1|ADAT1|CYP4A11|EZH2|UGT2B17|PELI3|CYP2B6|METAP2|KARS1|CYP11B2|TPH2|UPP1|CYP2A13|UGT2B28|TMLHE|GSTA1|CYP3A7|TARS3|NT5C2|UGT2B15|CYP1A2|PTGES|UGT1A10|UGT1A9|WARS1|DHCR7|MMP23B|NT5C1B|NTRK3|GSTM3|PNP|HSD11B1|SOAT1|MMP21|THEM4|PI4KB|HSD3B1|GSTM4|CYP17A1|SARS1|IRAK1|GSTA4|GSTA5|CYP2C8|PARS2|ENTPD8|CYP4A22|UCK1|UGT1A4|UGT1A5|UGT1A7|UGT1A8|ALOX5|PLA2G2D|NMRK1|PIK3CD|MMP26|AKR1C4|AKR1C3|AKR1C1|PITRM1|ASMT|IDI1|RAD1|NT5M|ASPDH|GARS1|RFC4|PRKAR1A|PDE8A|CDKL4|CYP1A1|TYMP|CDKL1|MGST1|CYP19A1|ADA2|NCOA1|PSMB11|UGT2B11|RNF212|NT5C3B|KDM4E|NAPRT|ENPP3|TOP2A|UGT1A3|GSTA2|NT5C1B-RDH14|CYP2E1|NNMT|ADK|HSD3B2|HSD17B6|AKT1|ACLY|SARS2-2|SARS2|MMP28|UPP2|UGT2A2|NT5C3A|SRD5A2|CYP1B1|NMRK2|MGST2|SSU72P4|SSU72P2|SSU72P3|SSU72P7|SSU72P5|SSU72P8|RAD51|PDE8B-2|HARS2|INPP5F|ENPP1|CYP26C1|CYP3A4|PIK3CB","128","217|1013|1163|1232|1265|400|1214|1451|1457|247|1088|1118|436|1886|1547|454|1301|1076|2216|1535|457|2291|1679|1124|1325|2471|1898|256|2549|2414|1508|2636|2537|487|1106|499|1496|2723|1256|1700|2843|1154|1913|2237|1943|283|3068|2816|259|1094|3128|2300|1319|1871|3266|1346|1226|3008|1022|3062|1034|1016|1718|2597|1283|3824|1694|220|1046|3980|1295|484|316|1070|2603|1982|1337|1706|490|1364|1205|1889|1559|1052|331|2228|1058|1742|325|1169|2822|1529|496|1289|250|352|472|2810|4991|418|1133|1277|1148|1925|295|1307|1271|1724|1937|1952|1652|475|1028|1664|1760|1040|358|361|1586|1520|2831|1463|286|1472|442|4607|466|5570|1553|2639|1904|373|403|2738|448|337|1973|5669|1331|310|1958|2099|1880|1670|5840|2003|430|1574|1235|268|1733|1370|1541|1178|1250|346|1142|1064|301|394|1919|1931|2837|1994|1688|2009|1112|1100|1568|1313|4715|4739|4727|4733|4709|4721|379|5654|319|1481|1241|1631|1082|1514","3.98E-45","","GO:0003824","4.070774392864353","0"
"74","36","KEGG Pathways","","Drug metabolism - other enzymes","4.08E-39","GSTA3|GSTM2|UGT2A3|GSTM5|UGT2B10|CYP2A6|UGT1A6|UGT2B7|UGT1A1|UGT2B4|UGT2B17|UPP1|UGT2B28|GSTA1|UGT2B15|UGT1A10|UGT1A9|GSTM3|GSTM4|GSTA4|GSTA5|UCK1|UGT1A4|UGT1A5|UGT1A7|UGT1A8|TYMP|MGST1|UGT2B11|UGT1A3|GSTA2|CYP2E1|UPP2|UGT2A2|MGST2|CYP3A4","128","1265|1301|1679|1325|1700|1346|1022|1034|1016|1718|1046|1982|1706|1364|1052|1058|1742|1289|1277|1307|1271|475|1028|1664|1760|1040|1973|1331|1670|1733|1370|1178|1994|1688|1313|1082","7.29E-41","","hsa00983","3.8389339836910117","0"
"7988","213","GO Biological Process","","Metabolic process","1.13E-37","HDAC7|HSD17B2|SULT2B1|SIRT4|GSTA3|CDK5RAP1|STS|USB1|DHDH|PIK3R2|NAMPT|CYP3A5|SULT1E1|RAD51AP1|PRSS16|WARS2|NT5C1A|MMP8|GSTM2|AHR|AKR1D1|PLA2G12A|NT5C|CDADC1|ALOX12|UGT2A3|ABCB7|HSD17B7|GSTM5|TRIM45|NARS1|PSMB7|MMP20|MSMO1|PIK3R3|ASPA|DESI1|DCPS|SRD5A3|THRA|CAD|PI4K2B|PDE8B|UGT2B10|HPX|PELI2|SRD5A1|NARS2|MARS2|PLA2R1|AKR1B1|PDE11A|PSMB4|CYP11B1|LTC4S|ALOX15|HPGDS|TLR3|SPIDR|MELK|GNPTAB|PCLAF|CYP2A6|CYP7A1|ENTPD3|UGT1A6|DCXR|UGT2B7|UGT1A1|UGT2B4|ANKK1|CYP2S1|ADAT1|CYP4A11|SWI5|EZH2|UGT2B17|PELI3|AHRR|CYP2B6|METAP2|KARS1|CYP11B2|TPH2|UPP1|CYP2A13|UGT2B28|TMLHE|GSTA1|CYP3A7|PSMF1|TARS3|NT5C2|CIR1|UGT2B15|CYP1A2|PTGES|NOXA1|UGT1A10|CPSF4L|UGT1A9|WARS1|DHCR7|MMP23B|NT5C1B|NTRK3|GSTM3|PNP|DTL|HSD11B1|SOAT1|MMP21|THEM4|PI4KB|HSD3B1|SFR1|GSTM4|PCGF6|CYP17A1|SARS1|IRAK1|GSTA4|GSTA5|CYP2C8|PARS2|ENTPD8|CYP4A22|UCK1|UGT1A4|UGT1A5|UGT1A7|UGT1A8|ALOX5|EIF2S2|PLA2G2D|NMRK1|PIK3CD|KIN|MMP26|AKR1C4|AKR1C3|AKR1C1|PITRM1|ASMT|IDI1|RAD1|NT5M|ASPDH|GARS1|RFC4|RAD9B|PRKAR1A|PDE8A|CDKL4|CYP1A1|TYMP|CDKL1|CYP19A1|THRB|ADA2|NCOA1|PSMB11|UGT2B11|RNF212|NT5C3B|KDM4E|NCOA2|NAPRT|ENPP3|EBNA1BP2|CHTF8|TOP2A|UGT1A3|GSTA2|AHRR-2|NT5C1B-RDH14|PHC1|CYP2E1|NNMT|ADK|HSD3B2|SNW1|HSD17B6|AKT1|ACLY|SARS2-2|SARS2|MMP28|UPP2|UGT2A2|NT5C3A|SRD5A2|CYP1B1|NMRK2|MGST2|CPSF1|EPOP|SSU72P4|SSU72P2|SSU72P3|SSU72P7|SSU72P5|SSU72P8|RAD51|PDE8B-2|HARS2|INPP5F|ENPP1|CYP26C1|MED19|CYP3A4|NR1H2|PIK3CB","128","217|1013|1163|1232|1265|400|1214|1451|1457|1478|247|1088|1118|1853|436|1886|1547|454|1301|2096|1076|2216|1535|457|2291|1679|478|1124|1325|2471|1898|256|2549|2414|1508|2636|2537|487|1106|274|499|1496|2723|1700|463|2843|1154|1913|1943|3053|283|3068|259|1094|3128|2300|1319|292|3239|1871|3266|2567|1346|1226|3008|1022|3062|1034|1016|1718|2597|1283|3824|1694|3899|220|1046|3980|3986|1295|484|316|1070|2603|1982|1337|1706|490|1364|1205|2531|1889|1559|4499|1052|331|2228|4649|1058|4706|1742|325|1169|2822|1529|496|1289|250|2561|352|472|2810|4991|418|1133|3905|1277|1382|1148|1925|295|1307|1271|1724|1937|1952|1652|475|1028|1664|1760|1040|358|481|361|1586|1520|5480|2831|1463|286|1472|442|4607|466|5570|1553|2639|1904|373|5579|403|2738|448|337|1973|5669|310|277|1958|2099|1880|1670|5840|2003|430|2105|1574|1235|460|5645|268|1733|1370|5675|1541|1388|1178|1250|346|1142|439|1064|301|394|1919|1931|2837|1994|1688|2009|1112|1100|1568|1313|433|3914|4715|4739|4727|4733|4709|4721|379|5654|319|1481|1241|1631|415|1082|412|1514","1.44E-41","","GO:0008152","3.6946921556516577","0"
"258","51","GO Biological Process","","Steroid metabolic process","1.13E-37","HSD17B2|SULT2B1|STS|CYP3A5|SULT1E1|AKR1D1|HSD17B7|MSMO1|SRD5A3|UGT2B10|SRD5A1|AKR1B1|CYP11B1|CYP2A6|CYP7A1|UGT2B7|UGT1A1|UGT2B4|UGT2B17|CYP2B6|CYP11B2|UGT2B28|CYP3A7|UGT2B15|CYP1A2|DHCR7|HSD11B1|SOAT1|HSD3B1|CYP17A1|CYP2C8|UGT1A4|UGT1A7|UGT1A8|AKR1C4|AKR1C3|AKR1C1|IDI1|CYP1A1|CYP19A1|UGT2B11|UGT1A3|CYP2E1|HSD3B2|HSD17B6|ACLY|UGT2A2|SRD5A2|CYP1B1|CYP26C1|CYP3A4","128","1013|1163|1214|1088|1118|1076|1124|2414|1106|1700|1154|283|1094|1346|1226|1034|1016|1718|1046|1295|1070|1706|1205|1052|331|1169|352|472|1133|1148|1724|1028|1760|1040|1463|286|1472|466|337|310|1670|1733|1178|1142|1064|394|1688|1112|1100|1631|1082","2.64E-41","","GO:0008202","3.6946921556516577","0"
"3181","138","GO Biological Process","","Organic cyclic compound metabolic process","1.13E-37","HSD17B2|SULT2B1|CDK5RAP1|STS|USB1|NAMPT|CYP3A5|SULT1E1|RAD51AP1|WARS2|NT5C1A|GSTM2|AKR1D1|NT5C|CDADC1|ALOX12|HSD17B7|NARS1|MSMO1|DCPS|SRD5A3|THRA|CAD|PDE8B|UGT2B10|HPX|SRD5A1|NARS2|MARS2|AKR1B1|CYP11B1|SPIDR|PCLAF|CYP2A6|CYP7A1|ENTPD3|UGT2B7|UGT1A1|UGT2B4|ADAT1|SWI5|EZH2|UGT2B17|CYP2B6|KARS1|CYP11B2|TPH2|UPP1|CYP2A13|UGT2B28|CYP3A7|TARS3|NT5C2|CIR1|UGT2B15|CYP1A2|CPSF4L|WARS1|DHCR7|NT5C1B|GSTM3|PNP|DTL|HSD11B1|SOAT1|HSD3B1|SFR1|GSTM4|CYP17A1|SARS1|CYP2C8|PARS2|ENTPD8|UCK1|UGT1A4|UGT1A7|UGT1A8|ALOX5|NMRK1|KIN|AKR1C4|AKR1C3|AKR1C1|ASMT|IDI1|RAD1|NT5M|ASPDH|GARS1|RFC4|RAD9B|PDE8A|CYP1A1|TYMP|CYP19A1|THRB|ADA2|NCOA1|UGT2B11|RNF212|NT5C3B|NCOA2|NAPRT|ENPP3|EBNA1BP2|CHTF8|TOP2A|UGT1A3|NT5C1B-RDH14|CYP2E1|NNMT|ADK|HSD3B2|SNW1|HSD17B6|ACLY|SARS2-2|SARS2|UPP2|UGT2A2|NT5C3A|SRD5A2|CYP1B1|NMRK2|CPSF1|SSU72P4|SSU72P2|SSU72P3|SSU72P7|SSU72P5|SSU72P8|RAD51|PDE8B-2|HARS2|ENPP1|CYP26C1|MED19|CYP3A4","128","1013|1163|400|1214|1451|247|1088|1118|1853|1886|1547|1301|1076|1535|457|2291|1124|1898|2414|487|1106|274|499|2723|1700|463|1154|1913|1943|283|1094|3239|2567|1346|1226|3008|1034|1016|1718|3824|3899|220|1046|1295|316|1070|2603|1982|1337|1706|1205|1889|1559|4499|1052|331|4706|325|1169|1529|1289|250|2561|352|472|1133|3905|1277|1148|1925|1724|1937|1952|475|1028|1760|1040|358|1586|5480|1463|286|1472|4607|466|5570|1553|2639|1904|373|5579|2738|337|1973|310|277|1958|2099|1670|5840|2003|2105|1574|1235|460|5645|268|1733|1541|1178|1250|346|1142|439|1064|394|1919|1931|1994|1688|2009|1112|1100|1568|433|4715|4739|4727|4733|4709|4721|379|5654|319|1241|1631|415|1082","1.62E-41","","GO:1901360","3.6946921556516577","0"
"48","32","STRING Clusters","","Retinol metabolism, and CYP2E1 reactions","8.83E-37","CYP3A5|SULT1E1|UGT2A3|CYP2A6|UGT1A6|UGT2B7|UGT1A1|UGT2B4|CYP2S1|CYP4A11|UGT2B17|CYP2B6|CYP2A13|UGT2B28|CYP3A7|UGT2B15|CYP1A2|UGT1A10|UGT1A9|CYP2C8|CYP4A22|UGT1A4|UGT1A5|UGT1A7|UGT1A8|UGT2B11|UGT1A3|CYP2E1|UGT2A2|ENSP00000480571|CYP26C1|CYP3A4","128","1088|1118|1679|1346|1022|1034|1016|1718|1283|1694|1046|1295|1337|1706|1205|1052|331|1058|1742|1724|1652|1028|1664|1760|1040|1670|1733|1178|1688|1196|1631|1082","9.65E-40","","CL:9389","3.605403929642243","0"
"7522","205","GO Biological Process","","Organic substance metabolic process","2.47E-36","HDAC7|HSD17B2|SULT2B1|SIRT4|GSTA3|CDK5RAP1|STS|USB1|DHDH|PIK3R2|NAMPT|CYP3A5|SULT1E1|RAD51AP1|PRSS16|WARS2|NT5C1A|MMP8|GSTM2|AKR1D1|PLA2G12A|NT5C|CDADC1|ALOX12|UGT2A3|HSD17B7|GSTM5|TRIM45|NARS1|PSMB7|MMP20|MSMO1|PIK3R3|ASPA|DESI1|DCPS|SRD5A3|THRA|CAD|PI4K2B|PDE8B|UGT2B10|HPX|PELI2|SRD5A1|NARS2|MARS2|AKR1B1|PSMB4|CYP11B1|LTC4S|ALOX15|HPGDS|TLR3|SPIDR|MELK|GNPTAB|PCLAF|CYP2A6|CYP7A1|ENTPD3|UGT1A6|DCXR|UGT2B7|UGT1A1|UGT2B4|ANKK1|CYP2S1|ADAT1|CYP4A11|SWI5|EZH2|UGT2B17|PELI3|CYP2B6|METAP2|KARS1|CYP11B2|TPH2|UPP1|CYP2A13|UGT2B28|TMLHE|GSTA1|CYP3A7|PSMF1|TARS3|NT5C2|CIR1|UGT2B15|CYP1A2|PTGES|UGT1A10|CPSF4L|UGT1A9|WARS1|DHCR7|MMP23B|NT5C1B|NTRK3|GSTM3|PNP|DTL|HSD11B1|SOAT1|MMP21|THEM4|PI4KB|HSD3B1|SFR1|GSTM4|PCGF6|CYP17A1|SARS1|IRAK1|GSTA4|GSTA5|CYP2C8|PARS2|ENTPD8|CYP4A22|UCK1|UGT1A4|UGT1A5|UGT1A7|UGT1A8|ALOX5|EIF2S2|PLA2G2D|NMRK1|PIK3CD|KIN|MMP26|AKR1C4|AKR1C3|AKR1C1|PITRM1|ASMT|IDI1|RAD1|NT5M|ASPDH|GARS1|RFC4|RAD9B|PDE8A|CDKL4|CYP1A1|TYMP|CDKL1|CYP19A1|THRB|ADA2|NCOA1|PSMB11|UGT2B11|RNF212|NT5C3B|KDM4E|NCOA2|NAPRT|ENPP3|EBNA1BP2|CHTF8|TOP2A|UGT1A3|GSTA2|NT5C1B-RDH14|PHC1|CYP2E1|NNMT|ADK|HSD3B2|SNW1|HSD17B6|AKT1|ACLY|SARS2-2|SARS2|MMP28|UPP2|UGT2A2|NT5C3A|SRD5A2|CYP1B1|NMRK2|MGST2|CPSF1|EPOP|SSU72P4|SSU72P2|SSU72P3|SSU72P7|SSU72P5|SSU72P8|RAD51|PDE8B-2|HARS2|INPP5F|ENPP1|CYP26C1|MED19|CYP3A4|NR1H2|PIK3CB","128","217|1013|1163|1232|1265|400|1214|1451|1457|1478|247|1088|1118|1853|436|1886|1547|454|1301|1076|2216|1535|457|2291|1679|1124|1325|2471|1898|256|2549|2414|1508|2636|2537|487|1106|274|499|1496|2723|1700|463|2843|1154|1913|1943|283|259|1094|3128|2300|1319|292|3239|1871|3266|2567|1346|1226|3008|1022|3062|1034|1016|1718|2597|1283|3824|1694|3899|220|1046|3980|1295|484|316|1070|2603|1982|1337|1706|490|1364|1205|2531|1889|1559|4499|1052|331|2228|1058|4706|1742|325|1169|2822|1529|496|1289|250|2561|352|472|2810|4991|418|1133|3905|1277|1382|1148|1925|295|1307|1271|1724|1937|1952|1652|475|1028|1664|1760|1040|358|481|361|1586|1520|5480|2831|1463|286|1472|442|4607|466|5570|1553|2639|1904|373|5579|2738|448|337|1973|5669|310|277|1958|2099|1880|1670|5840|2003|430|2105|1574|1235|460|5645|268|1733|1370|1541|1388|1178|1250|346|1142|439|1064|301|394|1919|1931|2837|1994|1688|2009|1112|1100|1568|1313|433|3914|4715|4739|4727|4733|4709|4721|379|5654|319|1481|1241|1631|415|1082|412|1514","7.88E-40","","GO:0071704","3.5607303046740335","0"
"132","40","UniProt Keywords","","Microsome","7.55E-36","SULT2B1|CYP3A5|UGT2B10|SRD5A1|CYP2A6|CYP7A1|UGT1A6|UGT2B7|UGT1A1|UGT2B4|CYP2S1|CYP4A11|UGT2B17|CYP2B6|CYP2A13|UGT2B28|CYP3A7|UGT2B15|CYP1A2|UGT1A10|UGT1A9|CYP17A1|CYP2C8|CYP4A22|UGT1A4|UGT1A5|UGT1A7|UGT1A8|POMP|CYP1A1|MGST1|CYP19A1|UGT2B11|UGT1A3|CYP2E1|HSD17B6|SRD5A2|CYP1B1|MGST2|CYP3A4","128","1163|1088|1700|1154|1346|1226|1022|1034|1016|1718|1283|1694|1046|1295|1337|1706|1205|1052|331|1058|1742|1148|1724|1652|1028|1664|1760|1040|2543|337|1331|310|1670|1733|1178|1064|1112|1100|1313|1082","1.12E-38","","KW-0492","3.5122053048370807","0"
"131","40","GO Biological Process","","Cellular hormone metabolic process","2.28E-35","HSD17B2|CYP3A5|SULT1E1|AKR1D1|HSD17B7|SRD5A3|UGT2B10|SRD5A1|AKR1B1|CYP11B1|UGT2B7|UGT1A1|UGT2B4|CYP2S1|UGT2B17|CYP11B2|UGT2B28|CYP3A7|UGT2B15|CYP1A2|UGT1A9|HSD3B1|CYP17A1|CYP2C8|UGT1A7|UGT1A8|AKR1C4|AKR1C3|AKR1C1|ASMT|CYP1A1|CYP19A1|UGT2B11|UGT1A3|HSD3B2|HSD17B6|SRD5A2|CYP1B1|CYP26C1|CYP3A4","128","1013|1088|1118|1076|1124|1106|1700|1154|283|1094|1034|1016|1718|1283|1046|1070|1706|1205|1052|331|1742|1133|1148|1724|1760|1040|1463|286|1472|4607|337|310|1670|1733|1142|1064|1112|1100|1631|1082","8.72E-39","","GO:0034754","3.464206515299955","0"
"43","30","STRING Clusters","","Retinol metabolism, and CYP2E1 reactions","7.38E-35","CYP3A5|UGT2A3|CYP2A6|UGT1A6|UGT2B7|UGT1A1|CYP2S1|CYP4A11|UGT2B17|CYP2B6|CYP2A13|UGT2B28|CYP3A7|UGT2B15|CYP1A2|UGT1A10|UGT1A9|CYP2C8|CYP4A22|UGT1A4|UGT1A5|UGT1A7|UGT1A8|UGT2B11|UGT1A3|CYP2E1|UGT2A2|ENSP00000480571|CYP26C1|CYP3A4","128","1088|1679|1346|1022|1034|1016|1283|1694|1046|1295|1337|1706|1205|1052|331|1058|1742|1724|1652|1028|1664|1760|1040|1670|1733|1178|1688|1196|1631|1082","9.68E-38","","CL:9391","3.413194363817696","0"
"65","32","KEGG Pathways","","Retinol metabolism","7.74E-35","CYP3A5|UGT2A3|UGT2B10|CYP2A6|UGT1A6|UGT2B7|UGT1A1|UGT2B4|CYP2S1|CYP4A11|UGT2B17|CYP2B6|UGT2B28|CYP3A7|UGT2B15|CYP1A2|UGT1A10|UGT1A9|CYP2C8|CYP4A22|UGT1A4|UGT1A5|UGT1A7|UGT1A8|CYP1A1|UGT2B11|UGT1A3|HSD17B6|UGT2A2|ENSP00000480571|CYP26C1|CYP3A4","128","1088|1679|1700|1346|1022|1034|1016|1718|1283|1694|1046|1295|1706|1205|1052|331|1058|1742|1724|1652|1028|1664|1760|1040|337|1670|1733|1064|1688|1196|1631|1082","1.61E-36","","hsa00830","3.4111259039317106","0"
"868","74","GO Biological Process","","Organic acid metabolic process","5.4E-34","SULT2B1|SIRT4|CYP3A5|SULT1E1|WARS2|GSTM2|AKR1D1|ALOX12|UGT2A3|NARS1|MSMO1|ASPA|CAD|UGT2B10|NARS2|MARS2|AKR1B1|LTC4S|ALOX15|HPGDS|CYP2A6|CYP7A1|UGT1A6|UGT2B7|UGT1A1|UGT2B4|CYP2S1|CYP4A11|UGT2B17|CYP2B6|KARS1|TPH2|CYP2A13|UGT2B28|GSTA1|CYP3A7|TARS3|UGT2B15|CYP1A2|PTGES|UGT1A10|UGT1A9|WARS1|PNP|THEM4|GSTM4|SARS1|CYP2C8|PARS2|CYP4A22|UGT1A4|UGT1A5|UGT1A7|UGT1A8|ALOX5|AKR1C4|AKR1C3|AKR1C1|GARS1|CYP1A1|UGT2B11|UGT1A3|CYP2E1|ACLY|SARS2-2|SARS2|UGT2A2|SRD5A2|CYP1B1|MGST2|HARS2|ENPP1|CYP26C1|CYP3A4","128","1163|1232|1088|1118|1886|1301|1076|2291|1679|1898|2414|2636|499|1700|1913|1943|283|3128|2300|1319|1346|1226|1022|1034|1016|1718|1283|1694|1046|1295|316|2603|1337|1706|1364|1205|1889|1052|331|2228|1058|1742|325|250|4991|1277|1925|1724|1937|1652|1028|1664|1760|1040|358|1463|286|1472|1904|337|1670|1733|1178|394|1919|1931|1688|1112|1100|1313|319|1241|1631|1082","2.41E-37","","GO:0006082","3.326760624017703","0"
"846","73","GO Biological Process","","Oxoacid metabolic process","7.74E-34","SULT2B1|SIRT4|CYP3A5|SULT1E1|WARS2|GSTM2|AKR1D1|ALOX12|UGT2A3|NARS1|MSMO1|ASPA|CAD|UGT2B10|NARS2|MARS2|AKR1B1|LTC4S|ALOX15|HPGDS|CYP2A6|CYP7A1|UGT1A6|UGT2B7|UGT1A1|UGT2B4|CYP2S1|CYP4A11|UGT2B17|CYP2B6|KARS1|TPH2|CYP2A13|UGT2B28|GSTA1|CYP3A7|TARS3|UGT2B15|CYP1A2|PTGES|UGT1A10|UGT1A9|WARS1|THEM4|GSTM4|SARS1|CYP2C8|PARS2|CYP4A22|UGT1A4|UGT1A5|UGT1A7|UGT1A8|ALOX5|AKR1C4|AKR1C3|AKR1C1|GARS1|CYP1A1|UGT2B11|UGT1A3|CYP2E1|ACLY|SARS2-2|SARS2|UGT2A2|SRD5A2|CYP1B1|MGST2|HARS2|ENPP1|CYP26C1|CYP3A4","128","1163|1232|1088|1118|1886|1301|1076|2291|1679|1898|2414|2636|499|1700|1913|1943|283|3128|2300|1319|1346|1226|1022|1034|1016|1718|1283|1694|1046|1295|316|2603|1337|1706|1364|1205|1889|1052|331|2228|1058|1742|325|4991|1277|1925|1724|1937|1652|1028|1664|1760|1040|358|1463|286|1472|1904|337|1670|1733|1178|394|1919|1931|1688|1112|1100|1313|319|1241|1631|1082","3.95E-37","","GO:0043436","3.3111259039317105","0"
"6568","188","GO Biological Process","","Cellular metabolic process","1.65E-33","HSD17B2|SULT2B1|SIRT4|GSTA3|CDK5RAP1|USB1|PIK3R2|NAMPT|CYP3A5|SULT1E1|RAD51AP1|WARS2|NT5C1A|GSTM2|AHR|AKR1D1|PLA2G12A|NT5C|CDADC1|ALOX12|UGT2A3|ABCB7|HSD17B7|GSTM5|NARS1|PSMB7|MSMO1|PIK3R3|ASPA|DCPS|SRD5A3|THRA|CAD|PI4K2B|PDE8B|UGT2B10|HPX|SRD5A1|NARS2|MARS2|PLA2R1|AKR1B1|PSMB4|CYP11B1|LTC4S|ALOX15|HPGDS|TLR3|SPIDR|MELK|GNPTAB|PCLAF|CYP2A6|CYP7A1|ENTPD3|UGT1A6|UGT2B7|UGT1A1|UGT2B4|ANKK1|CYP2S1|ADAT1|CYP4A11|SWI5|EZH2|UGT2B17|AHRR|CYP2B6|KARS1|CYP11B2|TPH2|UPP1|CYP2A13|UGT2B28|TMLHE|GSTA1|CYP3A7|PSMF1|TARS3|NT5C2|CIR1|UGT2B15|CYP1A2|PTGES|NOXA1|UGT1A10|CPSF4L|UGT1A9|WARS1|NT5C1B|NTRK3|GSTM3|PNP|DTL|SOAT1|THEM4|PI4KB|HSD3B1|SFR1|GSTM4|CYP17A1|SARS1|IRAK1|GSTA4|GSTA5|CYP2C8|PARS2|ENTPD8|CYP4A22|UCK1|UGT1A4|UGT1A5|UGT1A7|UGT1A8|ALOX5|EIF2S2|PLA2G2D|NMRK1|PIK3CD|KIN|AKR1C4|AKR1C3|AKR1C1|ASMT|IDI1|RAD1|NT5M|ASPDH|GARS1|RFC4|RAD9B|PRKAR1A|PDE8A|CDKL4|CYP1A1|TYMP|CDKL1|CYP19A1|THRB|ADA2|NCOA1|UGT2B11|RNF212|NT5C3B|NCOA2|NAPRT|ENPP3|EBNA1BP2|CHTF8|TOP2A|UGT1A3|GSTA2|AHRR-2|NT5C1B-RDH14|CYP2E1|NNMT|ADK|HSD3B2|SNW1|HSD17B6|AKT1|ACLY|SARS2-2|SARS2|UPP2|UGT2A2|NT5C3A|SRD5A2|CYP1B1|NMRK2|MGST2|CPSF1|SSU72P4|SSU72P2|SSU72P3|SSU72P7|SSU72P5|SSU72P8|RAD51|PDE8B-2|HARS2|INPP5F|ENPP1|CYP26C1|MED19|CYP3A4|NR1H2|PIK3CB","128","1013|1163|1232|1265|400|1451|1478|247|1088|1118|1853|1886|1547|1301|2096|1076|2216|1535|457|2291|1679|478|1124|1325|1898|256|2414|1508|2636|487|1106|274|499|1496|2723|1700|463|1154|1913|1943|3053|283|259|1094|3128|2300|1319|292|3239|1871|3266|2567|1346|1226|3008|1022|1034|1016|1718|2597|1283|3824|1694|3899|220|1046|3986|1295|316|1070|2603|1982|1337|1706|490|1364|1205|2531|1889|1559|4499|1052|331|2228|4649|1058|4706|1742|325|1529|496|1289|250|2561|472|4991|418|1133|3905|1277|1148|1925|295|1307|1271|1724|1937|1952|1652|475|1028|1664|1760|1040|358|481|361|1586|1520|5480|1463|286|1472|4607|466|5570|1553|2639|1904|373|5579|403|2738|448|337|1973|5669|310|277|1958|2099|1670|5840|2003|2105|1574|1235|460|5645|268|1733|1370|5675|1541|1178|1250|346|1142|439|1064|301|394|1919|1931|1994|1688|2009|1112|1100|1568|1313|433|4715|4739|4727|4733|4709|4721|379|5654|319|1481|1241|1631|415|1082|412|1514","9.49E-37","","GO:0044237","3.2782516055786095","0"
"7156","196","GO Biological Process","","Primary metabolic process","1.65E-33","HDAC7|HSD17B2|SULT2B1|SIRT4|GSTA3|CDK5RAP1|STS|USB1|DHDH|PIK3R2|NAMPT|CYP3A5|SULT1E1|RAD51AP1|PRSS16|WARS2|NT5C1A|MMP8|GSTM2|AKR1D1|PLA2G12A|NT5C|CDADC1|ALOX12|HSD17B7|TRIM45|NARS1|PSMB7|MMP20|MSMO1|PIK3R3|ASPA|DESI1|DCPS|SRD5A3|THRA|CAD|PI4K2B|PDE8B|UGT2B10|HPX|PELI2|SRD5A1|NARS2|MARS2|AKR1B1|PSMB4|CYP11B1|LTC4S|ALOX15|HPGDS|TLR3|SPIDR|MELK|GNPTAB|PCLAF|CYP2A6|CYP7A1|ENTPD3|DCXR|UGT2B7|UGT1A1|UGT2B4|ANKK1|CYP2S1|ADAT1|CYP4A11|SWI5|EZH2|UGT2B17|PELI3|CYP2B6|METAP2|KARS1|CYP11B2|TPH2|UPP1|CYP2A13|UGT2B28|GSTA1|CYP3A7|PSMF1|TARS3|NT5C2|CIR1|UGT2B15|CYP1A2|PTGES|UGT1A10|CPSF4L|UGT1A9|WARS1|DHCR7|MMP23B|NT5C1B|NTRK3|PNP|DTL|HSD11B1|SOAT1|MMP21|THEM4|PI4KB|HSD3B1|SFR1|GSTM4|PCGF6|CYP17A1|SARS1|IRAK1|CYP2C8|PARS2|ENTPD8|CYP4A22|UCK1|UGT1A4|UGT1A7|UGT1A8|ALOX5|EIF2S2|PLA2G2D|NMRK1|PIK3CD|KIN|MMP26|AKR1C4|AKR1C3|AKR1C1|PITRM1|ASMT|IDI1|RAD1|NT5M|ASPDH|GARS1|RFC4|RAD9B|PDE8A|CDKL4|CYP1A1|TYMP|CDKL1|CYP19A1|THRB|ADA2|NCOA1|PSMB11|UGT2B11|RNF212|NT5C3B|KDM4E|NCOA2|NAPRT|ENPP3|EBNA1BP2|CHTF8|TOP2A|UGT1A3|NT5C1B-RDH14|PHC1|CYP2E1|NNMT|ADK|HSD3B2|SNW1|HSD17B6|AKT1|ACLY|SARS2-2|SARS2|MMP28|UPP2|UGT2A2|NT5C3A|SRD5A2|CYP1B1|NMRK2|MGST2|CPSF1|EPOP|SSU72P4|SSU72P2|SSU72P3|SSU72P7|SSU72P5|SSU72P8|RAD51|PDE8B-2|HARS2|INPP5F|ENPP1|CYP26C1|MED19|CYP3A4|NR1H2|PIK3CB","128","217|1013|1163|1232|1265|400|1214|1451|1457|1478|247|1088|1118|1853|436|1886|1547|454|1301|1076|2216|1535|457|2291|1124|2471|1898|256|2549|2414|1508|2636|2537|487|1106|274|499|1496|2723|1700|463|2843|1154|1913|1943|283|259|1094|3128|2300|1319|292|3239|1871|3266|2567|1346|1226|3008|3062|1034|1016|1718|2597|1283|3824|1694|3899|220|1046|3980|1295|484|316|1070|2603|1982|1337|1706|1364|1205|2531|1889|1559|4499|1052|331|2228|1058|4706|1742|325|1169|2822|1529|496|250|2561|352|472|2810|4991|418|1133|3905|1277|1382|1148|1925|295|1724|1937|1952|1652|475|1028|1760|1040|358|481|361|1586|1520|5480|2831|1463|286|1472|442|4607|466|5570|1553|2639|1904|373|5579|2738|448|337|1973|5669|310|277|1958|2099|1880|1670|5840|2003|430|2105|1574|1235|460|5645|268|1733|1541|1388|1178|1250|346|1142|439|1064|301|394|1919|1931|2837|1994|1688|2009|1112|1100|1568|1313|433|3914|4715|4739|4727|4733|4709|4721|379|5654|319|1481|1241|1631|415|1082|412|1514","1.03E-36","","GO:0044238","3.2782516055786095","0"
"38","28","STRING Clusters","","Retinol metabolism, and CYP2E1 reactions","6.0E-33","CYP3A5|CYP2A6|UGT1A6|UGT2B7|UGT1A1|CYP2S1|CYP4A11|UGT2B17|CYP2B6|CYP2A13|UGT2B28|CYP3A7|UGT2B15|CYP1A2|UGT1A10|UGT1A9|CYP2C8|CYP4A22|UGT1A4|UGT1A5|UGT1A7|UGT1A8|UGT2B11|UGT1A3|CYP2E1|ENSP00000480571|CYP26C1|CYP3A4","128","1088|1346|1022|1034|1016|1283|1694|1046|1295|1337|1706|1205|1052|331|1058|1742|1724|1652|1028|1664|1760|1040|1670|1733|1178|1196|1631|1082","9.19E-36","","CL:9392","3.2221848749616355","0"
"819","70","GO Biological Process","","Carboxylic acid metabolic process","4.07E-32","SIRT4|CYP3A5|WARS2|GSTM2|AKR1D1|ALOX12|UGT2A3|NARS1|MSMO1|ASPA|CAD|UGT2B10|NARS2|MARS2|AKR1B1|LTC4S|ALOX15|HPGDS|CYP2A6|CYP7A1|UGT1A6|UGT2B7|UGT1A1|UGT2B4|CYP2S1|CYP4A11|UGT2B17|CYP2B6|KARS1|TPH2|CYP2A13|UGT2B28|GSTA1|CYP3A7|TARS3|UGT2B15|CYP1A2|PTGES|UGT1A10|UGT1A9|WARS1|THEM4|GSTM4|SARS1|CYP2C8|PARS2|CYP4A22|UGT1A4|UGT1A5|UGT1A7|UGT1A8|ALOX5|AKR1C4|AKR1C3|AKR1C1|GARS1|CYP1A1|UGT2B11|UGT1A3|CYP2E1|ACLY|SARS2-2|SARS2|UGT2A2|SRD5A2|CYP1B1|MGST2|HARS2|CYP26C1|CYP3A4","128","1232|1088|1886|1301|1076|2291|1679|1898|2414|2636|499|1700|1913|1943|283|3128|2300|1319|1346|1226|1022|1034|1016|1718|1283|1694|1046|1295|316|2603|1337|1706|1364|1205|1889|1052|331|2228|1058|1742|325|4991|1277|1925|1724|1937|1652|1028|1664|1760|1040|358|1463|286|1472|1904|337|1670|1733|1178|394|1919|1931|1688|1112|1100|1313|319|1631|1082","2.86E-35","","GO:0019752","3.139040559077478","0"
"1210","80","GO Biological Process","","Lipid metabolic process","4.23E-30","HSD17B2|SULT2B1|GSTA3|STS|PIK3R2|CYP3A5|SULT1E1|GSTM2|AKR1D1|PLA2G12A|ALOX12|HSD17B7|MSMO1|PIK3R3|SRD5A3|PI4K2B|UGT2B10|SRD5A1|AKR1B1|CYP11B1|LTC4S|ALOX15|HPGDS|CYP2A6|CYP7A1|UGT2B7|UGT1A1|UGT2B4|CYP2S1|CYP4A11|UGT2B17|CYP2B6|CYP11B2|CYP2A13|UGT2B28|GSTA1|CYP3A7|UGT2B15|CYP1A2|PTGES|UGT1A10|UGT1A9|DHCR7|HSD11B1|SOAT1|THEM4|PI4KB|HSD3B1|GSTM4|CYP17A1|CYP2C8|CYP4A22|UGT1A4|UGT1A7|UGT1A8|ALOX5|PLA2G2D|PIK3CD|AKR1C4|AKR1C3|AKR1C1|ASMT|IDI1|CYP1A1|CYP19A1|UGT2B11|UGT1A3|CYP2E1|HSD3B2|HSD17B6|ACLY|UGT2A2|SRD5A2|CYP1B1|MGST2|INPP5F|CYP26C1|CYP3A4|NR1H2|PIK3CB","128","1013|1163|1265|1214|1478|1088|1118|1301|1076|2216|2291|1124|2414|1508|1106|1496|1700|1154|283|1094|3128|2300|1319|1346|1226|1034|1016|1718|1283|1694|1046|1295|1070|1337|1706|1364|1205|1052|331|2228|1058|1742|1169|352|472|4991|418|1133|1277|1148|1724|1652|1028|1760|1040|358|361|1520|1463|286|1472|4607|466|337|310|1670|1733|1178|1142|1064|394|1688|1112|1100|1313|1481|1631|1082|412|1514","3.24E-33","","GO:0006629","2.9373659632624958","0"
"208","41","GO Biological Process","","Hormone metabolic process","4.52E-30","HSD17B2|CYP3A5|SULT1E1|AKR1D1|HSD17B7|SRD5A3|UGT2B10|SRD5A1|AKR1B1|CYP11B1|UGT2B7|UGT1A1|UGT2B4|CYP2S1|UGT2B17|CYP11B2|UGT2B28|CYP3A7|UGT2B15|CYP1A2|UGT1A9|DHCR7|HSD3B1|CYP17A1|CYP2C8|UGT1A7|UGT1A8|AKR1C4|AKR1C3|AKR1C1|ASMT|CYP1A1|CYP19A1|UGT2B11|UGT1A3|HSD3B2|HSD17B6|SRD5A2|CYP1B1|CYP26C1|CYP3A4","128","1013|1088|1118|1076|1124|1106|1700|1154|283|1094|1034|1016|1718|1283|1046|1070|1706|1205|1052|331|1742|1169|1133|1148|1724|1760|1040|1463|286|1472|4607|337|310|1670|1733|1142|1064|1112|1100|1631|1082","3.75E-33","","GO:0042445","2.934486156518862","0"
"32","25","STRING Clusters","","Retinol metabolism","9.95E-30","CYP3A5|CYP2A6|UGT1A6|UGT2B7|UGT1A1|CYP2S1|CYP4A11|CYP2B6|UGT2B28|CYP3A7|CYP1A2|UGT1A10|UGT1A9|CYP2C8|CYP4A22|UGT1A4|UGT1A5|UGT1A7|UGT1A8|UGT2B11|UGT1A3|CYP2E1|ENSP00000480571|CYP26C1|CYP3A4","128","1088|1346|1022|1034|1016|1283|1694|1295|1706|1205|331|1058|1742|1724|1652|1028|1664|1760|1040|1670|1733|1178|1196|1631|1082","1.74E-32","","CL:9393","2.9002176919254277","0"
"104","33","Reactome Pathways","","Phase II - Conjugation of compounds","1.15E-29","SULT2B1|GSTA3|SULT1E1|GSTM2|UGT2A3|GSTM5|UGT2B10|HPGDS|UGT1A6|UGT2B7|UGT1A1|UGT2B4|UGT2B17|UGT2B28|GSTA1|UGT2B15|CYP1A2|UGT1A10|UGT1A9|GSTM3|GSTM4|GSTA4|GSTA5|UGT1A4|UGT1A5|UGT1A7|UGT1A8|MGST1|UGT2B11|UGT1A3|GSTA2|NNMT|MGST2","128","1163|1265|1118|1301|1679|1325|1700|1319|1022|1034|1016|1718|1046|1706|1364|1052|331|1058|1742|1289|1277|1307|1271|1028|1664|1760|1040|1331|1670|1733|1370|1250|1313","1.52E-32","","HSA-156580","2.8939302159646387","0"
"115","34","GO Biological Process","","Xenobiotic metabolic process","1.36E-29","GSTA3|CYP3A5|GSTM2|AHR|CYP2A6|UGT1A6|UGT1A1|CYP2S1|AHRR|CYP2B6|CYP2A13|UGT2B28|GSTA1|CYP3A7|UGT2B15|CYP1A2|UGT1A10|UGT1A9|GSTM3|GSTM4|GSTA4|GSTA5|CYP2C8|UGT1A7|UGT1A8|AKR1C1|CYP1A1|UGT2B11|UGT1A3|GSTA2|AHRR-2|CYP2E1|CYP1B1|CYP3A4","128","1265|1088|1301|2096|1346|1022|1016|1283|3986|1295|1337|1706|1364|1205|1052|331|1058|1742|1289|1277|1307|1271|1724|1760|1040|1472|337|1670|1733|1370|5675|1178|1100|1082","1.21E-32","","GO:0006805","2.8866461091629785","0"
"502","51","GO Biological Process","","Monocarboxylic acid metabolic process","1.19E-25","CYP3A5|GSTM2|AKR1D1|ALOX12|UGT2A3|MSMO1|UGT2B10|AKR1B1|LTC4S|ALOX15|HPGDS|CYP2A6|CYP7A1|UGT1A6|UGT2B7|UGT1A1|UGT2B4|CYP2S1|CYP4A11|UGT2B17|CYP2B6|CYP2A13|UGT2B28|GSTA1|CYP3A7|UGT2B15|CYP1A2|PTGES|UGT1A10|UGT1A9|THEM4|GSTM4|CYP2C8|CYP4A22|UGT1A4|UGT1A5|UGT1A7|UGT1A8|ALOX5|AKR1C4|AKR1C3|AKR1C1|CYP1A1|UGT2B11|UGT1A3|CYP2E1|ACLY|UGT2A2|CYP1B1|CYP26C1|CYP3A4","128","1088|1301|1076|2291|1679|2414|1700|283|3128|2300|1319|1346|1226|1022|1034|1016|1718|1283|1694|1046|1295|1337|1706|1364|1205|1052|331|2228|1058|1742|4991|1277|1724|1652|1028|1664|1760|1040|358|1463|286|1472|337|1670|1733|1178|394|1688|1100|1631|1082","1.14E-28","","GO:0032787","2.4924453038607473","0"
"181","35","GO Biological Process","","Cellular response to xenobiotic stimulus","3.94E-25","GSTA3|CYP3A5|GSTM2|AHR|TLR3|CYP2A6|UGT1A6|UGT1A1|CYP2S1|AHRR|CYP2B6|CYP2A13|UGT2B28|GSTA1|CYP3A7|UGT2B15|CYP1A2|UGT1A10|UGT1A9|GSTM3|GSTM4|GSTA4|GSTA5|CYP2C8|UGT1A7|UGT1A8|AKR1C1|CYP1A1|UGT2B11|UGT1A3|GSTA2|AHRR-2|CYP2E1|CYP1B1|CYP3A4","128","1265|1088|1301|2096|292|1346|1022|1016|1283|3986|1295|1337|1706|1364|1205|1052|331|1058|1742|1289|1277|1307|1271|1724|1760|1040|1472|337|1670|1733|1370|5675|1178|1100|1082","4.02E-28","","GO:0071466","2.4404503778174425","0"
"33","21","KEGG Pathways","","Pentose and glucuronate interconversions","1.84E-24","DHDH|UGT2A3|UGT2B10|AKR1B1|UGT1A6|DCXR|UGT2B7|UGT1A1|UGT2B4|UGT2B17|UGT2B28|UGT2B15|UGT1A10|UGT1A9|UGT1A4|UGT1A5|UGT1A7|UGT1A8|UGT2B11|UGT1A3|UGT2A2","128","1457|1679|1700|283|1022|3062|1034|1016|1718|1046|1706|1052|1058|1742|1028|1664|1760|1040|1670|1733|1688","4.39E-26","","hsa00040","2.373518217699046","0"
"739","58","Reactome Pathways","","Metabolism of lipids","1.86E-24","HSD17B2|STS|PIK3R2|AHR|AKR1D1|PLA2G12A|ALOX12|HSD17B7|MSMO1|PIK3R3|SRD5A3|PI4K2B|NCOR1|SRD5A1|PLA2R1|AKR1B1|CYP11B1|LTC4S|ALOX15|HPGDS|CYP7A1|CYP4A11|AHRR|CYP11B2|CYP1A2|PTGES|UGT1A9|DHCR7|HSD11B1|THEM4|PI4KB|HSD3B1|GSTM4|CYP17A1|CYP2C8|CYP4A22|ALOX5|PLA2G2D|PIK3CD|AKR1C4|AKR1C3|AKR1C1|IDI1|CYP1A1|CYP19A1|NCOR2|NCOA1|NCOA2|CYP2E1|HSD3B2|ACLY|SRD5A2|CYP1B1|INPP5F|MED19|CYP3A4|NR1H2|PIK3CB","128","1013|1214|1478|2096|1076|2216|2291|1124|2414|1508|1106|1496|1007|1154|3053|283|1094|3128|2300|1319|1226|1694|3986|1070|331|2228|1742|1169|352|4991|418|1133|1277|1148|1724|1652|358|361|1520|1463|286|1472|466|337|310|1001|2099|2105|1178|1142|394|1112|1100|1481|415|1082|412|1514","3.26E-27","","HSA-556833","2.3730487055782086","0"
"39","22","GO Biological Process","","Estrogen metabolic process","1.94E-23","HSD17B2|CYP3A5|SULT1E1|HSD17B7|UGT2B10|UGT2B7|UGT1A1|UGT2B4|UGT2B17|UGT2B28|CYP3A7|UGT2B15|CYP1A2|HSD3B1|CYP2C8|UGT1A7|CYP1A1|CYP19A1|UGT2B11|UGT1A3|CYP1B1|CYP3A4","128","1013|1088|1118|1124|1700|1034|1016|1718|1046|1706|1205|1052|331|1133|1724|1760|337|310|1670|1733|1100|1082","2.1E-26","","GO:0008210","2.2712198270069774","0"
"105","28","Reactome Pathways","","Drug ADME","2.59E-23","SULT1E1|UGT2A3|UGT2B10|UGT1A6|UGT2B7|UGT1A1|UGT2B4|UGT2B17|UGT2B28|GSTA1|NT5C2|UGT2B15|UGT1A10|UGT1A9|PNP|HSD11B1|CYP2C8|UGT1A4|UGT1A5|UGT1A7|UGT1A8|AKR1C1|UGT2B11|UGT1A3|GSTA2|CYP2E1|ADK|CYP3A4","128","1118|1679|1700|1022|1034|1016|1718|1046|1706|1364|1559|1052|1058|1742|250|352|1724|1028|1664|1760|1040|1472|1670|1733|1370|1178|346|1082","5.66E-26","","HSA-9748784","2.2586700235918746","0"
"144","30","GO Biological Process","","Olefinic compound metabolic process","4.21E-22","CYP3A5|GSTM2|ALOX12|SRD5A1|AKR1B1|CYP11B1|ALOX15|CYP2A6|CYP2S1|CYP4A11|CYP2B6|CYP11B2|CYP2A13|GSTA1|CYP3A7|CYP1A2|CYP17A1|CYP2C8|CYP4A22|ALOX5|AKR1C4|AKR1C3|AKR1C1|CYP1A1|CYP19A1|CYP2E1|HSD17B6|SRD5A2|CYP1B1|CYP3A4","128","1088|1301|2291|1154|283|1094|2300|1346|1283|1694|1295|1070|1337|1364|1205|331|1148|1724|1652|358|1463|286|1472|337|310|1178|1064|1112|1100|1082","4.83E-25","","GO:0120254","2.137571790416433","0"
"19","18","GO Biological Process","","Cellular glucuronidation","8.08E-22","UGT2A3|UGT2B10|UGT1A6|UGT2B7|UGT1A1|UGT2B4|UGT2B17|UGT2B28|UGT2B15|UGT1A10|UGT1A9|UGT1A4|UGT1A5|UGT1A7|UGT1A8|UGT2B11|UGT1A3|UGT2A2","128","1679|1700|1022|1034|1016|1718|1046|1706|1052|1058|1742|1028|1664|1760|1040|1670|1733|1688","9.79E-25","","GO:0052695","2.1092588639225416","0"
"26","18","KEGG Pathways","","Ascorbate and aldarate metabolism","1.96E-21","UGT2A3|UGT2B10|UGT1A6|UGT2B7|UGT1A1|UGT2B4|UGT2B17|UGT2B28|UGT2B15|UGT1A10|UGT1A9|UGT1A4|UGT1A5|UGT1A7|UGT1A8|UGT2B11|UGT1A3|UGT2A2","128","1679|1700|1022|1034|1016|1718|1046|1706|1052|1058|1742|1028|1664|1760|1040|1670|1733|1688","5.26E-23","","hsa00053","2.0707743928643523","0"
"422","43","GO Biological Process","","Response to xenobiotic stimulus","2.46E-21","GSTA3|CBX7|CYP3A5|GSTM2|AHR|SLC6A4|SRD5A1|TIMP4|TLR3|CYP2A6|UGT1A6|UGT1A1|CYP2S1|AHRR|CYP2B6|CYP2A13|UGT2B28|GSTA1|CYP3A7|UGT2B15|CYP1A2|UGT1A10|UGT1A9|GSTM3|PNP|GSTM4|GSTA4|GSTA5|CYP2C8|UGT1A7|UGT1A8|AKR1C1|CYP1A1|UGT2B11|UGT1A3|GSTA2|AHRR-2|CYP2E1|NNMT|SRD5A2|CYP1B1|RAD51|CYP3A4","128","1265|1376|1088|1301|2096|445|1154|2024|292|1346|1022|1016|1283|3986|1295|1337|1706|1364|1205|1052|331|1058|1742|1289|250|1277|1307|1271|1724|1760|1040|1472|337|1670|1733|1370|5675|1178|1250|1112|1100|379|1082","3.14E-24","","GO:0009410","2.0609064892896622","0"
"65","23","Reactome Pathways","","Cytochrome P450 - arranged by substrate type","2.79E-21","CYP3A5|AHR|CYP11B1|CYP2A6|CYP7A1|CYP2S1|CYP4A11|AHRR|CYP2B6|CYP11B2|CYP2A13|CYP3A7|CYP1A2|CYP2C8|CYP4A22|CYP1A1|CYP19A1|NCOA1|NCOA2|CYP2E1|CYP1B1|CYP26C1|CYP3A4","128","1088|2096|1094|1346|1226|1283|1694|3986|1295|1070|1337|1205|331|1724|1652|337|310|2099|2105|1178|1100|1631|1082","7.33E-24","","HSA-211897","2.0554395796726403","0"
"25","18","WikiPathways","","Glucuronidation","1.23E-20","UGT2A3|UGT2B10|UGT1A6|UGT2B7|UGT1A1|UGT2B4|UGT2B17|UGT2B28|UGT2B15|UGT1A10|UGT1A9|UGT1A4|UGT1A5|UGT1A7|UGT1A8|UGT2B11|UGT1A3|UGT2A2","128","1679|1700|1022|1034|1016|1718|1046|1706|1052|1058|1742|1028|1664|1760|1040|1670|1733|1688","3.14E-23","","WP698","1.9910094888560603","0"
"23","18","Pfam","","Glycosyltransferase family 28 C-terminal domain","2.47E-20","UGT2A3|UGT2B10|UGT1A6|UGT2B7|UGT1A1|UGT2B4|UGT2B17|UGT2B28|UGT2B15|UGT1A10|UGT1A9|UGT1A4|UGT1A5|UGT1A7|UGT1A8|UGT2B11|UGT1A3|UGT2A2","128","1679|1700|1022|1034|1016|1718|1046|1706|1052|1058|1742|1028|1664|1760|1040|1670|1733|1688","1.07E-23","","PF04101","1.9607303046740334","0"
"570","47","UniProt Keywords","","Oxidoreductase","2.55E-20","HSD17B2|DHDH|CYP3A5|AKR1D1|ALOX12|HSD17B7|MSMO1|SRD5A3|SRD5A1|AKR1B1|FRRS1|CYP11B1|ALOX15|CYP2A6|CYP7A1|DCXR|CYP2S1|CYP4A11|CYP2B6|CYP11B2|TPH2|CYP2A13|TMLHE|GSTA1|CYP3A7|CYP1A2|DHCR7|HSD11B1|HSD3B1|CYP17A1|CYP2C8|CYP4A22|ALOX5|AKR1C4|AKR1C3|AKR1C1|ASPDH|CYP1A1|CYP19A1|KDM4E|CYP2E1|HSD3B2|HSD17B6|SRD5A2|CYP1B1|CYP26C1|CYP3A4","128","1013|1457|1088|1076|2291|1124|2414|1106|1154|283|2816|1094|2300|1346|1226|3062|1283|1694|1295|1070|2603|1337|490|1364|1205|331|1169|352|1133|1148|1724|1652|358|1463|286|1472|2639|337|310|430|1178|1142|1064|1112|1100|1631|1082","7.58E-23","","KW-0560","1.9593459819566046","0"
"103","26","GO Molecular Function","","Monooxygenase activity","2.83E-20","CYP3A5|AKR1D1|MSMO1|CYP11B1|CYP2A6|CYP7A1|CYP2S1|CYP4A11|CYP2B6|CYP11B2|TPH2|CYP2A13|CYP3A7|CYP1A2|CYP17A1|CYP2C8|CYP4A22|AKR1C4|AKR1C3|AKR1C1|CYP1A1|CYP19A1|CYP2E1|CYP1B1|CYP26C1|CYP3A4","128","1088|1076|2414|1094|1346|1226|1283|1694|1295|1070|2603|1337|1205|331|1148|1724|1652|1463|286|1472|337|310|1178|1100|1631|1082","1.15E-23","","GO:0004497","1.954821356447571","0"
"525","45","GO Biological Process","","Regulation of hormone levels","1.12E-19","HSD17B2|SIRT4|CYP3A5|SULT1E1|AKR1D1|HSD17B7|SRD5A3|PDE8B|UGT2B10|SRD5A1|AKR1B1|CYP11B1|UGT2B7|UGT1A1|UGT2B4|CYP2S1|UGT2B17|CYP11B2|UGT2B28|CYP3A7|UGT2B15|CYP1A2|UGT1A9|DHCR7|HSD3B1|CYP17A1|CYP2C8|UGT1A7|UGT1A8|ALOX5|AKR1C4|AKR1C3|AKR1C1|ASMT|CYP1A1|CYP19A1|UGT2B11|UGT1A3|HSD3B2|HSD17B6|SRD5A2|CYP1B1|HMGN3|CYP26C1|CYP3A4","128","1013|1232|1088|1118|1076|1124|1106|2723|1700|1154|283|1094|1034|1016|1718|1283|1046|1070|1706|1205|1052|331|1742|1169|1133|1148|1724|1760|1040|358|1463|286|1472|4607|337|310|1670|1733|1142|1064|1112|1100|5771|1631|1082","1.64E-22","","GO:0010817","1.8950781977329818","0"
"23","17","Reactome Pathways","","Glucuronidation","1.25E-19","UGT2A3|UGT2B10|UGT1A6|UGT2B7|UGT1A1|UGT2B4|UGT2B17|UGT2B28|UGT2B15|UGT1A10|UGT1A9|UGT1A4|UGT1A5|UGT1A7|UGT1A8|UGT2B11|UGT1A3","128","1679|1700|1022|1034|1016|1718|1046|1706|1052|1058|1742|1028|1664|1760|1040|1670|1733","3.84E-22","","HSA-156588","1.8903089986991943","0"
"731","52","GO Molecular Function","","Oxidoreductase activity","2.56E-19","HSD17B2|DHDH|CYP3A5|GSTM2|AKR1D1|ALOX12|HSD17B7|MSMO1|SRD5A3|SRD5A1|AKR1B1|FRRS1|CYP11B1|LTC4S|ALOX15|CYP2A6|CYP7A1|DCXR|CYP2S1|CYP4A11|CYP2B6|CYP11B2|TPH2|CYP2A13|TMLHE|GSTA1|CYP3A7|CYP1A2|PTGES|DHCR7|HSD11B1|HSD3B1|CYP17A1|CYP2C8|CYP4A22|ALOX5|AKR1C4|AKR1C3|AKR1C1|ASPDH|CYP1A1|MGST1|CYP19A1|KDM4E|CYP2E1|HSD3B2|HSD17B6|SRD5A2|CYP1B1|MGST2|CYP26C1|CYP3A4","128","1013|1457|1088|1301|1076|2291|1124|2414|1106|1154|283|2816|1094|3128|2300|1346|1226|3062|1283|1694|1295|1070|2603|1337|490|1364|1205|331|2228|1169|352|1133|1148|1724|1652|358|1463|286|1472|2639|337|1331|310|430|1178|1142|1064|1112|1100|1313|1631|1082","1.56E-22","","GO:0016491","1.859176003468815","0"
"42","19","Reactome Pathways","","Aspirin ADME","4.38E-19","UGT2A3|UGT2B10|UGT1A6|UGT2B7|UGT1A1|UGT2B4|UGT2B17|UGT2B28|UGT2B15|UGT1A9|CYP2C8|UGT1A4|UGT1A5|UGT1A7|UGT1A8|UGT2B11|UGT1A3|CYP2E1|CYP3A4","128","1679|1700|1022|1034|1016|1718|1046|1706|1052|1742|1724|1028|1664|1760|1040|1670|1733|1178|1082","1.54E-21","","HSA-9749641","1.83585258894959","0"
"58","21","Pfam","","Cytochrome P450","5.44E-19","CYP3A5|CYP11B1|CYP2A6|CYP7A1|CYP2S1|CYP4A11|CYP2B6|CYP11B2|CYP2A13|CYP3A7|CYP1A2|CYP17A1|CYP2C8|CYP4A22|CYP1A1|CYP19A1|CYP2E1|CYP1B1|ENSP00000480571|CYP26C1|CYP3A4","128","1088|1094|1346|1226|1283|1694|1295|1070|1337|1205|331|1148|1724|1652|337|310|1178|1100|1196|1631|1082","4.7E-22","","PF00067","1.8264401100301821","0"
"2936","103","GO Biological Process","","Cellular aromatic compound metabolic process","6.58E-19","SULT2B1|CDK5RAP1|USB1|NAMPT|SULT1E1|RAD51AP1|WARS2|NT5C1A|GSTM2|NT5C|CDADC1|NARS1|DCPS|THRA|CAD|PDE8B|HPX|SRD5A1|NARS2|MARS2|AKR1B1|SPIDR|PCLAF|CYP2A6|ENTPD3|UGT1A1|ADAT1|SWI5|EZH2|KARS1|TPH2|UPP1|CYP2A13|TARS3|NT5C2|CIR1|CYP1A2|CPSF4L|WARS1|NT5C1B|GSTM3|PNP|DTL|SFR1|GSTM4|SARS1|PARS2|ENTPD8|UCK1|UGT1A4|UGT1A7|UGT1A8|NMRK1|KIN|AKR1C4|AKR1C3|AKR1C1|ASMT|RAD1|NT5M|ASPDH|GARS1|RFC4|RAD9B|PDE8A|CYP1A1|TYMP|THRB|ADA2|NCOA1|RNF212|NT5C3B|NCOA2|NAPRT|ENPP3|EBNA1BP2|CHTF8|TOP2A|NT5C1B-RDH14|CYP2E1|NNMT|ADK|SNW1|ACLY|SARS2-2|SARS2|UPP2|NT5C3A|SRD5A2|CYP1B1|NMRK2|CPSF1|SSU72P4|SSU72P2|SSU72P3|SSU72P7|SSU72P5|SSU72P8|RAD51|PDE8B-2|HARS2|ENPP1|MED19","128","1163|400|1451|247|1118|1853|1886|1547|1301|1535|457|1898|487|274|499|2723|463|1154|1913|1943|283|3239|2567|1346|3008|1016|3824|3899|220|316|2603|1982|1337|1889|1559|4499|331|4706|325|1529|1289|250|2561|3905|1277|1925|1937|1952|475|1028|1760|1040|1586|5480|1463|286|1472|4607|5570|1553|2639|1904|373|5579|2738|337|1973|277|1958|2099|5840|2003|2105|1574|1235|460|5645|268|1541|1178|1250|346|439|394|1919|1931|1994|2009|1112|1100|1568|433|4715|4739|4727|4733|4709|4721|379|5654|319|1241|415","1.01E-21","","GO:0006725","1.8181774106386044","0"
"21","17","InterPro Domains","","UDP-glucuronosyl/UDP-glucosyltransferase","9.15E-19","UGT2A3|UGT2B10|UGT1A6|UGT2B7|UGT1A1|UGT2B4|UGT2B17|UGT2B28|UGT2B15|UGT1A10|UGT1A9|UGT1A4|UGT1A5|UGT1A7|UGT1A8|UGT2B11|UGT1A3","128","1679|1700|1022|1034|1016|1718|1046|1706|1052|1058|1742|1028|1664|1760|1040|1670|1733","1.27E-22","","IPR002213","1.803857890593355","0"
"21","17","InterPro Domains","","UDP-glycosyltransferase family, conserved site","9.15E-19","UGT2A3|UGT2B10|UGT1A6|UGT2B7|UGT1A1|UGT2B4|UGT2B17|UGT2B28|UGT2B15|UGT1A10|UGT1A9|UGT1A4|UGT1A5|UGT1A7|UGT1A8|UGT2B11|UGT1A3","128","1679|1700|1022|1034|1016|1718|1046|1706|1052|1058|1742|1028|1664|1760|1040|1670|1733","1.27E-22","","IPR035595","1.803857890593355","0"
"41","18","KEGG Pathways","","Porphyrin and chlorophyll metabolism","9.34E-19","UGT2A3|UGT2B10|UGT1A6|UGT2B7|UGT1A1|UGT2B4|UGT2B17|UGT2B28|UGT2B15|UGT1A10|UGT1A9|UGT1A4|UGT1A5|UGT1A7|UGT1A8|UGT2B11|UGT1A3|UGT2A2","128","1679|1700|1022|1034|1016|1718|1046|1706|1052|1058|1742|1028|1664|1760|1040|1670|1733|1688","2.78E-20","","hsa00860","1.8029653123769909","0"
"33","17","KEGG Pathways","","Nicotinate and nicotinamide metabolism","1.16E-18","SIRT4|NAMPT|NT5C1A|NT5C|BST1|NT5C2|NT5C1B|PNP|NMRK1|NT5M|ASPDH|NAPRT|ENPP3|NT5C1B-RDH14|NNMT|NMRK2|ENPP1","128","1232|247|1547|1535|1256|1559|1529|250|1586|1553|2639|1574|1235|1541|1250|1568|1241","3.79E-20","","hsa00760","1.793554201077308","0"
"52","20","InterPro Domains","","Cytochrome P450, conserved site","4.18E-18","CYP3A5|CYP11B1|CYP2A6|CYP7A1|CYP2S1|CYP4A11|CYP2B6|CYP11B2|CYP2A13|CYP3A7|CYP1A2|CYP17A1|CYP2C8|CYP4A22|CYP1A1|CYP19A1|CYP2E1|CYP1B1|CYP26C1|CYP3A4","128","1088|1094|1346|1226|1283|1694|1295|1070|1337|1205|331|1148|1724|1652|337|310|1178|1100|1631|1082","1.75E-21","","IPR017972","1.7378823718224965","0"
"61","20","WikiPathways","","Oxidation by cytochrome P450","6.16E-18","CYP3A5|CYP11B1|CYP2A6|CYP7A1|CYP2S1|CYP4A11|CYP2B6|CYP11B2|CYP2A13|CYP3A7|CYP1A2|CYP17A1|CYP2C8|CYP4A22|CYP1A1|CYP19A1|CYP2E1|CYP1B1|CYP26C1|CYP3A4","128","1088|1094|1346|1226|1283|1694|1295|1070|1337|1205|331|1148|1724|1652|337|310|1178|1100|1631|1082","2.37E-20","","WP43","1.7210419287835574","0"
"23","16","STRING Clusters","","Glucocorticoid biosynthesis, and Androgen biosynthetic process","6.75E-18","HSD17B2|SRD5A3|UGT2B10|SRD5A1|CYP11B1|CYP11B2|HSD11B1|HSD3B1|CYP17A1|AKR1C4|AKR1C3|AKR1C1|CYP19A1|HSD3B2|HSD17B6|SRD5A2","128","1013|1106|1700|1154|1094|1070|352|1133|1148|1463|286|1472|310|1142|1064|1112","1.33E-20","","CL:9484","1.7170696227168976","0"
"2438","91","GO Biological Process","","Organic substance biosynthetic process","9.08E-18","HSD17B2|PIK3R2|NAMPT|WARS2|GSTM2|AKR1D1|ALOX12|HSD17B7|NARS1|MSMO1|PIK3R3|SRD5A3|THRA|CAD|PI4K2B|SRD5A1|NARS2|MARS2|AKR1B1|CYP11B1|LTC4S|ALOX15|HPGDS|PCLAF|CYP7A1|CYP4A11|KARS1|CYP11B2|TPH2|UPP1|TMLHE|GSTA1|CYP3A7|TARS3|CYP1A2|PTGES|WARS1|DHCR7|PNP|DTL|PI4KB|HSD3B1|GSTM4|CYP17A1|SARS1|CYP2C8|PARS2|ENTPD8|CYP4A22|UCK1|ALOX5|EIF2S2|NMRK1|PIK3CD|AKR1C4|AKR1C3|ASMT|IDI1|ASPDH|GARS1|CYP1A1|CYP19A1|THRB|ADA2|NCOA1|NCOA2|NAPRT|CYP2E1|NNMT|ADK|HSD3B2|HSD17B6|AKT1|ACLY|SARS2-2|SARS2|UPP2|SRD5A2|NMRK2|MGST2|SSU72P4|SSU72P2|SSU72P3|SSU72P7|SSU72P5|SSU72P8|HARS2|INPP5F|MED19|CYP3A4|PIK3CB","128","1013|1478|247|1886|1301|1076|2291|1124|1898|2414|1508|1106|274|499|1496|1154|1913|1943|283|1094|3128|2300|1319|2567|1226|1694|316|1070|2603|1982|490|1364|1205|1889|331|2228|325|1169|250|2561|418|1133|1277|1148|1925|1724|1937|1952|1652|475|358|481|1586|1520|1463|286|4607|466|2639|1904|337|310|277|1958|2099|2105|1574|1178|1250|346|1142|1064|301|394|1919|1931|1994|1112|1568|1313|4715|4739|4727|4733|4709|4721|319|1481|415|1082|1514","1.45E-20","","GO:1901576","1.7041914151478914","0"
"2891","100","GO Biological Process","","Heterocycle metabolic process","9.26E-18","SULT2B1|CDK5RAP1|USB1|NAMPT|CYP3A5|SULT1E1|RAD51AP1|WARS2|NT5C1A|NT5C|CDADC1|ALOX12|NARS1|DCPS|THRA|CAD|PDE8B|HPX|SRD5A1|NARS2|MARS2|SPIDR|PCLAF|CYP2A6|ENTPD3|UGT1A1|ADAT1|SWI5|EZH2|KARS1|TPH2|UPP1|CYP2A13|TARS3|NT5C2|CIR1|CYP1A2|CPSF4L|WARS1|NT5C1B|PNP|DTL|SFR1|SARS1|PARS2|ENTPD8|UCK1|UGT1A4|UGT1A7|UGT1A8|ALOX5|NMRK1|KIN|ASMT|RAD1|NT5M|ASPDH|GARS1|RFC4|RAD9B|PDE8A|CYP1A1|TYMP|THRB|ADA2|NCOA1|RNF212|NT5C3B|NCOA2|NAPRT|ENPP3|EBNA1BP2|CHTF8|TOP2A|NT5C1B-RDH14|CYP2E1|NNMT|ADK|SNW1|ACLY|SARS2-2|SARS2|UPP2|NT5C3A|SRD5A2|CYP1B1|NMRK2|CPSF1|SSU72P4|SSU72P2|SSU72P3|SSU72P7|SSU72P5|SSU72P8|RAD51|PDE8B-2|HARS2|ENPP1|MED19|CYP3A4","128","1163|400|1451|247|1088|1118|1853|1886|1547|1535|457|2291|1898|487|274|499|2723|463|1154|1913|1943|3239|2567|1346|3008|1016|3824|3899|220|316|2603|1982|1337|1889|1559|4499|331|4706|325|1529|250|2561|3905|1925|1937|1952|475|1028|1760|1040|358|1586|5480|4607|5570|1553|2639|1904|373|5579|2738|337|1973|277|1958|2099|5840|2003|2105|1574|1235|460|5645|268|1541|1178|1250|346|439|394|1919|1931|1994|2009|1112|1100|1568|433|4715|4739|4727|4733|4709|4721|379|5654|319|1241|415|1082","1.53E-20","","GO:0046483","1.7033389013318065","0"
"2506","92","GO Biological Process","","Biosynthetic process","1.4E-17","HSD17B2|PIK3R2|NAMPT|WARS2|GSTM2|AKR1D1|ALOX12|HSD17B7|NARS1|MSMO1|PIK3R3|SRD5A3|THRA|CAD|PI4K2B|SRD5A1|NARS2|MARS2|AKR1B1|CYP11B1|LTC4S|ALOX15|HPGDS|PCLAF|CYP7A1|CYP4A11|KARS1|CYP11B2|TPH2|UPP1|TMLHE|GSTA1|CYP3A7|TARS3|CYP1A2|PTGES|WARS1|DHCR7|PNP|DTL|PI4KB|HSD3B1|GSTM4|CYP17A1|SARS1|CYP2C8|PARS2|ENTPD8|CYP4A22|UCK1|ALOX5|EIF2S2|NMRK1|PIK3CD|AKR1C4|AKR1C3|ASMT|IDI1|ASPDH|GARS1|CYP1A1|CYP19A1|THRB|ADA2|NCOA1|NCOA2|NAPRT|CYP2E1|NNMT|ADK|HSD3B2|HSD17B6|AKT1|ACLY|SARS2-2|SARS2|UPP2|SRD5A2|CYP1B1|NMRK2|MGST2|SSU72P4|SSU72P2|SSU72P3|SSU72P7|SSU72P5|SSU72P8|HARS2|INPP5F|MED19|CYP3A4|PIK3CB","128","1013|1478|247|1886|1301|1076|2291|1124|1898|2414|1508|1106|274|499|1496|1154|1913|1943|283|1094|3128|2300|1319|2567|1226|1694|316|1070|2603|1982|490|1364|1205|1889|331|2228|325|1169|250|2561|418|1133|1277|1148|1925|1724|1937|1952|1652|475|358|481|1586|1520|1463|286|4607|466|2639|1904|337|310|277|1958|2099|2105|1574|1178|1250|346|1142|1064|301|394|1919|1931|1994|1112|1100|1568|1313|4715|4739|4727|4733|4709|4721|319|1481|415|1082|1514","2.41E-20","","GO:0009058","1.6853871964321763","0"
"57","20","InterPro Domains","","Cytochrome P450","1.4E-17","CYP3A5|CYP11B1|CYP2A6|CYP7A1|CYP2S1|CYP4A11|CYP2B6|CYP11B2|CYP2A13|CYP3A7|CYP1A2|CYP17A1|CYP2C8|CYP4A22|CYP1A1|CYP19A1|CYP2E1|CYP1B1|CYP26C1|CYP3A4","128","1088|1094|1346|1226|1283|1694|1295|1070|1337|1205|331|1148|1724|1652|337|310|1178|1100|1631|1082","7.77E-21","","IPR001128","1.6853871964321763","0"
"57","20","InterPro Domains","","Cytochrome P450 superfamily","1.4E-17","CYP3A5|CYP11B1|CYP2A6|CYP7A1|CYP2S1|CYP4A11|CYP2B6|CYP11B2|CYP2A13|CYP3A7|CYP1A2|CYP17A1|CYP2C8|CYP4A22|CYP1A1|CYP19A1|CYP2E1|CYP1B1|CYP26C1|CYP3A4","128","1088|1094|1346|1226|1283|1694|1295|1070|1337|1205|331|1148|1724|1652|337|310|1178|1100|1631|1082","7.77E-21","","IPR036396","1.6853871964321763","0"
"2362","89","GO Biological Process","","Cellular biosynthetic process","1.43E-17","HSD17B2|PIK3R2|NAMPT|WARS2|GSTM2|AKR1D1|ALOX12|HSD17B7|NARS1|PIK3R3|SRD5A3|THRA|CAD|PI4K2B|SRD5A1|NARS2|MARS2|AKR1B1|CYP11B1|LTC4S|ALOX15|HPGDS|PCLAF|CYP7A1|CYP4A11|KARS1|CYP11B2|TPH2|UPP1|TMLHE|GSTA1|TARS3|CYP1A2|PTGES|WARS1|PNP|DTL|PI4KB|HSD3B1|GSTM4|CYP17A1|SARS1|CYP2C8|PARS2|ENTPD8|CYP4A22|UCK1|ALOX5|EIF2S2|NMRK1|PIK3CD|AKR1C4|AKR1C3|ASMT|IDI1|ASPDH|GARS1|CYP1A1|CYP19A1|THRB|ADA2|NCOA1|NCOA2|NAPRT|CYP2E1|NNMT|ADK|HSD3B2|HSD17B6|AKT1|ACLY|SARS2-2|SARS2|UPP2|SRD5A2|CYP1B1|NMRK2|MGST2|SSU72P4|SSU72P2|SSU72P3|SSU72P7|SSU72P5|SSU72P8|HARS2|INPP5F|MED19|CYP3A4|PIK3CB","128","1013|1478|247|1886|1301|1076|2291|1124|1898|1508|1106|274|499|1496|1154|1913|1943|283|1094|3128|2300|1319|2567|1226|1694|316|1070|2603|1982|490|1364|1889|331|2228|325|250|2561|418|1133|1277|1148|1925|1724|1937|1952|1652|475|358|481|1586|1520|1463|286|4607|466|2639|1904|337|310|277|1958|2099|2105|1574|1178|1250|346|1142|1064|301|394|1919|1931|1994|1112|1100|1568|1313|4715|4739|4727|4733|4709|4721|319|1481|415|1082|1514","2.55E-20","","GO:0044249","1.6844663962534938","0"
"177","28","GO Molecular Function","","Oxidoreductase activity, acting on paired donors, with incorporation or reduction of molecular oxygen","1.73E-17","CYP3A5|AKR1D1|MSMO1|CYP11B1|CYP2A6|CYP7A1|CYP2S1|CYP4A11|CYP2B6|CYP11B2|TPH2|CYP2A13|TMLHE|CYP3A7|CYP1A2|CYP17A1|CYP2C8|CYP4A22|AKR1C4|AKR1C3|AKR1C1|CYP1A1|CYP19A1|KDM4E|CYP2E1|CYP1B1|CYP26C1|CYP3A4","128","1088|1076|2414|1094|1346|1226|1283|1694|1295|1070|2603|1337|490|1205|331|1148|1724|1652|1463|286|1472|337|310|430|1178|1100|1631|1082","1.41E-20","","GO:0016705","1.6761953896871205","0"
"116","24","GO Biological Process","","Steroid biosynthetic process","1.94E-17","HSD17B2|AKR1D1|HSD17B7|MSMO1|SRD5A3|SRD5A1|AKR1B1|CYP11B1|CYP7A1|CYP11B2|CYP3A7|DHCR7|HSD3B1|CYP17A1|AKR1C4|AKR1C3|IDI1|CYP1A1|CYP19A1|HSD3B2|HSD17B6|ACLY|SRD5A2|CYP3A4","128","1013|1076|1124|2414|1106|1154|283|1094|1226|1070|1205|1169|1133|1148|1463|286|466|337|310|1142|1064|394|1112|1082","3.58E-20","","GO:0006694","1.6712198270069774","0"
"79","21","UniProt Keywords","","Monooxygenase","2.27E-17","CYP3A5|CYP11B1|CYP2A6|CYP7A1|CYP2S1|CYP4A11|CYP2B6|CYP11B2|TPH2|CYP2A13|CYP3A7|CYP1A2|CYP17A1|CYP2C8|CYP4A22|CYP1A1|CYP19A1|CYP2E1|CYP1B1|CYP26C1|CYP3A4","128","1088|1094|1346|1226|1283|1694|1295|1070|2603|1337|1205|331|1148|1724|1652|337|310|1178|1100|1631|1082","1.01E-19","","KW-0503","1.6643974142806877","0"
"19","15","STRING Clusters","","Retinoic acid 4-hydroxylase activity, and Arachidonic acid monooxygenase activity","2.54E-17","CYP3A5|CYP2A6|UGT2B7|CYP2S1|CYP4A11|CYP2B6|UGT2B28|CYP3A7|CYP2C8|CYP4A22|UGT1A5|UGT2B11|ENSP00000480571|CYP26C1|CYP3A4","128","1088|1346|1034|1283|1694|1295|1706|1205|1724|1652|1664|1670|1196|1631|1082","5.55E-20","","CL:9394","1.6595166283380063","0"
"34","17","GO Molecular Function","","Glucuronosyltransferase activity","5.54E-17","UGT2A3|UGT1A6|UGT2B7|UGT1A1|UGT2B4|UGT2B17|UGT2B28|UGT2B15|UGT1A10|UGT1A9|UGT1A4|UGT1A5|UGT1A7|UGT1A8|UGT2B11|UGT1A3|UGT2A2","128","1679|1022|1034|1016|1718|1046|1706|1052|1058|1742|1028|1664|1760|1040|1670|1733|1688","5.62E-20","","GO:0015020","1.625649023527157","0"
"55","18","KEGG Pathways","","Pyrimidine metabolism","5.62E-17","NT5C1A|NT5C|CAD|ENTPD3|UPP1|NT5C2|NT5C1B|PNP|ENTPD8|UCK1|NT5M|TYMP|NT5C3B|ENPP3|NT5C1B-RDH14|UPP2|NT5C3A|ENPP1","128","1547|1535|499|3008|1982|1559|1529|250|1952|475|1553|1973|2003|1235|1541|1994|2009|1241","2.01E-18","","hsa00240","1.6250263684430937","0"
"312","33","WikiPathways","","Nuclear receptors meta-pathway","6.74E-17","GSTA3|CYP3A5|GSTM2|AHR|GSTM5|SLC6A4|CYP2A6|CYP7A1|UGT1A6|UGT2B7|UGT1A1|UGT2B4|CYP4A11|CYP2B6|GSTA1|CYP3A7|CYP1A2|UGT1A9|GSTM3|GSTM4|GSTA4|GSTA5|UGT1A4|UGT1A7|CYP1A1|MGST1|NCOA1|NCOA2|GSTA2|AHRR-2|CYP1B1|MGST2|CYP3A4","128","1265|1088|1301|2096|1325|445|1346|1226|1022|1034|1016|1718|1694|1295|1364|1205|331|1742|1289|1277|1307|1271|1028|1760|337|1331|2099|2105|1370|5675|1100|1313|1082","3.45E-19","","WP2882","1.617134010346468","0"
"155","26","GO Molecular Function","","Iron ion binding","7.86E-17","CYP3A5|ALOX12|MSMO1|CYP11B1|ALOX15|CYP2A6|CYP7A1|CYP2S1|CYP4A11|CYP2B6|CYP11B2|TPH2|CYP2A13|TMLHE|CYP3A7|CYP1A2|CYP17A1|CYP2C8|CYP4A22|ALOX5|CYP1A1|CYP19A1|CYP2E1|CYP1B1|CYP26C1|CYP3A4","128","1088|2291|2414|1094|2300|1346|1226|1283|1694|1295|1070|2603|1337|490|1205|331|1148|1724|1652|358|337|310|1178|1100|1631|1082","9.56E-20","","GO:0005506","1.6104577453960591","0"
"377","36","GO Biological Process","","Organic cyclic compound catabolic process","8.4E-17","STS|SULT1E1|NT5C1A|AKR1D1|NT5C|CDADC1|DCPS|PDE8B|SRD5A1|CYP2A6|CYP7A1|ENTPD3|UGT1A1|UPP1|NT5C2|CYP1A2|NT5C1B|PNP|HSD11B1|ENTPD8|UGT1A4|NT5M|PDE8A|CYP1A1|TYMP|CYP19A1|ADA2|NT5C3B|ENPP3|HSD17B6|UPP2|NT5C3A|SRD5A2|PDE8B-2|ENPP1|CYP3A4","128","1214|1118|1547|1076|1535|457|487|2723|1154|1346|1226|3008|1016|1982|1559|331|1529|250|352|1952|1028|1553|2738|337|1973|310|1958|2003|1235|1064|1994|2009|1112|5654|1241|1082","1.61E-19","","GO:1901361","1.6075720713938118","0"
"36","17","GO Molecular Function","","Steroid hydroxylase activity","8.46E-17","CYP3A5|CYP11B1|CYP2A6|CYP7A1|CYP2S1|CYP2B6|CYP11B2|CYP2A13|CYP3A7|CYP1A2|CYP17A1|CYP2C8|CYP1A1|CYP19A1|CYP2E1|CYP1B1|CYP3A4","128","1088|1094|1346|1226|1283|1295|1070|1337|1205|331|1148|1724|337|310|1178|1100|1082","1.2E-19","","GO:0008395","1.6072629636960976","0"
"1121","59","GO Biological Process","","Organic cyclic compound biosynthetic process","9.33E-17","HSD17B2|NAMPT|AKR1D1|HSD17B7|MSMO1|SRD5A3|THRA|CAD|SRD5A1|AKR1B1|CYP11B1|PCLAF|CYP7A1|KARS1|CYP11B2|TPH2|UPP1|CYP3A7|DHCR7|PNP|DTL|HSD3B1|CYP17A1|SARS1|ENTPD8|UCK1|ALOX5|NMRK1|AKR1C4|AKR1C3|ASMT|IDI1|ASPDH|GARS1|CYP1A1|CYP19A1|THRB|ADA2|NCOA1|NCOA2|NAPRT|NNMT|ADK|HSD3B2|HSD17B6|ACLY|SARS2-2|SARS2|UPP2|SRD5A2|NMRK2|SSU72P4|SSU72P2|SSU72P3|SSU72P7|SSU72P5|SSU72P8|MED19|CYP3A4","128","1013|247|1076|1124|2414|1106|274|499|1154|283|1094|2567|1226|316|1070|2603|1982|1205|1169|250|2561|1133|1148|1925|1952|475|358|1586|1463|286|4607|466|2639|1904|337|310|277|1958|2099|2105|1574|1250|346|1142|1064|394|1919|1931|1994|1112|1568|4715|4739|4727|4733|4709|4721|415|1082","1.84E-19","","GO:1901362","1.60301183562535","0"
"24","15","WikiPathways","","Estrogen metabolism","1.11E-16","HSD17B2|CYP3A5|SULT1E1|HSD17B7|UGT2B7|CYP3A7|CYP1A2|UGT1A10|CYP2C8|UGT1A8|AKR1C3|CYP19A1|UGT2A2|CYP1B1|CYP3A4","128","1013|1088|1118|1124|1034|1205|331|1058|1724|1040|286|310|1688|1100|1082","7.09E-19","","WP5276","1.5954677021213342","0"
"112","23","GO Biological Process","","Icosanoid metabolic process","1.27E-16","ALOX12|AKR1B1|LTC4S|ALOX15|HPGDS|CYP2A6|CYP2S1|CYP4A11|CYP2B6|CYP2A13|GSTA1|CYP1A2|PTGES|CYP2C8|CYP4A22|ALOX5|AKR1C4|AKR1C3|AKR1C1|CYP1A1|CYP2E1|CYP1B1|MGST2","128","2291|283|3128|2300|1319|1346|1283|1694|1295|1337|1364|331|2228|1724|1652|358|1463|286|1472|337|1178|1100|1313","2.58E-19","","GO:0006690","1.5896196279044044","0"
"99","22","GO Biological Process","","Unsaturated fatty acid metabolic process","1.74E-16","GSTM2|ALOX12|AKR1B1|ALOX15|HPGDS|CYP2A6|CYP2S1|CYP4A11|CYP2B6|CYP2A13|GSTA1|CYP1A2|PTGES|CYP2C8|CYP4A22|ALOX5|AKR1C4|AKR1C3|AKR1C1|CYP1A1|CYP2E1|CYP1B1","128","1301|2291|283|2300|1319|1346|1283|1694|1295|1337|1364|331|2228|1724|1652|358|1463|286|1472|337|1178|1100","3.66E-19","","GO:0033559","1.57594507517174","0"
"88","20","KEGG Pathways","","Bile secretion","2.8E-16","UGT2A3|UGT2B10|CYP7A1|UGT1A6|UGT2B7|UGT1A1|UGT2B4|UGT2B17|UGT2B28|UGT2B15|UGT1A10|UGT1A9|UGT1A4|UGT1A5|UGT1A7|UGT1A8|UGT2B11|UGT1A3|UGT2A2|CYP3A4","128","1679|1700|1226|1022|1034|1016|1718|1046|1706|1052|1058|1742|1028|1664|1760|1040|1670|1733|1688|1082","1.08E-17","","hsa04976","1.555284196865778","0"
"119","23","GO Biological Process","","Isoprenoid metabolic process","3.9E-16","CYP3A5|SRD5A3|SRD5A1|AKR1B1|UGT1A1|CYP2S1|CYP3A7|CYP1A2|UGT1A9|CYP2C8|UGT1A7|UGT1A8|AKR1C4|AKR1C3|AKR1C1|IDI1|CYP1A1|UGT1A3|CYP2E1|HSD17B6|CYP1B1|CYP26C1|CYP3A4","128","1088|1106|1154|283|1016|1283|1205|331|1742|1724|1760|1040|1463|286|1472|466|337|1733|1178|1064|1100|1631|1082","8.46E-19","","GO:0006720","1.54089353929735","0"
"18","14","STRING Clusters","","Androgen biosynthetic process, and 17-beta-hydroxysteroid dehydrogenase (NAD+) activity","4.79E-16","HSD17B2|SRD5A3|UGT2B10|SRD5A1|CYP11B1|HSD3B1|CYP17A1|AKR1C4|AKR1C3|AKR1C1|CYP19A1|HSD3B2|HSD17B6|SRD5A2","128","1013|1106|1700|1154|1094|1133|1148|1463|286|1472|310|1142|1064|1112","1.15E-18","","CL:9485","1.5319664486585436","0"
"577","42","GO Biological Process","","Lipid biosynthetic process","6.2E-16","HSD17B2|PIK3R2|GSTM2|AKR1D1|ALOX12|HSD17B7|MSMO1|PIK3R3|SRD5A3|PI4K2B|SRD5A1|AKR1B1|CYP11B1|LTC4S|ALOX15|HPGDS|CYP7A1|CYP11B2|CYP3A7|CYP1A2|PTGES|DHCR7|PI4KB|HSD3B1|GSTM4|CYP17A1|CYP2C8|ALOX5|PIK3CD|AKR1C4|AKR1C3|IDI1|CYP1A1|CYP19A1|CYP2E1|HSD3B2|HSD17B6|ACLY|SRD5A2|INPP5F|CYP3A4|PIK3CB","128","1013|1478|1301|1076|2291|1124|2414|1508|1106|1496|1154|283|1094|3128|2300|1319|1226|1070|1205|331|2228|1169|418|1133|1277|1148|1724|358|1520|1463|286|466|337|310|1178|1142|1064|394|1112|1481|1082|1514","1.38E-18","","GO:0008610","1.5207608310501746","0"
"21","14","WikiPathways","","Tamoxifen metabolism","7.12E-16","CYP3A5|SULT1E1|CYP2A6|UGT2B7|UGT2B15|CYP1A2|UGT1A10|CYP2C8|UGT1A4|UGT1A8|CYP1A1|CYP2E1|CYP1B1|CYP3A4","128","1088|1118|1346|1034|1052|331|1058|1724|1028|1040|337|1178|1100|1082","5.47E-18","","WP691","1.5147520006363142","0"
"918","52","GO Biological Process","","Cellular lipid metabolic process","8.76E-16","PIK3R2|CYP3A5|GSTM2|PLA2G12A|ALOX12|MSMO1|PIK3R3|SRD5A3|PI4K2B|SRD5A1|AKR1B1|LTC4S|ALOX15|HPGDS|CYP2A6|UGT1A1|CYP2S1|CYP4A11|CYP2B6|CYP2A13|GSTA1|CYP3A7|CYP1A2|PTGES|UGT1A9|SOAT1|THEM4|PI4KB|GSTM4|CYP2C8|CYP4A22|UGT1A7|UGT1A8|ALOX5|PLA2G2D|PIK3CD|AKR1C4|AKR1C3|AKR1C1|IDI1|CYP1A1|UGT1A3|CYP2E1|HSD17B6|ACLY|CYP1B1|MGST2|INPP5F|CYP26C1|CYP3A4|NR1H2|PIK3CB","128","1478|1088|1301|2216|2291|2414|1508|1106|1496|1154|283|3128|2300|1319|1346|1016|1283|1694|1295|1337|1364|1205|331|2228|1742|472|4991|418|1277|1724|1652|1760|1040|358|361|1520|1463|286|1472|466|337|1733|1178|1064|394|1100|1313|1481|1631|1082|412|1514","2.01E-18","","GO:0044255","1.505749589383192","0"
"1157","59","GO Cellular Component","","Endoplasmic reticulum membrane","1.59E-15","HSD17B2|STS|CYP3A5|HSD17B7|MSMO1|SRD5A3|PI4K2B|UGT2B10|SRD5A1|SIGMAR1|CYP11B1|LTC4S|TLR3|CYP2A6|CYP7A1|UGT1A6|UGT2B7|UGT1A1|UGT2B4|CYP2S1|CYP4A11|UGT2B17|CYP2B6|CYP2A13|UGT2B28|CYP3A7|UGT2B15|CYP1A2|PTGES|UGT1A10|SVIP|UGT1A9|DHCR7|MMP23B|HSD11B1|SOAT1|PI4KB|HSD3B1|CYP17A1|CYP2C8|CYP4A22|UGT1A4|UGT1A5|UGT1A7|UGT1A8|SEC13|CYP1A1|MGST1|CYP19A1|UGT2B11|UGT1A3|CYP2E1|HSD3B2|UGT2A2|SRD5A2|CYP1B1|MGST2|CYP26C1|CYP3A4","128","1013|1214|1088|1124|2414|1106|1496|1700|1154|493|1094|3128|292|1346|1226|1022|1034|1016|1718|1283|1694|1046|1295|1337|1706|1205|1052|331|2228|1058|4754|1742|1169|2822|352|472|418|1133|1148|1724|1652|1028|1664|1760|1040|427|337|1331|310|1670|1733|1178|1142|1688|1112|1100|1313|1631|1082","7.76E-19","","GO:0005789","1.479860287567955","0"
"58","18","STRING Clusters","","Pyrimidine metabolism, and Purine nucleoside monophosphate biosynthetic process","1.68E-15","NT5C1A|NT5C|ENTPD3|UPP1|NT5C2|NT5C1B|PNP|ENTPD8|UCK1|NT5M|TYMP|NT5C3B|ENPP3|NT5C1B-RDH14|ADK|UPP2|NT5C3A|ENPP1","128","1547|1535|3008|1982|1559|1529|250|1952|475|1553|1973|2003|1235|1541|346|1994|2009|1241","4.41E-18","","CL:10566","1.4774690718274137","0"
"99","21","GO Biological Process","","Terpenoid metabolic process","2.34E-15","CYP3A5|SRD5A1|AKR1B1|UGT1A1|CYP2S1|CYP3A7|CYP1A2|UGT1A9|CYP2C8|UGT1A7|UGT1A8|AKR1C4|AKR1C3|AKR1C1|CYP1A1|UGT1A3|CYP2E1|HSD17B6|CYP1B1|CYP26C1|CYP3A4","128","1088|1154|283|1016|1283|1205|331|1742|1724|1760|1040|1463|286|1472|337|1733|1178|1064|1100|1631|1082","5.51E-18","","GO:0006721","1.4630784142589857","0"
"1168","57","UniProt Keywords","","Endoplasmic reticulum","3.56E-15","SULT2B1|STS|CYP3A5|MSMO1|SRD5A3|UGT2B10|SRD5A1|SIGMAR1|LTC4S|TLR3|CYP2A6|CYP7A1|UGT1A6|UGT2B7|UGT1A1|UGT2B4|CYP2S1|CYP4A11|UGT2B17|CYP2B6|CYP2A13|UGT2B28|CYP3A7|PSMF1|UGT2B15|CYP1A2|UGT1A10|SVIP|UGT1A9|DHCR7|MMP23B|HSD11B1|SOAT1|PI4KB|HSD3B1|CYP17A1|CYP2C8|CYP4A22|UGT1A4|UGT1A5|UGT1A7|UGT1A8|POMP|SEC13|CYP1A1|MGST1|CYP19A1|UGT2B11|UGT1A3|CYP2E1|HSD3B2|HSD17B6|NT5C3A|SRD5A2|CYP1B1|MGST2|CYP3A4","128","1163|1214|1088|2414|1106|1700|1154|493|3128|292|1346|1226|1022|1034|1016|1718|1283|1694|1046|1295|1337|1706|1205|2531|1052|331|1058|4754|1742|1169|2822|352|472|418|1133|1148|1724|1652|1028|1664|1760|1040|2543|427|337|1331|310|1670|1733|1178|1142|1064|2009|1112|1100|1313|1082","2.32E-17","","KW-0256","1.4448550002027125","0"
"123","22","UniProt Keywords","","Heme","3.56E-15","CYP3A5|HPX|FRRS1|CYP11B1|CYP2A6|CYP7A1|CYP2S1|CYP4A11|CYP2B6|CYP11B2|CYP2A13|CYP3A7|CYP1A2|CYP17A1|CYP2C8|CYP4A22|CYP1A1|CYP19A1|CYP2E1|CYP1B1|CYP26C1|CYP3A4","128","1088|463|2816|1094|1346|1226|1283|1694|1295|1070|1337|1205|331|1148|1724|1652|337|310|1178|1100|1631|1082","2.12E-17","","KW-0349","1.4448550002027125","0"
"172","25","STRING Clusters","","Purine metabolism, and Pyrimidine metabolism","3.74E-15","NT5C1A|NT5C|PDE8B|PDE3B|PDE11A|ENTPD3|UPP1|NT5C2|NT5C1B|PNP|ENTPD8|UCK1|NT5M|PRKAR1A|PDE8A|TYMP|ADA2|NT5C3B|ENPP3|NT5C1B-RDH14|ADK|UPP2|NT5C3A|PDE8B-2|ENPP1","128","1547|1535|2723|2237|3068|3008|1982|1559|1529|250|1952|475|1553|403|2738|1973|1958|2003|1235|1541|346|1994|2009|5654|1241","1.06E-17","","CL:10561","1.442712839779952","0"
"88","20","GO Biological Process","","Diterpenoid metabolic process","4.47E-15","CYP3A5|SRD5A1|AKR1B1|UGT1A1|CYP2S1|CYP3A7|CYP1A2|UGT1A9|CYP2C8|UGT1A7|UGT1A8|AKR1C4|AKR1C3|AKR1C1|CYP1A1|UGT1A3|HSD17B6|CYP1B1|CYP26C1|CYP3A4","128","1088|1154|283|1016|1283|1205|331|1742|1724|1760|1040|1463|286|1472|337|1733|1064|1100|1631|1082","1.08E-17","","GO:0016101","1.4349692476868063","0"
"478","37","GO Biological Process","","Organic hydroxy compound metabolic process","1.2E-14","SULT2B1|CYP3A5|SULT1E1|AKR1D1|ALOX12|HSD17B7|MSMO1|SRD5A3|SRD5A1|AKR1B1|CYP11B1|ALOX15|CYP7A1|CYP4A11|CYP11B2|TPH2|CYP3A7|CYP1A2|DHCR7|SOAT1|CYP2C8|UGT1A4|AKR1C4|AKR1C3|AKR1C1|IDI1|CYP1A1|CYP19A1|UGT1A3|CYP2E1|HSD17B6|ACLY|UGT2A2|SRD5A2|CYP1B1|CYP26C1|CYP3A4","128","1163|1088|1118|1076|2291|1124|2414|1106|1154|283|1094|2300|1226|1694|1070|2603|1205|331|1169|472|1724|1028|1463|286|1472|466|337|310|1733|1178|1064|394|1688|1112|1100|1631|1082","2.99E-17","","GO:1901615","1.3920818753952375","0"
"24","14","GO Molecular Function","","Glutathione transferase activity","1.36E-14","GSTA3|GSTM2|GSTM5|LTC4S|HPGDS|GSTA1|PTGES|GSTM3|GSTM4|GSTA4|GSTA5|MGST1|GSTA2|MGST2","128","1265|1301|1325|3128|1319|1364|2228|1289|1277|1307|1271|1331|1370|1313","2.2E-17","","GO:0004364","1.3866461091629783","0"
"3463","104","GO Biological Process","","Cellular nitrogen compound metabolic process","1.71E-14","SULT2B1|GSTA3|CDK5RAP1|USB1|NAMPT|CYP3A5|SULT1E1|RAD51AP1|WARS2|NT5C1A|GSTM2|NT5C|CDADC1|GSTM5|NARS1|DCPS|THRA|CAD|PDE8B|SRD5A1|NARS2|MARS2|HPGDS|SPIDR|PCLAF|ENTPD3|UGT1A1|ADAT1|SWI5|EZH2|KARS1|TPH2|UPP1|TMLHE|GSTA1|TARS3|NT5C2|CIR1|CPSF4L|WARS1|NT5C1B|GSTM3|PNP|DTL|SFR1|GSTM4|SARS1|GSTA4|GSTA5|PARS2|ENTPD8|UCK1|UGT1A4|EIF2S2|NMRK1|KIN|ASMT|RAD1|NT5M|ASPDH|GARS1|RFC4|RAD9B|PDE8A|CYP1A1|TYMP|THRB|ADA2|NCOA1|RNF212|NT5C3B|NCOA2|NAPRT|ENPP3|EBNA1BP2|CHTF8|TOP2A|GSTA2|NT5C1B-RDH14|NNMT|ADK|SNW1|AKT1|ACLY|SARS2-2|SARS2|UPP2|NT5C3A|CYP1B1|NMRK2|MGST2|CPSF1|SSU72P4|SSU72P2|SSU72P3|SSU72P7|SSU72P5|SSU72P8|RAD51|PDE8B-2|HARS2|ENPP1|MED19|CYP3A4","128","1163|1265|400|1451|247|1088|1118|1853|1886|1547|1301|1535|457|1325|1898|487|274|499|2723|1154|1913|1943|1319|3239|2567|3008|1016|3824|3899|220|316|2603|1982|490|1364|1889|1559|4499|4706|325|1529|1289|250|2561|3905|1277|1925|1307|1271|1937|1952|475|1028|481|1586|5480|4607|5570|1553|2639|1904|373|5579|2738|337|1973|277|1958|2099|5840|2003|2105|1574|1235|460|5645|268|1370|1541|1250|346|439|301|394|1919|1931|1994|2009|1100|1568|1313|433|4715|4739|4727|4733|4709|4721|379|5654|319|1241|415|1082","4.36E-17","","GO:0034641","1.3767003889607845","0"
"311","30","UniProt Keywords","","Iron","1.81E-14","CDK5RAP1|CYP3A5|ALOX12|MSMO1|HPX|FRRS1|CYP11B1|ALOX15|CYP2A6|CYP7A1|CYP2S1|CYP4A11|CYP2B6|CYP11B2|TPH2|CYP2A13|TMLHE|CYP3A7|CYP1A2|CYP17A1|CYP2C8|CYP4A22|ALOX5|CYP1A1|CYP19A1|KDM4E|CYP2E1|CYP1B1|CYP26C1|CYP3A4","128","400|1088|2291|2414|463|2816|1094|2300|1346|1226|1283|1694|1295|1070|2603|1337|490|1205|331|1148|1724|1652|358|337|310|430|1178|1100|1631|1082","1.61E-16","","KW-0408","1.3742321425130817","0"
"153","23","Reactome Pathways","","Metabolism of steroids","2.66E-14","HSD17B2|AKR1D1|HSD17B7|MSMO1|SRD5A3|SRD5A1|AKR1B1|CYP11B1|CYP7A1|CYP11B2|DHCR7|HSD11B1|HSD3B1|CYP17A1|AKR1C4|AKR1C3|AKR1C1|IDI1|CYP19A1|NCOA1|NCOA2|HSD3B2|SRD5A2","128","1013|1076|1124|2414|1106|1154|283|1094|1226|1070|1169|352|1133|1148|1463|286|1472|466|310|2099|2105|1142|1112","1.17E-16","","HSA-8957322","1.3575118363368932","0"
"70","17","KEGG Pathways","","Platinum drug resistance","2.97E-14","GSTA3|PIK3R2|GSTM2|GSTM5|PIK3R3|GSTA1|GSTM3|GSTM4|GSTA4|GSTA5|PIK3CD|MGST1|TOP2A|GSTA2|AKT1|MGST2|PIK3CB","128","1265|1478|1301|1325|1508|1364|1289|1277|1307|1271|1520|1331|268|1370|301|1313|1514","1.24E-15","","hsa01524","1.3527243550682786","0"
"85","19","GO Biological Process","","Retinoid metabolic process","3.61E-14","CYP3A5|AKR1B1|UGT1A1|CYP2S1|CYP3A7|CYP1A2|UGT1A9|CYP2C8|UGT1A7|UGT1A8|AKR1C4|AKR1C3|AKR1C1|CYP1A1|UGT1A3|HSD17B6|CYP1B1|CYP26C1|CYP3A4","128","1088|283|1016|1283|1205|331|1742|1724|1760|1040|1463|286|1472|337|1733|1064|1100|1631|1082","9.44E-17","","GO:0001523","1.3442492798094343","0"
"446","35","GO Biological Process","","Small molecule biosynthetic process","5.87E-14","GSTM2|AKR1D1|ALOX12|HSD17B7|MSMO1|SRD5A3|CAD|AKR1B1|CYP11B1|LTC4S|ALOX15|HPGDS|CYP7A1|CYP4A11|CYP11B2|CYP1A2|PTGES|DHCR7|PNP|GSTM4|CYP2C8|CYP4A22|ALOX5|AKR1C4|AKR1C3|IDI1|CYP1A1|CYP19A1|ADA2|CYP2E1|ADK|ACLY|SRD5A2|MGST2|CYP3A4","128","1301|1076|2291|1124|2414|1106|499|283|1094|3128|2300|1319|1226|1694|1070|331|2228|1169|250|1277|1724|1652|358|1463|286|466|337|310|1958|1178|346|394|1112|1313|1082","1.57E-16","","GO:0044283","1.3231361898752385","0"
"29","14","GO Biological Process","","Androgen metabolic process","6.14E-14","HSD17B2|AKR1D1|HSD17B7|SRD5A3|SRD5A1|UGT2B7|HSD3B1|CYP17A1|AKR1C4|CYP19A1|HSD3B2|HSD17B6|SRD5A2|CYP3A4","128","1013|1076|1124|1106|1154|1034|1133|1148|1463|310|1142|1064|1112|1082","1.68E-16","","GO:0008209","1.3211831628858832","0"
"111","20","WikiPathways","","Cholesterol biosynthesis pathway in hepatocytes","6.22E-14","HSD17B2|AKR1D1|HSD17B7|MSMO1|SRD5A1|CYP11B1|CYP7A1|CYP11B2|CYP3A7|DHCR7|HSD3B1|CYP17A1|AKR1C4|IDI1|CYP1A1|CYP19A1|HSD3B2|SRD5A2|CYP3A4|NR1H2","128","1013|1076|1124|2414|1154|1094|1226|1070|1205|1169|1133|1148|1463|466|337|310|1142|1112|1082|412","5.58E-16","","WP5329","1.3206209615309181","0"
"38","15","GO Molecular Function","","Oxidoreductase activity, acting on paired donors, with incorporation or reduction of molecular oxygen, reduced flavin or flavoprotein as one donor, and incorporation of one atom of oxygen","8.21E-14","CYP3A5|CYP2A6|CYP7A1|CYP2S1|CYP4A11|CYP2B6|CYP2A13|CYP3A7|CYP1A2|CYP2C8|CYP1A1|CYP19A1|CYP2E1|CYP1B1|CYP3A4","128","1088|1346|1226|1283|1694|1295|1337|1205|331|1724|337|310|1178|1100|1082","1.5E-16","","GO:0016712","1.3085656842880558","0"
"22","13","STRING Clusters","","Glutathione transferase activity, and Benzo(a)pyrene metabolism","9.05E-14","GSTA3|GSTM2|GSTM5|GSTA1|GSTM3|GSTM4|GSTA4|GSTA5|CYP1A1|MGST1|GSTA2|CYP1B1|MGST2","128","1265|1301|1325|1364|1289|1277|1307|1271|337|1331|1370|1100|1313","2.77E-16","","CL:9739","1.3043351420794795","0"
"107","20","GO Biological Process","","Long-chain fatty acid metabolic process","1.06E-13","GSTM2|ALOX12|LTC4S|ALOX15|CYP2A6|CYP2S1|CYP4A11|CYP2B6|CYP2A13|GSTA1|CYP1A2|GSTM4|CYP2C8|CYP4A22|ALOX5|AKR1C3|CYP1A1|CYP2E1|CYP1B1|CYP3A4","128","1301|2291|3128|2300|1346|1283|1694|1295|1337|1364|331|1277|1724|1652|358|286|337|1178|1100|1082","2.99E-16","","GO:0001676","1.297469413473523","0"
"31","14","GO Biological Process","","Steroid hormone biosynthetic process","1.22E-13","HSD17B2|HSD17B7|SRD5A3|SRD5A1|AKR1B1|CYP11B1|CYP11B2|DHCR7|HSD3B1|CYP17A1|CYP19A1|HSD3B2|HSD17B6|SRD5A2","128","1013|1124|1106|1154|283|1094|1070|1169|1133|1148|310|1142|1064|1112","3.5E-16","","GO:0120178","1.2913640169325251","0"
"18","12","WikiPathways","","Estrogen metabolism","1.33E-13","STS|SULT1E1|UGT1A6|UGT2B7|UGT1A1|GSTA1|CYP1A2|UGT1A9|CYP1A1|UGT1A3|CYP1B1|CYP3A4","128","1214|1118|1022|1034|1016|1364|331|1742|337|1733|1100|1082","1.36E-15","","WP697","1.2876148359032915","0"
"24","13","Reactome Pathways","","Xenobiotics","1.35E-13","CYP3A5|AHR|CYP2A6|CYP2S1|AHRR|CYP2B6|CYP2A13|CYP3A7|CYP1A2|CYP2C8|CYP1A1|CYP2E1|CYP3A4","128","1088|2096|1346|1283|3986|1295|1337|1205|331|1724|337|1178|1082","6.53E-16","","HSA-211981","1.2869666231504993","0"
"1820","69","UniProt Keywords","","Transferase","1.42E-13","SULT2B1|SIRT4|GSTA3|NAMPT|SULT1E1|GSTM2|UGT2A3|GSTM5|CAD|PI4K2B|BST1|UGT2B10|PELI2|HPGDS|MELK|GNPTAB|UGT1A6|UGT2B7|UGT1A1|UGT2B4|ANKK1|EZH2|UGT2B17|PELI3|KARS1|UPP1|UGT2B28|GSTA1|UGT2B15|UGT1A10|UGT1A9|NTRK3|GSTM3|PNP|SOAT1|PI4KB|GSTM4|IRAK1|GSTA4|GSTA5|UCK1|UGT1A4|UGT1A5|UGT1A7|UGT1A8|NMRK1|PIK3CD|ASMT|GARS1|CDKL4|TYMP|CDKL1|MGST1|NCOA1|UGT2B11|RNF212|NAPRT|UGT1A3|GSTA2|NNMT|ADK|AKT1|ACLY|UPP2|UGT2A2|NT5C3A|NMRK2|MGST2|PIK3CB","128","1163|1232|1265|247|1118|1301|1679|1325|499|1496|1256|1700|2843|1319|1871|3266|1022|1034|1016|1718|2597|220|1046|3980|316|1982|1706|1364|1052|1058|1742|496|1289|250|472|418|1277|295|1307|1271|475|1028|1664|1760|1040|1586|1520|4607|1904|448|1973|5669|1331|2099|1670|5840|1574|1733|1370|1250|346|301|394|1994|1688|2009|1568|1313|1514","1.48E-15","","KW-0808","1.2847711655616945","0"
"325","30","GO Biological Process","","Fatty acid metabolic process","1.65E-13","GSTM2|ALOX12|MSMO1|AKR1B1|LTC4S|ALOX15|HPGDS|CYP2A6|CYP2S1|CYP4A11|CYP2B6|CYP2A13|GSTA1|CYP1A2|PTGES|THEM4|GSTM4|CYP2C8|CYP4A22|UGT1A7|UGT1A8|ALOX5|AKR1C4|AKR1C3|AKR1C1|CYP1A1|CYP2E1|ACLY|CYP1B1|CYP3A4","128","1301|2291|2414|283|3128|2300|1319|1346|1283|1694|1295|1337|1364|331|2228|4991|1277|1724|1652|1760|1040|358|1463|286|1472|337|1178|394|1100|1082","4.85E-16","","GO:0006631","1.2782516055786093","0"
"97","19","STRING Clusters","","Metabolism of nucleotides, and Ribose-phosphate pyrophosphokinase","2.26E-13","NT5C1A|NT5C|ENTPD3|UPP1|NT5C2|NT5C1B|PNP|ENTPD8|UCK1|NT5M|TYMP|ADA2|NT5C3B|ENPP3|NT5C1B-RDH14|ADK|UPP2|NT5C3A|ENPP1","128","1547|1535|3008|1982|1559|1529|250|1952|475|1553|1973|1958|2003|1235|1541|346|1994|2009|1241","7.92E-16","","CL:10562","1.2645891560852598","0"
"44","15","GO Biological Process","","Hormone biosynthetic process","2.97E-13","HSD17B2|HSD17B7|SRD5A3|SRD5A1|AKR1B1|CYP11B1|CYP11B2|DHCR7|HSD3B1|CYP17A1|ASMT|CYP19A1|HSD3B2|HSD17B6|SRD5A2","128","1013|1124|1106|1154|283|1094|1070|1169|1133|1148|4607|310|1142|1064|1112","8.91E-16","","GO:0042446","1.2527243550682787","0"
"14","11","WikiPathways","","Mineralocorticoid biosynthesis","5.09E-13","AKR1D1|SRD5A1|CYP11B1|UGT2B7|CYP11B2|UGT1A10|HSD11B1|AKR1C4|AKR1C3|AKR1C1|SRD5A2","128","1076|1154|1094|1034|1070|1058|352|1463|286|1472|1112","5.87E-15","","WP5279","1.2293282217663242","0"
"485","34","UniProt Keywords","","Lipid metabolism","8.32E-13","HSD17B2|SULT2B1|STS|CYP3A5|AKR1D1|PLA2G12A|ALOX12|HSD17B7|MSMO1|CYP11B1|ALOX15|HPGDS|CYP7A1|UGT2B7|CYP2S1|CYP4A11|CYP11B2|CYP3A7|CYP1A2|PTGES|DHCR7|HSD11B1|SOAT1|THEM4|HSD3B1|CYP2C8|PLA2G2D|IDI1|CYP1A1|CYP2E1|HSD17B6|ACLY|CYP1B1|CYP3A4","128","1013|1163|1214|1088|1076|2216|2291|1124|2414|1094|2300|1319|1226|1034|1283|1694|1070|1205|331|2228|1169|352|472|4991|1133|1724|361|466|337|1178|1064|394|1100|1082","9.9E-15","","KW-0443","1.2079876673709276","0"
"13","11","STRING Clusters","","Androgen biosynthetic process, and Phenanthrene 9,10-monooxygenase activity","8.95E-13","SRD5A3|SRD5A1|CYP11B1|HSD3B1|CYP17A1|AKR1C3|AKR1C1|CYP19A1|HSD3B2|HSD17B6|SRD5A2","128","1106|1154|1094|1133|1148|286|1472|310|1142|1064|1112","3.32E-15","","CL:9487","1.204817696468409","0"
"98","18","UniProt Keywords","","Steroid metabolism","9.29E-13","SULT2B1|STS|CYP3A5|AKR1D1|MSMO1|CYP7A1|UGT2B7|CYP11B2|CYP1A2|DHCR7|HSD11B1|SOAT1|HSD3B1|CYP2C8|IDI1|HSD17B6|CYP1B1|CYP3A4","128","1163|1214|1088|1076|2414|1226|1034|1070|331|1169|352|472|1133|1724|466|1064|1100|1082","1.24E-14","","KW-0753","1.2031984286006359","0"
"127","19","KEGG Pathways","","Purine metabolism","1.38E-12","NT5C1A|NT5C|PDE8B|PDE3B|PDE11A|ENTPD3|NT5C2|NT5C1B|PNP|ENTPD8|NT5M|PDE8A|ADA2|NT5C3B|ENPP3|NT5C1B-RDH14|ADK|NT5C3A|ENPP1","128","1547|1535|2723|2237|3068|3008|1559|1529|250|1952|1553|2738|1958|2003|1235|1541|346|2009|1241","6.18E-14","","hsa00230","1.1860120913598764","0"
"14","11","STRING Clusters","","Retinoic acid 4-hydroxylase activity, and Lauric acid metabolic process","1.41E-12","CYP3A5|UGT2B7|CYP2S1|CYP4A11|CYP2B6|CYP3A7|CYP2C8|CYP4A22|ENSP00000480571|CYP26C1|CYP3A4","128","1088|1034|1283|1694|1295|1205|1724|1652|1196|1631|1082","5.87E-15","","CL:9397","1.1850780887344619","0"
"2268","77","GO Molecular Function","","Transferase activity","3.31E-12","HDAC7|SULT2B1|SIRT4|GSTA3|CDK5RAP1|NAMPT|SULT1E1|GSTM2|UGT2A3|GSTM5|TRIM45|PIK3R3|CAD|PI4K2B|BST1|UGT2B10|PELI2|LTC4S|HPGDS|MELK|GNPTAB|UGT1A6|UGT2B7|UGT1A1|UGT2B4|ANKK1|EZH2|UGT2B17|PELI3|KARS1|UPP1|UGT2B28|GSTA1|NT5C2|UGT2B15|PTGES|UGT1A10|UGT1A9|NTRK3|GSTM3|PNP|SOAT1|PI4KB|GSTM4|IRAK1|GSTA4|GSTA5|UCK1|UGT1A4|UGT1A5|UGT1A7|UGT1A8|NMRK1|PIK3CD|ASMT|GARS1|PRKAR1A|CDKL4|TYMP|CDKL1|MGST1|NCOA1|UGT2B11|RNF212|NAPRT|UGT1A3|GSTA2|NNMT|ADK|AKT1|ACLY|UPP2|UGT2A2|NT5C3A|NMRK2|MGST2|PIK3CB","128","217|1163|1232|1265|400|247|1118|1301|1679|1325|2471|1508|499|1496|1256|1700|2843|3128|1319|1871|3266|1022|1034|1016|1718|2597|220|1046|3980|316|1982|1706|1364|1559|1052|2228|1058|1742|496|1289|250|472|418|1277|295|1307|1271|475|1028|1664|1760|1040|1586|1520|4607|1904|403|448|1973|5669|1331|2099|1670|5840|1574|1733|1370|1250|346|301|394|1994|1688|2009|1568|1313|1514","6.7E-15","","GO:0016740","1.148017200622428","0"
"55","15","GO Biological Process","","Arachidonic acid metabolic process","4.61E-12","ALOX12|ALOX15|CYP2A6|CYP2S1|CYP4A11|CYP2B6|CYP2A13|CYP1A2|CYP2C8|CYP4A22|ALOX5|AKR1C3|CYP1A1|CYP2E1|CYP1B1","128","2291|2300|1346|1283|1694|1295|1337|331|1724|1652|358|286|337|1178|1100","1.42E-14","","GO:0019369","1.1336299074610352","0"
"2609","83","GO Biological Process","","Cellular response to chemical stimulus","4.61E-12","SIRT4|GSTA3|PIK3R2|CYP3A5|GSTM2|AHR|PTGER2|SLC6A4|PIK3R3|DCPS|THRA|HPX|SRD5A1|SIGMAR1|PDE3B|PLA2R1|AKR1B1|CYP11B1|LTC4S|ALOX15|TLR3|SPIDR|DEFA4|MELK|CYP2A6|CGB5|CYP7A1|UGT1A6|UGT1A1|CYP2S1|EZH2|AHRR|CYP2B6|PGR|CYP11B2|TPH2|CYP2A13|UGT2B28|GSTA1|CYP3A7|UGT2B15|CYP1A2|PTGES|UGT1A10|UGT1A9|RXRG|NTRK3|GSTM3|SFR1|GSTM4|IRAK1|GSTA4|GSTA5|CYP2C8|UGT1A7|UGT1A8|ALOX5|PIK3CD|AKR1C4|AKR1C3|AKR1C1|TIRAP|PDE8A|CYP1A1|MGST1|THRB|CASTOR1|NCOA1|UGT2B11|CHRM2|NCOA2|UGT1A3|GSTA2|AHRR-2|SH2B2|CYP2E1|SNW1|AKT1|CYP1B1|MGST2|RAD51|ENPP1|CYP3A4","128","1232|1265|1478|1088|1301|2096|469|445|1508|487|274|463|1154|493|2237|3053|283|1094|3128|2300|292|3239|2030|1871|1346|3413|1226|1022|1016|1283|220|3986|1295|307|1070|2603|1337|1706|1364|1205|1052|331|2228|1058|1742|2852|496|1289|3905|1277|295|1307|1271|1724|1760|1040|358|1520|1463|286|1472|3233|2738|337|1331|277|5597|2099|1670|421|2105|1733|1370|5675|4880|1178|439|301|1100|1313|379|1241|1082","1.41E-14","","GO:0070887","1.1336299074610352","0"
"914","46","GO Biological Process","","Organophosphate metabolic process","5.13E-12","SULT2B1|PIK3R2|NAMPT|SULT1E1|NT5C1A|PLA2G12A|NT5C|PIK3R3|SRD5A3|CAD|PI4K2B|PDE8B|ALOX15|ENTPD3|KARS1|UPP1|NT5C2|NT5C1B|PNP|PI4KB|ENTPD8|UCK1|PLA2G2D|NMRK1|PIK3CD|IDI1|NT5M|ASPDH|GARS1|PDE8A|TYMP|NT5C3B|NAPRT|ENPP3|NT5C1B-RDH14|NNMT|ADK|ACLY|UPP2|NT5C3A|NMRK2|PDE8B-2|INPP5F|ENPP1|NR1H2|PIK3CB","128","1163|1478|247|1118|1547|2216|1535|1508|1106|499|1496|2723|2300|3008|316|1982|1559|1529|250|418|1952|475|361|1586|1520|466|1553|2639|1904|2738|1973|2003|1574|1235|1541|1250|346|394|1994|2009|1568|5654|1481|1241|412|1514","1.64E-14","","GO:0019637","1.1289882634888184","0"
"170","21","UniProt Keywords","","NADP","5.78E-12","DHDH|AKR1D1|HSD17B7|SRD5A3|BST1|SRD5A1|AKR1B1|CYP2A6|DCXR|CYP4A11|CYP2B6|DHCR7|HSD11B1|HSD3B1|CYP4A22|AKR1C4|AKR1C3|AKR1C1|ASPDH|CYP2E1|SRD5A2","128","1457|1076|1124|1106|1256|1154|283|1346|3062|1694|1295|1169|352|1133|1652|1463|286|1472|2639|1178|1112","8.6E-14","","KW-0521","1.123807216157947","0"
"17","11","STRING Clusters","","Glutathione S-transferase, N-terminal domain, and Benzo(a)pyrene metabolism","6.25E-12","GSTA3|GSTM2|GSTM5|GSTA1|GSTM3|GSTM4|GSTA4|GSTA5|CYP1A1|GSTA2|CYP1B1","128","1265|1301|1325|1364|1289|1277|1307|1271|337|1370|1100","2.73E-14","","CL:9741","1.1204119982655925","0"
"87","17","GO Biological Process","","Nucleoside phosphate catabolic process","8.68E-12","NT5C1A|NT5C|PDE8B|ENTPD3|UPP1|NT5C2|NT5C1B|PNP|ENTPD8|NT5M|PDE8A|TYMP|ENPP3|UPP2|NT5C3A|PDE8B-2|ENPP1","128","1547|1535|2723|3008|1982|1559|1529|250|1952|1553|2738|1973|1235|1994|2009|5654|1241","2.82E-14","","GO:1901292","1.1061480274823507","0"
"27","12","STRING Clusters","","Pyrimidine nucleoside monophosphate metabolic process, and XMP 5-nucleosidase activity","1.15E-11","NT5C1A|NT5C|UPP1|NT5C2|NT5C1B|UCK1|NT5M|TYMP|NT5C3B|NT5C1B-RDH14|UPP2|NT5C3A","128","1547|1535|1982|1559|1529|475|1553|1973|2003|1541|1994|2009","5.55E-14","","CL:10627","1.093930215964639","0"
"140","20","GO Molecular Function","","Heme binding","1.3E-11","CYP3A5|CYP11B1|CYP2A6|CYP7A1|CYP2S1|CYP4A11|CYP2B6|CYP11B2|CYP2A13|CYP3A7|CYP1A2|CYP17A1|CYP2C8|CYP4A22|CYP1A1|CYP19A1|CYP2E1|CYP1B1|CYP26C1|CYP3A4","128","1088|1094|1346|1226|1283|1694|1295|1070|1337|1205|331|1148|1724|1652|337|310|1178|1100|1631|1082","2.9E-14","","GO:0020037","1.0886056647693163","0"
"60","14","KEGG Pathways","","Arachidonic acid metabolism","1.44E-11","PLA2G12A|ALOX12|LTC4S|ALOX15|HPGDS|CYP4A11|CYP2B6|PTGES|CYP2C8|CYP4A22|ALOX5|PLA2G2D|AKR1C3|CYP2E1","128","2216|2291|3128|2300|1319|1694|1295|2228|1724|1652|358|361|286|1178","6.83E-13","","hsa00590","1.084163750790475","0"
"31","12","WikiPathways","","Constitutive androstane receptor pathway","1.6E-11","CYP3A5|CYP2A6|UGT1A6|UGT1A1|CYP4A11|CYP2B6|UGT1A9|UGT1A4|NCOA1|NCOA2|GSTA2|CYP3A4","128","1088|1346|1022|1016|1694|1295|1742|1028|2099|2105|1370|1082","2.08E-13","","WP2875","1.0795880017344075","0"
"14","10","WikiPathways","","Glucocorticoid biosynthesis","1.6E-11","AKR1D1|SRD5A1|CYP11B1|CYP11B2|HSD11B1|AKR1C4|AKR1C3|AKR1C1|SRD5A2|CYP3A4","128","1076|1154|1094|1070|352|1463|286|1472|1112|1082","2.05E-13","","WP5280","1.0795880017344075","0"
"6033","139","GO Molecular Function","","Ion binding","1.66E-11","HDAC7|SIRT4|NID2|CDK5RAP1|STS|CYP3A5|WARS2|NT5C1A|MMP8|GSTM2|PLA2G12A|NT5C|CDADC1|ALOX12|ABCB7|TRIM45|NARS1|PHC2|MMP20|KIF11|MSMO1|SLC6A4|ASPA|THRA|CAD|PI4K2B|PDE8B|HPX|SRD5A1|NARS2|PDE3B|MARS2|PDE11A|FRRS1|TIMP4|CYP11B1|ALOX15|HPGDS|MELK|GNPTAB|CYP2A6|CYP7A1|ENTPD3|UGT1A1|ANKK1|CYP2S1|ADAT1|CYP4A11|CYP2B6|PGR|METAP2|KARS1|CYP11B2|TPH2|CYP2A13|TMLHE|GSTA1|CYP3A7|TARS3|NT5C2|CYP1A2|PTGES|CPSF4L|UGT1A9|WARS1|MMP23B|RXRG|NT5C1B|NTRK3|GSTM3|PNP|MMP21|PI4KB|GSTM4|PCGF6|CYP17A1|SARS1|IRAK1|CYP2C8|PARS2|ENTPD8|CYP4A22|UCK1|UGT1A7|UGT1A8|ALOX5|EIF2S2|PLA2G2D|NMRK1|PIK3CD|KIN|MMP26|AKR1C4|AKR1C3|AKR1C1|PITRM1|IDI1|NT5M|GARS1|RFC4|TIRAP|PRKAR1A|PDE8A|CDKL4|CYP1A1|CDKL1|CYP19A1|THRB|ADA2|CASTOR1|RNF212|NT5C3B|KDM4E|NAPRT|ENPP3|LPAR4|TOP2A|UGT1A3|NT5C1B-RDH14|PHC1|CYP2E1|ADK|AKT1|ACLY|SARS2-2|SARS2|MMP28|NT5C3A|CYP1B1|NMRK2|MGST2|RAD51|PDE8B-2|HARS2|ENPP1|CYP26C1|CYP3A4|NR1H2|PIK3CB","128","217|1232|409|400|1214|1088|1886|1547|454|1301|2216|1535|457|2291|478|2471|1898|1397|2549|265|2414|445|2636|274|499|1496|2723|463|1154|1913|2237|1943|3068|2816|2024|1094|2300|1319|1871|3266|1346|1226|3008|1016|2597|1283|3824|1694|1295|307|484|316|1070|2603|1337|490|1364|1205|1889|1559|331|2228|4706|1742|325|2822|2852|1529|496|1289|250|2810|418|1277|1382|1148|1925|295|1724|1937|1952|1652|475|1760|1040|358|481|361|1586|1520|5480|2831|1463|286|1472|442|466|1553|1904|373|3233|403|2738|448|337|5669|310|277|1958|5597|5840|2003|430|1574|1235|5867|268|1733|1541|1388|1178|346|301|394|1919|1931|2837|2009|1100|1568|1313|379|5654|319|1241|1631|1082|412|1514","4.03E-14","","GO:0043167","1.0779891911959945","0"
"228","23","UniProt Keywords","","Glycosyltransferase","1.67E-11","NAMPT|UGT2A3|UGT2B10|UGT1A6|UGT2B7|UGT1A1|UGT2B4|UGT2B17|UPP1|UGT2B28|UGT2B15|UGT1A10|UGT1A9|PNP|UGT1A4|UGT1A5|UGT1A7|UGT1A8|TYMP|UGT2B11|UGT1A3|UPP2|UGT2A2","128","247|1679|1700|1022|1034|1016|1718|1046|1982|1706|1052|1058|1742|250|1028|1664|1760|1040|1973|1670|1733|1994|1688","2.73E-13","","KW-0328","1.0777283528852417","0"
"32","12","WikiPathways","","Pregnane X receptor pathway","1.84E-11","CYP3A5|CYP2A6|UGT1A6|UGT1A1|CYP2B6|CYP3A7|UGT1A9|UGT1A4|NCOA1|NCOA2|GSTA2|CYP3A4","128","1088|1346|1022|1016|1295|1205|1742|1028|2099|2105|1370|1082","2.82E-13","","WP2876","1.0735182176990463","0"
"140","19","WikiPathways","","NRF2 pathway","1.84E-11","GSTA3|GSTM2|GSTM5|SLC6A4|CYP2A6|UGT1A6|UGT2B7|UGT1A1|CYP4A11|GSTA1|UGT1A9|GSTM3|GSTM4|GSTA4|GSTA5|UGT1A4|UGT1A7|GSTA2|MGST2","128","1265|1301|1325|445|1346|1022|1034|1016|1694|1364|1742|1289|1277|1307|1271|1028|1760|1370|1313","2.98E-13","","WP2884","1.0735182176990463","0"
"13","10","STRING Clusters","","Gilbert syndrome, and Caffeine metabolism","2.41E-11","UGT1A6|UGT1A1|CYP1A2|UGT1A10|UGT1A9|UGT1A4|UGT1A7|UGT1A8|UGT1A3|CYP2E1","128","1022|1016|331|1058|1742|1028|1760|1040|1733|1178","1.21E-13","","CL:9431","1.0617982957425132","0"
"45","13","WikiPathways","","Aryl hydrocarbon receptor pathway","2.53E-11","AHR|UGT1A6|UGT1A1|CYP1A2|UGT1A9|UGT1A4|UGT1A7|CYP1A1|MGST1|NCOA1|GSTA2|AHRR-2|CYP1B1","128","2096|1022|1016|331|1742|1028|1760|337|1331|2099|1370|5675|1100","4.53E-13","","WP2873","1.0596879478824182","0"
"38","13","GO Molecular Function","","Steroid dehydrogenase activity","2.81E-11","HSD17B2|AKR1D1|HSD17B7|SRD5A3|SRD5A1|HSD11B1|HSD3B1|AKR1C4|AKR1C3|AKR1C1|HSD3B2|HSD17B6|SRD5A2","128","1013|1076|1124|1106|1154|352|1133|1463|286|1472|1142|1064|1112","7.42E-14","","GO:0016229","1.055129368009492","0"
"6643","147","GO Biological Process","","Nitrogen compound metabolic process","2.9E-11","HDAC7|SULT2B1|SIRT4|GSTA3|CDK5RAP1|USB1|NAMPT|CYP3A5|SULT1E1|RAD51AP1|PRSS16|WARS2|NT5C1A|MMP8|GSTM2|NT5C|CDADC1|GSTM5|TRIM45|NARS1|PSMB7|MMP20|ASPA|DESI1|DCPS|SRD5A3|THRA|CAD|PDE8B|HPX|PELI2|SRD5A1|NARS2|MARS2|AKR1B1|PSMB4|HPGDS|TLR3|SPIDR|MELK|GNPTAB|PCLAF|ENTPD3|UGT1A1|ANKK1|ADAT1|SWI5|EZH2|PELI3|METAP2|KARS1|TPH2|UPP1|TMLHE|GSTA1|PSMF1|TARS3|NT5C2|CIR1|CYP1A2|CPSF4L|WARS1|MMP23B|NT5C1B|NTRK3|GSTM3|PNP|DTL|MMP21|SFR1|GSTM4|PCGF6|SARS1|IRAK1|GSTA4|GSTA5|PARS2|ENTPD8|UCK1|UGT1A4|EIF2S2|PLA2G2D|NMRK1|PIK3CD|KIN|MMP26|AKR1C4|AKR1C3|AKR1C1|PITRM1|ASMT|RAD1|NT5M|ASPDH|GARS1|RFC4|RAD9B|PDE8A|CDKL4|CYP1A1|TYMP|CDKL1|THRB|ADA2|NCOA1|PSMB11|RNF212|NT5C3B|KDM4E|NCOA2|NAPRT|ENPP3|EBNA1BP2|CHTF8|TOP2A|GSTA2|NT5C1B-RDH14|PHC1|CYP2E1|NNMT|ADK|SNW1|AKT1|ACLY|SARS2-2|SARS2|MMP28|UPP2|NT5C3A|CYP1B1|NMRK2|MGST2|CPSF1|EPOP|SSU72P4|SSU72P2|SSU72P3|SSU72P7|SSU72P5|SSU72P8|RAD51|PDE8B-2|HARS2|ENPP1|MED19|CYP3A4|NR1H2","128","217|1163|1232|1265|400|1451|247|1088|1118|1853|436|1886|1547|454|1301|1535|457|1325|2471|1898|256|2549|2636|2537|487|1106|274|499|2723|463|2843|1154|1913|1943|283|259|1319|292|3239|1871|3266|2567|3008|1016|2597|3824|3899|220|3980|484|316|2603|1982|490|1364|2531|1889|1559|4499|331|4706|325|2822|1529|496|1289|250|2561|2810|3905|1277|1382|1925|295|1307|1271|1937|1952|475|1028|481|361|1586|1520|5480|2831|1463|286|1472|442|4607|5570|1553|2639|1904|373|5579|2738|448|337|1973|5669|277|1958|2099|1880|5840|2003|430|2105|1574|1235|460|5645|268|1370|1541|1388|1178|1250|346|439|301|394|1919|1931|2837|1994|2009|1100|1568|1313|433|3914|4715|4739|4727|4733|4709|4721|379|5654|319|1241|415|1082|412","9.62E-14","","GO:0006807","1.0537602002101045","0"
"500","33","GO Biological Process","","Nucleoside phosphate metabolic process","3.67E-11","SULT2B1|NAMPT|SULT1E1|NT5C1A|NT5C|CAD|PDE8B|ENTPD3|KARS1|UPP1|NT5C2|NT5C1B|PNP|ENTPD8|UCK1|NMRK1|NT5M|ASPDH|GARS1|PDE8A|TYMP|NT5C3B|NAPRT|ENPP3|NT5C1B-RDH14|NNMT|ADK|ACLY|UPP2|NT5C3A|NMRK2|PDE8B-2|ENPP1","128","1163|247|1118|1547|1535|499|2723|3008|316|1982|1559|1529|250|1952|475|1586|1553|2639|1904|2738|1973|2003|1574|1235|1541|1250|346|394|1994|2009|1568|5654|1241","1.24E-13","","GO:0006753","1.043533393574791","0"
"567","35","GO Biological Process","","Nucleobase-containing small molecule metabolic process","3.88E-11","SULT2B1|NAMPT|SULT1E1|NT5C1A|NT5C|CDADC1|CAD|PDE8B|ENTPD3|KARS1|UPP1|NT5C2|NT5C1B|PNP|ENTPD8|UCK1|NMRK1|NT5M|ASPDH|GARS1|PDE8A|TYMP|ADA2|NT5C3B|NAPRT|ENPP3|NT5C1B-RDH14|NNMT|ADK|ACLY|UPP2|NT5C3A|NMRK2|PDE8B-2|ENPP1","128","1163|247|1118|1547|1535|457|499|2723|3008|316|1982|1559|1529|250|1952|475|1586|1553|2639|1904|2738|1973|1958|2003|1574|1235|1541|1250|346|394|1994|2009|1568|5654|1241","1.34E-13","","GO:0055086","1.0411168274405793","0"
"268","25","GO Molecular Function","","Glycosyltransferase activity","4.03E-11","SIRT4|NAMPT|UGT2A3|UGT2B10|UGT1A6|UGT2B7|UGT1A1|UGT2B4|UGT2B17|UPP1|UGT2B28|UGT2B15|UGT1A10|UGT1A9|PNP|UGT1A4|UGT1A5|UGT1A7|UGT1A8|TYMP|UGT2B11|NAPRT|UGT1A3|UPP2|UGT2A2","128","1232|247|1679|1700|1022|1034|1016|1718|1046|1982|1706|1052|1058|1742|250|1028|1664|1760|1040|1973|1670|1574|1733|1994|1688","1.23E-13","","GO:0016757","1.039469495385889","0"
"2722","83","GO Biological Process","","Nucleobase-containing compound metabolic process","4.05E-11","SULT2B1|CDK5RAP1|USB1|NAMPT|SULT1E1|RAD51AP1|WARS2|NT5C1A|NT5C|CDADC1|NARS1|DCPS|THRA|CAD|PDE8B|NARS2|MARS2|SPIDR|PCLAF|ENTPD3|ADAT1|SWI5|EZH2|KARS1|UPP1|TARS3|NT5C2|CIR1|CPSF4L|WARS1|NT5C1B|PNP|DTL|SFR1|SARS1|PARS2|ENTPD8|UCK1|NMRK1|KIN|RAD1|NT5M|ASPDH|GARS1|RFC4|RAD9B|PDE8A|CYP1A1|TYMP|THRB|ADA2|NCOA1|RNF212|NT5C3B|NCOA2|NAPRT|ENPP3|EBNA1BP2|CHTF8|TOP2A|NT5C1B-RDH14|NNMT|ADK|SNW1|ACLY|SARS2-2|SARS2|UPP2|NT5C3A|CYP1B1|NMRK2|CPSF1|SSU72P4|SSU72P2|SSU72P3|SSU72P7|SSU72P5|SSU72P8|RAD51|PDE8B-2|HARS2|ENPP1|MED19","128","1163|400|1451|247|1118|1853|1886|1547|1535|457|1898|487|274|499|2723|1913|1943|3239|2567|3008|3824|3899|220|316|1982|1889|1559|4499|4706|325|1529|250|2561|3905|1925|1937|1952|475|1586|5480|5570|1553|2639|1904|373|5579|2738|337|1973|277|1958|2099|5840|2003|2105|1574|1235|460|5645|268|1541|1250|346|439|394|1919|1931|1994|2009|1100|1568|433|4715|4739|4727|4733|4709|4721|379|5654|319|1241|415","1.43E-13","","GO:0006139","1.0392544976785332","0"
"81","16","GO Biological Process","","Glycosyl compound metabolic process","4.05E-11","NT5C1A|CDADC1|AKR1B1|UPP1|NT5C2|NT5C1B|PNP|AKR1C4|AKR1C3|AKR1C1|TYMP|ADA2|NT5C1B-RDH14|ADK|UPP2|NT5C3A","128","1547|457|283|1982|1559|1529|250|1463|286|1472|1973|1958|1541|346|1994|2009","1.42E-13","","GO:1901657","1.0392544976785332","0"
"324","27","GO Biological Process","","Alcohol metabolic process","4.14E-11","SULT2B1|CYP3A5|SULT1E1|AKR1D1|HSD17B7|MSMO1|SRD5A3|AKR1B1|CYP11B1|CYP7A1|CYP11B2|CYP3A7|CYP1A2|DHCR7|SOAT1|CYP2C8|UGT1A4|AKR1C4|AKR1C3|AKR1C1|IDI1|CYP1A1|UGT1A3|HSD17B6|ACLY|CYP1B1|CYP3A4","128","1163|1088|1118|1076|1124|2414|1106|283|1094|1226|1070|1205|331|1169|472|1724|1028|1463|286|1472|466|337|1733|1064|394|1100|1082","1.51E-13","","GO:0006066","1.03829996588791","0"
"43","13","GO Biological Process","","tRNA aminoacylation for protein translation","7.51E-11","WARS2|NARS1|NARS2|MARS2|KARS1|TARS3|WARS1|SARS1|PARS2|GARS1|SARS2-2|SARS2|HARS2","128","1886|1898|1913|1943|316|1889|325|1925|1937|1904|1919|1931|319","2.78E-13","","GO:0006418","1.0124360062995832","0"
"32","12","GO Biological Process","","Retinoic acid metabolic process","7.51E-11","CYP3A5|UGT1A1|CYP2S1|CYP3A7|UGT1A9|CYP2C8|UGT1A7|UGT1A8|CYP1A1|UGT1A3|CYP26C1|CYP3A4","128","1088|1016|1283|1205|1742|1724|1760|1040|337|1733|1631|1082","2.82E-13","","GO:0042573","1.0124360062995832","0"
"38","12","UniProt Keywords","","Aminoacyl-tRNA synthetase","8.49E-11","WARS2|NARS1|NARS2|MARS2|KARS1|TARS3|WARS1|SARS1|PARS2|GARS1|SARS2|HARS2","128","1886|1898|1913|1943|316|1889|325|1925|1937|1904|1931|319","1.52E-12","","KW-0030","1.0071092309756047","0"
"43","13","GO Molecular Function","","aminoacyl-tRNA ligase activity","8.56E-11","WARS2|NARS1|NARS2|MARS2|KARS1|TARS3|WARS1|SARS1|PARS2|GARS1|SARS2-2|SARS2|HARS2","128","1886|1898|1913|1943|316|1889|325|1925|1937|1904|1919|1931|319","2.78E-13","","GO:0004812","1.0067526235322846","0"
"34","12","Reactome Pathways","","Glutathione conjugation","9.68E-11","GSTA3|GSTM2|GSTM5|HPGDS|GSTA1|GSTM3|GSTM4|GSTA4|GSTA5|MGST1|GSTA2|MGST2","128","1265|1301|1325|1319|1364|1289|1277|1307|1271|1331|1370|1313","5.09E-13","","HSA-156590","1.0014124642691606","0"
"35","12","Reactome Pathways","","Metabolism of steroid hormones","1.19E-10","HSD17B2|SRD5A3|SRD5A1|AKR1B1|CYP11B1|CYP11B2|HSD11B1|HSD3B1|CYP17A1|CYP19A1|HSD3B2|SRD5A2","128","1013|1106|1154|283|1094|1070|352|1133|1148|310|1142|1112","6.76E-13","","HSA-196071","0.9924453038607469","0"
"35","12","Reactome Pathways","","Nucleotide catabolism","1.19E-10","NT5C1A|NT5C|ENTPD3|UPP1|NT5C2|NT5C1B|PNP|ENTPD8|NT5M|TYMP|UPP2|NT5C3A","128","1547|1535|3008|1982|1559|1529|250|1952|1553|1973|1994|2009","6.76E-13","","HSA-8956319","0.9924453038607469","0"
"44","12","KEGG Pathways","","Aminoacyl-tRNA biosynthesis","1.29E-10","WARS2|NARS1|NARS2|MARS2|KARS1|TARS3|WARS1|SARS1|PARS2|GARS1|SARS2-2|HARS2","128","1886|1898|1913|1943|316|1889|325|1925|1937|1904|1919|319","6.51E-12","","hsa00970","0.9889410289700751","0"
"17","10","Reactome Pathways","","Biosynthesis of DHA-derived SPMs","1.3E-10","ALOX12|LTC4S|ALOX15|CYP1A2|GSTM4|CYP2C8|ALOX5|CYP1A1|CYP2E1|CYP3A4","128","2291|3128|2300|331|1277|1724|358|337|1178|1082","8.54E-13","","HSA-9018677","0.9886056647693163","0"
"24","11","GO Molecular Function","","Aromatase activity","1.34E-10","CYP3A5|CYP4A11|CYP2A13|CYP3A7|CYP1A2|CYP2C8|CYP1A1|CYP19A1|CYP2E1|CYP1B1|CYP3A4","128","1088|1694|1337|1205|331|1724|337|310|1178|1100|1082","4.89E-13","","GO:0070330","0.9872895201635192","0"
"1104","48","GO Molecular Function","","Transition metal ion binding","1.79E-10","SIRT4|CYP3A5|MMP8|CDADC1|ALOX12|TRIM45|PHC2|MMP20|MSMO1|THRA|CAD|CYP11B1|ALOX15|CYP2A6|CYP7A1|CYP2S1|CYP4A11|CYP2B6|PGR|CYP11B2|TPH2|CYP2A13|TMLHE|CYP3A7|CYP1A2|MMP23B|RXRG|MMP21|CYP17A1|CYP2C8|CYP4A22|ALOX5|MMP26|PITRM1|IDI1|CYP1A1|CYP19A1|THRB|ADA2|ENPP3|PHC1|CYP2E1|MMP28|CYP1B1|ENPP1|CYP26C1|CYP3A4|NR1H2","128","1232|1088|454|457|2291|2471|1397|2549|2414|274|499|1094|2300|1346|1226|1283|1694|1295|307|1070|2603|1337|490|1205|331|2822|2852|2810|1148|1724|1652|358|2831|442|466|337|310|277|1958|1235|1388|1178|2837|1100|1241|1631|1082|412","7.25E-13","","GO:0046914","0.9747146969020107","0"
"25","11","GO Biological Process","","Xenobiotic catabolic process","1.82E-10","CYP3A5|GSTM2|CYP2A6|UGT1A1|CYP2B6|CYP1A2|GSTM3|GSTM4|CYP2C8|CYP1A1|CYP3A4","128","1088|1301|1346|1016|1295|331|1289|1277|1724|337|1082","6.97E-13","","GO:0042178","0.9739928612014925","0"
"1976","67","GO Biological Process","","Catabolic process","1.87E-10","STS|DHDH|CYP3A5|SULT1E1|PRSS16|NT5C1A|MMP8|GSTM2|AKR1D1|PLA2G12A|NT5C|CDADC1|PSMB7|MMP20|ASPA|DCPS|SRD5A3|PDE8B|SRD5A1|PSMB4|CYP2A6|CYP7A1|ENTPD3|UGT1A1|CYP4A11|CYP2B6|UPP1|PSMF1|NT5C2|CYP1A2|MMP23B|NT5C1B|GSTM3|PNP|DTL|HSD11B1|MMP21|GSTM4|CYP2C8|ENTPD8|UGT1A4|PLA2G2D|MMP26|AKR1C3|NT5M|PDE8A|CYP1A1|TYMP|CYP19A1|ADA2|PSMB11|NT5C3B|ENPP3|HSD17B6|AKT1|MMP28|UPP2|NT5C3A|SRD5A2|CYP1B1|MGST2|PDE8B-2|INPP5F|ENPP1|CYP26C1|CYP3A4|PIK3CB","128","1214|1457|1088|1118|436|1547|454|1301|1076|2216|1535|457|256|2549|2636|487|1106|2723|1154|259|1346|1226|3008|1016|1694|1295|1982|2531|1559|331|2822|1529|1289|250|2561|352|2810|1277|1724|1952|1028|361|2831|286|1553|2738|337|1973|310|1958|1880|2003|1235|1064|301|2837|1994|2009|1112|1100|1313|5654|1481|1241|1631|1082|1514","7.4E-13","","GO:0009056","0.9728158393463501","0"
"26","11","GO Biological Process","","Steroid catabolic process","2.4E-10","STS|SULT1E1|AKR1D1|SRD5A1|CYP7A1|CYP1A2|HSD11B1|CYP19A1|HSD17B6|SRD5A2|CYP3A4","128","1214|1118|1076|1154|1226|331|352|310|1064|1112|1082","9.8E-13","","GO:0006706","0.9619788758288393","0"
"42","13","InterPro Domains","","Cytochrome P450, E-class, group I","2.58E-10","CYP2A6|CYP2S1|CYP4A11|CYP2B6|CYP2A13|CYP1A2|CYP17A1|CYP2C8|CYP4A22|CYP1A1|CYP19A1|CYP2E1|CYP1B1","128","1346|1283|1694|1295|1337|331|1148|1724|1652|337|310|1178|1100","2.16E-13","","IPR002401","0.9588380294036769","0"
"15","10","Pfam","","Glutathione S-transferase, C-terminal domain","2.61E-10","GSTA3|GSTM2|GSTM5|HPGDS|GSTA1|GSTM3|GSTM4|GSTA4|GSTA5|GSTA2","128","1265|1301|1325|1319|1364|1289|1277|1307|1271|1370","3.38E-13","","PF14497","0.9583359492661719","0"
"18","10","GO Biological Process","","Epoxygenase P450 pathway","3.17E-10","CYP2A6|CYP2S1|CYP4A11|CYP2B6|CYP2A13|CYP1A2|CYP2C8|CYP1A1|CYP2E1|CYP1B1","128","1346|1283|1694|1295|1337|331|1724|337|1178|1100","1.31E-12","","GO:0019373","0.9498940737782249","0"
"27","11","GO Biological Process","","C21-steroid hormone metabolic process","3.24E-10","AKR1D1|SRD5A1|AKR1B1|CYP11B1|CYP11B2|HSD3B1|CYP17A1|AKR1C4|AKR1C3|AKR1C1|HSD3B2","128","1076|1154|283|1094|1070|1133|1148|1463|286|1472|1142","1.36E-12","","GO:0008207","0.9489454989793387","0"
"14","9","WikiPathways","","Codeine and morphine metabolism","3.53E-10","UGT1A6|UGT2B7|UGT1A1|UGT2B4|UGT1A10|UGT1A9|CYP2C8|UGT1A8|CYP3A4","128","1022|1034|1016|1718|1058|1742|1724|1040|1082","6.78E-12","","WP1604","0.9452225294612177","0"
"51","13","GO Biological Process","","Secondary metabolic process","4.12E-10","CYP3A5|AKR1B1|CYP2A6|CYP2A13|CYP1A2|UGT1A7|UGT1A8|AKR1C4|AKR1C3|AKR1C1|CYP1A1|CYP1B1|CYP3A4","128","1088|283|1346|1337|331|1760|1040|1463|286|1472|337|1100|1082","1.76E-12","","GO:0019748","0.9385102783966864","0"
"28","11","GO Biological Process","","Long-chain fatty acid biosynthetic process","4.33E-10","GSTM2|ALOX12|LTC4S|ALOX15|CYP1A2|GSTM4|CYP2C8|ALOX5|CYP1A1|CYP2E1|CYP3A4","128","1301|2291|3128|2300|331|1277|1724|358|337|1178|1082","1.88E-12","","GO:0042759","0.9363512103646634","0"
"39","12","GO Biological Process","","Negative regulation of fatty acid metabolic process","4.45E-10","SIRT4|NCOR1|CYP7A1|UGT1A6|UGT1A1|UGT1A10|UGT1A9|UGT1A4|UGT1A7|UGT1A8|UGT1A3|AKT1","128","1232|1007|1226|1022|1016|1058|1742|1028|1760|1040|1733|301","1.96E-12","","GO:0045922","0.9351639989019068","0"
"493","31","GO Biological Process","","Nucleotide metabolic process","5.34E-10","SULT2B1|NAMPT|SULT1E1|NT5C1A|NT5C|CAD|PDE8B|KARS1|UPP1|NT5C2|NT5C1B|PNP|UCK1|NMRK1|NT5M|ASPDH|GARS1|PDE8A|TYMP|NT5C3B|NAPRT|ENPP3|NT5C1B-RDH14|NNMT|ADK|ACLY|UPP2|NT5C3A|NMRK2|PDE8B-2|ENPP1","128","1163|247|1118|1547|1535|499|2723|316|1982|1559|1529|250|475|1586|1553|2639|1904|2738|1973|2003|1574|1235|1541|1250|346|394|1994|2009|1568|5654|1241","2.38E-12","","GO:0009117","0.9272458742971443","0"
"52","12","KEGG Pathways","","Glutathione metabolism","6.51E-10","GSTA3|GSTM2|GSTM5|HPGDS|GSTA1|GSTM3|GSTM4|GSTA4|GSTA5|MGST1|GSTA2|MGST2","128","1265|1301|1325|1319|1364|1289|1277|1307|1271|1331|1370|1313","3.49E-11","","hsa00480","0.9186419011431808","0"
"143","18","GO Molecular Function","","UDP-glycosyltransferase activity","9.47E-10","UGT2A3|UGT2B10|UGT1A6|UGT2B7|UGT1A1|UGT2B4|UGT2B17|UGT2B28|UGT2B15|UGT1A10|UGT1A9|UGT1A4|UGT1A5|UGT1A7|UGT1A8|UGT2B11|UGT1A3|UGT2A2","128","1679|1700|1022|1034|1016|1718|1046|1706|1052|1058|1742|1028|1664|1760|1040|1670|1733|1688","4.03E-12","","GO:0008194","0.9023650020996726","0"
"58","13","Reactome Pathways","","Arachidonic acid metabolism","9.64E-10","ALOX12|LTC4S|ALOX15|HPGDS|CYP4A11|CYP1A2|PTGES|CYP2C8|CYP4A22|ALOX5|AKR1C3|CYP1A1|CYP1B1","128","2291|3128|2300|1319|1694|331|2228|1724|1652|358|286|337|1100","7.18E-12","","HSA-2142753","0.901592296609717","0"
"129","16","KEGG Pathways","","Fluid shear stress and atherosclerosis","1.4E-9","GSTA3|PIK3R2|GSTM2|GSTM5|PIK3R3|GSTA1|GSTM3|GSTM4|GSTA4|GSTA5|PIK3CD|MGST1|GSTA2|AKT1|MGST2|PIK3CB","128","1265|1478|1301|1325|1508|1364|1289|1277|1307|1271|1520|1331|1370|301|1313|1514","7.93E-11","","hsa05418","0.8853871964321762","0"
"1877","63","GO Biological Process","","Phosphate-containing compound metabolic process","1.5E-9","SULT2B1|PIK3R2|NAMPT|SULT1E1|NT5C1A|PLA2G12A|NT5C|PIK3R3|SRD5A3|CAD|PI4K2B|PDE8B|HPX|ALOX15|TLR3|MELK|GNPTAB|ENTPD3|ANKK1|KARS1|UPP1|NT5C2|NT5C1B|NTRK3|PNP|PI4KB|IRAK1|ENTPD8|UCK1|PLA2G2D|NMRK1|PIK3CD|IDI1|NT5M|ASPDH|GARS1|PRKAR1A|PDE8A|CDKL4|TYMP|CDKL1|NT5C3B|NAPRT|ENPP3|NT5C1B-RDH14|NNMT|ADK|AKT1|ACLY|UPP2|NT5C3A|NMRK2|SSU72P4|SSU72P2|SSU72P3|SSU72P7|SSU72P5|SSU72P8|PDE8B-2|INPP5F|ENPP1|NR1H2|PIK3CB","128","1163|1478|247|1118|1547|2216|1535|1508|1106|499|1496|2723|463|2300|292|1871|3266|3008|2597|316|1982|1559|1529|496|250|418|295|1952|475|361|1586|1520|466|1553|2639|1904|403|2738|448|1973|5669|2003|1574|1235|1541|1250|346|301|394|1994|2009|1568|4715|4739|4727|4733|4709|4721|5654|1481|1241|412|1514","6.79E-12","","GO:0006796","0.8823908740944318","0"
"327","25","GO Biological Process","","Heterocycle catabolic process","1.59E-9","NT5C1A|NT5C|CDADC1|DCPS|PDE8B|CYP2A6|ENTPD3|UGT1A1|UPP1|NT5C2|NT5C1B|PNP|ENTPD8|UGT1A4|NT5M|PDE8A|CYP1A1|TYMP|ADA2|NT5C3B|ENPP3|UPP2|NT5C3A|PDE8B-2|ENPP1","128","1547|1535|457|487|2723|1346|3008|1016|1982|1559|1529|250|1952|1028|1553|2738|337|1973|1958|2003|1235|1994|2009|5654|1241","7.3E-12","","GO:0046700","0.8798602875679549","0"
"8","8","STRING Clusters","","Lipid hydroxylation, and Oxylipin metabolic process","1.72E-9","CYP3A5|UGT2B7|CYP4A11|CYP2B6|CYP3A7|CYP2C8|CYP4A22|CYP3A4","128","1088|1034|1694|1295|1205|1724|1652|1082","9.03E-12","","CL:9399","0.876447155309245","0"
"8","8","GO Biological Process","","Negative regulation of glucuronosyltransferase activity","1.94E-9","UGT1A6|UGT1A1|UGT1A10|UGT1A9|UGT1A4|UGT1A7|UGT1A8|UGT1A3","128","1022|1016|1058|1742|1028|1760|1040|1733","9.03E-12","","GO:1904224","0.8712198270069773","0"
"8","8","GO Biological Process","","Negative regulation of cellular glucuronidation","1.94E-9","UGT1A6|UGT1A1|UGT1A10|UGT1A9|UGT1A4|UGT1A7|UGT1A8|UGT1A3","128","1022|1016|1058|1742|1028|1760|1040|1733","9.03E-12","","GO:2001030","0.8712198270069773","0"
"19","10","InterPro Domains","","Aminoacyl-tRNA synthetase, class II","2.03E-9","NARS1|NARS2|KARS1|TARS3|SARS1|PARS2|GARS1|SARS2-2|SARS2|HARS2","128","1898|1913|316|1889|1925|1937|1904|1919|1931|319","1.98E-12","","IPR006195","0.8692503962086787","0"
"333","25","GO Biological Process","","Cellular nitrogen compound catabolic process","2.18E-9","CYP3A5|NT5C1A|NT5C|CDADC1|DCPS|PDE8B|ENTPD3|UGT1A1|UPP1|NT5C2|NT5C1B|PNP|ENTPD8|UGT1A4|NT5M|PDE8A|TYMP|ADA2|NT5C3B|ENPP3|UPP2|NT5C3A|PDE8B-2|ENPP1|CYP3A4","128","1088|1547|1535|457|487|2723|3008|1016|1982|1559|1529|250|1952|1028|1553|2738|1973|1958|2003|1235|1994|2009|5654|1241|1082","1.05E-11","","GO:0044270","0.8661543506395395","0"
"97","15","Reactome Pathways","","Metabolism of nucleotides","2.4E-9","NT5C1A|NT5C|CAD|ENTPD3|UPP1|NT5C2|NT5C1B|PNP|ENTPD8|UCK1|NT5M|TYMP|ADK|UPP2|NT5C3A","128","1547|1535|499|3008|1982|1559|1529|250|1952|475|1553|1973|346|1994|2009","1.89E-11","","HSA-15869","0.8619788758288394","0"
"2021","66","GO Cellular Component","","Endoplasmic reticulum","2.46E-9","HSD17B2|SULT2B1|STS|CYP3A5|GSTM2|HSD17B7|MSMO1|SRD5A3|PI4K2B|UGT2B10|SRD5A1|SIGMAR1|PDE3B|CYP11B1|LTC4S|TLR3|CYP2A6|CYP7A1|UGT1A6|UGT2B7|UGT1A1|UGT2B4|CYP2S1|CYP4A11|UGT2B17|CYP2B6|CYP2A13|UGT2B28|CYP3A7|PSMF1|UGT2B15|CYP1A2|PTGES|UGT1A10|SVIP|UGT1A9|DHCR7|MMP23B|HSD11B1|SOAT1|PI4KB|HSD3B1|CYP17A1|CYP2C8|CYP4A22|UGT1A4|UGT1A5|UGT1A7|UGT1A8|POMP|SEC13|CYP1A1|MGST1|CYP19A1|UGT2B11|UGT1A3|CYP2E1|HSD3B2|HSD17B6|UGT2A2|NT5C3A|SRD5A2|CYP1B1|MGST2|CYP26C1|CYP3A4","128","1013|1163|1214|1088|1301|1124|2414|1106|1496|1700|1154|493|2237|1094|3128|292|1346|1226|1022|1034|1016|1718|1283|1694|1046|1295|1337|1706|1205|2531|1052|331|2228|1058|4754|1742|1169|2822|352|472|418|1133|1148|1724|1652|1028|1664|1760|1040|2543|427|337|1331|310|1670|1733|1178|1142|1064|1688|2009|1112|1100|1313|1631|1082","6.0E-12","","GO:0005783","0.8609064892896621","0"
"156","18","GO Biological Process","","Organophosphate catabolic process","3.04E-9","NT5C1A|NT5C|PDE8B|ENTPD3|UPP1|NT5C2|NT5C1B|PNP|ENTPD8|NT5M|PDE8A|TYMP|ENPP3|UPP2|NT5C3A|PDE8B-2|INPP5F|ENPP1","128","1547|1535|2723|3008|1982|1559|1529|250|1952|1553|2738|1973|1235|1994|2009|5654|1481|1241","1.51E-11","","GO:0046434","0.8517126416391246","0"
"115","16","STRING Clusters","","Mixed, incl. Glutathione metabolism, and Detoxification of Reactive Oxygen Species","3.06E-9","GSTA3|DHDH|GSTM2|GSTM5|AKR1B1|DCXR|GSTA1|GSTM3|GSTM4|GSTA4|GSTA5|CYP1A1|MGST1|GSTA2|CYP1B1|MGST2","128","1265|1457|1301|1325|283|3062|1364|1289|1277|1307|1271|337|1331|1370|1100|1313","1.67E-11","","CL:9654","0.8514278573518419","0"
"161","17","KEGG Pathways","","Hepatocellular carcinoma","3.37E-9","GSTA3|PIK3R2|GSTM2|GSTM5|PIK3R3|SHC4|GSTA1|GSTM3|GSTM4|GSTA4|GSTA5|PIK3CD|MGST1|GSTA2|AKT1|MGST2|PIK3CB","128","1265|1478|1301|1325|1508|4163|1364|1289|1277|1307|1271|1520|1331|1370|301|1313|1514","2.01E-10","","hsa05225","0.8472370099128661","0"
"99","15","GO Biological Process","","Primary alcohol metabolic process","4.82E-9","CYP3A5|SULT1E1|AKR1B1|CYP11B1|CYP11B2|CYP3A7|CYP1A2|CYP2C8|AKR1C4|AKR1C3|AKR1C1|CYP1A1|HSD17B6|CYP1B1|CYP3A4","128","1088|1118|283|1094|1070|1205|331|1724|1463|286|1472|337|1064|1100|1082","2.46E-11","","GO:0034308","0.8316952961761149","0"
"9","9","Monarch Phenotype","","Circulating cell free DNA measurement","5.21E-9","UGT1A6|UGT1A1|UGT1A10|UGT1A9|UGT1A4|UGT1A5|UGT1A7|UGT1A8|UGT1A3","128","1022|1016|1058|1742|1028|1664|1760|1040|1733","4.27E-13","","EFO:0004739","0.8283162276700475","0"
"349","25","GO Biological Process","","Aromatic compound catabolic process","5.26E-9","NT5C1A|NT5C|CDADC1|DCPS|PDE8B|CYP2A6|ENTPD3|UGT1A1|UPP1|NT5C2|NT5C1B|PNP|ENTPD8|UGT1A4|NT5M|PDE8A|CYP1A1|TYMP|ADA2|NT5C3B|ENPP3|UPP2|NT5C3A|PDE8B-2|ENPP1","128","1547|1535|457|487|2723|1346|3008|1016|1982|1559|1529|250|1952|1028|1553|2738|337|1973|1958|2003|1235|1994|2009|5654|1241","2.71E-11","","GO:0019439","0.8279014255846262","0"
"22","10","InterPro Domains","","Glutathione S-transferase, C-terminal","5.53E-9","GSTA3|GSTM2|GSTM5|HPGDS|GSTA1|GSTM3|GSTM4|GSTA4|GSTA5|GSTA2","128","1265|1301|1325|1319|1364|1289|1277|1307|1271|1370","6.16E-12","","IPR004046","0.8257274868695301","0"
"163","18","GO Biological Process","","Monocarboxylic acid biosynthetic process","5.63E-9","GSTM2|AKR1D1|ALOX12|LTC4S|ALOX15|HPGDS|CYP7A1|CYP1A2|PTGES|GSTM4|CYP2C8|ALOX5|AKR1C4|AKR1C3|CYP1A1|CYP2E1|ACLY|CYP3A4","128","1301|1076|2291|3128|2300|1319|1226|331|2228|1277|1724|358|1463|286|337|1178|394|1082","2.94E-11","","GO:0072330","0.8249491605148653","0"
"269","22","GO Biological Process","","Carboxylic acid biosynthetic process","7.91E-9","GSTM2|AKR1D1|ALOX12|CAD|LTC4S|ALOX15|HPGDS|CYP7A1|CYP4A11|CYP1A2|PTGES|GSTM4|CYP2C8|CYP4A22|ALOX5|AKR1C4|AKR1C3|CYP1A1|CYP2E1|ACLY|MGST2|CYP3A4","128","1301|1076|2291|499|3128|2300|1319|1226|1694|331|2228|1277|1724|1652|358|1463|286|337|1178|394|1313|1082","4.19E-11","","GO:0046394","0.8101823516502323","0"
"42","11","Reactome Pathways","","tRNA Aminoacylation","8.73E-9","WARS2|NARS1|NARS2|MARS2|KARS1|WARS1|SARS1|PARS2|GARS1|SARS2|HARS2","128","1886|1898|1913|1943|316|325|1925|1937|1904|1931|319","7.26E-11","","HSA-379724","0.805898575629443","0"
"11","9","Monarch Phenotype","","Xanthurenate measurement","8.8E-9","UGT1A6|UGT1A1|UGT1A10|UGT1A9|UGT1A4|UGT1A5|UGT1A7|UGT1A8|UGT1A3","128","1022|1016|1058|1742|1028|1664|1760|1040|1733","1.44E-12","","EFO:0010551","0.805551732784983","0"
"16","9","Pfam","","Glutathione S-transferase, N-terminal domain","9.58E-9","GSTA3|GSTM2|GSTM5|GSTA1|GSTM3|GSTM4|GSTA4|GSTA5|GSTA2","128","1265|1301|1325|1364|1289|1277|1307|1271|1370","1.66E-11","","PF02798","0.8018634490921455","0"
"19","9","GO Biological Process","","Nucleoside monophosphate catabolic process","9.99E-9","NT5C1A|NT5C|UPP1|NT5C2|PNP|NT5M|TYMP|UPP2|NT5C3A","128","1547|1535|1982|1559|250|1553|1973|1994|2009","5.41E-11","","GO:0009125","0.8000434511774017","0"
"107","15","GO Biological Process","","Negative regulation of lipid metabolic process","1.21E-8","SIRT4|PDE8B|NCOR1|PDE3B|CYP7A1|UGT1A6|UGT1A1|UGT1A10|UGT1A9|UGT1A4|UGT1A7|UGT1A8|AKR1C3|UGT1A3|AKT1","128","1232|2723|1007|2237|1226|1022|1016|1058|1742|1028|1760|1040|286|1733|301","6.61E-11","","GO:0045833","0.791721462968355","0"
"172","18","GO Biological Process","","Organic hydroxy compound biosynthetic process","1.21E-8","AKR1D1|ALOX12|HSD17B7|MSMO1|SRD5A3|CYP11B1|ALOX15|CYP7A1|CYP11B2|TPH2|DHCR7|AKR1C4|AKR1C3|IDI1|CYP19A1|ACLY|SRD5A2|CYP3A4","128","1076|2291|1124|2414|1106|1094|2300|1226|1070|2603|1169|1463|286|466|310|394|1112|1082","6.63E-11","","GO:1901617","0.791721462968355","0"
"42","11","STRING Clusters","","tRNA Aminoacylation","1.28E-8","WARS2|NARS1|NARS2|MARS2|KARS1|TARS3|WARS1|PARS2|GARS1|SARS2|HARS2","128","1886|1898|1913|1943|316|1889|325|1937|1904|1931|319","7.26E-11","","CL:797","0.7892790030352131","0"
"25","10","InterPro Domains","","Glutathione S-transferase, N-terminal","1.35E-8","GSTA3|GSTM2|GSTM5|HPGDS|GSTA1|GSTM3|GSTM4|GSTA4|GSTA5|GSTA2","128","1265|1301|1325|1319|1364|1289|1277|1307|1271|1370","1.69E-11","","IPR004045","0.7869666231504994","0"
"2125","68","TISSUES","","Liver","1.54E-8","HDAC7|HSD17B2|NAMPT|CYP3A5|SULT1E1|AHR|AKR1D1|UGT2A3|NARS1|PSMB7|MSMO1|CAD|UGT2B10|HPX|NCOR1|SIGMAR1|PDE3B|PSMB4|TLR3|CYP2A6|CYP7A1|UGT1A6|DCXR|UGT2B7|UGT1A1|UGT2B4|CYP4A11|UGT2B17|CYP2B6|METAP2|GSTA1|PSMF1|UGT2B15|CYP1A2|UGT1A9|DHCR7|PNP|HSD11B1|SARS1|CYP2C8|CYP4A22|UGT1A4|UGT1A8|EIF2S2|AKR1C4|AKR1C3|AKR1C1|PITRM1|IDI1|SEC13|GARS1|PRKAR1A|CYP1A1|TYMP|MGST1|NCOR2|UGT1A3|GSTA2|CYP2E1|NNMT|ADK|SNW1|HSD17B6|AKT1|ACLY|MGST2|ENPP1|CYP3A4","128","217|1013|247|1088|1118|2096|1076|1679|1898|256|2414|499|1700|463|1007|493|2237|259|292|1346|1226|1022|3062|1034|1016|1718|1694|1046|1295|484|1364|2531|1052|331|1742|1169|250|352|1925|1724|1652|1028|1040|481|1463|286|1472|442|466|427|1904|403|337|1973|1331|1001|1733|1370|1178|1250|346|439|1064|301|394|1313|1241|1082","6.34E-12","","BTO:0000759","0.7812479279163538","0"
"57","12","GO Biological Process","","Nucleoside metabolic process","1.57E-8","NT5C1A|CDADC1|UPP1|NT5C2|NT5C1B|PNP|TYMP|ADA2|NT5C1B-RDH14|ADK|UPP2|NT5C3A","128","1547|457|1982|1559|1529|250|1973|1958|1541|346|1994|2009","8.84E-11","","GO:0009116","0.7804100347590766","0"
"20","9","GO Molecular Function","","Arachidonic acid monooxygenase activity","1.74E-8","CYP2A6|CYP2S1|CYP4A11|CYP2B6|CYP2A13|CYP2C8|CYP4A22|CYP1A1|CYP2E1","128","1346|1283|1694|1295|1337|1724|1652|337|1178","7.76E-11","","GO:0008391","0.77594507517174","0"
"4981","114","GO Biological Process","","Organonitrogen compound metabolic process","2.0E-8","HDAC7|SULT2B1|SIRT4|GSTA3|NAMPT|CYP3A5|SULT1E1|PRSS16|WARS2|NT5C1A|MMP8|GSTM2|NT5C|CDADC1|GSTM5|TRIM45|NARS1|PSMB7|MMP20|ASPA|DESI1|SRD5A3|CAD|PDE8B|HPX|PELI2|SRD5A1|NARS2|MARS2|PSMB4|HPGDS|TLR3|MELK|GNPTAB|UGT1A1|ANKK1|EZH2|PELI3|METAP2|KARS1|TPH2|UPP1|TMLHE|GSTA1|PSMF1|TARS3|NT5C2|CYP1A2|WARS1|MMP23B|NT5C1B|NTRK3|GSTM3|PNP|DTL|MMP21|GSTM4|PCGF6|SARS1|IRAK1|GSTA4|GSTA5|PARS2|UCK1|UGT1A4|EIF2S2|PLA2G2D|NMRK1|PIK3CD|MMP26|PITRM1|ASMT|NT5M|ASPDH|GARS1|PDE8A|CDKL4|CYP1A1|TYMP|CDKL1|ADA2|NCOA1|PSMB11|RNF212|KDM4E|NAPRT|ENPP3|GSTA2|NT5C1B-RDH14|PHC1|NNMT|ADK|AKT1|ACLY|SARS2-2|SARS2|MMP28|UPP2|NT5C3A|NMRK2|MGST2|EPOP|SSU72P4|SSU72P2|SSU72P3|SSU72P7|SSU72P5|SSU72P8|RAD51|PDE8B-2|HARS2|ENPP1|CYP3A4|NR1H2","128","217|1163|1232|1265|247|1088|1118|436|1886|1547|454|1301|1535|457|1325|2471|1898|256|2549|2636|2537|1106|499|2723|463|2843|1154|1913|1943|259|1319|292|1871|3266|1016|2597|220|3980|484|316|2603|1982|490|1364|2531|1889|1559|331|325|2822|1529|496|1289|250|2561|2810|1277|1382|1925|295|1307|1271|1937|475|1028|481|361|1586|1520|2831|442|4607|1553|2639|1904|2738|448|337|1973|5669|1958|2099|1880|5840|430|1574|1235|1370|1541|1388|1250|346|301|394|1919|1931|2837|1994|2009|1568|1313|3914|4715|4739|4727|4733|4709|4721|379|5654|319|1241|1082|412","1.13E-10","","GO:1901564","0.7698970004336019","0"
"27","10","InterPro Domains","","Class II Aminoacyl-tRNA synthetase/Biotinyl protein ligase (BPL) and lipoyl protein ligase (LPL)","2.26E-8","NARS1|NARS2|KARS1|TARS3|SARS1|PARS2|GARS1|SARS2-2|SARS2|HARS2","128","1898|1913|316|1889|1925|1937|1904|1919|1931|319","3.14E-11","","IPR045864","0.7645891560852599","0"
"13","8","STRING Clusters","","5-nucleotidase activity, and Deoxyguanosine kinase activity","2.29E-8","NT5C1A|NT5C|NT5C2|NT5C1B|NT5M|NT5C3B|NT5C1B-RDH14|NT5C3A","128","1547|1535|1559|1529|1553|2003|1541|2009","1.35E-10","","CL:10629","0.7640164517660112","0"
"16","8","WikiPathways","","Classical pathway of steroidogenesis with glucocorticoid and mineralocorticoid metabolism","2.3E-8","CYP11B1|CYP11B2|HSD11B1|HSD3B1|CYP17A1|CYP19A1|HSD3B2|SRD5A2","128","1094|1070|352|1133|1148|310|1142|1112","4.71E-10","","WP4523","0.7638272163982407","0"
"135","16","GO Biological Process","","Sterol metabolic process","2.55E-8","SULT2B1|AKR1D1|HSD17B7|MSMO1|CYP11B1|CYP7A1|CYP11B2|CYP1A2|DHCR7|SOAT1|IDI1|CYP19A1|ACLY|CYP1B1|CYP26C1|CYP3A4","128","1163|1076|1124|2414|1094|1226|1070|331|1169|472|466|310|394|1100|1631|1082","1.47E-10","","GO:0016125","0.7593459819566044","0"
"32","10","GO Molecular Function","","Steroid dehydrogenase activity, acting on the CH-OH group of donors, NAD or NADP as acceptor","2.69E-8","HSD17B2|HSD17B7|HSD11B1|HSD3B1|AKR1C4|AKR1C3|AKR1C1|HSD3B2|HSD17B6|SRD5A2","128","1013|1124|352|1133|1463|286|1472|1142|1064|1112","1.25E-10","","GO:0033764","0.7570247719997593","0"
"77","13","GO Biological Process","","Nucleoside monophosphate metabolic process","2.81E-8","NT5C1A|NT5C|CAD|UPP1|NT5C2|PNP|ENTPD8|UCK1|NT5M|TYMP|ADK|UPP2|NT5C3A","128","1547|1535|499|1982|1559|250|1952|475|1553|1973|346|1994|2009","1.63E-10","","GO:0009123","0.755129368009492","0"
"9","7","WikiPathways","","Steroid hormone precursor biosynthesis","2.87E-8","AKR1D1|SRD5A1|HSD3B1|CYP17A1|AKR1C1|HSD3B2|SRD5A2","128","1076|1154|1133|1148|1472|1142|1112","6.24E-10","","WP5277","0.7542118103266008","0"
"4010","98","GO Biological Process","","Response to chemical","2.94E-8","HSD17B2|SIRT4|GSTA3|CBX7|PIK3R2|CYP3A5|GSTM2|AHR|PTGER2|OR7C2|SLC6A4|PIK3R3|DCPS|THRA|HPX|SRD5A1|SIGMAR1|PDE3B|PLA2R1|AKR1B1|TIMP4|CYP11B1|LTC4S|ALOX15|TLR3|SPIDR|DEFA4|MELK|CYP2A6|CGB5|CYP7A1|UGT1A6|UGT1A1|CYP2S1|EZH2|AHRR|CYP2B6|PGR|CYP11B2|TPH2|CYP2A13|UGT2B28|GSTA1|CYP3A7|UGT2B15|CYP1A2|PTGES|UGT1A10|UGT1A9|RXRG|NTRK3|GSTM3|PNP|HSD3B1|SFR1|GSTM4|IRAK1|GSTA4|GSTA5|CYP2C8|UGT1A7|UGT1A8|ALOX5|PIK3CD|AKR1C4|AKR1C3|AKR1C1|TIRAP|PDE8A|CYP1A1|TYMP|MGST1|CYP19A1|THRB|NCOR2|CASTOR1|NCOA1|UGT2B11|CHRM2|NCOA2|UGT1A3|GSTA2|TAS2R50|AHRR-2|SH2B2|CYP2E1|NNMT|HSD3B2|SNW1|AKT1|SRD5A2|CYP1B1|MGST2|OR13G1|RAD51|ENPP1|CYP3A4|PIK3CB","128","1013|1232|1265|1376|1478|1088|1301|2096|469|406|445|1508|487|274|463|1154|493|2237|3053|283|2024|1094|3128|2300|292|3239|2030|1871|1346|3413|1226|1022|1016|1283|220|3986|1295|307|1070|2603|1337|1706|1364|1205|1052|331|2228|1058|1742|2852|496|1289|250|1133|3905|1277|295|1307|1271|1724|1760|1040|358|1520|1463|286|1472|3233|2738|337|1973|1331|310|277|1001|5597|2099|1670|421|2105|1733|1370|424|5675|4880|1178|1250|1142|439|301|1112|1100|1313|5933|379|1241|1082|1514","1.72E-10","","GO:0042221","0.7531652669587843","0"
"78","13","GO Biological Process","","Nucleotide catabolic process","3.17E-8","NT5C1A|NT5C|PDE8B|UPP1|NT5C2|NT5C1B|PNP|NT5M|PDE8A|TYMP|UPP2|NT5C3A|PDE8B-2","128","1547|1535|2723|1982|1559|1529|250|1553|2738|1973|1994|2009|5654","1.88E-10","","GO:0009166","0.7498940737782249","0"
"7","7","GO Biological Process","","Lipid hydroxylation","3.19E-8","CYP3A5|CYP3A7|CYP2C8|CYP4A22|CYP1A1|CYP2E1|CYP3A4","128","1088|1205|1724|1652|337|1178|1082","1.91E-10","","GO:0002933","0.7496209316942819","0"
"7","7","GO Biological Process","","Xenobiotic glucuronidation","3.19E-8","UGT1A1|UGT2B28|UGT1A9|UGT1A7|UGT1A8|UGT2B11|UGT1A3","128","1016|1706|1742|1760|1040|1670|1733","1.91E-10","","GO:0052697","0.7496209316942819","0"
"1686","56","GO Biological Process","","Organic substance catabolic process","3.27E-8","STS|DHDH|CYP3A5|SULT1E1|PRSS16|NT5C1A|AKR1D1|PLA2G12A|NT5C|CDADC1|PSMB7|MMP20|ASPA|DCPS|SRD5A3|PDE8B|SRD5A1|PSMB4|CYP2A6|CYP7A1|ENTPD3|UGT1A1|CYP4A11|UPP1|PSMF1|NT5C2|CYP1A2|NT5C1B|PNP|DTL|HSD11B1|ENTPD8|UGT1A4|PLA2G2D|AKR1C3|NT5M|PDE8A|CYP1A1|TYMP|CYP19A1|ADA2|PSMB11|NT5C3B|ENPP3|HSD17B6|AKT1|UPP2|NT5C3A|SRD5A2|CYP1B1|MGST2|PDE8B-2|INPP5F|ENPP1|CYP26C1|CYP3A4","128","1214|1457|1088|1118|436|1547|1076|2216|1535|457|256|2549|2636|487|1106|2723|1154|259|1346|1226|3008|1016|1694|1982|2531|1559|331|1529|250|2561|352|1952|1028|361|286|1553|2738|337|1973|310|1958|1880|2003|1235|1064|301|1994|2009|1112|1100|1313|5654|1481|1241|1631|1082","2.0E-10","","GO:1901575","0.7485452247339713","0"
"119","15","GO Biological Process","","Fatty acid biosynthetic process","4.13E-8","GSTM2|ALOX12|LTC4S|ALOX15|HPGDS|CYP1A2|PTGES|GSTM4|CYP2C8|ALOX5|AKR1C3|CYP1A1|CYP2E1|ACLY|CYP3A4","128","1301|2291|3128|2300|1319|331|2228|1277|1724|358|286|337|1178|394|1082","2.55E-10","","GO:0006633","0.73840499483436","0"
"14","8","GO Molecular Function","","5-nucleotidase activity","4.31E-8","NT5C1A|NT5C|NT5C2|NT5C1B|NT5M|NT5C3B|NT5C1B-RDH14|NT5C3A","128","1547|1535|1559|1529|1553|2003|1541|2009","2.1E-10","","GO:0008253","0.7365522729839269","0"
"24","9","GO Biological Process","","Deoxyribonucleoside monophosphate metabolic process","4.57E-8","NT5C1A|NT5C|UPP1|NT5C2|PNP|NT5M|TYMP|ADK|UPP2","128","1547|1535|1982|1559|250|1553|1973|346|1994","2.86E-10","","GO:0009162","0.7340083799930149","0"
"37","10","GO Biological Process","","Ribonucleoside metabolic process","6.6E-8","NT5C1A|CDADC1|UPP1|NT5C2|NT5C1B|PNP|ADA2|NT5C1B-RDH14|ADK|UPP2","128","1547|457|1982|1559|1529|250|1958|1541|346|1994","4.16E-10","","GO:0009119","0.7180456064458132","0"
"8","7","GO Molecular Function","","Estrogen 16-alpha-hydroxylase activity","7.0E-8","CYP3A5|CYP3A7|CYP1A2|CYP2C8|CYP1A1|CYP1B1|CYP3A4","128","1088|1205|331|1724|337|1100|1082","3.55E-10","","GO:0101020","0.7154901959985743","0"
"14826","236","GO Biological Process","","Cellular process","7.4E-8","HDAC7|HSD17B2|SULT2B1|SIRT4|GSTA3|CBX7|NID2|CDK5RAP1|USB1|PIK3R2|NAMPT|CYP3A5|SULT1E1|RAD51AP1|WARS2|NT5C1A|MMP8|GSTM2|AHR|AKR1D1|PLA2G12A|PTGER2|NT5C|OR7C2|CDADC1|ALOX12|UGT2A3|ABCB7|HSD17B7|GSTM5|NARS1|PSMB7|MMP20|KIF11|MSMO1|SLC6A4|PIK3R3|ASPA|DESI1|DCPS|SRD5A3|THRA|CAD|PI4K2B|PDE8B|BST1|UGT2B10|HPX|NCOR1|SRD5A1|SIGMAR1|NARS2|PDE3B|MARS2|PLA2R1|AKR1B1|PDE11A|FRRS1|TIMP4|PSMB4|CYP11B1|LTC4S|GRASP|ALOX15|HPGDS|TLR3|SPIDR|DEFA4|MELK|GNPTAB|PCLAF|CYP2A6|CGB5|CYP7A1|ENTPD3|UGT1A6|UGT2B7|UGT1A1|UGT2B4|ANKK1|CYP2S1|ADAT1|CYP4A11|SWI5|EZH2|UGT2B17|AHRR|CYP2B6|PGR|KARS1|CYP11B2|PSMG2|TPH2|SHC4|UPP1|CYP2A13|UGT2B28|TMLHE|GSTA1|CYP3A7|PSMF1|TARS3|NT5C2|CIR1|UGT2B15|CYP1A2|PTGES|NOXA1|UGT1A10|CPSF4L|UGT1A9|WARS1|MMP23B|RXRG|NT5C1B|NTRK3|GSTM3|PNP|TIFA|DTL|SOAT1|MMP21|THEM4|PI4KB|HSD3B1|SFR1|GSTM4|CYP17A1|SARS1|IRAK1|GSTA4|GSTA5|CYP2C8|PARS2|ENTPD8|CYP4A22|UCK1|UGT1A4|UGT1A5|UGT1A7|UGT1A8|ZWINT|ALOX5|EIF2S2|PLA2G2D|NMRK1|PIK3CD|KIN|MMP26|AKR1C4|AKR1C3|POMP|AKR1C1|PITRM1|ASMT|IDI1|RAD1|SEC13|NT5M|ASPDH|GARS1|RFC4|RAD9B|TIRAP|PRKAR1A|PDE8A|CDKL4|CYP1A1|TYMP|CDKL1|MGST1|CYP19A1|THRB|ADA2|CASTOR1|NCOA1|PSMB11|UGT2B11|RNF212|NT5C3B|KDM4E|CHRM2|NCOA2|NAPRT|ENPP3|EBNA1BP2|LPAR4|CHTF8|TOP2A|UGT1A3|GSTA2|TAS2R50|AHRR-2|NT5C1B-RDH14|SH2B2|CYP2E1|NNMT|ADK|ADGRD1|HSD3B2|SNW1|HSD17B6|AKT1|KCNH6|ACLY|SARS2-2|SARS2|MMP28|UPP2|UGT2A2|NT5C3A|SRD5A2|CYP1B1|IGHV3-16|NMRK2|HMGN3|MGST2|CPSF1|EPOP|SSU72P4|SSU72P2|SSU72P3|SSU72P7|SSU72P5|SSU72P8|OR13G1|RAD51|PDE8B-2|HARS2|INPP5F|ENPP1|CYP26C1|MED19|CYP3A4|NR1H2|PIK3CB","128","217|1013|1163|1232|1265|1376|409|400|1451|1478|247|1088|1118|1853|1886|1547|454|1301|2096|1076|2216|469|1535|406|457|2291|1679|478|1124|1325|1898|256|2549|265|2414|445|1508|2636|2537|487|1106|274|499|1496|2723|1256|1700|463|1007|1154|493|1913|2237|1943|3053|283|3068|2816|2024|259|1094|3128|3140|2300|1319|292|3239|2030|1871|3266|2567|1346|3413|1226|3008|1022|1034|1016|1718|2597|1283|3824|1694|3899|220|1046|3986|1295|307|316|1070|2525|2603|4163|1982|1337|1706|490|1364|1205|2531|1889|1559|4499|1052|331|2228|4649|1058|4706|1742|325|2822|2852|1529|496|1289|250|4952|2561|472|2810|4991|418|1133|3905|1277|1148|1925|295|1307|1271|1724|1937|1952|1652|475|1028|1664|1760|1040|1862|358|481|361|1586|1520|5480|2831|1463|286|2543|1472|442|4607|466|5570|427|1553|2639|1904|373|5579|3233|403|2738|448|337|1973|5669|1331|310|277|1958|5597|2099|1880|1670|5840|2003|430|421|2105|1574|1235|460|5867|5645|268|1733|1370|424|5675|1541|4880|1178|1250|346|451|1142|439|1064|301|2972|394|1919|1931|2837|1994|1688|2009|1112|1100|3419|1568|5771|1313|433|3914|4715|4739|4727|4733|4709|4721|5933|379|5654|319|1481|1241|1631|415|1082|412|1514","4.72E-10","","GO:0009987","0.7130768280269024","0"
"194","18","GO Molecular Function","","Hexosyltransferase activity","7.64E-8","UGT2A3|UGT1A6|UGT2B7|UGT1A1|UGT2B4|UGT2B17|UGT2B28|UGT2B15|UGT1A10|UGT1A9|UGT1A4|UGT1A5|UGT1A7|UGT1A8|TYMP|UGT2B11|UGT1A3|UGT2A2","128","1679|1022|1034|1016|1718|1046|1706|1052|1058|1742|1028|1664|1760|1040|1973|1670|1733|1688","4.03E-10","","GO:0016758","0.711690664142431","0"
"27","9","Reactome Pathways","","Endogenous sterols","7.69E-8","AHR|CYP11B1|CYP7A1|AHRR|CYP11B2|CYP19A1|NCOA1|NCOA2|CYP1B1","128","2096|1094|1226|3986|1070|310|2099|2105|1100","6.74E-10","","HSA-211976","0.7114073660198569","0"
"2507","71","GO Molecular Function","","Small molecule binding","7.96E-8","SULT2B1|SIRT4|DHDH|CYP3A5|WARS2|NT5C1A|NT5C|ABCB7|NARS1|KIF11|CAD|PI4K2B|SRD5A1|NARS2|MARS2|PDE11A|MELK|ENTPD3|UGT1A1|ANKK1|KARS1|CYP3A7|TARS3|NT5C2|UGT1A9|WARS1|DHCR7|NT5C1B|NTRK3|PNP|HSD11B1|SOAT1|PI4KB|CYP17A1|SARS1|IRAK1|PARS2|ENTPD8|UCK1|UGT1A7|UGT1A8|NMRK1|PIK3CD|NT5M|ASPDH|GARS1|RFC4|PRKAR1A|CDKL4|CYP1A1|CDKL1|CYP19A1|CASTOR1|NT5C3B|TOP2A|UGT1A3|NT5C1B-RDH14|CYP2E1|ADK|AKT1|ACLY|SARS2-2|SARS2|NT5C3A|NMRK2|RAD51|HARS2|ENPP1|CYP26C1|CYP3A4|PIK3CB","128","1163|1232|1457|1088|1886|1547|1535|478|1898|265|499|1496|1154|1913|1943|3068|1871|3008|1016|2597|316|1205|1889|1559|1742|325|1169|1529|496|250|352|472|418|1148|1925|295|1937|1952|475|1760|1040|1586|1520|1553|2639|1904|373|403|448|337|5669|310|5597|2003|268|1733|1541|1178|346|301|394|1919|1931|2009|1568|379|319|1241|1631|1082|1514","4.36E-10","","GO:0036094","0.7099086932262331","0"
"50","10","KEGG Pathways","","Ovarian steroidogenesis","8.36E-8","HSD17B2|HSD17B7|HSD3B1|CYP17A1|ALOX5|AKR1C3|CYP1A1|CYP19A1|HSD3B2|CYP1B1","128","1013|1124|1133|1148|358|286|337|310|1142|1100","5.22E-9","","hsa04913","0.7077793722560983","0"
"126","15","GO Molecular Function","","Oxidoreductase activity, acting on the CH-OH group of donors, NAD or NADP as acceptor","8.96E-8","HSD17B2|DHDH|AKR1D1|HSD17B7|AKR1B1|DCXR|HSD11B1|HSD3B1|CYP4A22|AKR1C4|AKR1C3|AKR1C1|HSD3B2|HSD17B6|SRD5A2","128","1013|1457|1076|1124|283|3062|352|1133|1652|1463|286|1472|1142|1064|1112","5.27E-10","","GO:0016616","0.7047691990337875","0"
"9","7","GO Biological Process","","Androgen biosynthetic process","9.69E-8","SRD5A3|SRD5A1|HSD3B1|CYP17A1|HSD3B2|HSD17B6|SRD5A2","128","1106|1154|1133|1148|1142|1064|1112","6.24E-10","","GO:0006702","0.7013676222949234","0"
"39","10","STRING Clusters","","Cholesterol biosynthesis, and Primary bile acid biosynthesis","9.85E-8","SULT2B1|STS|AKR1D1|HSD17B7|MSMO1|SIGMAR1|CYP7A1|DHCR7|SOAT1|IDI1","128","1163|1214|1076|1124|2414|493|1226|1169|472|466","6.46E-10","","CL:9559","0.7006563769502387","0"
"33","10","InterPro Domains","","Glutathione S-transferase, C-terminal-like","1.05E-7","GSTA3|GSTM2|GSTM5|HPGDS|GSTA1|GSTM3|GSTM4|GSTA4|GSTA5|GSTA2","128","1265|1301|1325|1319|1364|1289|1277|1307|1271|1370","1.61E-10","","IPR010987","0.6978810700930062","0"
"129","15","GO Biological Process","","Secondary alcohol metabolic process","1.09E-7","SULT2B1|AKR1D1|HSD17B7|MSMO1|CYP11B1|CYP7A1|CYP11B2|CYP1A2|DHCR7|SOAT1|UGT1A4|IDI1|UGT1A3|ACLY|CYP3A4","128","1163|1076|1124|2414|1094|1226|1070|331|1169|472|1028|466|1733|394|1082","7.1E-10","","GO:1902652","0.6962573502059376","0"
"287","21","GO Biological Process","","Nucleobase-containing compound catabolic process","1.2E-7","NT5C1A|NT5C|CDADC1|DCPS|PDE8B|ENTPD3|UPP1|NT5C2|NT5C1B|PNP|ENTPD8|NT5M|PDE8A|TYMP|ADA2|NT5C3B|ENPP3|UPP2|NT5C3A|PDE8B-2|ENPP1","128","1547|1535|457|487|2723|3008|1982|1559|1529|250|1952|1553|2738|1973|1958|2003|1235|1994|2009|5654|1241","7.86E-10","","GO:0034655","0.6920818753952375","0"
"40","10","GO Molecular Function","","Oxidoreductase activity, acting on paired donors, with incorporation or reduction of molecular oxygen, NAD(P)H as one donor, and incorporation of one atom of oxygen","1.31E-7","AKR1D1|CYP7A1|CYP2B6|CYP4A22|AKR1C4|AKR1C3|AKR1C1|CYP1A1|CYP2E1|CYP3A4","128","1076|1226|1295|1652|1463|286|1472|337|1178|1082","7.98E-10","","GO:0016709","0.6882728704344235","0"
"134","15","GO Biological Process","","Regulation of cellular ketone metabolic process","1.73E-7","SIRT4|NCOR1|CYP7A1|UGT1A6|UGT1A1|UGT1A10|UGT1A9|UGT1A4|UGT1A7|UGT1A8|AKR1C3|NCOR2|UGT1A3|AKT1|NR1H2","128","1232|1007|1226|1022|1016|1058|1742|1028|1760|1040|286|1001|1733|301|412","1.15E-9","","GO:0010565","0.6761953896871205","0"
"29","9","GO Molecular Function","","Oxidoreductase activity, acting on the CH-CH group of donors, NAD or NADP as acceptor","1.81E-7","DHDH|AKR1D1|SRD5A3|SRD5A1|CYP2S1|DHCR7|AKR1C3|AKR1C1|SRD5A2","128","1457|1076|1106|1154|1283|1169|286|1472|1112","1.14E-9","","GO:0016628","0.6742321425130815","0"
"94","13","GO Biological Process","","Regulation of fatty acid metabolic process","2.2E-7","SIRT4|NCOR1|CYP7A1|UGT1A6|UGT1A1|UGT1A10|UGT1A9|UGT1A4|UGT1A7|UGT1A8|UGT1A3|AKT1|NR1H2","128","1232|1007|1226|1022|1016|1058|1742|1028|1760|1040|1733|301|412","1.47E-9","","GO:0019217","0.6657577319177793","0"
"21","8","Reactome Pathways","","Mitochondrial tRNA aminoacylation","2.83E-7","WARS2|NARS2|MARS2|KARS1|PARS2|GARS1|SARS2|HARS2","128","1886|1913|1943|316|1937|1904|1931|319","2.6E-9","","HSA-379726","0.654821356447571","0"
"12","7","Reactome Pathways","","Pyrimidine catabolism","2.83E-7","NT5C1A|NT5C|UPP1|NT5M|TYMP|UPP2|NT5C3A","128","1547|1535|1982|1553|1973|1994|2009","2.66E-9","","HSA-73621","0.654821356447571","0"
"38","10","InterPro Domains","","Glutathione S-transferase, C-terminal domain superfamily","3.11E-7","GSTA3|GSTM2|GSTM5|HPGDS|GSTA1|GSTM3|GSTM4|GSTA4|GSTA5|GSTA2","128","1265|1301|1325|1319|1364|1289|1277|1307|1271|1370","5.2E-10","","IPR036282","0.6507239610973162","0"
"32","9","STRING Clusters","","tRNA Aminoacylation","3.39E-7","WARS2|MARS2|KARS1|TARS3|WARS1|PARS2|GARS1|SARS2|HARS2","128","1886|1943|316|1889|325|1937|1904|1931|319","2.37E-9","","CL:799","0.6469800301796917","0"
"61","11","GO Biological Process","","Glutathione metabolic process","3.42E-7","GSTA3|GSTM2|GSTM5|HPGDS|GSTA1|GSTM3|GSTM4|GSTA4|GSTA5|GSTA2|MGST2","128","1265|1301|1325|1319|1364|1289|1277|1307|1271|1370|1313","2.31E-9","","GO:0006749","0.6465973893943865","0"
"131","14","UniProt Keywords","","Ligase","3.7E-7","WARS2|NARS1|CAD|NARS2|MARS2|KARS1|TARS3|WARS1|SARS1|PARS2|GARS1|NAPRT|SARS2|HARS2","128","1886|1898|499|1913|1943|316|1889|325|1925|1937|1904|1574|1931|319","7.16E-9","","KW-0436","0.6431798275933005","0"
"28","9","InterPro Domains","","Glutathione transferase family","4.86E-7","GSTA3|GSTM2|GSTM5|GSTA1|GSTM3|GSTM4|GSTA4|GSTA5|GSTA2","128","1265|1301|1325|1364|1289|1277|1307|1271|1370","8.8E-10","","IPR040079","0.6313363730737707","0"
"22","8","GO Biological Process","","Pyrimidine nucleoside monophosphate metabolic process","5.14E-7","NT5C|CAD|UPP1|UCK1|NT5M|TYMP|UPP2|NT5C3A","128","1535|499|1982|475|1553|1973|1994|2009","3.5E-9","","GO:0009129","0.6289036881004725","0"
"6","6","STRING Clusters","","XMP 5-nucleosidase activity","5.49E-7","NT5C1A|NT5C|NT5C2|NT5C1B|NT5C3B|NT5C3A","128","1547|1535|1559|1529|2003|2009","4.08E-9","","CL:10632","0.6260427655549908","0"
"6","6","GO Molecular Function","","5alpha-androstane-3beta,17beta-diol dehydrogenase activity","6.1E-7","HSD17B7|HSD3B1|AKR1C4|AKR1C3|AKR1C1|HSD17B6","128","1124|1133|1463|286|1472|1064","4.08E-9","","GO:0047024","0.6214670164989233","0"
"13","8","DISEASES","","Bilirubin metabolic disorder","6.2E-7","UGT1A6|UGT1A1|UGT1A10|UGT1A9|UGT1A4|UGT1A7|UGT1A8|UGT1A3","128","1022|1016|1058|1742|1028|1760|1040|1733","1.35E-10","","DOID:2741","0.6207608310501747","0"
"104","13","GO Biological Process","","Negative regulation of small molecule metabolic process","6.51E-7","SIRT4|NCOR1|CYP7A1|UGT1A6|UGT1A1|UGT1A10|UGT1A9|UGT1A4|UGT1A7|UGT1A8|AKR1C3|UGT1A3|AKT1","128","1232|1007|1226|1022|1016|1058|1742|1028|1760|1040|286|1733|301","4.48E-9","","GO:0062014","0.6186419011431809","0"
"289","20","GO Biological Process","","Lipid catabolic process","7.09E-7","STS|SULT1E1|AKR1D1|PLA2G12A|SRD5A3|SRD5A1|CYP7A1|CYP4A11|CYP1A2|HSD11B1|PLA2G2D|AKR1C3|CYP19A1|HSD17B6|SRD5A2|CYP1B1|MGST2|INPP5F|CYP26C1|CYP3A4","128","1214|1118|1076|2216|1106|1154|1226|1694|331|352|361|286|310|1064|1112|1100|1313|1481|1631|1082","4.93E-9","","GO:0016042","0.6149353764816934","0"
"8","7","DISEASES","","Gilbert syndrome","8.16E-7","UGT1A6|UGT1A1|UGT1A10|UGT1A9|UGT1A4|UGT1A7|UGT1A8","128","1022|1016|1058|1742|1028|1760|1040","3.55E-10","","DOID:2739","0.6088309841246139","0"
"14","7","GO Biological Process","","Deoxyribonucleoside monophosphate catabolic process","8.55E-7","NT5C1A|NT5C|UPP1|PNP|NT5M|TYMP|UPP2","128","1547|1535|1982|250|1553|1973|1994","6.0E-9","","GO:0009159","0.6068033885271827","0"
"14","7","GO Biological Process","","Flavonoid metabolic process","8.55E-7","UGT1A1|UGT1A10|UGT1A9|UGT1A7|UGT1A8|CYP1A1|UGT1A3","128","1016|1058|1742|1760|1040|337|1733","6.0E-9","","GO:0009812","0.6068033885271827","0"
"15","7","Reactome Pathways","","Synthesis of bile acids and bile salts via 27-hydroxycholesterol","8.64E-7","AKR1D1|CYP7A1|AKR1C4|AKR1C3|AKR1C1|NCOA1|NCOA2","128","1076|1226|1463|286|1472|2099|2105","8.7E-9","","HSA-193807","0.6063486257521107","0"
"21","8","GO Cellular Component","","mRNA cleavage and polyadenylation specificity factor complex","8.87E-7","CPSF4L|CPSF1|SSU72P4|SSU72P2|SSU72P3|SSU72P7|SSU72P5|SSU72P8","128","4706|433|4715|4739|4727|4733|4709|4721","2.6E-9","","GO:0005847","0.6052076380168273","0"
"9","6","WikiPathways","","Benzo(a)pyrene metabolism","9.29E-7","AKR1C4|AKR1C3|AKR1C1|CYP1A1|CYP1B1|CYP3A4","128","1463|286|1472|337|1100|1082","2.14E-8","","WP696","0.6031984286006359","0"
"52","10","GO Biological Process","","Negative regulation of cellular carbohydrate metabolic process","1.02E-6","NCOR1|UGT1A6|UGT1A1|UGT1A10|UGT1A9|UGT1A4|UGT1A7|UGT1A8|UGT1A3|ENPP1","128","1007|1022|1016|1058|1742|1028|1760|1040|1733|1241","7.28E-9","","GO:0010677","0.5991399828238082","0"
"131","14","GO Molecular Function","","Catalytic activity, acting on a tRNA","1.04E-6","WARS2|NARS1|NARS2|MARS2|KARS1|TARS3|WARS1|SARS1|PARS2|GARS1|SARS2-2|SARS2|NT5C3A|HARS2","128","1886|1898|1913|1943|316|1889|325|1925|1937|1904|1919|1931|2009|319","7.16E-9","","GO:0140101","0.5982966660701219","0"
"43","9","UniProt Keywords","","Steroid biosynthesis","1.05E-6","HSD17B2|HSD17B7|MSMO1|CYP11B1|CYP3A7|DHCR7|IDI1|CYP1A1|CYP3A4","128","1013|1124|2414|1094|1205|1169|466|337|1082","2.19E-8","","KW-0752","0.5978810700930062","0"
"89","12","GO Biological Process","","Cellular ketone metabolic process","1.15E-6","SRD5A1|AKR1B1|CYP11B1|CYP2B6|CYP11B2|CYP17A1|AKR1C4|AKR1C3|AKR1C1|CYP19A1|HSD17B6|SRD5A2","128","1154|283|1094|1295|1070|1148|1463|286|1472|310|1064|1112","8.25E-9","","GO:0042180","0.5939302159646388","0"
"2144","61","GO Molecular Function","","Identical protein binding","1.32E-6","NAMPT|GSTM2|AHR|NT5C|CDADC1|ABCB7|GSTM5|PHC2|SLC6A4|ASPA|DESI1|DCPS|CAD|SIGMAR1|LTC4S|GRASP|HPGDS|TLR3|DEFA4|UGT1A6|DCXR|UGT1A1|PGR|KARS1|UPP1|PSMF1|TARS3|NT5C2|NOXA1|UGT1A10|UGT1A9|WARS1|GSTM3|PNP|HSD11B1|SOAT1|GSTM4|SARS1|IRAK1|GSTA4|PARS2|UGT1A4|UGT1A7|UGT1A8|ASMT|SEC13|GARS1|TIRAP|TYMP|ADA2|CASTOR1|TOP2A|UGT1A3|SH2B2|AKT1|UPP2|MGST2|RAD51|HARS2|INPP5F|ENPP1","128","247|1301|2096|1535|457|478|1325|1397|445|2636|2537|487|499|493|3128|3140|1319|292|2030|1022|3062|1016|307|316|1982|2531|1889|1559|4649|1058|1742|325|1289|250|352|472|1277|1925|295|1307|1937|1028|1760|1040|4607|427|1904|3233|1973|1958|5597|268|1733|4880|301|1994|1313|379|319|1481|1241","9.34E-9","","GO:0042802","0.587942606879415","0"
"12056","204","GO Cellular Component","","Cytoplasm","1.36E-6","HDAC7|HSD17B2|SULT2B1|SIRT4|GSTA3|CBX7|CDK5RAP1|STS|PIK3R2|NAMPT|CYP3A5|SULT1E1|PRSS16|WARS2|NT5C1A|MMP8|GSTM2|AHR|AKR1D1|PLA2G12A|NT5C|CDADC1|ALOX12|ABCB7|HSD17B7|GSTM5|TRIM45|NARS1|PSMB7|KIF11|MSMO1|SLC6A4|PIK3R3|ASPA|DESI1|DCPS|SRD5A3|THRA|CAD|PI4K2B|PDE8B|BST1|UGT2B10|HPX|PELI2|NCOR1|SRD5A1|SIGMAR1|NARS2|PDE3B|MARS2|AKR1B1|PDE11A|TIMP4|PSMB4|CYP11B1|LTC4S|GRASP|ALOX15|HPGDS|TLR3|DEFA4|MELK|GNPTAB|PCLAF|CYP2A6|CGB5|CYP7A1|UGT1A6|DCXR|UGT2B7|UGT1A1|CKAP2L|UGT2B4|ANKK1|CYP2S1|CYP4A11|EZH2|UGT2B17|PELI3|AHRR|CYP2B6|PGR|METAP2|KARS1|CYP11B2|PSMG2|TPH2|UPP1|CYP2A13|UGT2B28|TMLHE|GSTA1|CYP3A7|PSMF1|TARS3|NT5C2|CIR1|UGT2B15|CYP1A2|PTGES|NOXA1|UGT1A10|SVIP|UGT1A9|WARS1|DHCR7|MMP23B|RXRG|NT5C1B|NTRK3|GSTM3|PNP|TIFA|DTL|HSD11B1|SOAT1|THEM4|PI4KB|HSD3B1|GSTM4|CYP17A1|SARS1|CUEDC2|IRAK1|ARMH3|GSTA4|GSTA5|CYP2C8|PARS2|CYP4A22|UCK1|UGT1A4|UGT1A5|UGT1A7|UGT1A8|ZWINT|ALOX5|EIF2S2|NMRK1|PIK3CD|KIN|AKR1C4|AKR1C3|POMP|AKR1C1|PITRM1|ASMT|IDI1|SEC13|NT5M|GARS1|TIRAP|PRKAR1A|PDE8A|CDKL4|CYP1A1|TYMP|CDKL1|MGST1|CYP19A1|ADA2|CASTOR1|NCOA1|PSMB11|UGT2B11|NT5C3B|CHRM2|NCOA2|NAPRT|ENPP3|TOP2A|UGT1A3|GSTA2|AHRR-2|NT5C1B-RDH14|MROH1|SH2B2|CYP2E1|NNMT|ADK|HSD3B2|HSD17B6|AKT1|ACLY|SARS2-2|SARS2|MMP28|UPP2|UGT2A2|NT5C3A|SRD5A2|CYP1B1|NMRK2|HMGN3|MGST2|RAD51|HARS2|INPP5F|ENPP1|CYP26C1|CYP3A4|NR1H2|PIK3CB","128","217|1013|1163|1232|1265|1376|400|1214|1478|247|1088|1118|436|1886|1547|454|1301|2096|1076|2216|1535|457|2291|478|1124|1325|2471|1898|256|265|2414|445|1508|2636|2537|487|1106|274|499|1496|2723|1256|1700|463|2843|1007|1154|493|1913|2237|1943|283|3068|2024|259|1094|3128|3140|2300|1319|292|2030|1871|3266|2567|1346|3413|1226|1022|3062|1034|1016|2555|1718|2597|1283|1694|220|1046|3980|3986|1295|307|484|316|1070|2525|2603|1982|1337|1706|490|1364|1205|2531|1889|1559|4499|1052|331|2228|4649|1058|4754|1742|325|1169|2822|2852|1529|496|1289|250|4952|2561|352|472|4991|418|1133|1277|1148|1925|4085|295|5000|1307|1271|1724|1937|1652|475|1028|1664|1760|1040|1862|358|481|1586|1520|5480|1463|286|2543|1472|442|4607|466|427|1553|1904|3233|403|2738|448|337|1973|5669|1331|310|1958|5597|2099|1880|1670|2003|421|2105|1574|1235|268|1733|1370|5675|1541|5951|4880|1178|1250|346|1142|1064|301|394|1919|1931|2837|1994|1688|2009|1112|1100|1568|5771|1313|379|319|1481|1241|1631|1082|412|1514","4.66E-9","","GO:0005737","0.5866461091629782","0"
"55","10","GO Biological Process","","Retinol metabolic process","1.61E-6","CYP3A5|AKR1B1|CYP3A7|CYP1A2|CYP2C8|AKR1C3|CYP1A1|HSD17B6|CYP1B1|CYP3A4","128","1088|283|1205|331|1724|286|337|1064|1100|1082","1.17E-8","","GO:0042572","0.579317412396815","0"
"16","7","GO Molecular Function","","Arachidonic acid epoxygenase activity","1.69E-6","CYP2A6|CYP2S1|CYP4A11|CYP2B6|CYP2A13|CYP2C8|CYP2E1","128","1346|1283|1694|1295|1337|1724|1178","1.24E-8","","GO:0008392","0.5772113295386326","0"
"27","8","STRING Clusters","","mRNA cleavage factor complex","1.74E-6","CPSF4L|CPSF1|SSU72P4|SSU72P2|SSU72P3|SSU72P7|SSU72P5|SSU72P8","128","4706|433|4715|4739|4727|4733|4709|4721","1.33E-8","","CL:2797","0.5759450751717401","0"
"128","13","UniProt Keywords","","Protein biosynthesis","1.94E-6","WARS2|NARS1|NARS2|MARS2|KARS1|TARS3|WARS1|SARS1|PARS2|EIF2S2|GARS1|SARS2|HARS2","128","1886|1898|1913|1943|316|1889|325|1925|1937|481|1904|1931|319","4.34E-8","","KW-0648","0.5712198270069774","0"
"1494","48","GO Biological Process","","Cellular nitrogen compound biosynthetic process","1.97E-6","NAMPT|WARS2|NARS1|THRA|CAD|NARS2|MARS2|PCLAF|KARS1|TPH2|UPP1|TMLHE|TARS3|WARS1|PNP|DTL|SARS1|PARS2|ENTPD8|UCK1|EIF2S2|NMRK1|ASMT|ASPDH|GARS1|THRB|ADA2|NCOA1|NCOA2|NAPRT|NNMT|ADK|AKT1|ACLY|SARS2-2|SARS2|UPP2|CYP1B1|NMRK2|MGST2|SSU72P4|SSU72P2|SSU72P3|SSU72P7|SSU72P5|SSU72P8|HARS2|MED19","128","247|1886|1898|274|499|1913|1943|2567|316|2603|1982|490|1889|325|250|2561|1925|1937|1952|475|481|1586|4607|2639|1904|277|1958|2099|2105|1574|1250|346|301|394|1919|1931|1994|1100|1568|1313|4715|4739|4727|4733|4709|4721|319|415","1.44E-8","","GO:0044271","0.5705533773838407","0"
"14891","234","GO Cellular Component","","Intracellular anatomical structure","2.04E-6","HDAC7|HSD17B2|SULT2B1|SIRT4|GSTA3|CBX7|CDK5RAP1|STS|USB1|PIK3R2|NAMPT|CYP3A5|SULT1E1|RAD51AP1|PRSS16|WARS2|NT5C1A|MMP8|GSTM2|AHR|AKR1D1|PLA2G12A|NT5C|CDADC1|ALOX12|ABCB7|HSD17B7|GSTM5|TRIM45|NARS1|PHC2|PSMB7|KIF11|MSMO1|SLC6A4|PIK3R3|ASPA|DESI1|DCPS|SRD5A3|THRA|CAD|PI4K2B|PDE8B|BST1|UGT2B10|HPX|PELI2|NCOR1|SRD5A1|SIGMAR1|NARS2|PDE3B|MARS2|AKR1B1|PDE11A|TIMP4|PSMB4|CYP11B1|LTC4S|GRASP|ALOX15|HPGDS|TLR3|SPIDR|DEFA4|MELK|GNPTAB|PCLAF|CYP2A6|CGB5|CYP7A1|UGT1A6|DCXR|UGT2B7|UGT1A1|CKAP2L|UGT2B4|ANKK1|CYP2S1|CYP4A11|SWI5|EZH2|UGT2B17|PELI3|AHRR|CYP2B6|PGR|METAP2|KARS1|CYP11B2|PSMG2|TPH2|UPP1|CYP2A13|UGT2B28|TMLHE|GSTA1|CYP3A7|PSMF1|TARS3|NT5C2|CIR1|UGT2B15|CYP1A2|PTGES|NOXA1|UGT1A10|CPSF4L|SVIP|UGT1A9|WARS1|DHCR7|MMP23B|RXRG|NT5C1B|NTRK3|GSTM3|PNP|TIFA|DTL|HSD11B1|SOAT1|THEM4|PI4KB|HSD3B1|SFR1|GSTM4|PCGF6|CYP17A1|SARS1|CUEDC2|IRAK1|ARMH3|GSTA4|GSTA5|CYP2C8|PARS2|CYP4A22|UCK1|UGT1A4|UGT1A5|UGT1A7|UGT1A8|ZWINT|ALOX5|EIF2S2|NMRK1|PIK3CD|KIN|AKR1C4|AKR1C3|POMP|AKR1C1|PITRM1|ASMT|IDI1|RAD1|SEC13|NT5M|GARS1|RFC4|RAD9B|TIRAP|PRKAR1A|PDE8A|CDKL4|CYP1A1|TYMP|CDKL1|MGST1|CYP19A1|THRB|ADA2|NCOR2|CASTOR1|NCOA1|PSMB11|UGT2B11|RNF212|NT5C3B|KDM4E|CHRM2|NCOA2|NAPRT|ENPP3|EBNA1BP2|LPAR4|CHTF8|TOP2A|UGT1A3|GSTA2|AHRR-2|NT5C1B-RDH14|MROH1|PHC1|SH2B2|CYP2E1|NNMT|ADK|ADGRD1|HSD3B2|SNW1|HSD17B6|AKT1|ACLY|SARS2-2|SARS2|MMP28|UPP2|UGT2A2|NT5C3A|SRD5A2|CYP1B1|NMRK2|HMGN3|MGST2|CPSF1|EPOP|SSU72P4|SSU72P2|SSU72P3|SSU72P7|SSU72P5|SSU72P8|RAD51|HARS2|INPP5F|ENPP1|CYP26C1|MED19|CYP3A4|NR1H2|PIK3CB","128","217|1013|1163|1232|1265|1376|400|1214|1451|1478|247|1088|1118|1853|436|1886|1547|454|1301|2096|1076|2216|1535|457|2291|478|1124|1325|2471|1898|1397|256|265|2414|445|1508|2636|2537|487|1106|274|499|1496|2723|1256|1700|463|2843|1007|1154|493|1913|2237|1943|283|3068|2024|259|1094|3128|3140|2300|1319|292|3239|2030|1871|3266|2567|1346|3413|1226|1022|3062|1034|1016|2555|1718|2597|1283|1694|3899|220|1046|3980|3986|1295|307|484|316|1070|2525|2603|1982|1337|1706|490|1364|1205|2531|1889|1559|4499|1052|331|2228|4649|1058|4706|4754|1742|325|1169|2822|2852|1529|496|1289|250|4952|2561|352|472|4991|418|1133|3905|1277|1382|1148|1925|4085|295|5000|1307|1271|1724|1937|1652|475|1028|1664|1760|1040|1862|358|481|1586|1520|5480|1463|286|2543|1472|442|4607|466|5570|427|1553|1904|373|5579|3233|403|2738|448|337|1973|5669|1331|310|277|1958|1001|5597|2099|1880|1670|5840|2003|430|421|2105|1574|1235|460|5867|5645|268|1733|1370|5675|1541|5951|1388|4880|1178|1250|346|451|1142|439|1064|301|394|1919|1931|2837|1994|1688|2009|1112|1100|1568|5771|1313|433|3914|4715|4739|4727|4733|4709|4721|379|319|1481|1241|1631|415|1082|412|1514","7.98E-9","","GO:0005622","0.5690369832574101","0"
"377","22","GO Molecular Function","","Phosphoric ester hydrolase activity","2.07E-6","NT5C1A|NT5C|PDE8B|PDE3B|PDE11A|NT5C2|NT5C1B|NT5M|PDE8A|NT5C3B|ENPP3|NT5C1B-RDH14|NT5C3A|SSU72P4|SSU72P2|SSU72P3|SSU72P7|SSU72P5|SSU72P8|PDE8B-2|INPP5F|ENPP1","128","1547|1535|2723|2237|3068|1559|1529|1553|2738|2003|1235|1541|2009|4715|4739|4727|4733|4709|4721|5654|1481|1241","1.55E-8","","GO:0042578","0.5684029654543082","0"
"1095","42","COMPARTMENTS","","Endoplasmic reticulum","2.31E-6","HSD17B2|CYP3A5|GSTM2|HSD17B7|SRD5A3|PI4K2B|SIGMAR1|LTC4S|TLR3|CYP2A6|CYP7A1|UGT1A6|UGT1A1|CYP2S1|CYP4A11|CYP2B6|CYP2A13|UGT2B28|PSMF1|CYP1A2|UGT1A10|SVIP|UGT1A9|DHCR7|HSD11B1|SOAT1|HSD3B1|CYP17A1|CYP2C8|UGT1A4|UGT1A7|UGT1A8|SEC13|CYP1A1|MGST1|CYP19A1|UGT1A3|CYP2E1|HSD3B2|NT5C3A|CYP1B1|CYP3A4","128","1013|1088|1301|1124|1106|1496|493|3128|292|1346|1226|1022|1016|1283|1694|1295|1337|1706|2531|331|1058|4754|1742|1169|352|472|1133|1148|1724|1028|1760|1040|427|337|1331|310|1733|1178|1142|2009|1100|1082","1.0E-9","","GOCC:0005783","0.5636388020107856","0"
"168","15","GO Molecular Function","","Ligase activity","2.51E-6","WARS2|NARS1|CAD|NARS2|MARS2|KARS1|TARS3|WARS1|SARS1|PARS2|GARS1|NAPRT|SARS2-2|SARS2|HARS2","128","1886|1898|499|1913|1943|316|1889|325|1925|1937|1904|1574|1919|1931|319","1.94E-8","","GO:0016874","0.5600326278518961","0"
"119","13","GO Biological Process","","Cholesterol metabolic process","2.63E-6","SULT2B1|AKR1D1|HSD17B7|MSMO1|CYP11B1|CYP7A1|CYP11B2|CYP1A2|DHCR7|SOAT1|IDI1|ACLY|CYP3A4","128","1163|1076|1124|2414|1094|1226|1070|331|1169|472|466|394|1082","1.96E-8","","GO:0008203","0.5580044251510242","0"
"9","6","GO Biological Process","","Pyrimidine nucleoside monophosphate catabolic process","2.84E-6","NT5C|UPP1|NT5M|TYMP|UPP2|NT5C3A","128","1535|1982|1553|1973|1994|2009","2.14E-8","","GO:0009131","0.5546681659952962","0"
"43","9","GO Biological Process","","2-deoxyribonucleotide metabolic process","2.89E-6","NT5C1A|NT5C|UPP1|NT5C2|PNP|NT5M|TYMP|ADK|UPP2","128","1547|1535|1982|1559|250|1553|1973|346|1994","2.19E-8","","GO:0009394","0.5539102157243452","0"
"60","10","GO Biological Process","","Ribonucleoside monophosphate metabolic process","3.2E-6","NT5C1A|NT5C|CAD|UPP1|NT5C2|PNP|UCK1|ADK|UPP2|NT5C3A","128","1547|1535|499|1982|1559|250|475|346|1994|2009","2.45E-8","","GO:0009161","0.5494850021680093","0"
"10","6","Reactome Pathways","","Glucocorticoid biosynthesis","3.22E-6","CYP11B1|CYP11B2|HSD11B1|HSD3B1|CYP17A1|HSD3B2","128","1094|1070|352|1133|1148|1142","3.39E-8","","HSA-194002","0.5492144128304168","0"
"176","15","Reactome Pathways","","Fatty acid metabolism","3.22E-6","ALOX12|LTC4S|ALOX15|HPGDS|CYP4A11|CYP1A2|PTGES|THEM4|CYP2C8|CYP4A22|ALOX5|AKR1C3|CYP1A1|ACLY|CYP1B1","128","2291|3128|2300|1319|1694|331|2228|4991|1724|1652|358|286|337|394|1100","3.44E-8","","HSA-8978868","0.5492144128304168","0"
"10","6","Reactome Pathways","","Prednisone ADME","3.22E-6","UGT2B7|UGT2B17|HSD11B1|AKR1C1|UGT1A3|CYP3A4","128","1034|1046|352|1472|1733|1082","3.39E-8","","HSA-9757110","0.5492144128304168","0"
"79","11","GO Molecular Function","","Monocarboxylic acid binding","3.27E-6","GSTM2|UGT1A1|GSTA1|UGT1A9|UGT1A7|UGT1A8|AKR1C4|AKR1C3|AKR1C1|UGT1A3|CYP26C1","128","1301|1016|1364|1742|1760|1040|1463|286|1472|1733|1631","2.59E-8","","GO:0033293","0.5485452247339714","0"
"7","6","Pfam","","Ssu72-like protein","3.47E-6","SSU72P4|SSU72P2|SSU72P3|SSU72P7|SSU72P5|SSU72P8","128","4715|4739|4727|4733|4709|4721","7.5E-9","","PF04722","0.5459670525209126","0"
"7","6","InterPro Domains","","RNA polymerase II subunit A","3.85E-6","SSU72P4|SSU72P2|SSU72P3|SSU72P7|SSU72P5|SSU72P8","128","4715|4739|4727|4733|4709|4721","7.5E-9","","IPR006811","0.5414539270491499","0"
"7","6","InterPro Domains","","Phosphotyrosine protein phosphatase I superfamily","3.85E-6","SSU72P4|SSU72P2|SSU72P3|SSU72P7|SSU72P5|SSU72P8","128","4715|4739|4727|4733|4709|4721","7.5E-9","","IPR036196","0.5414539270491499","0"
"10","6","GO Molecular Function","","Retinoic acid 4-hydroxylase activity","4.18E-6","CYP3A5|CYP2S1|CYP3A7|CYP2C8|CYP26C1|CYP3A4","128","1088|1283|1205|1724|1631|1082","3.39E-8","","GO:0008401","0.5378823718224964","0"
"11","6","Reactome Pathways","","Androgen biosynthesis","4.38E-6","SRD5A3|SRD5A1|HSD3B1|CYP17A1|HSD3B2|SRD5A2","128","1106|1154|1133|1148|1142|1112","5.18E-8","","HSA-193048","0.53585258894959","0"
"11","6","Reactome Pathways","","CYP2E1 reactions","4.38E-6","CYP2A6|CYP2S1|CYP2B6|CYP2A13|CYP2C8|CYP2E1","128","1346|1283|1295|1337|1724|1178","5.18E-8","","HSA-211999","0.53585258894959","0"
"34","8","Reactome Pathways","","Metabolic disorders of biological oxidation enzymes","4.86E-6","CYP11B1|UGT1A1|CYP11B2|CYP17A1|UGT1A4|CYP19A1|CYP1B1|CYP26C1","128","1094|1016|1070|1148|1028|310|1100|1631","6.17E-8","","HSA-5579029","0.5313363730737707","0"
"709","30","GO Molecular Function","","Protein homodimerization activity","4.92E-6","GSTM2|AHR|CDADC1|ABCB7|HPGDS|DEFA4|UGT1A6|UGT1A1|KARS1|PSMF1|UGT1A10|UGT1A9|WARS1|GSTM3|HSD11B1|GSTM4|SARS1|IRAK1|GSTA4|UGT1A4|UGT1A7|UGT1A8|ASMT|TYMP|ADA2|TOP2A|UGT1A3|AKT1|INPP5F|ENPP1","128","1301|2096|457|478|1319|2030|1022|1016|316|2531|1058|1742|325|1289|352|1277|1925|295|1307|1028|1760|1040|4607|1973|1958|268|1733|301|1481|1241","4.09E-8","","GO:0042803","0.530803489723264","0"
"547","26","GO Biological Process","","Peptide metabolic process","5.05E-6","GSTA3|WARS2|GSTM2|GSTM5|NARS1|NARS2|MARS2|HPGDS|KARS1|GSTA1|TARS3|WARS1|GSTM3|GSTM4|SARS1|GSTA4|GSTA5|PARS2|EIF2S2|ASMT|GARS1|GSTA2|SARS2-2|SARS2|MGST2|HARS2","128","1265|1886|1301|1325|1898|1913|1943|1319|316|1364|1889|325|1289|1277|1925|1307|1271|1937|481|4607|1904|1370|1919|1931|1313|319","3.96E-8","","GO:0006518","0.5296708621881339","0"
"20","7","STRING Clusters","","Aminoacyl-tRNA synthetase","5.44E-6","WARS2|MARS2|TARS3|WARS1|PARS2|GARS1|HARS2","128","1886|1943|1889|325|1937|1904|319","4.28E-8","","CL:801","0.5264401100301821","0"
"29","7","KEGG Pathways","","Linoleic acid metabolism","5.56E-6","PLA2G12A|ALOX15|CYP1A2|CYP2C8|PLA2G2D|CYP2E1|CYP3A4","128","2216|2300|331|1724|361|1178|1082","3.64E-7","","hsa00591","0.5254925208417942","0"
"551","26","GO Biological Process","","Organophosphate biosynthetic process","5.76E-6","PIK3R2|NAMPT|PIK3R3|SRD5A3|CAD|PI4K2B|ALOX15|KARS1|UPP1|PNP|PI4KB|ENTPD8|UCK1|NMRK1|PIK3CD|IDI1|ASPDH|GARS1|NAPRT|NNMT|ADK|ACLY|UPP2|NMRK2|INPP5F|PIK3CB","128","1478|247|1508|1106|499|1496|2300|316|1982|250|418|1952|475|1586|1520|466|2639|1904|1574|1250|346|394|1994|1568|1481|1514","4.55E-8","","GO:0090407","0.5239577516576788","0"
"11","6","GO Molecular Function","","Testosterone dehydrogenase [NAD(P)] activity","6.08E-6","HSD17B2|AKR1C4|AKR1C3|AKR1C1|HSD17B6|SRD5A2","128","1013|1463|286|1472|1064|1112","5.18E-8","","GO:0030283","0.5216096420727265","0"
"6","6","DISEASES","","Kernicterus","6.25E-6","UGT1A6|UGT1A1|UGT1A10|UGT1A4|UGT1A7|UGT1A8","128","1022|1016|1058|1028|1760|1040","4.08E-9","","DOID:2382","0.5204119982655925","0"
"6","6","DISEASES","","Crigler-Najjar syndrome","6.25E-6","UGT1A6|UGT1A1|UGT1A10|UGT1A4|UGT1A7|UGT1A8","128","1022|1016|1058|1028|1760|1040","4.08E-9","","DOID:3803","0.5204119982655925","0"
"11","6","GO Biological Process","","Dephosphorylation of RNA polymerase II C-terminal domain","6.5E-6","SSU72P4|SSU72P2|SSU72P3|SSU72P7|SSU72P5|SSU72P8","128","4715|4739|4727|4733|4709|4721","5.18E-8","","GO:0070940","0.5187086643357144","0"
"7","6","DISEASES","","Neonatal jaundice","6.89E-6","UGT1A6|UGT1A1|UGT1A10|UGT1A4|UGT1A7|UGT1A8","128","1022|1016|1058|1028|1760|1040","7.5E-9","","DOID:2383","0.5161780778092374","0"
"21","7","GO Biological Process","","Linoleic acid metabolic process","7.03E-6","GSTM2|ALOX12|ALOX15|CYP4A11|GSTA1|CYP4A22|ALOX5","128","1301|2291|2300|1694|1364|1652|358","5.65E-8","","GO:0043651","0.5153044674980176","0"
"985","36","GO Biological Process","","Heterocycle biosynthetic process","7.31E-6","NAMPT|THRA|CAD|PCLAF|KARS1|TPH2|UPP1|PNP|DTL|SARS1|ENTPD8|UCK1|ALOX5|NMRK1|ASMT|ASPDH|GARS1|THRB|ADA2|NCOA1|NCOA2|NAPRT|NNMT|ADK|ACLY|SARS2-2|SARS2|UPP2|NMRK2|SSU72P4|SSU72P2|SSU72P3|SSU72P7|SSU72P5|SSU72P8|MED19","128","247|274|499|2567|316|2603|1982|250|2561|1925|1952|475|358|1586|4607|2639|1904|277|1958|2099|2105|1574|1250|346|394|1919|1931|1994|1568|4715|4739|4727|4733|4709|4721|415","5.92E-8","","GO:0018130","0.513608262304214","0"
"49","9","GO Biological Process","","Icosanoid biosynthetic process","7.31E-6","LTC4S|HPGDS|CYP4A11|PTGES|CYP2C8|CYP4A22|ALOX5|AKR1C3|MGST2","128","3128|1319|1694|2228|1724|1652|358|286|1313","5.93E-8","","GO:0046456","0.513608262304214","0"
"1620","49","GO Biological Process","","Cellular catabolic process","7.61E-6","CYP3A5|NT5C1A|GSTM2|AKR1D1|NT5C|CDADC1|PSMB7|ASPA|DCPS|SRD5A3|PDE8B|PSMB4|CYP2A6|ENTPD3|UGT1A1|CYP4A11|CYP2B6|UPP1|PSMF1|NT5C2|CYP1A2|NT5C1B|GSTM3|PNP|DTL|GSTM4|CYP2C8|ENTPD8|UGT1A4|AKR1C3|NT5M|PDE8A|CYP1A1|TYMP|ADA2|NT5C3B|ENPP3|HSD17B6|AKT1|UPP2|NT5C3A|CYP1B1|MGST2|PDE8B-2|INPP5F|ENPP1|CYP26C1|CYP3A4|PIK3CB","128","1088|1547|1301|1076|1535|457|256|2636|487|1106|2723|259|1346|3008|1016|1694|1295|1982|2531|1559|331|1529|1289|250|2561|1277|1724|1952|1028|286|1553|2738|337|1973|1958|2003|1235|1064|301|1994|2009|1100|1313|5654|1481|1241|1631|1082|1514","6.26E-8","","GO:0044248","0.5118615343229427","0"
"810","32","GO Biological Process","","Cellular amide metabolic process","7.75E-6","GSTA3|WARS2|NT5C1A|GSTM2|NT5C|GSTM5|NARS1|NARS2|MARS2|HPGDS|KARS1|GSTA1|TARS3|NT5C2|WARS1|GSTM3|PNP|GSTM4|SARS1|GSTA4|GSTA5|PARS2|EIF2S2|ASMT|GARS1|GSTA2|NNMT|ACLY|SARS2-2|SARS2|MGST2|HARS2","128","1265|1886|1547|1301|1535|1325|1898|1913|1943|1319|316|1364|1889|1559|325|1289|250|1277|1925|1307|1271|1937|481|4607|1904|1370|1250|394|1919|1931|1313|319","6.43E-8","","GO:0043603","0.511069829749369","0"
"26","7","UniProt Keywords","","Nucleotide metabolism","8.09E-6","NT5C1A|NT5C|NT5C2|NT5C1B|NT5M|NT5C3B|NT5C3A","128","1547|1535|1559|1529|1553|2003|2009","1.93E-7","","KW-0546","0.5092051478387727","0"
"9","6","Pfam","","tRNA synthetase class II core domain (G, H, P, S and T)","8.25E-6","TARS3|SARS1|PARS2|GARS1|SARS2-2|SARS2","128","1889|1925|1937|1904|1919|1931","2.14E-8","","PF00587","0.5083546051450074","0"
"15","6","WikiPathways","","Fatty acid omega-oxidation","8.93E-6","CYP2A6|CYP4A11|CYP1A2|CYP1A1|CYP2E1|CYP3A4","128","1346|1694|331|337|1178|1082","2.17E-7","","WP206","0.5049148541111453","0"
"24","7","Reactome Pathways","","Synthesis of bile acids and bile salts via 7alpha-hydroxycholesterol","9.23E-6","AKR1D1|CYP7A1|AKR1C4|AKR1C3|AKR1C1|NCOA1|NCOA2","128","1076|1226|1463|286|1472|2099|2105","1.21E-7","","HSA-193368","0.5034798298974088","0"
"9","6","InterPro Domains","","Aminoacyl-tRNA synthetase, class II (G/ P/ S/T)","9.61E-6","TARS3|SARS1|PARS2|GARS1|SARS2-2|SARS2","128","1889|1925|1937|1904|1919|1931","2.14E-8","","IPR002314","0.5017276612331455","0"
"117","12","Reactome Pathways","","PPARA activates gene expression","9.65E-6","AHR|NCOR1|CYP7A1|CYP4A11|AHRR|UGT1A9|CYP1A1|NCOR2|NCOA1|NCOA2|MED19|NR1H2","128","2096|1007|1226|1694|3986|1742|337|1001|2099|2105|415|412","1.31E-7","","HSA-1989781","0.5015472686656207","0"
"8","6","DISEASES","","Cholelithiasis","9.94E-6","UGT1A6|UGT1A1|UGT1A10|UGT1A4|UGT1A7|UGT1A8","128","1022|1016|1058|1028|1760|1040","1.3E-8","","DOID:10211","0.5002613615602687","0"
"5","5","GO Molecular Function","","Enone reductase activity","1.01E-5","AKR1D1|SRD5A3|SRD5A1|AKR1C3|SRD5A2","128","1076|1106|1154|286|1112","8.79E-8","","GO:0035671","0.4995678626217358","0"
"5","5","GO Molecular Function","","Estrogen 2-hydroxylase activity","1.01E-5","CYP2B6|CYP3A7|CYP1A2|CYP1A1|CYP3A4","128","1295|1205|331|337|1082","8.79E-8","","GO:0101021","0.4995678626217358","0"
"5","5","GO Biological Process","","Flavonoid glucuronidation","1.05E-5","UGT1A1|UGT1A9|UGT1A7|UGT1A8|UGT1A3","128","1016|1742|1760|1040|1733","8.79E-8","","GO:0052696","0.4978810700930062","0"
"5","5","STRING Clusters","","Flavonoid glucuronidation","1.09E-5","UGT1A6|UGT1A1|UGT1A9|UGT1A8|UGT1A3","128","1022|1016|1742|1040|1733","8.79E-8","","CL:9436","0.49625735020593764","0"
"2404","63","GO Molecular Function","","Anion binding","1.11E-5","SIRT4|WARS2|GSTM2|ABCB7|NARS1|KIF11|CAD|PI4K2B|SRD5A1|NARS2|MARS2|PDE11A|ALOX15|MELK|ENTPD3|UGT1A1|ANKK1|KARS1|GSTA1|TARS3|NT5C2|PTGES|UGT1A9|WARS1|NTRK3|GSTM3|PNP|PI4KB|GSTM4|SARS1|IRAK1|PARS2|ENTPD8|UCK1|UGT1A7|UGT1A8|NMRK1|PIK3CD|AKR1C4|AKR1C3|AKR1C1|GARS1|RFC4|TIRAP|PRKAR1A|CDKL4|CDKL1|CASTOR1|LPAR4|TOP2A|UGT1A3|ADK|AKT1|ACLY|SARS2-2|SARS2|NMRK2|MGST2|RAD51|HARS2|ENPP1|CYP26C1|PIK3CB","128","1232|1886|1301|478|1898|265|499|1496|1154|1913|1943|3068|2300|1871|3008|1016|2597|316|1364|1889|1559|2228|1742|325|496|1289|250|418|1277|1925|295|1937|1952|475|1760|1040|1586|1520|1463|286|1472|1904|373|3233|403|448|5669|5597|5867|268|1733|346|301|394|1919|1931|1568|1313|379|319|1241|1631|1514","1.01E-7","","GO:0043168","0.49546770212133423","0"
"23","7","GO Biological Process","","Purine ribonucleoside metabolic process","1.13E-5","NT5C1A|NT5C2|NT5C1B|PNP|ADA2|NT5C1B-RDH14|ADK","128","1547|1559|1529|250|1958|1541|346","9.5E-8","","GO:0046128","0.494692155651658","0"
"13","6","GO Molecular Function","","RNA polymerase II CTD heptapeptide repeat phosphatase activity","1.19E-5","SSU72P4|SSU72P2|SSU72P3|SSU72P7|SSU72P5|SSU72P8","128","4715|4739|4727|4733|4709|4721","1.11E-7","","GO:0008420","0.4924453038607469","0"
"53","9","GO Biological Process","","Pyrimidine nucleotide metabolic process","1.27E-5","NT5C|CAD|UPP1|UCK1|NT5M|TYMP|ENPP3|UPP2|NT5C3A","128","1535|499|1982|475|1553|1973|1235|1994|2009","1.08E-7","","GO:0006220","0.4896196279044043","0"
"53","9","GO Biological Process","","Ribonucleotide catabolic process","1.27E-5","NT5C1A|NT5C|PDE8B|UPP1|NT5C2|PNP|PDE8A|NT5C3A|PDE8B-2","128","1547|1535|2723|1982|1559|250|2738|2009|5654","1.08E-7","","GO:0009261","0.4896196279044043","0"
"13","6","GO Biological Process","","Termination of RNA polymerase II transcription","1.29E-5","SSU72P4|SSU72P2|SSU72P3|SSU72P7|SSU72P5|SSU72P8","128","4715|4739|4727|4733|4709|4721","1.11E-7","","GO:0006369","0.48894102897007513","0"
"2881","74","TISSUES","","Digestive gland","1.37E-5","HDAC7|HSD17B2|NAMPT|CYP3A5|SULT1E1|AHR|AKR1D1|UGT2A3|NARS1|PSMB7|MSMO1|CAD|UGT2B10|HPX|NCOR1|SIGMAR1|PDE3B|PSMB4|TLR3|CYP2A6|CYP7A1|UGT1A6|DCXR|UGT2B7|UGT1A1|UGT2B4|CYP4A11|EZH2|UGT2B17|CYP2B6|METAP2|GSTA1|PSMF1|UGT2B15|CYP1A2|UGT1A9|DHCR7|PNP|HSD11B1|SARS1|GSTA4|CYP2C8|CYP4A22|UGT1A4|UGT1A8|EIF2S2|PLA2G2D|AKR1C4|AKR1C3|AKR1C1|PITRM1|IDI1|SEC13|GARS1|PRKAR1A|PDE8A|CYP1A1|TYMP|MGST1|NCOR2|NCOA1|EBNA1BP2|UGT1A3|GSTA2|CYP2E1|NNMT|ADK|SNW1|HSD17B6|AKT1|ACLY|MGST2|ENPP1|CYP3A4","128","217|1013|247|1088|1118|2096|1076|1679|1898|256|2414|499|1700|463|1007|493|2237|259|292|1346|1226|1022|3062|1034|1016|1718|1694|220|1046|1295|484|1364|2531|1052|331|1742|1169|250|352|1925|1307|1724|1652|1028|1040|481|361|1463|286|1472|442|466|427|1904|403|2738|337|1973|1331|1001|2099|460|1733|1370|1178|1250|346|439|1064|301|394|1313|1241|1082","1.13E-8","","BTO:0000345","0.48632794328435935","0"
"27","7","Reactome Pathways","","Paracetamol ADME","1.66E-5","SULT1E1|UGT1A6|UGT1A1|UGT2B15|UGT1A10|UGT1A9|CYP2E1","128","1118|1022|1016|1052|1058|1742|1178","2.4E-7","","HSA-9753281","0.4779891911959945","0"
"3702","83","UniProt Keywords","","Metal-binding","1.69E-5","HDAC7|SIRT4|CDK5RAP1|STS|CYP3A5|MMP8|PLA2G12A|NT5C|CDADC1|ALOX12|TRIM45|PHC2|MMP20|SLC6A4|ASPA|THRA|CAD|PDE8B|HPX|PDE3B|PDE11A|FRRS1|TIMP4|CYP11B1|ALOX15|HPGDS|GNPTAB|CYP2A6|CYP7A1|CYP2S1|ADAT1|CYP4A11|CYP2B6|PGR|METAP2|CYP11B2|TPH2|CYP2A13|TMLHE|CYP3A7|NT5C2|CYP1A2|CPSF4L|MMP23B|RXRG|MMP21|PCGF6|CYP17A1|CYP2C8|ENTPD8|CYP4A22|ALOX5|EIF2S2|PLA2G2D|NMRK1|KIN|MMP26|PITRM1|IDI1|NT5M|PDE8A|CYP1A1|CYP19A1|THRB|ADA2|RNF212|NT5C3B|KDM4E|NAPRT|ENPP3|TOP2A|PHC1|CYP2E1|ADK|ACLY|MMP28|NT5C3A|CYP1B1|NMRK2|ENPP1|CYP26C1|CYP3A4|NR1H2","128","217|1232|400|1214|1088|454|2216|1535|457|2291|2471|1397|2549|445|2636|274|499|2723|463|2237|3068|2816|2024|1094|2300|1319|3266|1346|1226|1283|3824|1694|1295|307|484|1070|2603|1337|490|1205|1559|331|4706|2822|2852|2810|1382|1148|1724|1952|1652|358|481|361|1586|5480|2831|442|466|1553|2738|337|310|277|1958|5840|2003|430|1574|1235|268|1388|1178|346|394|2837|2009|1100|1568|1241|1631|1082|412","4.27E-7","","KW-0479","0.4772113295386326","0"
"170","14","GO Biological Process","","Carbohydrate derivative catabolic process","1.7E-5","NT5C1A|NT5C|CDADC1|PDE8B|UPP1|NT5C2|PNP|NT5M|PDE8A|TYMP|ADA2|UPP2|NT5C3A|PDE8B-2","128","1547|1535|457|2723|1982|1559|250|1553|2738|1973|1958|1994|2009|5654","1.47E-7","","GO:1901136","0.4769551078621726","0"
"30","7","WikiPathways","","Matrix metalloproteinases","1.73E-5","MMP8|MMP20|TIMP4|MMP23B|MMP21|MMP26|MMP28","128","454|2549|2024|2822|2810|2831|2837","4.44E-7","","WP129","0.4761953896871205","0"
"199","15","GO Biological Process","","tRNA metabolic process","1.77E-5","CDK5RAP1|WARS2|NARS1|NARS2|MARS2|ADAT1|KARS1|TARS3|WARS1|SARS1|PARS2|GARS1|SARS2-2|SARS2|HARS2","128","400|1886|1898|1913|1943|3824|316|1889|325|1925|1937|1904|1919|1931|319","1.54E-7","","GO:0006399","0.4752026733638194","0"
"39","8","GO Biological Process","","Prostaglandin metabolic process","1.77E-5","AKR1B1|HPGDS|CYP2S1|GSTA1|PTGES|AKR1C4|AKR1C3|AKR1C1","128","283|1319|1283|1364|2228|1463|286|1472","1.55E-7","","GO:0006693","0.4752026733638194","0"
"6","5","GO Biological Process","","Flavone metabolic process","1.79E-5","UGT1A1|UGT1A10|UGT1A9|UGT1A7|UGT1A8","128","1016|1058|1742|1760|1040","1.59E-7","","GO:0051552","0.4747146969020107","0"
"120","11","KEGG Pathways","","Thyroid hormone signaling pathway","1.8E-5","PIK3R2|PIK3R3|THRA|NCOR1|RXRG|PIK3CD|THRB|NCOA1|NCOA2|AKT1|PIK3CB","128","1478|1508|274|1007|2852|1520|277|2099|2105|301|1514","1.23E-6","","hsa04919","0.47447274948966933","0"
"56","9","GO Biological Process","","Purine-containing compound catabolic process","1.83E-5","NT5C1A|NT5C|PDE8B|NT5C2|NT5C1B|PNP|PDE8A|ADA2|PDE8B-2","128","1547|1535|2723|1559|1529|250|2738|1958|5654","1.64E-7","","GO:0072523","0.473754891026957","0"
"762","30","GO Biological Process","","Response to hormone","2.04E-5","PIK3R2|PTGER2|PIK3R3|THRA|SRD5A1|PDE3B|TIMP4|CYP11B1|CGB5|UGT1A1|PGR|CYP11B2|TPH2|RXRG|NTRK3|GSTM3|HSD3B1|SFR1|AKR1C4|AKR1C3|AKR1C1|THRB|NCOA1|NCOA2|SH2B2|HSD3B2|AKT1|SRD5A2|CYP1B1|ENPP1","128","1478|469|1508|274|1154|2237|2024|1094|3413|1016|307|1070|2603|2852|496|1289|1133|3905|1463|286|1472|277|2099|2105|4880|1142|301|1112|1100|1241","1.84E-7","","GO:0009725","0.46903698325741006","0"
"765","30","GO Molecular Function","","Hydrolase activity, acting on ester bonds","2.1E-5","STS|USB1|NT5C1A|PLA2G12A|NT5C|ASPA|DCPS|PDE8B|PDE3B|PDE11A|NT5C2|NT5C1B|THEM4|PLA2G2D|RAD1|NT5M|PDE8A|NT5C3B|ENPP3|NT5C1B-RDH14|NT5C3A|SSU72P4|SSU72P2|SSU72P3|SSU72P7|SSU72P5|SSU72P8|PDE8B-2|INPP5F|ENPP1","128","1214|1451|1547|2216|1535|2636|487|2723|2237|3068|1559|1529|4991|361|5570|1553|2738|2003|1235|1541|2009|4715|4739|4727|4733|4709|4721|5654|1481|1241","2.0E-7","","GO:0016788","0.467778070526608","0"
"992","35","GO Biological Process","","Aromatic compound biosynthetic process","2.29E-5","NAMPT|THRA|CAD|PCLAF|KARS1|TPH2|UPP1|PNP|DTL|SARS1|ENTPD8|UCK1|NMRK1|ASMT|ASPDH|GARS1|THRB|ADA2|NCOA1|NCOA2|NAPRT|NNMT|ADK|ACLY|SARS2-2|SARS2|UPP2|NMRK2|SSU72P4|SSU72P2|SSU72P3|SSU72P7|SSU72P5|SSU72P8|MED19","128","247|274|499|2567|316|2603|1982|250|2561|1925|1952|475|1586|4607|2639|1904|277|1958|2099|2105|1574|1250|346|394|1919|1931|1994|1568|4715|4739|4727|4733|4709|4721|415","2.09E-7","","GO:0019438","0.46401645176601114","0"
"15","6","GO Biological Process","","Ribonucleoside monophosphate catabolic process","2.37E-5","NT5C1A|NT5C|UPP1|NT5C2|PNP|NT5C3A","128","1547|1535|1982|1559|250|2009","2.17E-7","","GO:0009158","0.46252516539898963","0"
"15","6","GO Biological Process","","Tertiary alcohol metabolic process","2.37E-5","AKR1B1|CYP11B1|CYP11B2|AKR1C4|AKR1C3|AKR1C1","128","283|1094|1070|1463|286|1472","2.17E-7","","GO:1902644","0.46252516539898963","0"
"1094","37","GO Molecular Function","","Protein dimerization activity","2.56E-5","PIK3R2|GSTM2|AHR|CDADC1|ABCB7|NARS1|HPGDS|DEFA4|UGT1A6|UGT1A1|AHRR|KARS1|PSMF1|UGT1A10|UGT1A9|WARS1|GSTM3|HSD11B1|GSTM4|SARS1|IRAK1|GSTA4|UGT1A4|UGT1A7|UGT1A8|ASMT|GARS1|TYMP|ADA2|NCOA1|NCOA2|TOP2A|UGT1A3|AHRR-2|AKT1|INPP5F|ENPP1","128","1478|1301|2096|457|478|1898|1319|2030|1022|1016|3986|316|2531|1058|1742|325|1289|352|1277|1925|295|1307|1028|1760|1040|4607|1904|1973|1958|2099|2105|268|1733|5675|301|1481|1241","2.49E-7","","GO:0046983","0.4591760034688151","0"
"7","5","GO Molecular Function","","XMP 5-nucleosidase activity","2.72E-5","NT5C1A|NT5C2|NT5C1B|NT5C3B|NT5C3A","128","1547|1559|1529|2003|2009","2.7E-7","","GO:0106411","0.45654310959658007","0"
"8","5","Reactome Pathways","","Biosynthesis of maresins","2.92E-5","CYP1A2|CYP2C8|ALOX5|CYP2E1|CYP3A4","128","331|1724|358|1178|1082","4.35E-7","","HSA-9018682","0.4534617148551582","0"
"181","16","Monarch Phenotype","","Blood metabolite measurement","3.0E-5","CYP3A5|AHR|AKR1D1|UGT1A6|UGT1A1|CYP4A11|UGT1A10|UGT1A9|THEM4|CYP2C8|UGT1A4|UGT1A5|UGT1A7|UGT1A8|AKR1C4|UGT1A3","128","1088|2096|1076|1022|1016|1694|1058|1742|4991|1724|1028|1664|1760|1040|1463|1733","7.37E-9","","EFO:0005664","0.45228787452803376","0"
"913","33","GO Biological Process","","Nucleobase-containing compound biosynthetic process","3.06E-5","NAMPT|THRA|CAD|PCLAF|KARS1|UPP1|PNP|DTL|SARS1|ENTPD8|UCK1|NMRK1|ASPDH|GARS1|THRB|ADA2|NCOA1|NCOA2|NAPRT|NNMT|ADK|ACLY|SARS2-2|SARS2|UPP2|NMRK2|SSU72P4|SSU72P2|SSU72P3|SSU72P7|SSU72P5|SSU72P8|MED19","128","247|274|499|2567|316|1982|250|2561|1925|1952|475|1586|2639|1904|277|1958|2099|2105|1574|1250|346|394|1919|1931|1994|1568|4715|4739|4727|4733|4709|4721|415","2.85E-7","","GO:0034654","0.45142785735184204","0"
"16","6","GO Biological Process","","Pyrimidine ribonucleoside monophosphate metabolic process","3.15E-5","NT5C|CAD|UPP1|UCK1|UPP2|NT5C3A","128","1535|499|1982|475|1994|2009","2.95E-7","","GO:0009173","0.4501689446210399","0"
"28","7","GO Biological Process","","Deoxyribonucleotide catabolic process","3.15E-5","NT5C1A|NT5C|UPP1|PNP|NT5M|TYMP|UPP2","128","1547|1535|1982|250|1553|1973|1994","2.97E-7","","GO:0009264","0.4501689446210399","0"
"489","23","GO Biological Process","","Cellular response to hormone stimulus","3.15E-5","PIK3R2|PTGER2|PIK3R3|THRA|SRD5A1|PDE3B|CYP11B1|CGB5|UGT1A1|PGR|CYP11B2|RXRG|SFR1|AKR1C4|AKR1C3|AKR1C1|THRB|NCOA1|NCOA2|SH2B2|AKT1|CYP1B1|ENPP1","128","1478|469|1508|274|1154|2237|1094|3413|1016|307|1070|2852|3905|1463|286|1472|277|2099|2105|4880|301|1100|1241","2.99E-7","","GO:0032870","0.4501689446210399","0"
"28","7","GO Biological Process","","Benzene-containing compound metabolic process","3.15E-5","GSTM2|UGT1A1|GSTM3|GSTM4|CYP2E1|SRD5A2|CYP1B1","128","1301|1016|1289|1277|1178|1112|1100","2.97E-7","","GO:0042537","0.4501689446210399","0"
"28","7","GO Biological Process","","Deoxyribose phosphate catabolic process","3.15E-5","NT5C1A|NT5C|UPP1|PNP|NT5M|TYMP|UPP2","128","1547|1535|1982|250|1553|1973|1994","2.97E-7","","GO:0046386","0.4501689446210399","0"
"18","6","Reactome Pathways","","Aflatoxin activation and detoxification","3.4E-5","CYP3A5|CYP2A13|CYP1A2|MGST1|MGST2|CYP3A4","128","1088|1337|331|1331|1313|1082","5.21E-7","","HSA-5423646","0.4468521082957745","0"
"16","6","STRING Clusters","","Nicotinate and nicotinamide metabolism","3.47E-5","SIRT4|NAMPT|BST1|NMRK1|NAPRT|NMRK2","128","1232|247|1256|1586|1574|1568","2.95E-7","","CL:10910","0.4459670525209126","0"
"82","10","GO Biological Process","","Pyrimidine-containing compound metabolic process","3.55E-5","NT5C|CDADC1|CAD|UPP1|UCK1|NT5M|TYMP|ENPP3|UPP2|NT5C3A","128","1535|457|499|1982|475|1553|1973|1235|1994|2009","3.46E-7","","GO:0072527","0.44497716469449056","0"
"10","5","WikiPathways","","Steroid biosynthesis","3.69E-5","HSD17B2|HSD17B7|HSD3B1|CYP17A1|HSD3B2","128","1013|1124|1133|1148|1142","9.93E-7","","WP496","0.4432973633840939","0"
"5","5","InterPro Domains","","Glutathione S-transferase, alpha class","3.71E-5","GSTA3|GSTA1|GSTA4|GSTA5|GSTA2","128","1265|1364|1307|1271|1370","8.79E-8","","IPR003080","0.44306260903849537","0"
"346","19","GO Biological Process","","Regulation of lipid metabolic process","3.78E-5","SIRT4|THRA|PDE8B|NCOR1|PDE3B|CYP7A1|UGT1A6|UGT1A1|UGT1A10|UGT1A9|DHCR7|UGT1A4|UGT1A7|UGT1A8|AKR1C3|NCOA2|UGT1A3|AKT1|NR1H2","128","1232|274|2723|1007|2237|1226|1022|1016|1058|1742|1169|1028|1760|1040|286|2105|1733|301|412","3.72E-7","","GO:0019216","0.44225082001627747","0"
"158","13","GO Biological Process","","Regulation of cellular carbohydrate metabolic process","4.22E-5","NCOR1|UGT1A6|UGT1A1|UGT1A10|UGT1A9|UGT1A4|UGT1A7|UGT1A8|NCOA2|UGT1A3|NNMT|AKT1|ENPP1","128","1007|1022|1016|1058|1742|1028|1760|1040|2105|1733|1250|301|1241","4.17E-7","","GO:0010675","0.4374687549038326","0"
"9","5","Reactome Pathways","","Synthesis of (16-20)-hydroxyeicosatetraenoic acids (HETE)","4.24E-5","CYP4A11|CYP1A2|CYP2C8|CYP1A1|CYP1B1","128","1694|331|1724|337|1100","6.69E-7","","HSA-2142816","0.4372634143407267","0"
"9","5","Reactome Pathways","","NR1H2 & NR1H3 regulate gene expression to control bile acid homeostasis","4.24E-5","NCOR1|NCOR2|NCOA1|UGT1A3|NR1H2","128","1007|1001|2099|1733|412","6.69E-7","","HSA-9623433","0.4372634143407267","0"
"8","5","GO Biological Process","","Pyrimidine deoxyribonucleoside monophosphate catabolic process","4.37E-5","NT5C|UPP1|NT5M|TYMP|UPP2","128","1535|1982|1553|1973|1994","4.35E-7","","GO:0009178","0.4359518563029578","0"
"8","5","GO Biological Process","","Coumarin metabolic process","4.37E-5","CYP2A6|CYP2A13|UGT1A7|UGT1A8|CYP1A1","128","1346|1337|1760|1040|337","4.35E-7","","GO:0009804","0.4359518563029578","0"
"11","5","WikiPathways","","Alternative pathway of fetal androgen synthesis","5.07E-5","CYP17A1|AKR1C4|HSD3B2|HSD17B6|SRD5A2","128","1148|1463|1142|1064|1112","1.43E-6","","WP4524","0.4294992040666664","0"
"18","6","GO Biological Process","","Toxin metabolic process","5.14E-5","CYP3A5|CYP2A13|CYP1A2|CYP1A1|CYP1B1|CYP3A4","128","1088|1337|331|337|1100|1082","5.21E-7","","GO:0009404","0.42890368810047247","0"
"11","5","UniProt Keywords","","Steroidogenesis","5.33E-5","CYP11B1|CYP11B2|HSD3B1|CYP17A1|HSD3B2","128","1094|1070|1133|1148|1142","1.43E-6","","KW-0755","0.42732727909734275","0"
"150","12","UniProt Keywords","","Fatty acid metabolism","5.44E-5","ALOX12|ALOX15|HPGDS|CYP2S1|CYP4A11|CYP1A2|PTGES|THEM4|CYP1A1|CYP2E1|CYP1B1|CYP3A4","128","2291|2300|1319|1283|1694|331|2228|4991|337|1178|1100|1082","1.54E-6","","KW-0276","0.42644011003018206","0"
"58","10","Monarch Phenotype","","Response to tenofovir","5.6E-5","UGT1A6|UGT1A1|NT5C2|UGT1A10|UGT1A9|UGT1A4|UGT1A5|UGT1A7|UGT1A8|UGT1A3","128","1022|1016|1559|1058|1742|1028|1664|1760|1040|1733","1.84E-8","","EFO:0009279","0.4251811972993799","0"
"23","6","WikiPathways","","Eicosanoid synthesis","5.91E-5","ALOX12|LTC4S|ALOX15|PTGES|ALOX5|AKR1C3","128","2291|3128|2300|2228|358|286","1.74E-6","","WP167","0.4228412519118745","0"
"290","17","GO Biological Process","","Cellular amino acid metabolic process","6.49E-5","SIRT4|WARS2|NARS1|ASPA|CAD|NARS2|MARS2|KARS1|TPH2|TARS3|WARS1|SARS1|PARS2|GARS1|SARS2-2|SARS2|HARS2","128","1232|1886|1898|2636|499|1913|1943|316|2603|1889|325|1925|1937|1904|1919|1931|319","6.62E-7","","GO:0006520","0.41877553031996306","0"
"12","5","WikiPathways","","Irinotecan pathway","6.52E-5","CYP3A5|UGT1A1|UGT1A10|UGT1A9|CYP3A4","128","1088|1016|1058|1742|1082","2.0E-6","","WP229","0.41857524042680794","0"
"19","6","GO Molecular Function","","3,5-cyclic-AMP phosphodiesterase activity","6.56E-5","PDE8B|PDE3B|PDE11A|PDE8A|PDE8B-2|ENPP1","128","2723|2237|3068|2738|5654|1241","6.79E-7","","GO:0004115","0.41830961606243394","0"
"19","6","GO Molecular Function","","Estradiol 17-beta-dehydrogenase activity","6.56E-5","HSD17B2|HSD17B7|AKR1C4|AKR1C3|AKR1C1|HSD17B6","128","1013|1124|1463|286|1472|1064","6.79E-7","","GO:0004303","0.41830961606243394","0"
"1612","45","UniProt Keywords","","Hydrolase","6.73E-5","HDAC7|STS|USB1|PRSS16|NT5C1A|MMP8|PLA2G12A|NT5C|CDADC1|ALOX12|PSMB7|MMP20|ASPA|DESI1|DCPS|CAD|PDE8B|BST1|PDE3B|PDE11A|PSMB4|ENTPD3|ADAT1|METAP2|NT5C2|MMP23B|NT5C1B|MMP21|THEM4|ENTPD8|PLA2G2D|MMP26|PITRM1|RAD1|NT5M|GARS1|PDE8A|ADA2|PSMB11|NT5C3B|ENPP3|MMP28|NT5C3A|INPP5F|ENPP1","128","217|1214|1451|436|1547|454|2216|1535|457|2291|256|2549|2636|2537|487|499|2723|1256|2237|3068|259|3008|3824|484|1559|2822|1529|2810|4991|1952|361|2831|442|5570|1553|1904|2738|1958|1880|2003|1235|2837|2009|1481|1241","2.04E-6","","KW-0378","0.4171984935776023","0"
"12","5","UniProt Keywords","","Pyridine nucleotide biosynthesis","6.73E-5","NAMPT|NMRK1|ASPDH|NAPRT|NMRK2","128","247|1586|2639|1574|1568","2.0E-6","","KW-0662","0.4171984935776023","0"
"465","24","Monarch Phenotype","","Testosterone measurement","7.66E-5","HSD17B2|GSTM2|AKR1D1|PLA2G12A|CYP11B1|UGT1A6|UGT2B7|UGT1A10|UGT1A9|WARS1|SOAT1|CYP17A1|CYP2C8|UGT1A4|UGT1A5|UGT1A7|UGT1A8|PDE8A|CYP19A1|THRB|NCOR2|NCOA1|UGT2B11|UGT2A2","128","1013|1301|1076|2216|1094|1022|1034|1058|1742|325|472|1148|1724|1028|1664|1760|1040|2738|310|277|1001|2099|1670|1688","3.14E-8","","EFO:0004908","0.4115771230367396","0"
"50","8","GO Biological Process","","Purine nucleotide catabolic process","8.11E-5","NT5C1A|NT5C|PDE8B|NT5C2|NT5C1B|PNP|PDE8A|PDE8B-2","128","1547|1535|2723|1559|1529|250|2738|5654","8.36E-7","","GO:0006195","0.4090979145788844","0"
"330","18","GO Biological Process","","Regulation of small molecule metabolic process","8.11E-5","SIRT4|NCOR1|CYP7A1|UGT1A6|UGT1A1|UGT1A10|UGT1A9|DHCR7|UGT1A4|UGT1A7|UGT1A8|AKR1C3|NCOR2|NCOA2|UGT1A3|NNMT|AKT1|NR1H2","128","1232|1007|1226|1022|1016|1058|1742|1169|1028|1760|1040|286|1001|2105|1733|1250|301|412","8.33E-7","","GO:0062012","0.4090979145788844","0"
"20","6","GO Molecular Function","","Retinoic acid binding","8.12E-5","UGT1A1|UGT1A9|UGT1A7|UGT1A8|UGT1A3|CYP26C1","128","1016|1742|1760|1040|1733|1631","8.72E-7","","GO:0001972","0.40904439707588247","0"
"20","6","GO Molecular Function","","Glutathione peroxidase activity","8.12E-5","GSTM2|LTC4S|GSTA1|PTGES|MGST1|MGST2","128","1301|3128|1364|2228|1331|1313","8.72E-7","","GO:0004602","0.40904439707588247","0"
"170","13","GO Molecular Function","","Carboxylic acid binding","8.12E-5","GSTM2|CAD|UGT1A1|GSTA1|UGT1A9|UGT1A7|UGT1A8|AKR1C4|AKR1C3|AKR1C1|CASTOR1|UGT1A3|CYP26C1","128","1301|499|1016|1364|1742|1760|1040|1463|286|1472|5597|1733|1631","9.04E-7","","GO:0031406","0.40904439707588247","0"
"10","5","GO Molecular Function","","Glutathione binding","8.74E-5","GSTM2|PTGES|GSTM3|GSTM4|MGST2","128","1301|2228|1289|1277|1313","9.93E-7","","GO:0043295","0.4058488567365597","0"
"33","7","STRING Clusters","","Nicotinate and nicotinamide metabolism, and Vitamin B6 metabolism","8.9E-5","SIRT4|NAMPT|BST1|NMRK1|NAPRT|NNMT|NMRK2","128","1232|247|1256|1586|1574|1250|1568","7.78E-7","","CL:10906","0.40506099933550876","0"
"827","30","GO Biological Process","","Response to lipid","9.3E-5","HSD17B2|AHR|PTGER2|SLC6A4|SRD5A1|TIMP4|DEFA4|CYP7A1|UGT1A1|EZH2|PGR|TPH2|RXRG|NTRK3|HSD3B1|IRAK1|AKR1C4|AKR1C3|AKR1C1|TIRAP|CYP1A1|MGST1|CYP19A1|NCOR2|NCOA2|HSD3B2|SNW1|AKT1|SRD5A2|CYP1B1","128","1013|2096|469|445|1154|2024|2030|1226|1016|220|307|2603|2852|496|1133|295|1463|286|1472|3233|337|1331|310|1001|2105|1142|439|301|1112|1100","9.66E-7","","GO:0033993","0.4031517051446065","0"
"10","5","GO Biological Process","","Purine deoxyribonucleoside monophosphate metabolic process","9.49E-5","NT5C1A|NT5C|NT5C2|PNP|ADK","128","1547|1535|1559|250|346","9.93E-7","","GO:0009170","0.4022733787572707","0"
"35","7","GO Biological Process","","mRNA polyadenylation","1.0E-4","CPSF1|SSU72P4|SSU72P2|SSU72P3|SSU72P7|SSU72P5|SSU72P8","128","433|4715|4739|4727|4733|4709|4721","1.1E-6","","GO:0006378","0.4","0"
"23","6","Reactome Pathways","","Nucleotide salvage","1.0E-4","UPP1|PNP|UCK1|TYMP|ADK|UPP2","128","1982|250|475|1973|346|1994","1.74E-6","","HSA-8956321","0.4","0"
"53","8","GO Molecular Function","","Nuclear receptor activity","1.1E-4","AHR|THRA|AHRR|PGR|RXRG|THRB|AHRR-2|NR1H2","128","2096|274|3986|307|2852|277|5675|412","1.24E-6","","GO:0004879","0.3958607314841775","0"
"4250","90","GO Molecular Function","","Metal ion binding","1.1E-4","HDAC7|SIRT4|NID2|CDK5RAP1|STS|CYP3A5|NT5C1A|MMP8|PLA2G12A|NT5C|CDADC1|ALOX12|TRIM45|PHC2|MMP20|MSMO1|SLC6A4|ASPA|THRA|CAD|PDE8B|HPX|PDE3B|PDE11A|FRRS1|TIMP4|CYP11B1|ALOX15|HPGDS|MELK|GNPTAB|CYP2A6|CYP7A1|CYP2S1|ADAT1|CYP4A11|CYP2B6|PGR|METAP2|CYP11B2|TPH2|CYP2A13|TMLHE|CYP3A7|NT5C2|CYP1A2|CPSF4L|MMP23B|RXRG|NT5C1B|MMP21|PCGF6|CYP17A1|CYP2C8|ENTPD8|CYP4A22|ALOX5|EIF2S2|PLA2G2D|NMRK1|KIN|MMP26|PITRM1|IDI1|NT5M|PDE8A|CYP1A1|CYP19A1|THRB|ADA2|RNF212|NT5C3B|KDM4E|NAPRT|ENPP3|TOP2A|NT5C1B-RDH14|PHC1|CYP2E1|ADK|ACLY|MMP28|NT5C3A|CYP1B1|NMRK2|PDE8B-2|ENPP1|CYP26C1|CYP3A4|NR1H2","128","217|1232|409|400|1214|1088|1547|454|2216|1535|457|2291|2471|1397|2549|2414|445|2636|274|499|2723|463|2237|3068|2816|2024|1094|2300|1319|1871|3266|1346|1226|1283|3824|1694|1295|307|484|1070|2603|1337|490|1205|1559|331|4706|2822|2852|1529|2810|1382|1148|1724|1952|1652|358|481|361|1586|5480|2831|442|466|1553|2738|337|310|277|1958|5840|2003|430|1574|1235|268|1541|1388|1178|346|394|2837|2009|1100|1568|5654|1241|1631|1082|412","1.34E-6","","GO:0046872","0.3958607314841775","0"
"164","12","UniProt Keywords","","Lipid biosynthesis","1.1E-4","HSD17B2|HSD17B7|MSMO1|CYP11B1|HPGDS|CYP3A7|PTGES|DHCR7|IDI1|CYP1A1|ACLY|CYP3A4","128","1013|1124|2414|1094|1319|1205|2228|1169|466|337|394|1082","3.66E-6","","KW-0444","0.3958607314841775","0"
"84","9","WikiPathways","","Pyrimidine metabolism","1.1E-4","NT5C|CAD|ENTPD3|UPP1|UCK1|NT5M|TYMP|ENPP3|ENPP1","128","1535|499|3008|1982|475|1553|1973|1235|1241","3.6E-6","","WP4022","0.3958607314841775","0"
"53","8","GO Biological Process","","mRNA 3-end processing","1.2E-4","CPSF4L|CPSF1|SSU72P4|SSU72P2|SSU72P3|SSU72P7|SSU72P5|SSU72P8","128","4706|433|4715|4739|4727|4733|4709|4721","1.24E-6","","GO:0031124","0.39208187539523753","0"
"13","6","COMPARTMENTS","","Aryl hydrocarbon receptor complex","1.3E-4","AHR|AHRR|CYP1A2|CYP1A1|AHRR-2|CYP1B1","128","2096|3986|331|337|5675|1100","1.11E-7","","GOCC:0034751","0.3886056647693163","0"
"22","6","GO Biological Process","","Pyrimidine nucleotide catabolic process","1.3E-4","NT5C|UPP1|NT5M|TYMP|UPP2|NT5C3A","128","1535|1982|1553|1973|1994|2009","1.4E-6","","GO:0006244","0.3886056647693163","0"
"148","12","GO Biological Process","","Intracellular receptor signaling pathway","1.3E-4","AHR|THRA|AHRR|PGR|RXRG|TIFA|THRB|NCOA1|NCOA2|AHRR-2|SNW1|NR1H2","128","2096|274|3986|307|2852|4952|277|2099|2105|5675|439|412","1.35E-6","","GO:0030522","0.3886056647693163","0"
"11","5","GO Biological Process","","Adenosine metabolic process","1.3E-4","NT5C1A|NT5C2|NT5C1B|ADA2|NT5C1B-RDH14","128","1547|1559|1529|1958|1541","1.43E-6","","GO:0046085","0.3886056647693163","0"
"11","5","GO Biological Process","","Omega-hydroxylase P450 pathway","1.3E-4","CYP4A11|CYP1A2|CYP2C8|CYP1A1|CYP1B1","128","1694|331|1724|337|1100","1.43E-6","","GO:0097267","0.3886056647693163","0"
"4335","91","GO Molecular Function","","Cation binding","1.3E-4","HDAC7|SIRT4|NID2|CDK5RAP1|STS|CYP3A5|NT5C1A|MMP8|PLA2G12A|NT5C|CDADC1|ALOX12|TRIM45|PHC2|MMP20|MSMO1|SLC6A4|ASPA|THRA|CAD|PDE8B|HPX|PDE3B|PDE11A|FRRS1|TIMP4|CYP11B1|ALOX15|HPGDS|MELK|GNPTAB|CYP2A6|CYP7A1|CYP2S1|ADAT1|CYP4A11|CYP2B6|PGR|METAP2|CYP11B2|TPH2|CYP2A13|TMLHE|CYP3A7|NT5C2|CYP1A2|CPSF4L|MMP23B|RXRG|NT5C1B|MMP21|PCGF6|CYP17A1|CYP2C8|ENTPD8|CYP4A22|ALOX5|EIF2S2|PLA2G2D|NMRK1|KIN|MMP26|PITRM1|IDI1|NT5M|PDE8A|CYP1A1|CYP19A1|THRB|ADA2|CASTOR1|RNF212|NT5C3B|KDM4E|NAPRT|ENPP3|TOP2A|NT5C1B-RDH14|PHC1|CYP2E1|ADK|ACLY|MMP28|NT5C3A|CYP1B1|NMRK2|PDE8B-2|ENPP1|CYP26C1|CYP3A4|NR1H2","128","217|1232|409|400|1214|1088|1547|454|2216|1535|457|2291|2471|1397|2549|2414|445|2636|274|499|2723|463|2237|3068|2816|2024|1094|2300|1319|1871|3266|1346|1226|1283|3824|1694|1295|307|484|1070|2603|1337|490|1205|1559|331|4706|2822|2852|1529|2810|1382|1148|1724|1952|1652|358|481|361|1586|5480|2831|442|466|1553|2738|337|310|277|1958|5597|5840|2003|430|1574|1235|268|1541|1388|1178|346|394|2837|2009|1100|1568|5654|1241|1631|1082|412","1.65E-6","","GO:0043169","0.3886056647693163","0"
"38","7","GO Molecular Function","","Oxygen binding","1.4E-4","CYP3A5|CYP3A7|CYP17A1|CYP1A1|CYP19A1|CYP2E1|CYP3A4","128","1088|1205|1148|337|310|1178|1082","1.79E-6","","GO:0019825","0.38538719643217617","0"
"159","14","Monarch Phenotype","","Vitamin D measurement","1.4E-4","UGT2A3|PDE3B|UGT1A6|UGT2B7|UGT1A10|UGT1A9|DHCR7|UGT1A4|UGT1A5|UGT1A7|UGT1A8|AKR1C4|CDKL1|ENPP3","128","1679|2237|1022|1034|1058|1742|1169|1028|1664|1760|1040|1463|5669|1235","6.82E-8","","EFO:0004631","0.38538719643217617","0"
"45","7","WikiPathways","","Aryl hydrocarbon receptor pathway","1.5E-4","AHR|HPGDS|CYP1A2|CYP1A1|NCOR2|AHRR-2|CYP1B1","128","2096|1319|331|337|1001|5675|1100","4.88E-6","","WP2586","0.38239087409443184","0"
"45","7","WikiPathways","","Prostaglandin synthesis and regulation","1.5E-4","PTGER2|AKR1B1|HPGDS|PTGES|HSD11B1|AKR1C3|AKR1C1","128","469|283|1319|2228|352|286|1472","4.88E-6","","WP98","0.38239087409443184","0"
"38","7","GO Biological Process","","Pyridine-containing compound metabolic process","1.6E-4","NAMPT|PNP|NMRK1|ASPDH|NAPRT|NNMT|NMRK2","128","247|250|1586|2639|1574|1250|1568","1.79E-6","","GO:0072524","0.3795880017344075","0"
"38","7","GO Biological Process","","Pyrimidine-containing compound catabolic process","1.6E-4","NT5C|CDADC1|UPP1|NT5M|TYMP|UPP2|NT5C3A","128","1535|457|1982|1553|1973|1994|2009","1.79E-6","","GO:0072529","0.3795880017344075","0"
"277","16","GO Biological Process","","Nucleoside phosphate biosynthetic process","1.6E-4","NAMPT|CAD|KARS1|UPP1|PNP|ENTPD8|UCK1|NMRK1|ASPDH|GARS1|NAPRT|NNMT|ADK|ACLY|UPP2|NMRK2","128","247|499|316|1982|250|1952|475|1586|2639|1904|1574|1250|346|394|1994|1568","1.7E-6","","GO:1901293","0.3795880017344075","0"
"12","5","GO Molecular Function","","alditol:NADP+ 1-oxidoreductase activity","1.6E-4","AKR1D1|AKR1B1|AKR1C4|AKR1C3|AKR1C1","128","1076|283|1463|286|1472","2.0E-6","","GO:0004032","0.3795880017344075","0"
"12838","205","GO Molecular Function","","Binding","1.6E-4","HDAC7|SULT2B1|SIRT4|NID2|CDK5RAP1|STS|DHDH|PIK3R2|NAMPT|CYP3A5|SULT1E1|RAD51AP1|WARS2|NT5C1A|MMP8|GSTM2|AHR|AKR1D1|PLA2G12A|NT5C|CDADC1|ALOX12|ABCB7|GSTM5|TRIM45|NARS1|PHC2|MMP20|KIF11|MSMO1|SLC6A4|PIK3R3|ASPA|DESI1|DCPS|THRA|CAD|PI4K2B|PDE8B|HPX|NCOR1|SRD5A1|SIGMAR1|NARS2|PDE3B|MARS2|PLA2R1|PDE11A|FRRS1|TIMP4|PSMB4|CYP11B1|LTC4S|GRASP|ALOX15|HPGDS|TLR3|DEFA4|MELK|GNPTAB|PCLAF|CYP2A6|CGB5|CYP7A1|ENTPD3|UGT1A6|DCXR|UGT1A1|ANKK1|CYP2S1|ADAT1|CYP4A11|EZH2|AHRR|CYP2B6|PGR|METAP2|KARS1|CYP11B2|TPH2|SHC4|UPP1|CYP2A13|TMLHE|GSTA1|CYP3A7|PSMF1|TARS3|NT5C2|CIR1|CYP1A2|PTGES|NOXA1|UGT1A10|CPSF4L|C2orf88|SVIP|UGT1A9|WARS1|DHCR7|MMP23B|RXRG|NT5C1B|NTRK3|GSTM3|PNP|HSD11B1|SOAT1|MMP21|PI4KB|MTCP1|GSTM4|PCGF6|CYP17A1|SARS1|CUEDC2|IRAK1|GSTA4|CYP2C8|PARS2|ENTPD8|CYP4A22|UCK1|UGT1A4|UGT1A5|UGT1A7|UGT1A8|ZWINT|ALOX5|EIF2S2|PLA2G2D|NMRK1|PIK3CD|KIN|MMP26|AKR1C4|AKR1C3|AKR1C1|PITRM1|ASMT|IDI1|RAD1|SEC13|NT5M|ASPDH|GARS1|RFC4|TIRAP|PRKAR1A|PDE8A|CDKL4|CYP1A1|TYMP|CDKL1|CYP19A1|THRB|ADA2|NCOR2|CASTOR1|NCOA1|RNF212|NT5C3B|KDM4E|CHRM2|NCOA2|NAPRT|ENPP3|EBNA1BP2|LPAR4|CHTF8|TOP2A|UGT1A3|AHRR-2|NT5C1B-RDH14|PHC1|SH2B2|CYP2E1|ADK|SNW1|AKT1|NETO2|ACLY|SARS2-2|SARS2|MMP28|UPP2|NT5C3A|SRD5A2|CYP1B1|IGHV3-16|NMRK2|HMGN3|MGST2|CPSF1|EPOP|OR13G1|RAD51|PDE8B-2|HARS2|INPP5F|ENPP1|CYP26C1|CYP3A4|NR1H2|PIK3CB","128","217|1163|1232|409|400|1214|1457|1478|247|1088|1118|1853|1886|1547|454|1301|2096|1076|2216|1535|457|2291|478|1325|2471|1898|1397|2549|265|2414|445|1508|2636|2537|487|274|499|1496|2723|463|1007|1154|493|1913|2237|1943|3053|3068|2816|2024|259|1094|3128|3140|2300|1319|292|2030|1871|3266|2567|1346|3413|1226|3008|1022|3062|1016|2597|1283|3824|1694|220|3986|1295|307|484|316|1070|2603|4163|1982|1337|490|1364|1205|2531|1889|1559|4499|331|2228|4649|1058|4706|4748|4754|1742|325|1169|2822|2852|1529|496|1289|250|352|472|2810|418|5060|1277|1382|1148|1925|4085|295|1307|1724|1937|1952|1652|475|1028|1664|1760|1040|1862|358|481|361|1586|1520|5480|2831|1463|286|1472|442|4607|466|5570|427|1553|2639|1904|373|3233|403|2738|448|337|1973|5669|310|277|1958|1001|5597|2099|5840|2003|430|421|2105|1574|1235|460|5867|5645|268|1733|5675|1541|1388|4880|1178|346|439|301|4106|394|1919|1931|2837|1994|2009|1112|1100|3419|1568|5771|1313|433|3914|5933|379|5654|319|1481|1241|1631|1082|412|1514","2.01E-6","","GO:0005488","0.3795880017344075","0"
"6","4","WikiPathways","","Nicotine metabolism in liver cells","1.6E-4","CYP2A6|CYP2B6|UGT1A9|UGT1A4","128","1346|1295|1742|1028","5.64E-6","","WP1600","0.3795880017344075","0"
"29","6","WikiPathways","","Eicosanoid metabolism via lipooxygenases (LOX)","1.6E-4","ALOX12|LTC4S|ALOX15|CYP4A11|CYP4A22|ALOX5","128","2291|3128|2300|1694|1652|358","5.57E-6","","WP4721","0.3795880017344075","0"
"2168","55","GO Molecular Function","","Nucleotide binding","1.7E-4","SIRT4|DHDH|WARS2|NT5C1A|NT5C|ABCB7|NARS1|KIF11|CAD|PI4K2B|SRD5A1|NARS2|MARS2|PDE11A|MELK|ENTPD3|ANKK1|KARS1|TARS3|NT5C2|WARS1|DHCR7|NT5C1B|NTRK3|HSD11B1|SOAT1|PI4KB|SARS1|IRAK1|PARS2|ENTPD8|UCK1|NMRK1|PIK3CD|NT5M|ASPDH|GARS1|RFC4|PRKAR1A|CDKL4|CDKL1|NT5C3B|TOP2A|NT5C1B-RDH14|ADK|AKT1|ACLY|SARS2-2|SARS2|NT5C3A|NMRK2|RAD51|HARS2|ENPP1|PIK3CB","128","1232|1457|1886|1547|1535|478|1898|265|499|1496|1154|1913|1943|3068|1871|3008|2597|316|1889|1559|325|1169|1529|496|352|472|418|1925|295|1937|1952|475|1586|1520|1553|2639|1904|373|403|448|5669|2003|268|1541|346|301|394|1919|1931|2009|1568|379|319|1241|1514","2.21E-6","","GO:0000166","0.37695510786217257","0"
"55","8","STRING Clusters","","Mixed, incl. Pyridine-containing compound metabolic process, and NUDIX hydrolase domain","1.7E-4","SIRT4|NAMPT|DCPS|BST1|NMRK1|NAPRT|NNMT|NMRK2","128","1232|247|487|1256|1586|1574|1250|1568","1.6E-6","","CL:10905","0.37695510786217257","0"
"12","5","GO Biological Process","","Olefinic compound biosynthetic process","1.8E-4","CYP11B1|CYP11B2|AKR1C3|CYP19A1|SRD5A2","128","1094|1070|286|310|1112","2.0E-6","","GO:0120255","0.3744727494896694","0"
"286","16","GO Molecular Function","","Phosphatase activity","1.9E-4","NT5C1A|NT5C|NT5C2|NT5C1B|NT5M|NT5C3B|NT5C1B-RDH14|NT5C3A|SSU72P4|SSU72P2|SSU72P3|SSU72P7|SSU72P5|SSU72P8|INPP5F|ENPP1","128","1547|1535|1559|1529|1553|2003|1541|2009|4715|4739|4727|4733|4709|4721|1481|1241","2.52E-6","","GO:0016791","0.3721246399047171","0"
"48","7","WikiPathways","","Oxysterols derived from cholesterol","1.9E-4","AKR1D1|CYP7A1|DHCR7|HSD11B1|AKR1C4|CYP3A4|NR1H2","128","1076|1226|1169|352|1463|1082|412","7.16E-6","","WP4545","0.3721246399047171","0"
"31","6","WikiPathways","","Prostaglandin and leukotriene metabolism in senescence ","2.0E-4","PTGER2|ALOX12|LTC4S|ALOX15|PTGES|ALOX5","128","469|2291|3128|2300|2228|358","7.81E-6","","WP5122","0.36989700043360185","0"
"32","6","WikiPathways","","Nuclear receptors in lipid metabolism and toxicity","2.2E-4","CYP7A1|CYP4A11|CYP2B6|CYP1A2|CYP2E1|CYP3A4","128","1226|1694|1295|331|1178|1082","9.17E-6","","WP299","0.3657577319177794","0"
"25","6","GO Biological Process","","NAD biosynthetic process","2.3E-4","NAMPT|NMRK1|ASPDH|NAPRT|NNMT|NMRK2","128","247|1586|2639|1574|1250|1568","2.64E-6","","GO:0009435","0.36382721639824067","0"
"166","12","Reactome Pathways","","SUMO E3 ligases SUMOylate target proteins","2.3E-4","HDAC7|PHC2|THRA|PGR|SEC13|THRB|NCOR2|NCOA1|NCOA2|TOP2A|PHC1|NR1H2","128","217|1397|274|307|427|277|1001|2099|2105|268|1388|412","4.11E-6","","HSA-3108232","0.36382721639824067","0"
"5","4","GO Molecular Function","","Ketosteroid monooxygenase activity","2.4E-4","AKR1D1|AKR1C4|AKR1C3|AKR1C1","128","1076|1463|286|1472","3.42E-6","","GO:0047086","0.3619788758288394","0"
"14","5","GO Molecular Function","","17-beta-hydroxysteroid dehydrogenase (NAD+) activity","2.6E-4","HSD17B2|AKR1C4|AKR1C3|AKR1C1|HSD17B6","128","1013|1463|286|1472|1064","3.68E-6","","GO:0044594","0.35850266520291824","0"
"266","15","Reactome Pathways","","PIP3 activates AKT signaling","2.7E-4","HDAC7|PIK3R2|PHC2|PSMB7|PIK3R3|PSMB4|EZH2|PSMF1|THEM4|IRAK1|PIK3CD|PSMB11|PHC1|AKT1|PIK3CB","128","217|1478|1397|256|1508|259|220|2531|4991|295|1520|1880|1388|301|1514","4.76E-6","","HSA-1257604","0.3568636235841013","0"
"6357","120","GO Biological Process","","Cellular response to stimulus","2.8E-4","SIRT4|GSTA3|PIK3R2|NAMPT|CYP3A5|RAD51AP1|GSTM2|AHR|PTGER2|OR7C2|SLC6A4|PIK3R3|DCPS|THRA|PDE8B|BST1|HPX|SRD5A1|SIGMAR1|PDE3B|PLA2R1|AKR1B1|PDE11A|TIMP4|CYP11B1|LTC4S|GRASP|ALOX15|HPGDS|TLR3|SPIDR|DEFA4|MELK|PCLAF|CYP2A6|CGB5|CYP7A1|UGT1A6|UGT1A1|CYP2S1|SWI5|EZH2|AHRR|CYP2B6|PGR|KARS1|CYP11B2|PSMG2|TPH2|SHC4|UPP1|CYP2A13|UGT2B28|GSTA1|CYP3A7|UGT2B15|CYP1A2|PTGES|UGT1A10|UGT1A9|RXRG|NTRK3|GSTM3|TIFA|DTL|THEM4|PI4KB|SFR1|GSTM4|IRAK1|GSTA4|GSTA5|CYP2C8|UGT1A7|UGT1A8|ZWINT|ALOX5|PIK3CD|KIN|AKR1C4|AKR1C3|AKR1C1|RAD1|RFC4|RAD9B|TIRAP|PRKAR1A|PDE8A|CYP1A1|TYMP|MGST1|THRB|ADA2|CASTOR1|NCOA1|UGT2B11|CHRM2|NCOA2|LPAR4|TOP2A|UGT1A3|GSTA2|TAS2R50|AHRR-2|SH2B2|CYP2E1|ADGRD1|SNW1|AKT1|CYP1B1|IGHV3-16|MGST2|OR13G1|RAD51|PDE8B-2|INPP5F|ENPP1|CYP3A4|NR1H2|PIK3CB","128","1232|1265|1478|247|1088|1853|1301|2096|469|406|445|1508|487|274|2723|1256|463|1154|493|2237|3053|283|3068|2024|1094|3128|3140|2300|1319|292|3239|2030|1871|2567|1346|3413|1226|1022|1016|1283|3899|220|3986|1295|307|316|1070|2525|2603|4163|1982|1337|1706|1364|1205|1052|331|2228|1058|1742|2852|496|1289|4952|2561|4991|418|3905|1277|295|1307|1271|1724|1760|1040|1862|358|1520|5480|1463|286|1472|5570|373|5579|3233|403|2738|337|1973|1331|277|1958|5597|2099|1670|421|2105|5867|268|1733|1370|424|5675|4880|1178|451|439|301|1100|3419|1313|5933|379|5654|1481|1241|1082|412|1514","3.18E-6","","GO:0051716","0.3552841968657781","0"
"201","15","Monarch Phenotype","","Vitamin measurement","2.8E-4","UGT2A3|PDE3B|UGT1A6|UGT2B7|UGT1A10|UGT1A9|DHCR7|UGT1A4|UGT1A5|UGT1A7|UGT1A8|AKR1C4|CDKL1|ENPP3|AKT1","128","1679|2237|1022|1034|1058|1742|1169|1028|1664|1760|1040|1463|5669|1235|301","1.74E-7","","EFO:0004729","0.3552841968657781","0"
"75","10","Monarch Phenotype","","Carboxylic acid measurement","2.8E-4","UGT1A6|UGT1A1|UGT1A10|UGT1A9|UGT1A4|UGT1A5|UGT1A7|UGT1A8|UGT1A3|NT5C3A","128","1022|1016|1058|1742|1028|1664|1760|1040|1733|2009","1.63E-7","","EFO:0010468","0.3552841968657781","0"
"5","4","GO Biological Process","","IMP catabolic process","3.0E-4","NT5C1A|NT5C|NT5C2|PNP","128","1547|1535|1559|250","3.42E-6","","GO:0006204","0.35228787452803373","0"
"306","16","Reactome Pathways","","Intracellular signaling by second messengers","3.0E-4","HDAC7|PIK3R2|PHC2|PSMB7|PIK3R3|PSMB4|EZH2|PSMF1|THEM4|IRAK1|PIK3CD|PRKAR1A|PSMB11|PHC1|AKT1|PIK3CB","128","217|1478|1397|256|1508|259|220|2531|4991|295|1520|403|1880|1388|301|1514","5.72E-6","","HSA-9006925","0.35228787452803373","0"
"6","4","Reactome Pathways","","Biosynthesis of maresin-like SPMs","3.0E-4","CYP1A2|CYP2C8|CYP2E1|CYP3A4","128","331|1724|1178|1082","5.64E-6","","HSA-9027307","0.35228787452803373","0"
"34","6","WikiPathways","","Prostaglandin and leukotriene metabolism in senescence ","3.0E-4","PTGER2|ALOX12|LTC4S|ALOX15|PTGES|ALOX5","128","469|2291|3128|2300|2228|358","1.25E-5","","WP5321","0.35228787452803373","0"
"2203","55","GO Biological Process","","Nucleic acid metabolic process","3.1E-4","CDK5RAP1|USB1|RAD51AP1|WARS2|CDADC1|NARS1|DCPS|THRA|NARS2|MARS2|SPIDR|PCLAF|ADAT1|SWI5|EZH2|KARS1|TARS3|CIR1|CPSF4L|WARS1|DTL|SFR1|SARS1|PARS2|KIN|RAD1|NT5M|GARS1|RFC4|RAD9B|CYP1A1|THRB|NCOA1|RNF212|NT5C3B|NCOA2|ENPP3|EBNA1BP2|CHTF8|TOP2A|SNW1|SARS2-2|SARS2|CYP1B1|CPSF1|SSU72P4|SSU72P2|SSU72P3|SSU72P7|SSU72P5|SSU72P8|RAD51|HARS2|ENPP1|MED19","128","400|1451|1853|1886|457|1898|487|274|1913|1943|3239|2567|3824|3899|220|316|1889|4499|4706|325|2561|3905|1925|1937|5480|5570|1553|1904|373|5579|337|277|2099|5840|2003|2105|1235|460|5645|268|439|1919|1931|1100|433|4715|4739|4727|4733|4709|4721|379|319|1241|415","3.55E-6","","GO:0090304","0.3508638306165727","0"
"14","5","GO Biological Process","","Progesterone metabolic process","3.2E-4","SRD5A1|CYP17A1|AKR1C4|AKR1C3|AKR1C1","128","1154|1148|1463|286|1472","3.68E-6","","GO:0042448","0.34948500216800943","0"
"14","5","GO Biological Process","","UMP metabolic process","3.2E-4","NT5C|CAD|UPP1|UCK1|UPP2","128","1535|499|1982|475|1994","3.68E-6","","GO:0046049","0.34948500216800943","0"
"30","6","Reactome Pathways","","Nicotinate metabolism","3.3E-4","NAMPT|BST1|NMRK1|NAPRT|NNMT|NMRK2","128","247|1256|1586|1574|1250|1568","6.61E-6","","HSA-196807","0.34814860601221126","0"
"5","4","STRING Clusters","","Cholesterol dehydrogenase activity, and Congenital adrenal hyperplasia","3.6E-4","CYP11B1|HSD3B1|CYP17A1|HSD3B2","128","1094|1133|1148|1142","3.42E-6","","CL:9491","0.3443697499232713","0"
"5","4","STRING Clusters","","Phenanthrene 9,10-monooxygenase activity, and Cholestenone 5-alpha-reductase activity","3.6E-4","SRD5A3|SRD5A1|AKR1C3|AKR1C1","128","1106|1154|286|1472","3.42E-6","","CL:9503","0.3443697499232713","0"
"515","20","KEGG Pathways","","Pathways in cancer","3.8E-4","GSTA3|PIK3R2|GSTM2|PTGER2|GSTM5|PIK3R3|GSTA1|RXRG|GSTM3|GSTM4|GSTA4|GSTA5|PIK3CD|MGST1|NCOA1|LPAR4|GSTA2|AKT1|MGST2|PIK3CB","128","1265|1478|1301|469|1325|1508|1364|2852|1289|1277|1307|1271|1520|1331|2099|5867|1370|301|1313|1514","2.72E-5","","hsa05200","0.342021640338319","0"
"36","6","WikiPathways","","Ovarian infertility","3.8E-4","PTGER2|NCOR1|PGR|CYP19A1|AKT1|RAD51","128","469|1007|307|310|301|379","1.67E-5","","WP34","0.342021640338319","0"
"131","10","WikiPathways","","Angiopoietin-like protein 8 regulatory pathway","3.8E-4","PIK3R2|PIK3R3|THRA|CYP7A1|CYP2B6|PIK3CD|THRB|AKT1|CYP3A4|PIK3CB","128","1478|1508|274|1226|1295|1520|277|301|1082|1514","1.69E-5","","WP3915","0.342021640338319","0"
"17","5","Reactome Pathways","","Purine catabolism","3.9E-4","NT5C1A|NT5C|NT5C2|NT5C1B|PNP","128","1547|1535|1559|1529|250","8.08E-6","","HSA-74259","0.3408935392973501","0"
"16","6","Monarch Phenotype","","Vitamin D deficiency","4.0E-4","UGT1A6|UGT1A10|UGT1A9|UGT1A5|UGT1A7|UGT1A8","128","1022|1058|1742|1664|1760|1040","2.95E-7","","EFO:0003762","0.33979400086720374","0"
"112","9","KEGG Pathways","","Neurotrophin signaling pathway","4.1E-4","PIK3R2|PIK3R3|SHC4|NTRK3|IRAK1|PIK3CD|SH2B2|AKT1|PIK3CB","128","1478|1508|4163|496|295|1520|4880|301|1514","3.08E-5","","hsa04722","0.33872161432802644","0"
"46","7","GO Biological Process","","Purine ribonucleotide catabolic process","4.7E-4","NT5C1A|NT5C|PDE8B|NT5C2|PNP|PDE8A|PDE8B-2","128","1547|1535|2723|1559|250|2738|5654","5.56E-6","","GO:0009154","0.33279021420642824","0"
"1363","39","GO Biological Process","","Response to endogenous stimulus","5.2E-4","PIK3R2|GSTM2|AHR|PTGER2|SLC6A4|PIK3R3|THRA|SRD5A1|PDE3B|TIMP4|CYP11B1|SPIDR|CGB5|UGT1A1|EZH2|PGR|CYP11B2|TPH2|RXRG|NTRK3|GSTM3|HSD3B1|SFR1|AKR1C4|AKR1C3|AKR1C1|PDE8A|THRB|CASTOR1|NCOA1|CHRM2|NCOA2|SH2B2|HSD3B2|AKT1|SRD5A2|CYP1B1|RAD51|ENPP1","128","1478|1301|2096|469|445|1508|274|1154|2237|2024|1094|3239|3413|1016|220|307|1070|2603|2852|496|1289|1133|3905|1463|286|1472|2738|277|5597|2099|421|2105|4880|1142|301|1112|1100|379|1241","6.23E-6","","GO:0009719","0.3283996656365201","0"
"30","6","GO Biological Process","","Cellular metabolic compound salvage","5.5E-4","UPP1|PNP|UCK1|NAPRT|ADK|UPP2","128","1982|250|475|1574|346|1994","6.61E-6","","GO:0043094","0.32596373105057563","0"
"52","7","Reactome Pathways","","Nuclear Receptor transcription pathway","5.5E-4","THRA|NCOR1|PGR|RXRG|THRB|NCOR2|NR1H2","128","274|1007|307|2852|277|1001|412","1.15E-5","","HSA-383280","0.32596373105057563","0"
"37","7","InterPro Domains","","PAS domain","5.7E-4","AHR|PDE8B|AHRR|PDE8A|NCOA1|NCOA2|KCNH6","128","2096|2723|3986|2738|2099|2105|2972","1.53E-6","","IPR000014","0.3244125144327509","0"
"23","6","InterPro Domains","","Peptidase M10, metallopeptidase","5.7E-4","MMP8|MMP20|MMP23B|MMP21|MMP26|MMP28","128","454|2549|2822|2810|2831|2837","1.74E-6","","IPR001818","0.3244125144327509","0"
"11","5","InterPro Domains","","Aldo/keto reductase, conserved site","5.7E-4","AKR1D1|AKR1B1|AKR1C4|AKR1C3|AKR1C1","128","1076|283|1463|286|1472","1.43E-6","","IPR018170","0.3244125144327509","0"
"11","5","InterPro Domains","","Aldo-keto reductase","5.7E-4","AKR1D1|AKR1B1|AKR1C4|AKR1C3|AKR1C1","128","1076|283|1463|286|1472","1.43E-6","","IPR020471","0.3244125144327509","0"
"23","6","InterPro Domains","","Peptidase M10A","5.7E-4","MMP8|MMP20|MMP23B|MMP21|MMP26|MMP28","128","454|2549|2822|2810|2831|2837","1.74E-6","","IPR021190","0.3244125144327509","0"
"23","6","InterPro Domains","","Peptidase M10A, catalytic domain","5.7E-4","MMP8|MMP20|MMP23B|MMP21|MMP26|MMP28","128","454|2549|2822|2810|2831|2837","1.74E-6","","IPR033739","0.3244125144327509","0"
"37","7","InterPro Domains","","PAS domain superfamily","5.7E-4","AHR|PDE8B|AHRR|PDE8A|NCOA1|NCOA2|KCNH6","128","2096|2723|3986|2738|2099|2105|2972","1.53E-6","","IPR035965","0.3244125144327509","0"
"276","15","GO Biological Process","","Nucleotide biosynthetic process","6.0E-4","NAMPT|CAD|KARS1|UPP1|PNP|UCK1|NMRK1|ASPDH|GARS1|NAPRT|NNMT|ADK|ACLY|UPP2|NMRK2","128","247|499|316|1982|250|475|1586|2639|1904|1574|1250|346|394|1994|1568","7.26E-6","","GO:0009165","0.32218487496163567","0"
"7","4","GO Molecular Function","","Hydroperoxy icosatetraenoate dehydratase activity","6.0E-4","CYP2S1|CYP1A2|CYP1A1|CYP1B1","128","1283|331|337|1100","8.77E-6","","GO:0106256","0.32218487496163567","0"
"8","4","Reactome Pathways","","Synthesis of epoxy (EET) and dihydroxyeicosatrienoic acids (DHET)","6.1E-4","CYP1A2|CYP2C8|CYP1A1|CYP1B1","128","331|1724|337|1100","1.3E-5","","HSA-2142670","0.3214670164989233","0"
"188","12","Reactome Pathways","","Metabolism of vitamins and cofactors","6.2E-4","NAMPT|BST1|NMRK1|AKR1C4|AKR1C3|AKR1C1|NAPRT|ENPP3|NNMT|AKT1|NMRK2|ENPP1","128","247|1256|1586|1463|286|1472|1574|1235|1250|301|1568|1241","1.35E-5","","HSA-196854","0.3207608310501746","0"
"5378","108","TISSUES","","Viscus","6.3E-4","HDAC7|HSD17B2|CDK5RAP1|DHDH|NAMPT|CYP3A5|SULT1E1|WARS2|GSTM2|AHR|AKR1D1|UGT2A3|HSD17B7|NARS1|PSMB7|MSMO1|ASPA|THRA|CAD|UGT2B10|HPX|NCOR1|SRD5A1|SIGMAR1|NARS2|PDE3B|PLA2R1|AKR1B1|PSMB4|CYP11B1|HPGDS|TLR3|MELK|PCLAF|CYP2A6|CYP7A1|ENTPD3|UGT1A6|DCXR|UGT2B7|UGT1A1|UGT2B4|CYP4A11|EZH2|UGT2B17|CYP2B6|METAP2|CYP11B2|UPP1|GSTA1|PSMF1|UGT2B15|CYP1A2|PTGES|NOXA1|UGT1A10|UGT1A9|WARS1|DHCR7|PNP|HSD11B1|CYP17A1|SARS1|GSTA4|CYP2C8|CYP4A22|UCK1|UGT1A4|UGT1A8|ZWINT|EIF2S2|PLA2G2D|NMRK1|AKR1C4|AKR1C3|AKR1C1|PITRM1|IDI1|SEC13|GARS1|TIRAP|PRKAR1A|CYP1A1|TYMP|MGST1|THRB|NCOR2|NCOA1|NAPRT|EBNA1BP2|UGT1A3|GSTA2|CYP2E1|NNMT|ADK|HSD3B2|SNW1|HSD17B6|AKT1|ACLY|UPP2|SRD5A2|HMGN3|MGST2|CPSF1|HARS2|ENPP1|CYP3A4","128","217|1013|400|1457|247|1088|1118|1886|1301|2096|1076|1679|1124|1898|256|2414|2636|274|499|1700|463|1007|1154|493|1913|2237|3053|283|259|1094|1319|292|1871|2567|1346|1226|3008|1022|3062|1034|1016|1718|1694|220|1046|1295|484|1070|1982|1364|2531|1052|331|2228|4649|1058|1742|325|1169|250|352|1148|1925|1307|1724|1652|475|1028|1040|1862|481|361|1586|1463|286|1472|442|466|427|1904|3233|403|337|1973|1331|277|1001|2099|1574|460|1733|1370|1178|1250|346|1142|439|1064|301|394|1994|1112|5771|1313|433|319|1241|1082","7.79E-7","","BTO:0001491","0.3200659450546418","0"
"178","12","GO Biological Process","","Cellular modified amino acid metabolic process","6.5E-4","GSTA3|GSTM2|GSTM5|HPGDS|TMLHE|GSTA1|GSTM3|GSTM4|GSTA4|GSTA5|GSTA2|MGST2","128","1265|1301|1325|1319|490|1364|1289|1277|1307|1271|1370|1313","8.03E-6","","GO:0006575","0.31870866433571443","0"
"17","5","GO Biological Process","","Purine deoxyribonucleotide metabolic process","6.5E-4","NT5C1A|NT5C|NT5C2|PNP|ADK","128","1547|1535|1559|250|346","8.08E-6","","GO:0009151","0.31870866433571443","0"
"92","8","KEGG Pathways","","Inflammatory mediator regulation of TRP channels","6.5E-4","PIK3R2|PTGER2|ALOX12|PIK3R3|CYP4A11|CYP4A22|PIK3CD|PIK3CB","128","1478|469|2291|1508|1694|1652|1520|1514","5.06E-5","","hsa04750","0.31870866433571443","0"
"30","6","STRING Clusters","","Purine ribonucleoside monophosphate biosynthetic process, and Uridine-diphosphatase activity","6.6E-4","ENTPD3|PNP|ENTPD8|ENPP3|ADK|ENPP1","128","3008|250|1952|1235|346|1241","6.61E-6","","CL:10567","0.31804560644581314","0"
"30","6","STRING Clusters","","Cholesterol biosynthesis, and Primary bile acid biosynthesis","6.6E-4","AKR1D1|HSD17B7|MSMO1|SIGMAR1|DHCR7|IDI1","128","1076|1124|2414|493|1169|466","6.61E-6","","CL:9561","0.31804560644581314","0"
"179","12","GO Biological Process","","Lipid modification","6.8E-4","CYP3A5|ALOX12|ALOX15|CYP3A7|SOAT1|CYP2C8|CYP4A22|ALOX5|CYP1A1|CYP2E1|INPP5F|CYP3A4","128","1088|2291|2300|1205|472|1724|1652|358|337|1178|1481|1082","8.47E-6","","GO:0030258","0.3167491087293764","0"
"18","5","GO Molecular Function","","Phosphatidylinositol kinase activity","6.9E-4","PIK3R3|PI4K2B|PI4KB|PIK3CD|PIK3CB","128","1508|1496|418|1520|1514","1.02E-5","","GO:0052742","0.3161150909262745","0"
"7","4","GO Biological Process","","Aflatoxin metabolic process","7.0E-4","CYP3A5|CYP2A13|CYP1A2|CYP3A4","128","1088|1337|331|1082","8.77E-6","","GO:0046222","0.3154901959985743","0"
"68","7","KEGG Pathways","","Prolactin signaling pathway","7.0E-4","PIK3R2|PIK3R3|SHC4|CYP17A1|PIK3CD|AKT1|PIK3CB","128","1478|1508|4163|1148|1520|301|1514","5.61E-5","","hsa04917","0.3154901959985743","0"
"48","8","Monarch Phenotype","","Abnormality of circulating glucocorticoid level","7.0E-4","PDE8B|PDE11A|CYP11B1|CYP11B2|CYP17A1|PRKAR1A|HSD3B2|AKT1","128","2723|3068|1094|1070|1148|403|1142|301","6.34E-7","","HP:0012111","0.3154901959985743","0"
"95","9","GO Biological Process","","Alcohol biosynthetic process","7.1E-4","HSD17B7|MSMO1|SRD5A3|CYP11B1|CYP11B2|DHCR7|IDI1|ACLY|CYP3A4","128","1124|2414|1106|1094|1070|1169|466|394|1082","9.07E-6","","GO:0046165","0.31487416512809246","0"
"2347","56","GO Molecular Function","","Hydrolase activity","7.1E-4","HDAC7|SIRT4|STS|USB1|PRSS16|NT5C1A|MMP8|PLA2G12A|NT5C|CDADC1|ALOX12|PSMB7|MMP20|ASPA|DESI1|DCPS|CAD|PDE8B|BST1|PDE3B|PDE11A|PSMB4|ENTPD3|ADAT1|METAP2|NT5C2|MMP23B|NT5C1B|MMP21|THEM4|ENTPD8|ALOX5|PLA2G2D|MMP26|PITRM1|RAD1|NT5M|GARS1|RFC4|PDE8A|ADA2|PSMB11|NT5C3B|ENPP3|NT5C1B-RDH14|MMP28|NT5C3A|SSU72P4|SSU72P2|SSU72P3|SSU72P7|SSU72P5|SSU72P8|PDE8B-2|INPP5F|ENPP1","128","217|1232|1214|1451|436|1547|454|2216|1535|457|2291|256|2549|2636|2537|487|499|2723|1256|2237|3068|259|3008|3824|484|1559|2822|1529|2810|4991|1952|358|361|2831|442|5570|1553|1904|373|2738|1958|1880|2003|1235|1541|2837|2009|4715|4739|4727|4733|4709|4721|5654|1481|1241","1.07E-5","","GO:0016787","0.31487416512809246","0"
"32","6","GO Biological Process","","Pyrimidine ribonucleotide metabolic process","7.2E-4","NT5C|CAD|UPP1|UCK1|UPP2|NT5C3A","128","1535|499|1982|475|1994|2009","9.17E-6","","GO:0009218","0.3142667503568731","0"
"1547","42","GO Biological Process","","Response to oxygen-containing compound","7.2E-4","HSD17B2|PIK3R2|AHR|PTGER2|SLC6A4|PIK3R3|DCPS|SRD5A1|SIGMAR1|PDE3B|TIMP4|CYP11B1|SPIDR|DEFA4|CYP7A1|UGT1A1|EZH2|CYP11B2|RXRG|NTRK3|HSD3B1|IRAK1|AKR1C4|AKR1C3|AKR1C1|TIRAP|CYP1A1|MGST1|CYP19A1|NCOR2|CASTOR1|CHRM2|NCOA2|SH2B2|CYP2E1|HSD3B2|SNW1|AKT1|SRD5A2|CYP1B1|RAD51|ENPP1","128","1013|1478|2096|469|445|1508|487|1154|493|2237|2024|1094|3239|2030|1226|1016|220|1070|2852|496|1133|295|1463|286|1472|3233|337|1331|310|1001|5597|421|2105|4880|1178|1142|439|301|1112|1100|379|1241","9.22E-6","","GO:1901700","0.3142667503568731","0"
"96","9","GO Biological Process","","Cellular response to alcohol","7.6E-4","AHR|PTGER2|SPIDR|CYP7A1|UGT1A1|AKR1C3|AKT1|CYP1B1|RAD51","128","2096|469|3239|1226|1016|286|301|1100|379","9.81E-6","","GO:0097306","0.3119186407719209","0"
"52","7","GO Molecular Function","","Pentosyltransferase activity","7.6E-4","SIRT4|NAMPT|UPP1|PNP|TYMP|NAPRT|UPP2","128","1232|247|1982|250|1973|1574|1994","1.15E-5","","GO:0016763","0.3119186407719209","0"
"18","5","GO Biological Process","","Pyrimidine deoxyribonucleotide catabolic process","7.8E-4","NT5C|UPP1|NT5M|TYMP|UPP2","128","1535|1982|1553|1973|1994","1.02E-5","","GO:0009223","0.31079053973095194","0"
"18","5","GO Biological Process","","Nucleotide salvage","7.8E-4","UPP1|UCK1|NAPRT|ADK|UPP2","128","1982|475|1574|346|1994","1.02E-5","","GO:0043173","0.31079053973095194","0"
"7","4","STRING Clusters","","Pyridine nucleotide biosynthesis","8.4E-4","NAMPT|NMRK1|NAPRT|NMRK2","128","247|1586|1574|1568","8.77E-6","","CL:10928","0.3075720713938118","0"
"7","4","STRING Clusters","","Mixed, incl. Sterol O-acyltransferase, metazoa, and Cerebrotendinous xanthomatosis","8.4E-4","SULT2B1|STS|CYP7A1|SOAT1","128","1163|1214|1226|472","8.77E-6","","CL:9623","0.3075720713938118","0"
"8","4","GO Molecular Function","","Androsterone dehydrogenase activity","8.5E-4","AKR1C4|AKR1C3|AKR1C1|HSD17B6","128","1463|286|1472|1064","1.3E-5","","GO:0047023","0.3070581074285707","0"
"8","4","GO Molecular Function","","Testosterone dehydrogenase (NAD+) activity","8.5E-4","HSD17B2|AKR1C4|AKR1C3|HSD17B6","128","1013|1463|286|1064","1.3E-5","","GO:0047035","0.3070581074285707","0"
"21","5","Reactome Pathways","","Synthesis of Leukotrienes (LT) and Eoxins (EX)","8.7E-4","LTC4S|ALOX15|CYP4A11|CYP4A22|ALOX5","128","3128|2300|1694|1652|358","1.93E-5","","HSA-2142691","0.3060480747381381","0"
"25","5","WikiPathways","","Relationship between inflammation, COX-2 and EGFR","8.7E-4","PTGER2|PIK3CD|CYP19A1|AKT1|PIK3CB","128","469|1520|310|301|1514","4.01E-5","","WP4483","0.3060480747381381","0"
"11512","190","COMPARTMENTS","","Intracellular","8.9E-4","HDAC7|HSD17B2|SULT2B1|SIRT4|GSTA3|CBX7|STS|USB1|PIK3R2|NAMPT|CYP3A5|SULT1E1|RAD51AP1|PRSS16|WARS2|NT5C1A|MMP8|GSTM2|AHR|AKR1D1|NT5C|ALOX12|ABCB7|HSD17B7|GSTM5|TRIM45|NARS1|PHC2|PSMB7|KIF11|SLC6A4|PIK3R3|ASPA|DESI1|DCPS|SRD5A3|THRA|CAD|PI4K2B|PDE8B|BST1|HPX|PELI2|NCOR1|SIGMAR1|NARS2|PDE3B|MARS2|AKR1B1|PDE11A|PSMB4|CYP11B1|LTC4S|ALOX15|HPGDS|TLR3|SPIDR|DEFA4|MELK|GNPTAB|PCLAF|CYP2A6|CYP7A1|UGT1A6|DCXR|UGT1A1|CKAP2L|ANKK1|CYP2S1|CYP4A11|SWI5|EZH2|PELI3|AHRR|CYP2B6|PGR|METAP2|KARS1|CYP11B2|TPH2|UPP1|CYP2A13|UGT2B28|TMLHE|GSTA1|PSMF1|TARS3|NT5C2|CIR1|UGT2B15|CYP1A2|PTGES|NOXA1|UGT1A10|SVIP|UGT1A9|WARS1|DHCR7|RXRG|GSTM3|PNP|TIFA|DTL|HSD11B1|SOAT1|THEM4|PI4KB|HSD3B1|SFR1|GSTM4|PCGF6|CYP17A1|SARS1|CUEDC2|IRAK1|ARMH3|GSTA4|GSTA5|CYP2C8|UGT1A4|UGT1A7|UGT1A8|ZWINT|ALOX5|EIF2S2|NMRK1|PIK3CD|KIN|AKR1C4|AKR1C3|POMP|AKR1C1|PITRM1|IDI1|RAD1|SEC13|NT5M|GARS1|RFC4|RAD9B|TIRAP|PRKAR1A|PDE8A|CYP1A1|TYMP|CDKL1|MGST1|CYP19A1|THRB|ADA2|NCOR2|CASTOR1|NCOA1|PSMB11|RNF212|NT5C3B|KDM4E|CHRM2|NCOA2|NAPRT|EBNA1BP2|CHTF8|TOP2A|UGT1A3|GSTA2|AHRR-2|PHC1|SH2B2|CYP2E1|NNMT|ADK|HSD3B2|SNW1|AKT1|ACLY|SARS2|UPP2|NT5C3A|CYP1B1|HMGN3|MGST2|CPSF1|EPOP|RAD51|HARS2|INPP5F|ENPP1|MED19|CYP3A4|NR1H2","128","217|1013|1163|1232|1265|1376|1214|1451|1478|247|1088|1118|1853|436|1886|1547|454|1301|2096|1076|1535|2291|478|1124|1325|2471|1898|1397|256|265|445|1508|2636|2537|487|1106|274|499|1496|2723|1256|463|2843|1007|493|1913|2237|1943|283|3068|259|1094|3128|2300|1319|292|3239|2030|1871|3266|2567|1346|1226|1022|3062|1016|2555|2597|1283|1694|3899|220|3980|3986|1295|307|484|316|1070|2603|1982|1337|1706|490|1364|2531|1889|1559|4499|1052|331|2228|4649|1058|4754|1742|325|1169|2852|1289|250|4952|2561|352|472|4991|418|1133|3905|1277|1382|1148|1925|4085|295|5000|1307|1271|1724|1028|1760|1040|1862|358|481|1586|1520|5480|1463|286|2543|1472|442|466|5570|427|1553|1904|373|5579|3233|403|2738|337|1973|5669|1331|310|277|1958|1001|5597|2099|1880|5840|2003|430|421|2105|1574|460|5645|268|1733|1370|5675|1388|4880|1178|1250|346|1142|439|301|394|1931|1994|2009|1100|5771|1313|433|3914|379|319|1481|1241|415|1082|412","1.15E-6","","GOCC:0005622","0.30506099933550873","0"
"3054","71","COMPARTMENTS","","Cytosol","8.9E-4","HDAC7|SULT2B1|GSTA3|PIK3R2|NAMPT|SULT1E1|NT5C1A|GSTM2|AHR|AKR1D1|NT5C|ALOX12|GSTM5|TRIM45|NARS1|PSMB7|KIF11|PIK3R3|ASPA|DESI1|DCPS|THRA|CAD|PI4K2B|PDE8B|PDE3B|AKR1B1|PDE11A|PSMB4|ALOX15|HPGDS|METAP2|KARS1|TPH2|GSTA1|PSMF1|NT5C2|WARS1|GSTM3|PNP|TIFA|THEM4|PI4KB|GSTM4|SARS1|CUEDC2|IRAK1|ARMH3|GSTA4|GSTA5|ALOX5|EIF2S2|NMRK1|PIK3CD|POMP|AKR1C1|IDI1|SEC13|GARS1|TIRAP|PRKAR1A|PDE8A|CYP1A1|CASTOR1|NAPRT|GSTA2|SH2B2|ADK|AKT1|ACLY|NT5C3A","128","217|1163|1265|1478|247|1118|1547|1301|2096|1076|1535|2291|1325|2471|1898|256|265|1508|2636|2537|487|274|499|1496|2723|2237|283|3068|259|2300|1319|484|316|2603|1364|2531|1559|325|1289|250|4952|4991|418|1277|1925|4085|295|5000|1307|1271|358|481|1586|1520|2543|1472|466|427|1904|3233|403|2738|337|5597|1574|1370|4880|346|301|394|2009","1.17E-6","","GOCC:0005829","0.30506099933550873","0"
"20","6","Monarch Phenotype","","Adrenal hyperplasia","8.9E-4","PDE8B|PDE11A|CYP11B1|CYP17A1|PRKAR1A|HSD3B2","128","2723|3068|1094|1148|403|1142","8.72E-7","","HP:0008221","0.30506099933550873","0"
"35","7","SMART Domains","","PAS domain","9.0E-4","AHR|PDE8B|AHRR|PDE8A|NCOA1|NCOA2|PDE8B-2","128","2096|2723|3986|2738|2099|2105|5654","1.1E-6","","SM00091","0.30457574905606755","0"
"101","9","GO Molecular Function","","Steroid binding","9.1E-4","SULT2B1|SULT1E1|AKR1D1|UGT1A1|PGR|HSD11B1|SOAT1|UGT1A8|CYP3A4","128","1163|1118|1076|1016|307|352|472|1040|1082","1.43E-5","","GO:0005496","0.30409586076789064","0"
"54","7","GO Molecular Function","","Intramolecular oxidoreductase activity","9.1E-4","HPGDS|CYP2S1|GSTA1|PTGES|HSD3B1|IDI1|HSD3B2","128","1319|1283|1364|2228|1133|466|1142","1.44E-5","","GO:0016860","0.30409586076789064","0"
"18","5","STRING Clusters","","Uridine-diphosphatase activity, and Purine ribonucleotide salvage","9.3E-4","ENTPD3|ENTPD8|ENPP3|ADK|ENPP1","128","3008|1952|1235|346|1241","1.02E-5","","CL:10570","0.3031517051446065","0"
"192","11","KEGG Pathways","","Epstein-Barr virus infection","9.4E-4","PIK3R2|PIK3R3|ENTPD3|CIR1|IRAK1|ENTPD8|PIK3CD|NCOR2|SNW1|AKT1|PIK3CB","128","1478|1508|3008|4499|295|1952|1520|1001|439|301|1514","7.8E-5","","hsa05169","0.3026872146400301","0"
"97","9","STRING Clusters","","Ether lipid metabolism, and Arachidonic acid metabolism","9.5E-4","PLA2G12A|ALOX12|PLA2R1|LTC4S|ALOX15|HPGDS|PTGES|ALOX5|PLA2G2D","128","2216|2291|3053|3128|2300|1319|2228|358|361","1.06E-5","","CL:10277","0.30222763947111525","0"
"19","5","GO Biological Process","","Oxidative demethylation","9.7E-4","CYP3A5|CYP3A7|CYP1A2|CYP2C8|CYP3A4","128","1088|1205|331|1724|1082","1.28E-5","","GO:0070989","0.3013228265733755","0"
"5","4","InterPro Domains","","Glutathione S-transferase, Mu class","9.8E-4","GSTM2|GSTM5|GSTM3|GSTM4","128","1301|1325|1289|1277","3.42E-6","","IPR003081","0.3008773924307505","0"
"8","4","GO Biological Process","","Alkaloid metabolic process","9.9E-4","CYP3A5|CYP1A2|NNMT|CYP3A4","128","1088|331|1250|1082","1.3E-5","","GO:0009820","0.30043648054024497","0"
"3654","77","GO Biological Process","","Regulation of biological quality","0.001","HSD17B2|SIRT4|CDK5RAP1|PIK3R2|CYP3A5|SULT1E1|AKR1D1|PTGER2|ALOX12|ABCB7|HSD17B7|SLC6A4|DCPS|SRD5A3|THRA|PDE8B|UGT2B10|HPX|SRD5A1|AKR1B1|FRRS1|CYP11B1|GRASP|ALOX15|CYP7A1|UGT2B7|UGT1A1|UGT2B4|CYP2S1|CYP4A11|EZH2|UGT2B17|CYP11B2|UGT2B28|CYP3A7|UGT2B15|CYP1A2|PTGES|UGT1A9|DHCR7|NTRK3|SOAT1|THEM4|HSD3B1|CYP17A1|CYP2C8|UGT1A7|UGT1A8|ALOX5|AKR1C4|AKR1C3|AKR1C1|ASMT|TIRAP|CYP1A1|CYP19A1|THRB|NCOR2|UGT2B11|NT5C3B|CHRM2|ENPP3|LPAR4|UGT1A3|SH2B2|HSD3B2|HSD17B6|AKT1|KCNH6|SRD5A2|CYP1B1|HMGN3|ENPP1|CYP26C1|CYP3A4|NR1H2|PIK3CB","128","1013|1232|400|1478|1088|1118|1076|469|2291|478|1124|445|487|1106|274|2723|1700|463|1154|283|2816|1094|3140|2300|1226|1034|1016|1718|1283|1694|220|1046|1070|1706|1205|1052|331|2228|1742|1169|496|472|4991|1133|1148|1724|1760|1040|358|1463|286|1472|4607|3233|337|310|277|1001|1670|2003|421|1235|5867|1733|4880|1142|1064|301|2972|1112|1100|5771|1241|1631|1082|412|1514","1.39E-5","","GO:0065008","0.3","0"
"100","8","KEGG Pathways","","Toll-like receptor signaling pathway","0.001","PIK3R2|PIK3R3|TLR3|IRAK1|PIK3CD|TIRAP|AKT1|PIK3CB","128","1478|1508|292|295|1520|3233|301|1514","8.76E-5","","hsa04620","0.3","0"
"410","18","GO Biological Process","","Ribonucleotide metabolic process","0.0011","SULT2B1|SULT1E1|NT5C1A|NT5C|CAD|PDE8B|UPP1|NT5C2|PNP|UCK1|PDE8A|ENPP3|ADK|ACLY|UPP2|NT5C3A|PDE8B-2|ENPP1","128","1163|1118|1547|1535|499|2723|1982|1559|250|475|2738|1235|346|394|1994|2009|5654|1241","1.48E-5","","GO:0009259","0.2958607314841775","0"
"369","17","GO Biological Process","","Small molecule catabolic process","0.0011","DHDH|SULT1E1|AKR1D1|CDADC1|ASPA|SRD5A3|CYP7A1|CYP4A11|UPP1|PNP|AKR1C3|CYP1A1|ADA2|HSD17B6|UPP2|CYP26C1|CYP3A4","128","1457|1118|1076|457|2636|1106|1226|1694|1982|250|286|337|1958|1064|1994|1631|1082","1.42E-5","","GO:0044282","0.2958607314841775","0"
"1103","33","GO Biological Process","","Cellular response to endogenous stimulus","0.0011","PIK3R2|GSTM2|AHR|PTGER2|SLC6A4|PIK3R3|THRA|SRD5A1|PDE3B|CYP11B1|SPIDR|CGB5|UGT1A1|EZH2|PGR|CYP11B2|RXRG|NTRK3|SFR1|AKR1C4|AKR1C3|AKR1C1|PDE8A|THRB|CASTOR1|NCOA1|CHRM2|NCOA2|SH2B2|AKT1|CYP1B1|RAD51|ENPP1","128","1478|1301|2096|469|445|1508|274|1154|2237|1094|3239|3413|1016|220|307|1070|2852|496|3905|1463|286|1472|2738|277|5597|2099|421|2105|4880|301|1100|379|1241","1.46E-5","","GO:0071495","0.2958607314841775","0"
"9","4","GO Molecular Function","","Oxidoreductase activity, acting on paired donors, with incorporation or reduction of molecular oxygen, reduced iron-sulfur protein as one donor, and incorporation of one atom of oxygen","0.0011","CYP11B1|CYP4A11|CYP11B2|CYP4A22","128","1094|1694|1070|1652","1.86E-5","","GO:0016713","0.2958607314841775","0"
"9","4","GO Molecular Function","","androstan-3-alpha,17-beta-diol dehydrogenase activity","0.0011","AKR1C4|AKR1C3|AKR1C1|HSD17B6","128","1463|286|1472|1064","1.86E-5","","GO:0047044","0.2958607314841775","0"
"9","4","GO Molecular Function","","Testosterone 17-beta-dehydrogenase (NADP+) activity","0.0011","AKR1C4|AKR1C3|AKR1C1|HSD17B6","128","1463|286|1472|1064","1.86E-5","","GO:0047045","0.2958607314841775","0"
"132","9","KEGG Pathways","","Insulin signaling pathway","0.0011","PIK3R2|PIK3R3|PDE3B|SHC4|PIK3CD|PRKAR1A|SH2B2|AKT1|PIK3CB","128","1478|1508|2237|4163|1520|403|4880|301|1514","1.0E-4","","hsa04910","0.2958607314841775","0"
"34","6","STRING Clusters","","Arachidonic acid metabolism, and Leukotriene receptor activity","0.0011","ALOX12|LTC4S|ALOX15|HPGDS|PTGES|ALOX5","128","2291|3128|2300|1319|2228|358","1.25E-5","","CL:10403","0.2958607314841775","0"
"133","9","KEGG Pathways","","Estrogen signaling pathway","0.0012","PIK3R2|PIK3R3|PGR|SHC4|PIK3CD|NCOA1|NCOA2|AKT1|PIK3CB","128","1478|1508|307|4163|1520|2099|2105|301|1514","1.1E-4","","hsa04915","0.29208187539523756","0"
"336","16","GO Biological Process","","Sulfur compound metabolic process","0.0013","SULT2B1|GSTA3|SULT1E1|GSTM2|ABCB7|GSTM5|HPGDS|GSTA1|GSTM3|GSTM4|GSTA4|GSTA5|GSTA2|ACLY|MGST2|ENPP1","128","1163|1265|1118|1301|478|1325|1319|1364|1289|1277|1307|1271|1370|394|1313|1241","1.74E-5","","GO:0006790","0.2886056647693163","0"
"1554","41","GO Molecular Function","","Adenyl ribonucleotide binding","0.0013","WARS2|ABCB7|NARS1|KIF11|CAD|PI4K2B|NARS2|MARS2|MELK|ENTPD3|ANKK1|KARS1|TARS3|NT5C2|WARS1|NTRK3|SOAT1|PI4KB|SARS1|IRAK1|PARS2|ENTPD8|UCK1|NMRK1|PIK3CD|GARS1|RFC4|PRKAR1A|CDKL4|CDKL1|TOP2A|ADK|AKT1|ACLY|SARS2-2|SARS2|NMRK2|RAD51|HARS2|ENPP1|PIK3CB","128","1886|478|1898|265|499|1496|1913|1943|1871|3008|2597|316|1889|1559|325|496|472|418|1925|295|1937|1952|475|1586|1520|1904|373|403|448|5669|268|346|301|394|1919|1931|1568|379|319|1241|1514","2.3E-5","","GO:0032559","0.2886056647693163","0"
"9","4","GO Biological Process","","Allantoin metabolic process","0.0014","NT5C1A|NT5C|NT5C2|PNP","128","1547|1535|1559|250","1.86E-5","","GO:0000255","0.2853871964321762","0"
"229","13","GO Biological Process","","Response to toxic substance","0.0014","GSTM2|AHR|SLC6A4|SRD5A1|LTC4S|GSTA1|PTGES|GSTM3|CYP1A1|MGST1|CYP1B1|MGST2|RAD51","128","1301|2096|445|1154|3128|1364|2228|1289|337|1331|1100|1313|379","1.93E-5","","GO:0009636","0.2853871964321762","0"
"21","5","GO Biological Process","","Ribonucleoside catabolic process","0.0014","CDADC1|UPP1|PNP|ADA2|UPP2","128","457|1982|250|1958|1994","1.93E-5","","GO:0042454","0.2853871964321762","0"
"9","4","GO Biological Process","","Daunorubicin metabolic process","0.0014","AKR1B1|AKR1C4|AKR1C3|AKR1C1","128","283|1463|286|1472","1.86E-5","","GO:0044597","0.2853871964321762","0"
"9","4","GO Biological Process","","Hepoxilin biosynthetic process","0.0014","GSTM2|ALOX12|ALOX15|ALOX5","128","1301|2291|2300|358","1.86E-5","","GO:0051122","0.2853871964321762","0"
"9","4","GO Biological Process","","tRNA aminoacylation for mitochondrial protein translation","0.0014","WARS2|GARS1|SARS2-2|SARS2","128","1886|1904|1919|1931","1.86E-5","","GO:0070127","0.2853871964321762","0"
"80","8","GO Biological Process","","Organic hydroxy compound catabolic process","0.0014","SULT1E1|AKR1D1|SRD5A3|CYP7A1|CYP4A11|AKR1C3|HSD17B6|CYP3A4","128","1118|1076|1106|1226|1694|286|1064|1082","2.0E-5","","GO:1901616","0.2853871964321762","0"
"6050","112","GO Molecular Function","","Organic cyclic compound binding","0.0014","SULT2B1|SIRT4|DHDH|CYP3A5|SULT1E1|RAD51AP1|WARS2|NT5C1A|AHR|AKR1D1|NT5C|ABCB7|NARS1|PHC2|KIF11|SLC6A4|DCPS|THRA|CAD|PI4K2B|NCOR1|SRD5A1|NARS2|MARS2|PDE11A|CYP11B1|TLR3|MELK|CYP2A6|CYP7A1|ENTPD3|UGT1A1|ANKK1|CYP2S1|ADAT1|CYP4A11|EZH2|AHRR|CYP2B6|PGR|METAP2|KARS1|CYP11B2|CYP2A13|CYP3A7|TARS3|NT5C2|CYP1A2|CPSF4L|WARS1|DHCR7|RXRG|NT5C1B|NTRK3|PNP|HSD11B1|SOAT1|PI4KB|CYP17A1|SARS1|IRAK1|CYP2C8|PARS2|ENTPD8|CYP4A22|UCK1|UGT1A8|EIF2S2|NMRK1|PIK3CD|KIN|RAD1|NT5M|ASPDH|GARS1|RFC4|PRKAR1A|CDKL4|CYP1A1|CDKL1|CYP19A1|THRB|NCOR2|NCOA1|NT5C3B|NCOA2|ENPP3|EBNA1BP2|CHTF8|TOP2A|AHRR-2|NT5C1B-RDH14|PHC1|CYP2E1|ADK|SNW1|AKT1|ACLY|SARS2-2|SARS2|NT5C3A|CYP1B1|NMRK2|HMGN3|CPSF1|RAD51|HARS2|ENPP1|CYP26C1|CYP3A4|NR1H2|PIK3CB","128","1163|1232|1457|1088|1118|1853|1886|1547|2096|1076|1535|478|1898|1397|265|445|487|274|499|1496|1007|1154|1913|1943|3068|1094|292|1871|1346|1226|3008|1016|2597|1283|3824|1694|220|3986|1295|307|484|316|1070|1337|1205|1889|1559|331|4706|325|1169|2852|1529|496|250|352|472|418|1148|1925|295|1724|1937|1952|1652|475|1040|481|1586|1520|5480|5570|1553|2639|1904|373|403|448|337|5669|310|277|1001|2099|2003|2105|1235|460|5645|268|5675|1541|1388|1178|346|439|301|394|1919|1931|2009|1100|1568|5771|433|379|319|1241|1631|1082|412|1514","2.43E-5","","GO:0097159","0.2853871964321762","0"
"54","6","KEGG Pathways","","Regulation of lipolysis in adipocytes","0.0014","PIK3R2|PIK3R3|PDE3B|PIK3CD|AKT1|PIK3CB","128","1478|1508|2237|1520|301|1514","1.3E-4","","hsa04923","0.2853871964321762","0"
"47","6","WikiPathways","","Cholesterol metabolism with Bloch and Kandutsch-Russell pathways","0.0014","HSD17B7|MSMO1|DHCR7|SOAT1|IDI1|NR1H2","128","1124|2414|1169|472|466|412","6.47E-5","","WP4718","0.2853871964321762","0"
"1033","34","Monarch Phenotype","","Metabolite measurement","0.0014","CYP3A5|GSTM2|AHR|AKR1D1|MMP20|PIK3R3|PDE11A|CYP2A6|UGT1A6|UGT2B7|UGT1A1|CYP4A11|CYP2B6|UGT2B15|UGT1A10|UGT1A9|PNP|THEM4|CYP2C8|UGT1A4|UGT1A5|UGT1A7|UGT1A8|MMP26|AKR1C4|AKR1C3|NCOA2|NAPRT|UGT1A3|GSTA2|MROH1|SH2B2|NT5C3A|PIK3CB","128","1088|1301|2096|1076|2549|1508|3068|1346|1022|1034|1016|1694|1295|1052|1058|1742|250|4991|1724|1028|1664|1760|1040|2831|1463|286|2105|1574|1733|1370|5951|4880|2009|1514","1.46E-6","","EFO:0004725","0.2853871964321762","0"
"36","6","STRING Clusters","","Mixed, incl. Loss of MECP2 binding ability to the NCoR/SMRT complex, and c4 zinc finger in nuclear hormone receptors","0.0014","HDAC7|NCOR1|PGR|NCOR2|NCOA1|NCOA2","128","217|1007|307|1001|2099|2105","1.67E-5","","CL:20824","0.2853871964321762","0"
"6","4","InterPro Domains","","Membrane-associated, eicosanoid/glutathione metabolism (MAPEG) protein","0.0015","LTC4S|PTGES|MGST1|MGST2","128","3128|2228|1331|1313","5.64E-6","","IPR001129","0.28239087409443187","0"
"29","6","InterPro Domains","","Peptidase, metallopeptidase","0.0015","MMP8|MMP20|MMP23B|MMP21|MMP26|MMP28","128","454|2549|2822|2810|2831|2837","5.57E-6","","IPR006026","0.28239087409443187","0"
"6","4","InterPro Domains","","Membrane associated eicosanoid/glutathione metabolism-like domain superfamily","0.0015","LTC4S|PTGES|MGST1|MGST2","128","3128|2228|1331|1313","5.64E-6","","IPR023352","0.28239087409443187","0"
"24","5","Reactome Pathways","","Cytosolic tRNA aminoacylation","0.0015","NARS1|KARS1|WARS1|SARS1|GARS1","128","1898|316|325|1925|1904","3.38E-5","","HSA-379716","0.28239087409443187","0"
"11","4","Reactome Pathways","","Pyrimidine salvage","0.0015","UPP1|UCK1|TYMP|UPP2","128","1982|475|1973|1994","3.48E-5","","HSA-73614","0.28239087409443187","0"
"944","32","Monarch Phenotype","","Sex hormone measurement","0.0015","HSD17B2|SULT1E1|GSTM2|AHR|AKR1D1|PLA2G12A|NCOR1|CYP11B1|UGT1A6|UGT2B7|METAP2|UGT2B15|UGT1A10|UGT1A9|WARS1|SOAT1|CYP17A1|CYP2C8|UGT1A4|UGT1A5|UGT1A7|UGT1A8|AKR1C4|PDE8A|CYP19A1|THRB|NCOR2|NCOA1|UGT2B11|NCOA2|ADGRD1|UGT2A2","128","1013|1118|1301|2096|1076|2216|1007|1094|1022|1034|484|1052|1058|1742|325|472|1148|1724|1028|1664|1760|1040|1463|2738|310|277|1001|2099|1670|2105|451|1688","1.68E-6","","EFO:0011008","0.28239087409443187","0"
"107","9","GO Biological Process","","RNA 3-end processing","0.0016","USB1|CPSF4L|CPSF1|SSU72P4|SSU72P2|SSU72P3|SSU72P7|SSU72P5|SSU72P8","128","1451|4706|433|4715|4739|4727|4733|4709|4721","2.2E-5","","GO:0031123","0.2795880017344075","0"
"6403","121","TISSUES","","Endocrine gland","0.0016","HDAC7|HSD17B2|STS|NAMPT|CYP3A5|SULT1E1|PRSS16|GSTM2|AHR|AKR1D1|UGT2A3|NARS1|PHC2|PSMB7|MSMO1|SRD5A3|THRA|CAD|PDE8B|UGT2B10|HPX|NCOR1|SRD5A1|SIGMAR1|PDE3B|PDE11A|PSMB4|CYP11B1|TLR3|SPIDR|MELK|PCLAF|CYP2A6|CYP7A1|UGT1A6|DCXR|UGT2B7|UGT1A1|UGT2B4|CYP4A11|EZH2|UGT2B17|PELI3|CYP2B6|PGR|METAP2|CYP11B2|GSTA1|PSMF1|NT5C2|UGT2B15|CYP1A2|PTGES|SVIP|UGT1A9|WARS1|DHCR7|MMP23B|NT5C1B|GSTM3|PNP|DTL|HSD11B1|PI4KB|HSD3B1|CYP17A1|SARS1|GSTA4|CYP2C8|CYP4A22|UCK1|UGT1A4|UGT1A8|EIF2S2|PLA2G2D|AKR1C4|AKR1C3|AKR1C1|PITRM1|ASMT|IDI1|SEC13|GARS1|RFC4|RAD9B|TIRAP|PRKAR1A|PDE8A|CYP1A1|TYMP|MGST1|CYP19A1|THRB|ADA2|NCOR2|NCOA1|PSMB11|RNF212|NCOA2|NAPRT|EBNA1BP2|UGT1A3|GSTA2|CYP2E1|NNMT|ADK|HSD3B2|SNW1|HSD17B6|AKT1|NETO2|ACLY|MMP28|NT5C3A|MGST2|CPSF1|RAD51|HARS2|ENPP1|CYP3A4|NR1H2","128","217|1013|1214|247|1088|1118|436|1301|2096|1076|1679|1898|1397|256|2414|1106|274|499|2723|1700|463|1007|1154|493|2237|3068|259|1094|292|3239|1871|2567|1346|1226|1022|3062|1034|1016|1718|1694|220|1046|3980|1295|307|484|1070|1364|2531|1559|1052|331|2228|4754|1742|325|1169|2822|1529|1289|250|2561|352|418|1133|1148|1925|1307|1724|1652|475|1028|1040|481|361|1463|286|1472|442|4607|466|427|1904|373|5579|3233|403|2738|337|1973|1331|310|277|1958|1001|2099|1880|5840|2105|1574|460|1733|1370|1178|1250|346|1142|439|1064|301|4106|394|2837|2009|1313|433|379|319|1241|1082|412","2.6E-6","","BTO:0001488","0.2795880017344075","0"
"27","6","SMART Domains","","Zinc-dependent metalloprotease","0.0016","MMP8|MMP20|MMP23B|MMP21|MMP26|MMP28","128","454|2549|2822|2810|2831|2837","3.89E-6","","SM00235","0.2795880017344075","0"
"14","4","WikiPathways","","Cancer immunotherapy by CTLA4 blockade","0.0016","PIK3R2|PIK3R3|PIK3CD|PIK3CB","128","1478|1508|1520|1514","7.57E-5","","WP4582","0.2795880017344075","0"
"270","14","GO Biological Process","","Rhythmic process","0.0017","NAMPT|AHR|SLC6A4|NCOR1|SRD5A1|TIMP4|EZH2|PGR|TPH2|DTL|NCOR2|NCOA2|TOP2A|CYP1B1","128","247|2096|445|1007|1154|2024|220|307|2603|2561|1001|2105|268|1100","2.41E-5","","GO:0048511","0.2769551078621726","0"
"2084","50","GO Molecular Function","","Enzyme binding","0.0017","HDAC7|CDK5RAP1|PIK3R2|GSTM2|KIF11|SLC6A4|CAD|NCOR1|PDE3B|PLA2R1|TIMP4|GRASP|CYP2A6|UGT1A6|UGT1A1|PGR|SHC4|CIR1|CYP1A2|NOXA1|UGT1A10|SVIP|UGT1A9|WARS1|GSTM3|MTCP1|GSTM4|SARS1|IRAK1|UGT1A4|UGT1A5|UGT1A7|UGT1A8|TIRAP|PRKAR1A|PDE8A|CYP1A1|THRB|NCOR2|NCOA1|TOP2A|UGT1A3|SH2B2|CYP2E1|SNW1|AKT1|CPSF1|RAD51|CYP3A4|NR1H2","128","217|400|1478|1301|265|445|499|1007|2237|3053|2024|3140|1346|1022|1016|307|4163|4499|331|4649|1058|4754|1742|325|1289|5060|1277|1925|295|1028|1664|1760|1040|3233|403|2738|337|277|1001|2099|268|1733|4880|1178|439|301|433|379|1082|412","3.09E-5","","GO:0019899","0.2769551078621726","0"
"7004","129","TISSUES","","Gland","0.0017","HDAC7|HSD17B2|STS|NAMPT|CYP3A5|SULT1E1|PRSS16|WARS2|GSTM2|AHR|AKR1D1|UGT2A3|NARS1|PHC2|PSMB7|MSMO1|ASPA|SRD5A3|THRA|CAD|PDE8B|UGT2B10|HPX|NCOR1|SRD5A1|SIGMAR1|PDE3B|PLA2R1|AKR1B1|PDE11A|PSMB4|CYP11B1|HPGDS|TLR3|SPIDR|MELK|PCLAF|CYP2A6|CYP7A1|UGT1A6|DCXR|UGT2B7|UGT1A1|UGT2B4|CYP4A11|EZH2|UGT2B17|PELI3|CYP2B6|PGR|METAP2|CYP11B2|GSTA1|PSMF1|NT5C2|UGT2B15|CYP1A2|PTGES|NOXA1|UGT1A10|SVIP|UGT1A9|WARS1|DHCR7|MMP23B|NT5C1B|GSTM3|PNP|DTL|HSD11B1|PI4KB|HSD3B1|CYP17A1|SARS1|GSTA4|CYP2C8|CYP4A22|UCK1|UGT1A4|UGT1A8|EIF2S2|PLA2G2D|AKR1C4|AKR1C3|AKR1C1|PITRM1|ASMT|IDI1|SEC13|GARS1|RFC4|RAD9B|TIRAP|PRKAR1A|PDE8A|CYP1A1|TYMP|MGST1|CYP19A1|THRB|ADA2|NCOR2|NCOA1|PSMB11|RNF212|NCOA2|NAPRT|EBNA1BP2|UGT1A3|GSTA2|CYP2E1|NNMT|ADK|HSD3B2|SNW1|HSD17B6|AKT1|NETO2|ACLY|MMP28|UPP2|NT5C3A|MGST2|CPSF1|RAD51|HARS2|ENPP1|CYP3A4|NR1H2","128","217|1013|1214|247|1088|1118|436|1886|1301|2096|1076|1679|1898|1397|256|2414|2636|1106|274|499|2723|1700|463|1007|1154|493|2237|3053|283|3068|259|1094|1319|292|3239|1871|2567|1346|1226|1022|3062|1034|1016|1718|1694|220|1046|3980|1295|307|484|1070|1364|2531|1559|1052|331|2228|4649|1058|4754|1742|325|1169|2822|1529|1289|250|2561|352|418|1133|1148|1925|1307|1724|1652|475|1028|1040|481|361|1463|286|1472|442|4607|466|427|1904|373|5579|3233|403|2738|337|1973|1331|310|277|1958|1001|2099|1880|5840|2105|1574|460|1733|1370|1178|1250|346|1142|439|1064|301|4106|394|2837|1994|2009|1313|433|379|319|1241|1082|412","3.52E-6","","BTO:0000522","0.2769551078621726","0"
"10","4","GO Biological Process","","UMP biosynthetic process","0.0018","CAD|UPP1|UCK1|UPP2","128","499|1982|475|1994","2.58E-5","","GO:0006222","0.2744727494896694","0"
"10","4","GO Biological Process","","Doxorubicin metabolic process","0.0018","AKR1B1|AKR1C4|AKR1C3|AKR1C1","128","283|1463|286|1472","2.58E-5","","GO:0044598","0.2744727494896694","0"
"6","4","Pfam","","MAPEG family","0.0019","LTC4S|PTGES|MGST1|MGST2","128","3128|2228|1331|1313","5.64E-6","","PF01124","0.27212463990471714","0"
"17","5","InterPro Domains","","NADP-dependent oxidoreductase domain","0.002","AKR1D1|AKR1B1|AKR1C4|AKR1C3|AKR1C1","128","1076|283|1463|286|1472","8.08E-6","","IPR023210","0.2698970004336019","0"
"17","5","InterPro Domains","","NADP-dependent oxidoreductase domain superfamily","0.002","AKR1D1|AKR1B1|AKR1C4|AKR1C3|AKR1C1","128","1076|283|1463|286|1472","8.08E-6","","IPR036812","0.2698970004336019","0"
"102","8","WikiPathways","","Toll-like receptor signaling pathway","0.002","PIK3R2|PIK3R3|TLR3|IRAK1|PIK3CD|TIRAP|AKT1|PIK3CB","128","1478|1508|292|295|1520|3233|301|1514","9.97E-5","","WP75","0.2698970004336019","0"
"22","5","STRING Clusters","","mRNA cleavage factor complex","0.002","CPSF4L|CPSF1|SSU72P3|SSU72P5|SSU72P8","128","4706|433|4727|4709|4721","2.35E-5","","CL:2802","0.2698970004336019","0"
"22","5","STRING Clusters","","Cholesterol biosynthesis","0.002","HSD17B7|MSMO1|SIGMAR1|DHCR7|IDI1","128","1124|2414|493|1169|466","2.35E-5","","CL:9563","0.2698970004336019","0"
"287","16","Monarch Phenotype","","Serum metabolite measurement","0.0021","PIK3R3|UGT1A6|UGT1A1|CYP4A11|UGT2B15|UGT1A10|UGT1A9|THEM4|CYP2C8|UGT1A4|UGT1A5|UGT1A7|UGT1A8|UGT1A3|MROH1|NT5C3A","128","1508|1022|1016|1694|1052|1058|1742|4991|1724|1028|1664|1760|1040|1733|5951|2009","2.63E-6","","EFO:0005653","0.26777807052660807","0"
"10","4","STRING Clusters","","Glutathione S-transferase, N-terminal domain, and Benzo(a)pyrene metabolism","0.0021","GSTM2|GSTA4|CYP1A1|CYP1B1","128","1301|1307|337|1100","2.58E-5","","CL:9743","0.26777807052660807","0"
"41","6","GO Biological Process","","Collagen catabolic process","0.0022","MMP8|MMP20|MMP23B|MMP21|MMP26|MMP28","128","454|2549|2822|2810|2831|2837","3.23E-5","","GO:0030574","0.2657577319177794","0"
"24","5","GO Biological Process","","Pyrimidine nucleoside metabolic process","0.0023","CDADC1|UPP1|TYMP|UPP2|NT5C3A","128","457|1982|1973|1994|2009","3.38E-5","","GO:0006213","0.2638272163982407","0"
"11","4","GO Biological Process","","Estrogen biosynthetic process","0.0023","HSD17B2|HSD17B7|HSD3B1|CYP19A1","128","1013|1124|1133|310","3.48E-5","","GO:0006703","0.2638272163982407","0"
"998","30","GO Biological Process","","Carbohydrate derivative metabolic process","0.0023","SULT2B1|SULT1E1|NT5C1A|NT5C|CDADC1|SRD5A3|CAD|PDE8B|AKR1B1|GNPTAB|UPP1|NT5C2|NT5C1B|PNP|UCK1|AKR1C4|AKR1C3|AKR1C1|NT5M|PDE8A|TYMP|ADA2|ENPP3|NT5C1B-RDH14|ADK|ACLY|UPP2|NT5C3A|PDE8B-2|ENPP1","128","1163|1118|1547|1535|457|1106|499|2723|283|3266|1982|1559|1529|250|475|1463|286|1472|1553|2738|1973|1958|1235|1541|346|394|1994|2009|5654|1241","3.4E-5","","GO:1901135","0.2638272163982407","0"
"207","12","GO Biological Process","","Response to ketone","0.0023","AHR|PTGER2|DCPS|SRD5A1|NTRK3|HSD3B1|AKR1C3|NCOA2|HSD3B2|AKT1|SRD5A2|CYP1B1","128","2096|469|487|1154|496|1133|286|2105|1142|301|1112|1100","3.32E-5","","GO:1901654","0.2638272163982407","0"
"3","3","GO Molecular Function","","3-oxo-5-alpha-steroid 4-dehydrogenase activity","0.0023","SRD5A3|SRD5A1|SRD5A2","128","1106|1154|1112","4.29E-5","","GO:0003865","0.2638272163982407","0"
"3","3","GO Molecular Function","","serine-tRNA ligase activity","0.0023","SARS1|SARS2-2|SARS2","128","1925|1919|1931","4.29E-5","","GO:0004828","0.2638272163982407","0"
"1491","39","GO Molecular Function","","ATP binding","0.0023","WARS2|ABCB7|NARS1|KIF11|CAD|PI4K2B|NARS2|MARS2|MELK|ENTPD3|ANKK1|KARS1|TARS3|NT5C2|WARS1|NTRK3|PI4KB|SARS1|IRAK1|PARS2|ENTPD8|UCK1|NMRK1|PIK3CD|GARS1|RFC4|CDKL4|CDKL1|TOP2A|ADK|AKT1|ACLY|SARS2-2|SARS2|NMRK2|RAD51|HARS2|ENPP1|PIK3CB","128","1886|478|1898|265|499|1496|1913|1943|1871|3008|2597|316|1889|1559|325|496|418|1925|295|1937|1952|475|1586|1520|1904|373|448|5669|268|346|301|394|1919|1931|1568|379|319|1241|1514","4.5E-5","","GO:0005524","0.2638272163982407","0"
"3","3","GO Molecular Function","","Cholestenone 5-alpha-reductase activity","0.0023","SRD5A3|SRD5A1|SRD5A2","128","1106|1154|1112","4.29E-5","","GO:0047751","0.2638272163982407","0"
"3","3","GO Molecular Function","","IMP 5-nucleotidase activity","0.0023","NT5C1A|NT5C|NT5C2","128","1547|1535|1559","4.29E-5","","GO:0050483","0.2638272163982407","0"
"17","5","Pfam","","Aldo/keto reductase family","0.0023","AKR1D1|AKR1B1|AKR1C4|AKR1C3|AKR1C1","128","1076|283|1463|286|1472","8.08E-6","","PF00248","0.2638272163982407","0"
"16","4","WikiPathways","","Tryptophan catabolism leading to NAD+ production","0.0023","NAMPT|NMRK1|NAPRT|NMRK2","128","247|1586|1574|1568","1.2E-4","","WP4210","0.2638272163982407","0"
"42","6","GO Biological Process","","Nucleoside monophosphate biosynthetic process","0.0024","CAD|UPP1|ENTPD8|UCK1|ADK|UPP2","128","499|1982|1952|475|346|1994","3.65E-5","","GO:0009124","0.2619788758288394","0"
"20","4","KEGG Pathways","","Steroid biosynthesis","0.0025","HSD17B7|MSMO1|DHCR7|SOAT1","128","1124|2414|1169|472","2.5E-4","","hsa00100","0.26020599913279624","0"
"33","5","WikiPathways","","Fluoropyrimidine activity","0.0025","CYP2A6|UPP1|UCK1|TYMP|UPP2","128","1346|1982|475|1973|1994","1.3E-4","","WP1601","0.26020599913279624","0"
"1057","31","GO Biological Process","","Cellular response to oxygen-containing compound","0.0026","PIK3R2|AHR|PTGER2|SLC6A4|PIK3R3|DCPS|SRD5A1|SIGMAR1|PDE3B|CYP11B1|SPIDR|DEFA4|CYP7A1|UGT1A1|EZH2|CYP11B2|NTRK3|IRAK1|AKR1C4|AKR1C3|AKR1C1|TIRAP|MGST1|CASTOR1|CHRM2|SH2B2|SNW1|AKT1|CYP1B1|RAD51|ENPP1","128","1478|2096|469|445|1508|487|1154|493|2237|1094|3239|2030|1226|1016|220|1070|496|295|1463|286|1472|3233|1331|5597|421|4880|439|301|1100|379|1241","3.92E-5","","GO:1901701","0.2585026652029182","0"
"1379","36","UniProt Keywords","","ATP-binding","0.0027","WARS2|ABCB7|NARS1|KIF11|CAD|PI4K2B|NARS2|MARS2|MELK|ENTPD3|ANKK1|KARS1|TARS3|WARS1|NTRK3|PI4KB|SARS1|IRAK1|PARS2|ENTPD8|UCK1|NMRK1|PIK3CD|GARS1|RFC4|CDKL4|CDKL1|TOP2A|ADK|AKT1|ACLY|SARS2|NMRK2|RAD51|HARS2|PIK3CB","128","1886|478|1898|265|499|1496|1913|1943|1871|3008|2597|316|1889|325|496|418|1925|295|1937|1952|475|1586|1520|1904|373|448|5669|268|346|301|394|1931|1568|379|319|1514","9.48E-5","","KW-0067","0.25686362358410125","0"
"1776","43","UniProt Keywords","","Nucleotide-binding","0.0027","WARS2|NT5C1A|NT5C|ABCB7|NARS1|KIF11|CAD|PI4K2B|NARS2|MARS2|MELK|ENTPD3|ANKK1|KARS1|TARS3|NT5C2|WARS1|NTRK3|PI4KB|SARS1|IRAK1|PARS2|ENTPD8|UCK1|NMRK1|PIK3CD|NT5M|GARS1|RFC4|PRKAR1A|CDKL4|CDKL1|NT5C3B|TOP2A|ADK|AKT1|ACLY|SARS2|NT5C3A|NMRK2|RAD51|HARS2|PIK3CB","128","1886|1547|1535|478|1898|265|499|1496|1913|1943|1871|3008|2597|316|1889|1559|325|496|418|1925|295|1937|1952|475|1586|1520|1553|1904|373|403|448|5669|2003|268|346|301|394|1931|2009|1568|379|319|1514","1.0E-4","","KW-0547","0.25686362358410125","0"
"74","7","UniProt Keywords","","Sterol metabolism","0.0027","MSMO1|CYP7A1|CYP1A2|DHCR7|SOAT1|IDI1|CYP3A4","128","2414|1226|331|1169|472|466|1082","9.2E-5","","KW-1207","0.25686362358410125","0"
"3","3","GO Biological Process","","seryl-tRNA aminoacylation","0.0028","SARS1|SARS2-2|SARS2","128","1925|1919|1931","4.29E-5","","GO:0006434","0.2552841968657781","0"
"3","3","GO Biological Process","","Dibenzo-p-dioxin metabolic process","0.0028","CYP1A2|CYP1A1|SRD5A2","128","331|337|1112","4.29E-5","","GO:0018894","0.2552841968657781","0"
"65","7","GO Biological Process","","Pigment metabolic process","0.0028","HPX|UGT1A1|UGT1A10|UGT1A9|UGT1A4|UGT1A7|UGT1A8","128","463|1016|1058|1742|1028|1760|1040","4.31E-5","","GO:0042440","0.2552841968657781","0"
"3","3","GO Biological Process","","dTMP catabolic process","0.0028","NT5C|UPP1|TYMP","128","1535|1982|1973","4.29E-5","","GO:0046074","0.2552841968657781","0"
"126","10","InterPro Domains","","Thioredoxin-like superfamily","0.0029","GSTA3|GSTM2|GSTM5|HPGDS|GSTA1|GSTM3|GSTM4|GSTA4|GSTA5|GSTA2","128","1265|1301|1325|1319|1364|1289|1277|1307|1271|1370","1.23E-5","","IPR036249","0.25376020021010437","0"
"12","4","GO Biological Process","","Hormone catabolic process","0.003","SULT1E1|SRD5A1|CYP19A1|HSD17B6","128","1118|1154|310|1064","4.59E-5","","GO:0042447","0.25228787452803375","0"
"14","4","Reactome Pathways","","Synthesis of bile acids and bile salts via 24-hydroxycholesterol","0.0031","AKR1D1|AKR1C4|AKR1C3|AKR1C1","128","1076|1463|286|1472","7.57E-5","","HSA-193775","0.25086383061657275","0"
"4","3","Reactome Pathways","","Biosynthesis of protectins","0.0031","ALOX15|CYP1A2|CYP1A1","128","2300|331|337","7.44E-5","","HSA-9018681","0.25086383061657275","0"
"4","3","Reactome Pathways","","Biosynthesis of DPAn-3 SPMs","0.0031","ALOX12|ALOX15|ALOX5","128","2291|2300|358","7.44E-5","","HSA-9025094","0.25086383061657275","0"
"35","5","WikiPathways","","Melatonin metabolism and effects","0.0031","CYP1A2|IRAK1|ASMT|CYP1A1|CYP1B1","128","331|295|4607|337|1100","1.7E-4","","WP3298","0.25086383061657275","0"
"252","13","GO Biological Process","","Response to alcohol","0.0032","AHR|PTGER2|SPIDR|CYP7A1|UGT1A1|NTRK3|HSD3B1|AKR1C3|CYP2E1|HSD3B2|AKT1|CYP1B1|RAD51","128","2096|469|3239|1226|1016|496|1133|286|1178|1142|301|1100|379","4.95E-5","","GO:0097305","0.24948500216800942","0"
"16","5","DISEASES","","Steroid inherited metabolic disorder","0.0032","AKR1D1|CYP11B1|HSD11B1|CYP17A1|HSD3B2","128","1076|1094|352|1148|1142","6.31E-6","","DOID:1701","0.24948500216800942","0"
"41","5","KEGG Pathways","","Tryptophan metabolism","0.0032","TPH2|CYP1A2|ASMT|CYP1A1|CYP1B1","128","2603|331|4607|337|1100","3.3E-4","","hsa00380","0.24948500216800942","0"
"65","6","KEGG Pathways","","Fc epsilon RI signaling pathway","0.0032","PIK3R2|PIK3R3|ALOX5|PIK3CD|AKT1|PIK3CB","128","1478|1508|358|1520|301|1514","3.3E-4","","hsa04664","0.24948500216800942","0"
"65","6","KEGG Pathways","","Cortisol synthesis and secretion","0.0032","PDE8B|CYP11B1|HSD3B1|CYP17A1|PDE8A|HSD3B2","128","2723|1094|1133|1148|2738|1142","3.3E-4","","hsa04927","0.24948500216800942","0"
"265","13","Reactome Pathways","","Signaling by Nuclear Receptors","0.0032","PIK3R2|PIK3R3|NCOR1|PGR|RXRG|AKR1C3|NCOR2|NCOA1|NCOA2|UGT1A3|AKT1|CYP26C1|NR1H2","128","1478|1508|1007|307|2852|286|1001|2099|2105|1733|301|1631|412","8.06E-5","","HSA-9006931","0.24948500216800942","0"
"6","3","WikiPathways","","Metabolism of alpha-linolenic acid","0.0032","ALOX12|ALOX15|ALOX5","128","2291|2300|358","1.8E-4","","WP4586","0.24948500216800942","0"
"18","4","WikiPathways","","Cholesterol synthesis disorders","0.0032","MSMO1|DHCR7|IDI1|HSD3B2","128","2414|1169|466|1142","1.7E-4","","WP5193","0.24948500216800942","0"
"6","3","WikiPathways","","Arylamine metabolism","0.0032","CYP1A2|UGT1A9|UGT1A4","128","331|1742|1028","1.8E-4","","WP694","0.24948500216800942","0"
"25","5","STRING Clusters","","MyD88-dependent toll-like receptor signaling pathway, and Pellino family","0.0032","PELI2|TLR3|PELI3|IRAK1|TIRAP","128","2843|292|3980|295|3233","4.01E-5","","CL:16731","0.24948500216800942","0"
"94","7","KEGG Pathways","","Endocrine resistance","0.0033","PIK3R2|PIK3R3|NCOR1|SHC4|PIK3CD|AKT1|PIK3CB","128","1478|1508|1007|4163|1520|301|1514","3.6E-4","","hsa01522","0.24814860601221125","0"
"43","5","KEGG Pathways","","Proteasome","0.0033","PSMB7|PSMB4|PSMF1|POMP|PSMB11","128","256|259|2531|2543|1880","4.0E-4","","hsa03050","0.24814860601221125","0"
"94","7","KEGG Pathways","","Phosphatidylinositol signaling system","0.0033","PIK3R2|PIK3R3|PI4K2B|PI4KB|PIK3CD|INPP5F|PIK3CB","128","1478|1508|1496|418|1520|1481|1514","3.6E-4","","hsa04070","0.24814860601221125","0"
"95","7","KEGG Pathways","","Progesterone-mediated oocyte maturation","0.0033","PIK3R2|PIK3R3|PDE3B|PGR|PIK3CD|AKT1|PIK3CB","128","1478|1508|2237|307|1520|301|1514","3.9E-4","","hsa04914","0.24814860601221125","0"
"3673","77","GO Cellular Component","","Organelle membrane","0.0034","HSD17B2|SIRT4|STS|CYP3A5|SULT1E1|ABCB7|HSD17B7|MSMO1|SLC6A4|SRD5A3|PI4K2B|BST1|UGT2B10|SRD5A1|SIGMAR1|CYP11B1|LTC4S|TLR3|GNPTAB|CYP2A6|CYP7A1|UGT1A6|UGT2B7|UGT1A1|UGT2B4|CYP2S1|CYP4A11|UGT2B17|CYP2B6|PGR|CYP11B2|CYP2A13|UGT2B28|CYP3A7|UGT2B15|CYP1A2|PTGES|UGT1A10|SVIP|UGT1A9|DHCR7|MMP23B|DTL|HSD11B1|SOAT1|THEM4|PI4KB|HSD3B1|CYP17A1|CUEDC2|IRAK1|ARMH3|CYP2C8|CYP4A22|UGT1A4|UGT1A5|UGT1A7|UGT1A8|ALOX5|SEC13|CYP1A1|MGST1|CYP19A1|UGT2B11|CHRM2|UGT1A3|CYP2E1|HSD3B2|HSD17B6|UGT2A2|SRD5A2|CYP1B1|MGST2|INPP5F|ENPP1|CYP26C1|CYP3A4","128","1013|1232|1214|1088|1118|478|1124|2414|445|1106|1496|1256|1700|1154|493|1094|3128|292|3266|1346|1226|1022|1034|1016|1718|1283|1694|1046|1295|307|1070|1337|1706|1205|1052|331|2228|1058|4754|1742|1169|2822|2561|352|472|4991|418|1133|1148|4085|295|5000|1724|1652|1028|1664|1760|1040|358|427|337|1331|310|1670|421|1733|1178|1142|1064|1688|1112|1100|1313|1481|1241|1631|1082","1.68E-5","","GO:0031090","0.2468521082957745","0"
"44","5","KEGG Pathways","","Carbohydrate digestion and absorption","0.0034","PIK3R2|PIK3R3|PIK3CD|AKT1|PIK3CB","128","1478|1508|1520|301|1514","4.4E-4","","hsa04973","0.2468521082957745","0"
"68","6","KEGG Pathways","","Non-small cell lung cancer","0.0034","PIK3R2|PIK3R3|RXRG|PIK3CD|AKT1|PIK3CB","128","1478|1508|2852|1520|301|1514","4.2E-4","","hsa05223","0.2468521082957745","0"
"68","6","KEGG Pathways","","Central carbon metabolism in cancer","0.0034","PIK3R2|PIK3R3|NTRK3|PIK3CD|AKT1|PIK3CB","128","1478|1508|496|1520|301|1514","4.2E-4","","hsa05230","0.2468521082957745","0"
"195","11","Reactome Pathways","","Cellular response to chemical stress","0.0034","GSTA3|PSMB7|NCOR1|PSMB4|GSTA1|PSMF1|NCOR2|NCOA1|PSMB11|NCOA2|AKT1","128","1265|256|1007|259|1364|2531|1001|2099|1880|2105|301","8.89E-5","","HSA-9711123","0.2468521082957745","0"
"9","4","GO Cellular Component","","Phosphatidylinositol 3-kinase complex, class IA","0.0035","PIK3R2|PIK3R3|PIK3CD|PIK3CB","128","1478|1508|1520|1514","1.86E-5","","GO:0005943","0.24559319556497244","0"
"38","6","GO Cellular Component","","PcG protein complex","0.0035","CBX7|PHC2|EZH2|PCGF6|PHC1|EPOP","128","1376|1397|220|1382|1388|3914","2.2E-5","","GO:0031519","0.24559319556497244","0"
"20","5","InterPro Domains","","PAS fold","0.0035","AHR|AHRR|PDE8A|NCOA1|NCOA2","128","2096|3986|2738|2099|2105","1.58E-5","","IPR013767","0.24559319556497244","0"
"139","11","Monarch Phenotype","","Bilirubin measurement","0.0035","UGT2B10|PLA2R1|UGT1A6|UGT1A1|UGT1A10|UGT1A9|UGT1A4|UGT1A5|UGT1A7|UGT1A8|UGT1A3","128","1700|3053|1022|1016|1058|1742|1028|1664|1760|1040|1733","4.65E-6","","EFO:0004570","0.24559319556497244","0"
"87","9","Monarch Phenotype","","Body fat percentage","0.0035","UGT1A6|UGT1A1|UGT1A10|UGT1A9|UGT1A4|UGT1A5|UGT1A7|UGT1A8|UGT1A3","128","1022|1016|1058|1742|1028|1664|1760|1040|1733","4.69E-6","","EFO:0007800","0.24559319556497244","0"
"87","9","Monarch Phenotype","","Abnormality of vitamin metabolism","0.0035","CYP7A1|UGT1A6|UGT1A10|UGT1A9|UGT1A5|UGT1A7|UGT1A8|ENPP1|CYP3A4","128","1226|1022|1058|1742|1664|1760|1040|1241|1082","4.69E-6","","HP:0100508","0.24559319556497244","0"
"8195","144","COMPARTMENTS","","Cytoplasm","0.0036","HDAC7|HSD17B2|SULT2B1|SIRT4|GSTA3|STS|PIK3R2|NAMPT|CYP3A5|SULT1E1|PRSS16|WARS2|NT5C1A|MMP8|GSTM2|AHR|AKR1D1|NT5C|ALOX12|ABCB7|HSD17B7|GSTM5|TRIM45|NARS1|PSMB7|KIF11|PIK3R3|ASPA|DESI1|DCPS|SRD5A3|THRA|CAD|PI4K2B|PDE8B|BST1|HPX|SIGMAR1|NARS2|PDE3B|MARS2|AKR1B1|PDE11A|PSMB4|CYP11B1|LTC4S|ALOX15|HPGDS|TLR3|DEFA4|MELK|GNPTAB|PCLAF|CYP2A6|CYP7A1|UGT1A6|DCXR|UGT1A1|CYP2S1|CYP4A11|CYP2B6|PGR|METAP2|KARS1|CYP11B2|TPH2|CYP2A13|UGT2B28|TMLHE|GSTA1|PSMF1|NT5C2|UGT2B15|CYP1A2|PTGES|NOXA1|UGT1A10|SVIP|UGT1A9|WARS1|DHCR7|GSTM3|PNP|TIFA|DTL|HSD11B1|SOAT1|THEM4|PI4KB|HSD3B1|GSTM4|CYP17A1|SARS1|CUEDC2|IRAK1|ARMH3|GSTA4|GSTA5|CYP2C8|UGT1A4|UGT1A7|UGT1A8|ALOX5|EIF2S2|NMRK1|PIK3CD|AKR1C4|AKR1C3|POMP|AKR1C1|PITRM1|IDI1|SEC13|NT5M|GARS1|TIRAP|PRKAR1A|PDE8A|CYP1A1|MGST1|CYP19A1|ADA2|CASTOR1|RNF212|CHRM2|NAPRT|TOP2A|UGT1A3|GSTA2|SH2B2|CYP2E1|NNMT|ADK|HSD3B2|AKT1|ACLY|SARS2|NT5C3A|CYP1B1|RAD51|HARS2|INPP5F|ENPP1|CYP3A4","128","217|1013|1163|1232|1265|1214|1478|247|1088|1118|436|1886|1547|454|1301|2096|1076|1535|2291|478|1124|1325|2471|1898|256|265|1508|2636|2537|487|1106|274|499|1496|2723|1256|463|493|1913|2237|1943|283|3068|259|1094|3128|2300|1319|292|2030|1871|3266|2567|1346|1226|1022|3062|1016|1283|1694|1295|307|484|316|1070|2603|1337|1706|490|1364|2531|1559|1052|331|2228|4649|1058|4754|1742|325|1169|1289|250|4952|2561|352|472|4991|418|1133|1277|1148|1925|4085|295|5000|1307|1271|1724|1028|1760|1040|358|481|1586|1520|1463|286|2543|1472|442|466|427|1553|1904|3233|403|2738|337|1331|310|1958|5597|5840|421|1574|268|1733|1370|4880|1178|1250|346|1142|301|394|1931|2009|1100|379|319|1481|1241|1082","7.89E-6","","GOCC:0005737","0.24436974992327126","0"
"380","16","GO Molecular Function","","Catalytic activity, acting on RNA","0.0036","USB1|WARS2|NARS1|DCPS|NARS2|MARS2|KARS1|TARS3|WARS1|SARS1|PARS2|GARS1|SARS2-2|SARS2|NT5C3A|HARS2","128","1451|1886|1898|487|1913|1943|316|1889|325|1925|1937|1904|1919|1931|2009|319","7.13E-5","","GO:0140098","0.24436974992327126","0"
"15","4","Reactome Pathways","","Fatty acids","0.0036","CYP4A11|CYP2B6|CYP2A13|CYP4A22","128","1694|1295|1337|1652","9.49E-5","","HSA-211935","0.24436974992327126","0"
"37","5","WikiPathways","","Nuclear receptors","0.0036","THRA|PGR|RXRG|THRB|NR1H2","128","274|307|2852|277|412","2.1E-4","","WP170","0.24436974992327126","0"
"46","7","Monarch Phenotype","","Abnormality of circulating cortisol level","0.0036","PDE8B|PDE11A|CYP11B1|CYP17A1|PRKAR1A|HSD3B2|AKT1","128","2723|3068|1094|1148|403|1142|301","5.56E-6","","HP:0011731","0.24436974992327126","0"
"12","4","STRING Clusters","","Phosphatidylinositol 3-kinase complex, class I, and Insulin receptor substrate","0.0036","PIK3R2|PIK3R3|PIK3CD|PIK3CB","128","1478|1508|1520|1514","4.59E-5","","CL:17475","0.24436974992327126","0"
"4","3","GO Molecular Function","","Arachidonate 12(S)-lipoxygenase activity","0.0037","ALOX12|ALOX15|ALOX5","128","2291|2300|358","7.44E-5","","GO:0004052","0.2431798275933005","0"
"4","3","GO Molecular Function","","Steroid delta-isomerase activity","0.0037","GSTA1|HSD3B1|HSD3B2","128","1364|1133|1142","7.44E-5","","GO:0004769","0.2431798275933005","0"
"4","3","GO Molecular Function","","Caffeine oxidase activity","0.0037","CYP1A2|CYP2C8|CYP3A4","128","331|1724|1082","7.44E-5","","GO:0034875","0.2431798275933005","0"
"4","3","GO Molecular Function","","Dihydrotestosterone 17-beta-dehydrogenase activity","0.0037","AKR1C4|AKR1C3|AKR1C1","128","1463|286|1472","7.44E-5","","GO:0035410","0.2431798275933005","0"
"5438","103","GO Cellular Component","","Cytosol","0.0038","HDAC7|SULT2B1|GSTA3|CBX7|CDK5RAP1|PIK3R2|NAMPT|SULT1E1|NT5C1A|GSTM2|AHR|AKR1D1|NT5C|ALOX12|GSTM5|TRIM45|NARS1|PSMB7|KIF11|PIK3R3|ASPA|DESI1|DCPS|THRA|CAD|PI4K2B|PDE8B|PELI2|NCOR1|SIGMAR1|NARS2|PDE3B|AKR1B1|PDE11A|PSMB4|ALOX15|HPGDS|CKAP2L|PELI3|AHRR|PGR|METAP2|KARS1|PSMG2|TPH2|UPP1|GSTA1|PSMF1|NT5C2|NOXA1|WARS1|NT5C1B|GSTM3|PNP|TIFA|DTL|THEM4|PI4KB|GSTM4|SARS1|CUEDC2|IRAK1|ARMH3|GSTA4|GSTA5|UCK1|ZWINT|ALOX5|EIF2S2|NMRK1|PIK3CD|AKR1C4|AKR1C3|POMP|AKR1C1|ASMT|IDI1|SEC13|GARS1|TIRAP|PRKAR1A|PDE8A|TYMP|CASTOR1|NCOA1|PSMB11|NT5C3B|NAPRT|GSTA2|AHRR-2|NT5C1B-RDH14|SH2B2|NNMT|ADK|AKT1|ACLY|UPP2|NT5C3A|NMRK2|HMGN3|HARS2|NR1H2|PIK3CB","128","217|1163|1265|1376|400|1478|247|1118|1547|1301|2096|1076|1535|2291|1325|2471|1898|256|265|1508|2636|2537|487|274|499|1496|2723|2843|1007|493|1913|2237|283|3068|259|2300|1319|2555|3980|3986|307|484|316|2525|2603|1982|1364|2531|1559|4649|325|1529|1289|250|4952|2561|4991|418|1277|1925|4085|295|5000|1307|1271|475|1862|358|481|1586|1520|1463|286|2543|1472|4607|466|427|1904|3233|403|2738|1973|5597|2099|1880|2003|1574|1370|5675|1541|4880|1250|346|301|394|1994|2009|1568|5771|319|412|1514","2.58E-5","","GO:0005829","0.242021640338319","0"
"71","6","KEGG Pathways","","Glioma","0.0039","PIK3R2|PIK3R3|SHC4|PIK3CD|AKT1|PIK3CB","128","1478|1508|4163|1520|301|1514","5.1E-4","","hsa05214","0.24089353929735008","0"
"20","4","WikiPathways","","Pyrimidine metabolism and related diseases","0.004","NT5C|CAD|TYMP|NT5C3A","128","1535|499|1973|2009","2.5E-4","","WP4225","0.23979400086720376","0"
"61","6","WikiPathways","","Notch signaling pathway","0.004","PIK3R2|NCOR1|CIR1|NCOR2|SNW1|AKT1","128","1478|1007|4499|1001|439|301","2.4E-4","","WP61","0.23979400086720376","0"
"7","3","WikiPathways","","Aflatoxin B1 metabolism","0.004","CYP2A13|CYP1A2|CYP3A4","128","1337|331|1082","2.5E-4","","WP699","0.23979400086720376","0"
"9","4","InterPro Domains","","Anticodon-binding","0.0041","TARS3|PARS2|GARS1|HARS2","128","1889|1937|1904|319","1.86E-5","","IPR004154","0.23872161432802647","0"
"39","5","WikiPathways","","Neural crest cell migration during development","0.0041","MMP8|PIK3R3|PIK3CD|AKT1|PIK3CB","128","454|1508|1520|301|1514","2.6E-4","","WP4564","0.23872161432802647","0"
"72","8","DISEASES","","Lipid metabolism disorder","0.0045","AKR1D1|MSMO1|CYP11B1|DHCR7|HSD11B1|CYP17A1|SEC13|HSD3B2","128","1076|2414|1094|1169|352|1148|427|1142","9.87E-6","","DOID:3146","0.23467874862246565","0"
"18","5","DISEASES","","Primary hyperaldosteronism","0.0045","PDE8B|PDE11A|CYP11B1|CYP11B2|PRKAR1A","128","2723|3068|1094|1070|403","1.02E-5","","DOID:446","0.23467874862246565","0"
"36","5","UniProt Keywords","","cAMP","0.0045","PDE8B|PDE3B|PDE11A|PRKAR1A|PDE8A","128","2723|2237|3068|403|2738","1.9E-4","","KW-0114","0.23467874862246565","0"
"6","3","UniProt Keywords","","Leukotriene biosynthesis","0.0045","LTC4S|ALOX5|MGST2","128","3128|358|1313","1.8E-4","","KW-0434","0.23467874862246565","0"
"6","3","UniProt Keywords","","Congenital adrenal hyperplasia","0.0045","CYP11B1|CYP17A1|HSD3B2","128","1094|1148|1142","1.8E-4","","KW-0954","0.23467874862246565","0"
"13","4","STRING Clusters","","Aminoacyl-tRNA synthetase, class I, conserved site, and tRNA-binding domain","0.0045","WARS2|MARS2|WARS1|PARS2","128","1886|1943|325|1937","5.95E-5","","CL:802","0.23467874862246565","0"
"4","3","GO Biological Process","","Nitrobenzene metabolic process","0.0047","GSTM2|GSTM3|GSTM4","128","1301|1289|1277","7.44E-5","","GO:0018916","0.23279021420642826","0"
"14","4","GO Biological Process","","Vitamin D metabolic process","0.0047","UGT1A4|CYP1A1|UGT1A3|CYP3A4","128","1028|337|1733|1082","7.57E-5","","GO:0042359","0.23279021420642826","0"
"4","3","GO Biological Process","","Cellular response to jasmonic acid stimulus","0.0047","AKR1C4|AKR1C3|AKR1C1","128","1463|286|1472","7.44E-5","","GO:0071395","0.23279021420642826","0"
"4","3","GO Biological Process","","Lipoxin biosynthetic process","0.0047","ALOX12|ALOX15|ALOX5","128","2291|2300|358","7.44E-5","","GO:2001301","0.23279021420642826","0"
"9","4","Pfam","","Anticodon binding domain","0.0048","TARS3|PARS2|GARS1|HARS2","128","1889|1937|1904|319","1.86E-5","","PF03129","0.23187587626244127","0"
"75","6","KEGG Pathways","","Chronic myeloid leukemia","0.005","PIK3R2|PIK3R3|SHC4|PIK3CD|AKT1|PIK3CB","128","1478|1508|4163|1520|301|1514","6.7E-4","","hsa05220","0.23010299956639813","0"
"138","9","Reactome Pathways","","PTEN Regulation","0.0052","HDAC7|PHC2|PSMB7|PSMB4|EZH2|PSMF1|PSMB11|PHC1|AKT1","128","217|1397|256|259|220|2531|1880|1388|301","1.4E-4","","HSA-6807070","0.2283996656365201","0"
"22","4","WikiPathways","","NAD+ biosynthetic pathways","0.0052","SIRT4|NAMPT|BST1|NAPRT","128","1232|247|1256|1574","3.4E-4","","WP3645","0.2283996656365201","0"
"5977","108","GO Molecular Function","","Heterocyclic compound binding","0.0053","SULT2B1|SIRT4|DHDH|CYP3A5|RAD51AP1|WARS2|NT5C1A|AHR|NT5C|ABCB7|NARS1|PHC2|KIF11|SLC6A4|DCPS|THRA|CAD|PI4K2B|NCOR1|SRD5A1|NARS2|MARS2|PDE11A|CYP11B1|TLR3|MELK|CYP2A6|CYP7A1|ENTPD3|ANKK1|CYP2S1|ADAT1|CYP4A11|EZH2|AHRR|CYP2B6|PGR|METAP2|KARS1|CYP11B2|CYP2A13|CYP3A7|TARS3|NT5C2|CYP1A2|CPSF4L|WARS1|DHCR7|RXRG|NT5C1B|NTRK3|PNP|HSD11B1|SOAT1|PI4KB|CYP17A1|SARS1|IRAK1|CYP2C8|PARS2|ENTPD8|CYP4A22|UCK1|EIF2S2|NMRK1|PIK3CD|KIN|RAD1|NT5M|ASPDH|GARS1|RFC4|PRKAR1A|CDKL4|CYP1A1|CDKL1|CYP19A1|THRB|NCOR2|NCOA1|NT5C3B|NCOA2|ENPP3|EBNA1BP2|CHTF8|TOP2A|AHRR-2|NT5C1B-RDH14|PHC1|CYP2E1|ADK|SNW1|AKT1|ACLY|SARS2-2|SARS2|NT5C3A|CYP1B1|NMRK2|HMGN3|CPSF1|RAD51|HARS2|ENPP1|CYP26C1|CYP3A4|NR1H2|PIK3CB","128","1163|1232|1457|1088|1853|1886|1547|2096|1535|478|1898|1397|265|445|487|274|499|1496|1007|1154|1913|1943|3068|1094|292|1871|1346|1226|3008|2597|1283|3824|1694|220|3986|1295|307|484|316|1070|1337|1205|1889|1559|331|4706|325|1169|2852|1529|496|250|352|472|418|1148|1925|295|1724|1937|1952|1652|475|481|1586|1520|5480|5570|1553|2639|1904|373|403|448|337|5669|310|277|1001|2099|2003|2105|1235|460|5645|268|5675|1541|1388|1178|346|439|301|394|1919|1931|2009|1100|1568|5771|433|379|319|1241|1631|1082|412|1514","1.1E-4","","GO:1901363","0.2275724130399211","0"
"30","5","GO Biological Process","","Ketone biosynthetic process","0.0054","CYP11B1|CYP11B2|AKR1C3|CYP19A1|SRD5A2","128","1094|1070|286|310|1112","8.67E-5","","GO:0042181","0.22676062401770314","0"
"42","5","WikiPathways","","Neural crest cell migration in cancer","0.0054","MMP8|PIK3R3|PIK3CD|AKT1|PIK3CB","128","454|1508|1520|301|1514","3.6E-4","","WP4565","0.22676062401770314","0"
"5","3","GO Molecular Function","","leukotriene-C4 synthase activity","0.0055","LTC4S|GSTM4|MGST2","128","3128|1277|1313","1.2E-4","","GO:0004464","0.22596373105057563","0"
"77","6","KEGG Pathways","","EGFR tyrosine kinase inhibitor resistance","0.0056","PIK3R2|PIK3R3|SHC4|PIK3CD|AKT1|PIK3CB","128","1478|1508|4163|1520|301|1514","7.7E-4","","hsa01521","0.22518119729937996","0"
"184","10","UniProt Keywords","","NAD","0.0057","HSD17B2|SIRT4|HSD17B7|MSMO1|BST1|HSD3B1|AKR1C3|ASPDH|HSD3B2|HSD17B6","128","1013|1232|1124|2414|1256|1133|286|2639|1142|1064","2.5E-4","","KW-0520","0.22441251443275084","0"
"131","9","GO Biological Process","","Liver development","0.0059","SRD5A1|UGT1A6|UGT1A1|EZH2|UGT1A10|UGT1A9|UGT1A7|UGT1A8|CYP1A1","128","1154|1022|1016|220|1058|1742|1760|1040|337","9.61E-5","","GO:0001889","0.22291479883578558","0"
"23","5","InterPro Domains","","Hemopexin-like domain","0.006","MMP8|MMP20|HPX|MMP21|MMP28","128","454|2549|463|2810|2837","2.83E-5","","IPR000585","0.2221848749616356","0"
"91","8","GO Cellular Component","","Intercellular bridge","0.0064","USB1|GSTM2|GSTM5|TRIM45|GSTM3|HSD3B1|GSTM4|HSD3B2","128","1451|1301|1325|2471|1289|1133|1277|1142","4.71E-5","","GO:0045171","0.21938200260161128","0"
"83","7","Reactome Pathways","","PI Metabolism","0.0064","PIK3R2|PIK3R3|PI4K2B|PI4KB|PIK3CD|INPP5F|PIK3CB","128","1478|1508|1496|418|1520|1481|1514","1.8E-4","","HSA-1483255","0.21938200260161128","0"
"6","3","Reactome Pathways","","Mineralocorticoid biosynthesis","0.0064","CYP11B2|HSD3B1|HSD3B2","128","1070|1133|1142","1.8E-4","","HSA-193993","0.21938200260161128","0"
"6","3","Reactome Pathways","","Synthesis of Lipoxins (LX)","0.0064","ALOX12|LTC4S|ALOX5","128","2291|3128|358","1.8E-4","","HSA-2142700","0.21938200260161128","0"
"111","8","Reactome Pathways","","Interleukin-1 signaling","0.0064","PSMB7|PELI2|PSMB4|PELI3|PSMF1|TIFA|IRAK1|PSMB11","128","256|2843|259|3980|2531|4952|295|1880","1.7E-4","","HSA-9020702","0.21938200260161128","0"
"206","11","GO Molecular Function","","Lyase activity","0.0065","USB1|BST1|LTC4S|CYP2S1|CYP1A2|GSTM4|CYP17A1|CYP1A1|ACLY|CYP1B1|MGST2","128","1451|1256|3128|1283|331|1277|1148|337|394|1100|1313","1.4E-4","","GO:0016829","0.21870866433571443","0"
"17","4","GO Molecular Function","","Intramolecular oxidoreductase activity, transposing C=C bonds","0.0066","GSTA1|HSD3B1|IDI1|HSD3B2","128","1364|1133|466|1142","1.4E-4","","GO:0016863","0.2180456064458131","0"
"139","9","GO Molecular Function","","Organic acid binding","0.0066","CAD|UGT1A1|KARS1|UGT1A9|UGT1A7|UGT1A8|CASTOR1|UGT1A3|CYP26C1","128","499|1016|316|1742|1760|1040|5597|1733|1631","1.5E-4","","GO:0043177","0.2180456064458131","0"
"9","3","WikiPathways","","Eicosanoid metabolism via cytochrome P450 monooxygenases pathway","0.0066","CYP4A11|CYP2C8|CYP4A22","128","1694|1724|1652","4.5E-4","","WP4720","0.2180456064458131","0"
"861","26","GO Biological Process","","Response to organic cyclic compound","0.0067","GSTM2|AHR|PTGER2|SLC6A4|SRD5A1|TLR3|SPIDR|CYP7A1|UGT1A1|EZH2|PGR|TPH2|RXRG|NTRK3|HSD3B1|AKR1C3|CYP1A1|CYP19A1|NCOR2|CHRM2|NCOA2|HSD3B2|SRD5A2|CYP1B1|RAD51|ENPP1","128","1301|2096|469|445|1154|292|3239|1226|1016|220|307|2603|2852|496|1133|286|337|310|1001|421|2105|1142|1112|1100|379|1241","1.1E-4","","GO:0014070","0.21739251972991736","0"
"274","13","GO Biological Process","","Negative regulation of transferase activity","0.0068","CDK5RAP1|UGT1A6|UGT1A1|UGT1A10|UGT1A9|WARS1|UGT1A4|UGT1A7|UGT1A8|PRKAR1A|UGT1A3|AKT1|PIK3CB","128","400|1022|1016|1058|1742|325|1028|1760|1040|403|1733|301|1514","1.1E-4","","GO:0051348","0.2167491087293764","0"
"7835","134","GO Biological Process","","Response to stimulus","0.0069","HSD17B2|SIRT4|GSTA3|CBX7|PIK3R2|NAMPT|CYP3A5|RAD51AP1|GSTM2|AHR|PTGER2|OR7C2|SLC6A4|PIK3R3|DCPS|THRA|PDE8B|BST1|HPX|SRD5A1|SIGMAR1|PDE3B|PLA2R1|AKR1B1|PDE11A|TIMP4|CYP11B1|LTC4S|GRASP|ALOX15|HPGDS|TLR3|SPIDR|DEFA4|MELK|PCLAF|CYP2A6|CGB5|CYP7A1|UGT1A6|UGT1A1|CYP2S1|SWI5|EZH2|AHRR|CYP2B6|PGR|KARS1|CYP11B2|PSMG2|TPH2|SHC4|UPP1|CYP2A13|UGT2B28|GSTA1|CYP3A7|UGT2B15|CYP1A2|PTGES|UGT1A10|UGT1A9|RXRG|NTRK3|GSTM3|PNP|TIFA|DTL|THEM4|PI4KB|HSD3B1|SFR1|GSTM4|IRAK1|GSTA4|GSTA5|CYP2C8|UGT1A7|UGT1A8|ZWINT|ALOX5|PLA2G2D|PIK3CD|KIN|AKR1C4|AKR1C3|AKR1C1|RAD1|RFC4|RAD9B|TIRAP|PRKAR1A|PDE8A|CYP1A1|TYMP|MGST1|CYP19A1|THRB|ADA2|NCOR2|CASTOR1|NCOA1|UGT2B11|CHRM2|NCOA2|NAPRT|ENPP3|LPAR4|TOP2A|UGT1A3|GSTA2|TAS2R50|AHRR-2|SH2B2|CYP2E1|NNMT|ADGRD1|HSD3B2|SNW1|AKT1|UGT2A2|NT5C3A|SRD5A2|CYP1B1|IGHV3-16|MGST2|OR13G1|RAD51|PDE8B-2|INPP5F|ENPP1|CYP3A4|NR1H2|PIK3CB","128","1013|1232|1265|1376|1478|247|1088|1853|1301|2096|469|406|445|1508|487|274|2723|1256|463|1154|493|2237|3053|283|3068|2024|1094|3128|3140|2300|1319|292|3239|2030|1871|2567|1346|3413|1226|1022|1016|1283|3899|220|3986|1295|307|316|1070|2525|2603|4163|1982|1337|1706|1364|1205|1052|331|2228|1058|1742|2852|496|1289|250|4952|2561|4991|418|1133|3905|1277|295|1307|1271|1724|1760|1040|1862|358|361|1520|5480|1463|286|1472|5570|373|5579|3233|403|2738|337|1973|1331|310|277|1958|1001|5597|2099|1670|421|2105|1574|1235|5867|268|1733|1370|424|5675|4880|1178|1250|451|1142|439|301|1688|2009|1112|1100|3419|1313|5933|379|5654|1481|1241|1082|412|1514","1.1E-4","","GO:0050896","0.21611509092627448","0"
"81","6","KEGG Pathways","","ErbB signaling pathway","0.0069","PIK3R2|PIK3R3|SHC4|PIK3CD|AKT1|PIK3CB","128","1478|1508|4163|1520|301|1514","9.8E-4","","hsa04012","0.21611509092627448","0"
"146","8","KEGG Pathways","","Breast cancer","0.0069","PIK3R2|PIK3R3|PGR|SHC4|PIK3CD|NCOA1|AKT1|PIK3CB","128","1478|1508|307|4163|1520|2099|301|1514","9.7E-4","","hsa05224","0.21611509092627448","0"
"24","5","InterPro Domains","","Hemopexin-like repeats","0.0069","MMP8|MMP20|HPX|MMP21|MMP28","128","454|2549|463|2810|2837","3.38E-5","","IPR018487","0.21611509092627448","0"
"24","5","InterPro Domains","","Hemopexin-like domain superfamily","0.0069","MMP8|MMP20|HPX|MMP21|MMP28","128","454|2549|463|2810|2837","3.38E-5","","IPR036375","0.21611509092627448","0"
"11","4","InterPro Domains","","Anticodon-binding domain superfamily","0.0069","TARS3|PARS2|GARS1|HARS2","128","1889|1937|1904|319","3.48E-5","","IPR036621","0.21611509092627448","0"
"45","5","WikiPathways","","Chronic hyperglycemia impairment of neuron function","0.007","MMP8|MMP20|MMP23B|MMP21|MMP28","128","454|2549|2822|2810|2837","4.8E-4","","WP5283","0.2154901959985743","0"
"9","4","COMPARTMENTS","","Phosphatidylinositol 3-kinase complex, class IA","0.0071","PIK3R2|PIK3R3|PIK3CD|PIK3CB","128","1478|1508|1520|1514","1.86E-5","","GOCC:0005943","0.21487416512809246","0"
"5","3","GO Biological Process","","Androgen catabolic process","0.0071","SRD5A1|CYP19A1|HSD17B6","128","1154|310|1064","1.2E-4","","GO:0006710","0.21487416512809246","0"
"5","3","GO Biological Process","","dGMP metabolic process","0.0071","NT5C1A|NT5C|NT5C2","128","1547|1535|1559","1.2E-4","","GO:0046054","0.21487416512809246","0"
"16","4","GO Biological Process","","Regulation of retinoic acid receptor signaling pathway","0.0071","EZH2|AKR1C3|SNW1|CYP26C1","128","220|286|439|1631","1.2E-4","","GO:0048385","0.21487416512809246","0"
"5","3","GO Biological Process","","Testosterone biosynthetic process","0.0071","AKR1C3|CYP19A1|SRD5A2","128","286|310|1112","1.2E-4","","GO:0061370","0.21487416512809246","0"
"5","3","GO Biological Process","","selenocysteinyl-tRNA(Sec) biosynthetic process","0.0071","SARS1|SARS2-2|SARS2","128","1925|1919|1931","1.2E-4","","GO:0097056","0.21487416512809246","0"
"578","19","UniProt Keywords","","Magnesium","0.0076","NT5C1A|NT5C|CAD|HPGDS|ENTPD3|NT5C2|NT5C1B|IRAK1|ENTPD8|NMRK1|IDI1|NT5M|NT5C3B|NAPRT|TOP2A|ADK|ACLY|NT5C3A|NMRK2","128","1547|1535|499|1319|3008|1559|1529|295|1952|1586|466|1553|2003|1574|268|346|394|2009|1568","3.5E-4","","KW-0460","0.21191864077192085","0"
"8","3","UniProt Keywords","","Cushing syndrome","0.0076","PDE8B|PDE11A|PRKAR1A","128","2723|3068|403","3.4E-4","","KW-1062","0.21191864077192085","0"
"23","5","SMART Domains","","Hemopexin-like repeats.","0.0077","MMP8|MMP20|HPX|MMP21|MMP28","128","454|2549|463|2810|2837","2.83E-5","","SM00120","0.2113509274827518","0"
"72","6","WikiPathways","","Non-small cell lung cancer","0.0078","PIK3R2|PIK3R3|RXRG|PIK3CD|AKT1|PIK3CB","128","1478|1508|2852|1520|301|1514","5.5E-4","","WP4255","0.21079053973095196","0"
"72","6","WikiPathways","","Cholesterol metabolism","0.0078","HSD17B7|MSMO1|CYP7A1|DHCR7|SOAT1|IDI1","128","1124|2414|1226|1169|472|466","5.5E-4","","WP5304","0.21079053973095196","0"
"10","3","WikiPathways","","Liver X receptor pathway","0.0079","CYP7A1|CYP2B6|CYP3A4","128","1226|1295|1082","5.7E-4","","WP2874","0.21023729087095586","0"
"3","3","InterPro Domains","","Serine-tRNA ligase, type1","0.0081","SARS1|SARS2-2|SARS2","128","1925|1919|1931","4.29E-5","","IPR002317","0.20915149811213504","0"
"3","3","InterPro Domains","","Class I and II aminoacyl-tRNA synthetase, tRNA-binding arm","0.0081","SARS1|SARS2-2|SARS2","128","1925|1919|1931","4.29E-5","","IPR010978","0.20915149811213504","0"
"3","3","InterPro Domains","","Serine-tRNA ligase catalytic core domain","0.0081","SARS1|SARS2-2|SARS2","128","1925|1919|1931","4.29E-5","","IPR033729","0.20915149811213504","0"
"56","5","KEGG Pathways","","VEGF signaling pathway","0.0083","PIK3R2|PIK3R3|PIK3CD|AKT1|PIK3CB","128","1478|1508|1520|301|1514","0.0012","","hsa04370","0.20809219076239263","0"
"149","9","Reactome Pathways","","Interleukin-1 family signaling","0.0083","PSMB7|PELI2|PSMB4|PELI3|PSMF1|TIFA|IRAK1|ALOX5|PSMB11","128","256|2843|259|3980|2531|4952|295|358|1880","2.4E-4","","HSA-446652","0.20809219076239263","0"
"16","4","STRING Clusters","","PRC1 complex","0.0085","CBX7|PHC2|PCGF6|PHC1","128","1376|1397|1382|1388","1.2E-4","","CL:5363","0.20705810742857073","0"
"5","3","STRING Clusters","","Diabetic cataract, and D-xylose metabolic process","0.0085","DHDH|AKR1B1|DCXR","128","1457|283|3062","1.2E-4","","CL:9858","0.20705810742857073","0"
"34","5","GO Biological Process","","Leukotriene metabolic process","0.0087","ALOX12|LTC4S|CYP4A11|ALOX5|MGST2","128","2291|3128|1694|358|1313","1.5E-4","","GO:0006691","0.20604807473813813","0"
"34","5","GO Biological Process","","Ribonucleoside monophosphate biosynthetic process","0.0087","CAD|UPP1|UCK1|ADK|UPP2","128","499|1982|475|346|1994","1.5E-4","","GO:0009156","0.20604807473813813","0"
"153","8","KEGG Pathways","","Cushing syndrome","0.0087","AHR|PDE8B|PDE11A|CYP11B1|HSD3B1|CYP17A1|PDE8A|HSD3B2","128","2096|2723|3068|1094|1133|1148|2738|1142","0.0013","","hsa04934","0.20604807473813813","0"
"58","5","KEGG Pathways","","Endometrial cancer","0.0092","PIK3R2|PIK3R3|PIK3CD|AKT1|PIK3CB","128","1478|1508|1520|301|1514","0.0014","","hsa05213","0.2036212172654445","0"
"87","6","KEGG Pathways","","PD-L1 expression and PD-1 checkpoint pathway in cancer","0.0092","PIK3R2|PIK3R3|PIK3CD|TIRAP|AKT1|PIK3CB","128","1478|1508|1520|3233|301|1514","0.0014","","hsa05235","0.2036212172654445","0"
"285","13","GO Biological Process","","Response to steroid hormone","0.0095","PTGER2|SRD5A1|UGT1A1|PGR|TPH2|RXRG|NTRK3|HSD3B1|AKR1C3|NCOA2|HSD3B2|SRD5A2|CYP1B1","128","469|1154|1016|307|2603|2852|496|1133|286|2105|1142|1112|1100","1.6E-4","","GO:0048545","0.20222763947111524","0"
"158","8","KEGG Pathways","","Hepatitis B","0.0099","PIK3R2|PIK3R3|TLR3|IRAK1|PIK3CD|TIRAP|AKT1|PIK3CB","128","1478|1508|292|295|1520|3233|301|1514","0.0016","","hsa05161","0.200436480540245","0"
"3","3","Pfam","","5-nucleotidase","0.0099","NT5C1A|NT5C1B|NT5C1B-RDH14","128","1547|1529|1541","4.29E-5","","PF06189","0.200436480540245","0"
"40","5","Reactome Pathways","","Defective homologous recombination repair (HRR) due to BRCA2 loss of function","0.01","RAD51AP1|RAD1|RFC4|RAD9B|RAD51","128","1853|5570|373|5579|379","2.9E-4","","HSA-9701190","0.2","0"
"50","5","WikiPathways","","Synaptic signaling pathways associated with autism spectrum disorder","0.0101","PIK3R2|PIK3R3|PIK3CD|AKT1|PIK3CB","128","1478|1508|1520|301|1514","7.5E-4","","WP4539","0.19956786262173573","0"
"6","3","GO Biological Process","","Regulation of thyroid hormone mediated signaling pathway","0.0102","THRA|THRB|NCOA1","128","274|277|2099","1.8E-4","","GO:0002155","0.19913998282380824","0"
"6","3","GO Biological Process","","dCMP catabolic process","0.0102","NT5C|UPP1|UPP2","128","1535|1982|1994","1.8E-4","","GO:0006249","0.19913998282380824","0"
"6","3","GO Biological Process","","Purine deoxyribonucleoside monophosphate catabolic process","0.0102","NT5C1A|NT5C|PNP","128","1547|1535|250","1.8E-4","","GO:0009172","0.19913998282380824","0"
"6","3","GO Biological Process","","Pyrimidine ribonucleoside monophosphate catabolic process","0.0102","NT5C|UPP1|NT5C3A","128","1535|1982|2009","1.8E-4","","GO:0009175","0.19913998282380824","0"
"6","3","GO Biological Process","","Monoterpenoid metabolic process","0.0102","CYP1A2|CYP2E1|CYP3A4","128","331|1178|1082","1.8E-4","","GO:0016098","0.19913998282380824","0"
"6","3","GO Biological Process","","UMP salvage","0.0102","UPP1|UCK1|UPP2","128","1982|475|1994","1.8E-4","","GO:0044206","0.19913998282380824","0"
"6","3","GO Biological Process","","dUMP catabolic process","0.0102","NT5C|UPP1|NT5M","128","1535|1982|1553","1.8E-4","","GO:0046079","0.19913998282380824","0"
"6","3","GO Biological Process","","Vitamin D3 metabolic process","0.0102","UGT1A4|UGT1A3|CYP3A4","128","1028|1733|1082","1.8E-4","","GO:0070640","0.19913998282380824","0"
"143","9","GO Biological Process","","Regulation of reactive oxygen species metabolic process","0.0102","MMP8|ABCB7|BST1|DCXR|NOXA1|ALOX5|AKR1C3|AKR1C1|CYP1B1","128","454|478|1256|3062|4649|358|286|1472|1100","1.8E-4","","GO:2000377","0.19913998282380824","0"
"28","4","WikiPathways","","Cannabinoid receptor signaling","0.0102","AHR|PRKAR1A|CYP1A1|CYP3A4","128","2096|403|337|1082","7.7E-4","","WP3869","0.19913998282380824","0"
"153","10","InterPro Domains","","NAD(P)-binding domain superfamily","0.0103","HSD17B2|DHDH|HSD17B7|DCXR|HSD11B1|HSD3B1|ASPDH|HSD3B2|HSD17B6|ACLY","128","1013|1457|1124|3062|352|1133|2639|1142|1064|394","5.87E-5","","IPR036291","0.1987162775294828","0"
"131","8","UniProt Keywords","","Isomerase","0.0104","HPGDS|CYP2S1|GSTA1|PTGES|HSD3B1|IDI1|TOP2A|HSD3B2","128","1319|1283|1364|2228|1133|466|268|1142","5.0E-4","","KW-0413","0.19829666607012197","0"
"61","5","KEGG Pathways","","Longevity regulating pathway - multiple species","0.0107","PIK3R2|PIK3R3|PIK3CD|AKT1|PIK3CB","128","1478|1508|1520|301|1514","0.0017","","hsa04213","0.19706162223147902","0"
"109","7","WikiPathways","","Androgen receptor network in prostate cancer","0.0109","HSD17B2|HSD17B7|NOXA1|HSD3B1|CYP17A1|HSD3B2|AKT1","128","1013|1124|4649|1133|1148|1142|301","8.4E-4","","WP2263","0.19625735020593765","0"
"123","8","Reactome Pathways","","Metabolism of water-soluble vitamins and cofactors","0.011","NAMPT|BST1|NMRK1|NAPRT|ENPP3|NNMT|NMRK2|ENPP1","128","247|1256|1586|1574|1235|1250|1568|1241","3.3E-4","","HSA-196849","0.1958607314841775","0"
"417","16","GO Biological Process","","Peptide biosynthetic process","0.0111","WARS2|NARS1|NARS2|MARS2|KARS1|TARS3|WARS1|SARS1|PARS2|EIF2S2|ASMT|GARS1|SARS2-2|SARS2|MGST2|HARS2","128","1886|1898|1913|1943|316|1889|325|1925|1937|481|4607|1904|1919|1931|1313|319","2.0E-4","","GO:0043043","0.19546770212133427","0"
"92","6","KEGG Pathways","","Small cell lung cancer","0.0111","PIK3R2|PIK3R3|RXRG|PIK3CD|AKT1|PIK3CB","128","1478|1508|2852|1520|301|1514","0.0018","","hsa05222","0.19546770212133427","0"
"22","4","Reactome Pathways","","CD28 dependent PI3K/Akt signaling","0.0111","PIK3R2|PIK3R3|THEM4|AKT1","128","1478|1508|4991|301","3.4E-4","","HSA-389357","0.19546770212133427","0"
"22","4","Reactome Pathways","","Regulation of signaling by CBL","0.0111","PIK3R2|PIK3R3|PIK3CD|PIK3CB","128","1478|1508|1520|1514","3.4E-4","","HSA-912631","0.19546770212133427","0"
"27","5","SMART Domains","","Metal dependent phosphohydrolases with conserved HD motif.","0.0114","PDE8B|PDE3B|PDE11A|PDE8A|PDE8B-2","128","2723|2237|3068|2738|5654","5.55E-5","","SM00471","0.19430951486635273","0"
"66","6","Reactome Pathways","","HDR through Homologous Recombination (HRR)","0.0114","RAD51AP1|SPIDR|RAD1|RFC4|RAD9B|RAD51","128","1853|3239|5570|373|5579|379","3.6E-4","","HSA-5685942","0.19430951486635273","0"
"42","5","Reactome Pathways","","Homologous DNA Pairing and Strand Exchange","0.0114","RAD51AP1|RAD1|RFC4|RAD9B|RAD51","128","1853|5570|373|5579|379","3.6E-4","","HSA-5693579","0.19430951486635273","0"
"12","3","WikiPathways","","Resolvin E1 and resolvin D1 signaling pathways promoting inflammation resolution","0.0115","PIK3CD|AKT1|PIK3CB","128","1520|301|1514","9.0E-4","","WP5191","0.19393021596463883","0"
"37","5","GO Biological Process","","Bile acid metabolic process","0.0117","AKR1D1|CYP7A1|AKR1C4|AKR1C1|UGT2A2","128","1076|1226|1463|1472|1688","2.1E-4","","GO:0008206","0.19318141382538384","0"
"35","5","STRING Clusters","","PcG protein complex, and Yaf2/RYBP C-terminal binding motif","0.0117","CBX7|PHC2|PCGF6|PHC1|EPOP","128","1376|1397|1382|1388|3914","1.7E-4","","CL:5358","0.19318141382538384","0"
"43","6","COMPARTMENTS","","PcG protein complex","0.0118","CBX7|PHC2|EZH2|PCGF6|PHC1|EPOP","128","1376|1397|220|1382|1388|3914","4.12E-5","","GOCC:0031519","0.19281179926938746","0"
"3","3","COMPARTMENTS","","Swi5-Sfr1 complex","0.0118","SWI5|SFR1|RAD51","128","3899|3905|379","4.29E-5","","GOCC:0032798","0.19281179926938746","0"
"92","8","COMPARTMENTS","","Intercellular bridge","0.0118","USB1|GSTM2|GSTM5|TRIM45|GSTM3|HSD3B1|GSTM4|HSD3B2","128","1451|1301|1325|2471|1289|1133|1277|1142","5.06E-5","","GOCC:0045171","0.19281179926938746","0"
"63","5","KEGG Pathways","","GnRH secretion","0.0118","PIK3R2|PIK3R3|PIK3CD|AKT1|PIK3CB","128","1478|1508|1520|301|1514","0.002","","hsa04929","0.19281179926938746","0"
"37","4","KEGG Pathways","","Aldosterone-regulated sodium reabsorption","0.0118","PIK3R2|PIK3R3|PIK3CD|PIK3CB","128","1478|1508|1520|1514","0.002","","hsa04960","0.19281179926938746","0"
"6","3","STRING Clusters","","PI3K/AKT activation","0.012","PIK3R2|PIK3R3|PIK3CB","128","1478|1508|1514","1.8E-4","","CL:17478","0.19208187539523752","0"
"6","3","STRING Clusters","","Carbonyl reductase [NADPH] 1-like, and Coumarin metabolic process","0.012","UGT2B17|CYP2A13|UGT2B15","128","1046|1337|1052","1.8E-4","","CL:9456","0.19208187539523752","0"
"15","4","GO Cellular Component","","PRC1 complex","0.0121","CBX7|PHC2|PCGF6|PHC1","128","1376|1397|1382|1388","9.49E-5","","GO:0035102","0.191721462968355","0"
"43","5","Reactome Pathways","","SUMOylation of transcription cofactors","0.0123","PHC2|NCOR2|NCOA1|NCOA2|PHC1","128","1397|1001|2099|2105|1388","4.0E-4","","HSA-3899300","0.19100948885606023","0"
"2","2","WikiPathways","","Butyrate-induced histone acetylation","0.0123","AKT1|ACLY","128","301|394","0.001","","WP2366","0.19100948885606023","0"
"2","2","WikiPathways","","Lidocaine metabolism","0.0123","CYP1A2|CYP3A4","128","331|1082","0.001","","WP2646","0.19100948885606023","0"
"2","2","WikiPathways","","Felbamate metabolism","0.0123","CYP2E1|CYP3A4","128","1178|1082","0.001","","WP2816","0.19100948885606023","0"
"183","9","WikiPathways","","Vitamin D receptor pathway","0.0123","HSD17B2|STS|CYP3A5|CYP7A1|CYP2S1|CYP2B6|ALOX5|CYP1A1|CYP3A4","128","1013|1214|1088|1226|1283|1295|358|337|1082","9.9E-4","","WP2877","0.19100948885606023","0"
"30","4","WikiPathways","","PI3K-AKT-mTOR signaling pathway and therapeutic opportunities","0.0123","PIK3R2|PIK3R3|AKT1|PIK3CB","128","1478|1508|301|1514","9.7E-4","","WP3844","0.19100948885606023","0"
"17","3","KEGG Pathways","","Primary bile acid biosynthesis","0.0124","AKR1D1|CYP7A1|AKR1C4","128","1076|1226|1463","0.0021","","hsa00120","0.1906578314837765","0"
"65","5","KEGG Pathways","","Renal cell carcinoma","0.0127","PIK3R2|PIK3R3|PIK3CD|AKT1|PIK3CB","128","1478|1508|1520|301|1514","0.0022","","hsa05211","0.18961962790440431","0"
"4","3","InterPro Domains","","Nucleoside phosphorylase domain","0.0127","UPP1|PNP|UPP2","128","1982|250|1994","7.44E-5","","IPR000845","0.18961962790440431","0"
"4","3","InterPro Domains","","Cytochrome P450, E-class, group II","0.0127","CYP3A5|CYP3A7|CYP3A4","128","1088|1205|1082","7.44E-5","","IPR002402","0.18961962790440431","0"
"4","3","InterPro Domains","","Cytochrome P450, E-class, group I, CYP2A-like","0.0127","CYP2A6|CYP2S1|CYP2A13","128","1346|1283|1337","7.44E-5","","IPR008067","0.18961962790440431","0"
"4","3","InterPro Domains","","Cytochrome P450, E-class, CYP3A","0.0127","CYP3A5|CYP3A7|CYP3A4","128","1088|1205|1082","7.44E-5","","IPR008072","0.18961962790440431","0"
"4","3","InterPro Domains","","Nucleoside phosphorylase superfamily","0.0127","UPP1|PNP|UPP2","128","1982|250|1994","7.44E-5","","IPR035994","0.18961962790440431","0"
"4","3","InterPro Domains","","Aldo-keto reductase family 1 member C","0.0127","AKR1C4|AKR1C3|AKR1C1","128","1463|286|1472","7.44E-5","","IPR044482","0.18961962790440431","0"
"83","6","WikiPathways","","MicroRNAs in cardiomyocyte hypertrophy","0.0127","HDAC7|PIK3R2|PIK3R3|PIK3CD|AKT1|PIK3CB","128","217|1478|1508|1520|301|1514","0.0011","","WP1544","0.18961962790440431","0"
"13","3","WikiPathways","","Estrogen receptor pathway","0.0127","CYP1A2|CYP1A1|CYP1B1","128","331|337|1100","0.0011","","WP2881","0.18961962790440431","0"
"150","8","WikiPathways","","Hepatitis B infection","0.0127","PIK3R2|PIK3R3|TLR3|IRAK1|PIK3CD|TIRAP|AKT1|PIK3CB","128","1478|1508|292|295|1520|3233|301|1514","0.0011","","WP4666","0.18961962790440431","0"
"31","4","WikiPathways","","Eicosanoid metabolism via cyclooxygenases (COX)","0.0127","AKR1B1|CYP4A11|PTGES|CYP4A22","128","283|1694|2228|1652","0.0011","","WP4719","0.18961962790440431","0"
"83","6","WikiPathways","","EGFR tyrosine kinase inhibitor resistance","0.0127","PIK3R2|PIK3R3|SHC4|PIK3CD|AKT1|PIK3CB","128","1478|1508|4163|1520|301|1514","0.0011","","WP4806","0.18961962790440431","0"
"2168","52","Monarch Phenotype","","Abnormality of metabolism/homeostasis","0.0127","SULT2B1|STS|USB1|WARS2|AHR|AKR1D1|ABCB7|KIF11|MSMO1|ASPA|SRD5A3|CAD|PDE8B|NARS2|PDE11A|CYP11B1|LTC4S|SPIDR|GNPTAB|CYP2A6|CYP7A1|UGT1A6|DCXR|UGT1A1|KARS1|CYP11B2|CYP1A2|UGT1A10|UGT1A9|DHCR7|GSTM3|PNP|HSD11B1|CYP17A1|UGT1A5|UGT1A7|UGT1A8|PIK3CD|POMP|PRKAR1A|TYMP|CYP19A1|ADA2|ADK|HSD3B2|AKT1|SARS2|NT5C3A|SRD5A2|RAD51|ENPP1|CYP3A4","128","1163|1214|1451|1886|2096|1076|478|265|2414|2636|1106|499|2723|1913|3068|1094|3128|3239|3266|1346|1226|1022|3062|1016|316|1070|331|1058|1742|1169|1289|250|352|1148|1664|1760|1040|1520|2543|403|1973|310|1958|346|1142|301|1931|2009|1112|379|1241|1082","2.08E-5","","HP:0001939","0.18961962790440431","0"
"90","7","GO Molecular Function","","Phosphoric diester hydrolase activity","0.0128","PDE8B|PDE3B|PDE11A|PDE8A|ENPP3|PDE8B-2|ENPP1","128","2723|2237|3068|2738|1235|5654|1241","2.8E-4","","GO:0008081","0.18927900303521317","0"
"38","5","GO Biological Process","","Unsaturated fatty acid biosynthetic process","0.013","ALOX12|ALOX15|HPGDS|PTGES|AKR1C3","128","2291|2300|1319|2228|286","2.4E-4","","GO:0006636","0.18860566476931634","0"
"38","5","GO Biological Process","","Cholesterol biosynthetic process","0.013","HSD17B7|MSMO1|DHCR7|IDI1|ACLY","128","1124|2414|1169|466|394","2.4E-4","","GO:0006695","0.18860566476931634","0"
"97","6","KEGG Pathways","","Chagas disease","0.0131","PIK3R2|PIK3R3|IRAK1|PIK3CD|AKT1|PIK3CB","128","1478|1508|295|1520|301|1514","0.0023","","hsa05142","0.1882728704344236","0"
"97","6","KEGG Pathways","","Prostate cancer","0.0131","PIK3R2|PIK3R3|PIK3CD|AKT1|SRD5A2|PIK3CB","128","1478|1508|1520|301|1112|1514","0.0023","","hsa05215","0.1882728704344236","0"
"425","16","GO Biological Process","","Purine-containing compound metabolic process","0.0133","SULT2B1|SULT1E1|NT5C1A|NT5C|PDE8B|NT5C2|NT5C1B|PNP|PDE8A|ADA2|ENPP3|NT5C1B-RDH14|ADK|ACLY|PDE8B-2|ENPP1","128","1163|1118|1547|1535|2723|1559|1529|250|2738|1958|1235|1541|346|394|5654|1241","2.4E-4","","GO:0072521","0.18761483590329142","0"
"7","3","GO Biological Process","","Glucocorticoid biosynthetic process","0.0134","CYP11B1|CYP11B2|CYP17A1","128","1094|1070|1148","2.5E-4","","GO:0006704","0.18728952016351924","0"
"7","3","GO Biological Process","","dAMP metabolic process","0.0134","NT5C1A|PNP|ADK","128","1547|250|346","2.5E-4","","GO:0046053","0.18728952016351924","0"
"1338","34","GO Biological Process","","Organonitrogen compound biosynthetic process","0.0134","NAMPT|WARS2|NARS1|SRD5A3|CAD|NARS2|MARS2|KARS1|TPH2|UPP1|TMLHE|GSTA1|TARS3|WARS1|PNP|SARS1|PARS2|UCK1|EIF2S2|NMRK1|ASMT|ASPDH|GARS1|ADA2|NAPRT|NNMT|ADK|ACLY|SARS2-2|SARS2|UPP2|NMRK2|MGST2|HARS2","128","247|1886|1898|1106|499|1913|1943|316|2603|1982|490|1364|1889|325|250|1925|1937|475|481|1586|4607|2639|1904|1958|1574|1250|346|394|1919|1931|1994|1568|1313|319","2.5E-4","","GO:1901566","0.18728952016351924","0"
"67","5","KEGG Pathways","","Acute myeloid leukemia","0.0137","PIK3R2|PIK3R3|PIK3CD|AKT1|PIK3CB","128","1478|1508|1520|301|1514","0.0025","","hsa05221","0.18632794328435934","0"
"19","4","STRING Clusters","","Prostaglandin metabolism, and Leukotriene receptor activity","0.0138","LTC4S|HPGDS|PTGES|ALOX5","128","3128|1319|2228|358","2.1E-4","","CL:10404","0.18601209135987634","0"
"19","4","STRING Clusters","","Mixed, incl. Steroid-binding, and Steroid receptor coactivator","0.0138","HDAC7|PGR|NCOA1|NCOA2","128","217|307|2099|2105","2.1E-4","","CL:20825","0.18601209135987634","0"
"135","7","KEGG Pathways","","Spinocerebellar ataxia","0.0143","PIK3R2|PSMB7|PIK3R3|PSMB4|PIK3CD|AKT1|PIK3CB","128","1478|256|1508|259|1520|301|1514","0.0027","","hsa05017","0.18446639625349381","0"
"86","6","WikiPathways","","Pancreatic adenocarcinoma pathway","0.0143","PIK3R2|PIK3R3|PIK3CD|AKT1|RAD51|PIK3CB","128","1478|1508|1520|301|379|1514","0.0013","","WP4263","0.18446639625349381","0"
"575","19","GO Molecular Function","","Catalytic activity, acting on a nucleic acid","0.0144","USB1|WARS2|NARS1|DCPS|NARS2|MARS2|KARS1|TARS3|WARS1|SARS1|PARS2|RAD1|GARS1|TOP2A|SARS2-2|SARS2|NT5C3A|RAD51|HARS2","128","1451|1886|1898|487|1913|1943|316|1889|325|1925|1937|5570|1904|268|1919|1931|2009|379|319","3.2E-4","","GO:0140640","0.18416375079047503","0"
"154","8","WikiPathways","","Breast cancer pathway","0.0144","PIK3R2|PIK3R3|PGR|SHC4|PIK3CD|NCOA1|AKT1|RAD51","128","1478|1508|307|4163|1520|2099|301|379","0.0013","","WP4262","0.18416375079047503","0"
"33","4","WikiPathways","","Tryptophan metabolism","0.0144","AHR|TPH2|ASMT|CYP1A1","128","2096|2603|4607|337","0.0013","","WP465","0.18416375079047503","0"
"58","5","WikiPathways","","MET in type 1 papillary renal cell carcinoma","0.0145","PIK3R2|PIK3R3|PIK3CD|AKT1|PIK3CB","128","1478|1508|1520|301|1514","0.0014","","WP4205","0.1838631997765025","0"
"453","16","Reactome Pathways","","Signaling by Interleukins","0.0146","PIK3R2|PSMB7|PIK3R3|PELI2|PSMB4|ALOX15|PELI3|PSMF1|TIFA|IRAK1|ALOX5|PIK3CD|PSMB11|GSTA2|AKT1|PIK3CB","128","1478|256|1508|2843|259|2300|3980|2531|4952|295|358|1520|1880|1370|301|1514","4.8E-4","","HSA-449147","0.18356471442155628","0"
"8","3","GO Molecular Function","","Retinal dehydrogenase activity","0.0149","AKR1B1|AKR1C4|AKR1C3","128","283|1463|286","3.4E-4","","GO:0001758","0.1826813731587726","0"
"8","3","GO Molecular Function","","Long-chain fatty acid omega-hydroxylase activity","0.0149","CYP4A11|CYP4A22|CYP1A1","128","1694|1652|337","3.4E-4","","GO:0102033","0.1826813731587726","0"
"4","3","COMPARTMENTS","","Rhp55-Rhp57 complex","0.0156","SWI5|SFR1|RAD51","128","3899|3905|379","7.44E-5","","GOCC:0033062","0.18068754016455385","0"
"40","5","GO Biological Process","","Fat-soluble vitamin metabolic process","0.0156","UGT1A4|CYP1A1|UGT1A3|CYP26C1|CYP3A4","128","1028|337|1733|1631|1082","2.9E-4","","GO:0006775","0.18068754016455385","0"
"4","3","Pfam","","tRNA synthetases class II (D, K and N) ","0.0156","NARS1|NARS2|KARS1","128","1898|1913|316","7.44E-5","","PF00152","0.18068754016455385","0"
"4","3","Pfam","","Phosphorylase superfamily","0.0156","UPP1|PNP|UPP2","128","1982|250|1994","7.44E-5","","PF01048","0.18068754016455385","0"
"389","15","GO Biological Process","","Translation","0.0158","WARS2|NARS1|NARS2|MARS2|KARS1|TARS3|WARS1|SARS1|PARS2|EIF2S2|ASMT|GARS1|SARS2-2|SARS2|HARS2","128","1886|1898|1913|1943|316|1889|325|1925|1937|481|4607|1904|1919|1931|319","3.0E-4","","GO:0006412","0.18013429130455774","0"
"70","5","KEGG Pathways","","Bacterial invasion of epithelial cells","0.0158","PIK3R2|PIK3R3|SHC4|PIK3CD|PIK3CB","128","1478|1508|4163|1520|1514","0.003","","hsa05100","0.18013429130455774","0"
"560","20","COMPARTMENTS","","Nuclear outer membrane-endoplasmic reticulum membrane network","0.016","HSD17B2|CYP3A5|HSD17B7|PI4K2B|LTC4S|TLR3|CYP2A6|CYP2B6|CYP2A13|UGT2B28|SVIP|DHCR7|HSD11B1|SOAT1|HSD3B1|CYP2C8|SEC13|CYP2E1|HSD3B2|CYP3A4","128","1013|1088|1124|1496|3128|292|1346|1295|1337|1706|4754|1169|352|472|1133|1724|427|1178|1142|1082","8.33E-5","","GOCC:0042175","0.17958800173440753","0"
"15","3","WikiPathways","","Cholesterol biosynthesis pathway","0.016","MSMO1|DHCR7|IDI1","128","2414|1169|466","0.0016","","WP197","0.17958800173440753","0"
"15","3","WikiPathways","","Biomarkers for pyrimidine metabolism disorders","0.016","NT5C|TYMP|NT5C3A","128","1535|1973|2009","0.0016","","WP4584","0.17958800173440753","0"
"89","6","WikiPathways","","ErbB signaling pathway","0.016","PIK3R2|PIK3R3|SHC4|PIK3CD|AKT1|PIK3CB","128","1478|1508|4163|1520|301|1514","0.0016","","WP673","0.17958800173440753","0"
"7","3","STRING Clusters","","Uridine-diphosphatase activity","0.016","ENTPD3|ENTPD8|ENPP3","128","3008|1952|1235","2.5E-4","","CL:10592","0.17958800173440753","0"
"88","7","STRING Clusters","","Oxygen-dependent proline hydroxylation of Hypoxia-inducible Factor Alpha, and Proteasome assembly","0.016","PRSS16|PSMB7|DESI1|PSMB4|PSMF1|POMP|PSMB11","128","436|256|2537|259|2531|2543|1880","2.5E-4","","CL:3695","0.17958800173440753","0"
"7","3","STRING Clusters","","Anticodon-binding","0.016","TARS3|GARS1|HARS2","128","1889|1904|319","2.5E-4","","CL:827","0.17958800173440753","0"
"64","6","GO Biological Process","","Demethylation","0.0162","CYP3A5|CYP3A7|CYP1A2|CYP2C8|KDM4E|CYP3A4","128","1088|1205|331|1724|430|1082","3.1E-4","","GO:0070988","0.1790484985457369","0"
"90","6","WikiPathways","","Androgen receptor signaling pathway","0.0162","PIK3R2|NCOR1|NCOR2|NCOA1|NCOA2|AKT1","128","1478|1007|1001|2099|2105|301","0.0016","","WP138","0.1790484985457369","0"
"3","2","WikiPathways","","Linoleic acid oxylipin metabolism","0.0162","ALOX15|ALOX5","128","2300|358","0.0017","","WP5137","0.1790484985457369","0"
"71","5","KEGG Pathways","","Pancreatic cancer","0.0165","PIK3R2|PIK3R3|PIK3CD|AKT1|PIK3CB","128","1478|1508|1520|301|1514","0.0032","","hsa05212","0.17825160557860936","0"
"199","9","WikiPathways","","Circadian rhythm genes","0.0166","NAMPT|AHR|SLC6A4|NCOR1|EZH2|TPH2|NTRK3|NCOA2|TOP2A","128","247|2096|445|1007|220|2603|496|2105|268","0.0017","","WP3594","0.1779891911959945","0"
"5","2","KEGG Pathways","","Caffeine metabolism","0.0172","CYP2A6|CYP1A2","128","1346|331","0.0034","","hsa00232","0.1764471553092451","0"
"72","5","KEGG Pathways","","Inositol phosphate metabolism","0.0172","PI4K2B|PI4KB|PIK3CD|INPP5F|PIK3CB","128","1496|418|1520|1481|1514","0.0034","","hsa00562","0.1764471553092451","0"
"72","5","KEGG Pathways","","Melanoma","0.0172","PIK3R2|PIK3R3|PIK3CD|AKT1|PIK3CB","128","1478|1508|1520|301|1514","0.0034","","hsa05218","0.1764471553092451","0"
"36","4","WikiPathways","","Cholesterol metabolism","0.0172","HSD17B7|MSMO1|DHCR7|IDI1","128","1124|2414|1169|466","0.0018","","WP5333","0.1764471553092451","0"
"106","6","KEGG Pathways","","Insulin resistance","0.0173","PIK3R2|PIK3R3|PIK3CD|AKT1|NR1H2|PIK3CB","128","1478|1508|1520|301|412|1514","0.0036","","hsa04931","0.17619538968712045","0"
"3","3","TISSUES","","NCI-H295R cell","0.0174","CYP11B1|CYP11B2|CYP17A1","128","1094|1070|1148","4.29E-5","","BTO:0002588","0.17594507517174002","0"
"5","3","InterPro Domains","","3-oxo-5-alpha-steroid 4-dehydrogenase, C-terminal","0.0176","SRD5A3|SRD5A1|SRD5A2","128","1106|1154|1112","1.2E-4","","IPR001104","0.175448733218585","0"
"5","3","InterPro Domains","","Aminoacyl-tRNA synthetase, class II (D/K/N)","0.0176","NARS1|NARS2|KARS1","128","1898|1913|316","1.2E-4","","IPR004364","0.175448733218585","0"
"8","3","GO Biological Process","","CMP metabolic process","0.0178","UPP1|UCK1|NT5C3A","128","1982|475|2009","3.4E-4","","GO:0046035","0.17495799976911058","0"
"45","4","KEGG Pathways","","Type II diabetes mellitus","0.0183","PIK3R2|PIK3R3|PIK3CD|PIK3CB","128","1478|1508|1520|1514","0.0038","","hsa04930","0.17375489102695704","0"
"108","6","KEGG Pathways","","Serotonergic synapse","0.0184","ALOX12|SLC6A4|ALOX15|TPH2|CYP2C8|ALOX5","128","2291|445|2300|2603|1724|358","0.0039","","hsa04726","0.17351821769904635","0"
"63","5","WikiPathways","","Endometrial cancer","0.0184","PIK3R2|PIK3R3|PIK3CD|AKT1|PIK3CB","128","1478|1508|1520|301|1514","0.002","","WP4155","0.17351821769904635","0"
"66","6","GO Biological Process","","Phosphatidylinositol phosphate biosynthetic process","0.0187","PIK3R2|PIK3R3|PI4K2B|PI4KB|PIK3CD|PIK3CB","128","1478|1508|1496|418|1520|1514","3.6E-4","","GO:0046854","0.1728158393463501","0"
"42","5","GO Biological Process","","Purine ribonucleoside monophosphate metabolic process","0.0188","NT5C1A|NT5C|NT5C2|PNP|ADK","128","1547|1535|1559|250|346","3.6E-4","","GO:0009167","0.17258421507363203","0"
"109","6","KEGG Pathways","","Cholinergic synapse","0.0189","PIK3R2|PIK3R3|PIK3CD|CHRM2|AKT1|PIK3CB","128","1478|1508|1520|421|301|1514","0.0041","","hsa04725","0.1723538195826756","0"
"146","7","KEGG Pathways","","Gastric cancer","0.0189","PIK3R2|PIK3R3|SHC4|RXRG|PIK3CD|AKT1|PIK3CB","128","1478|1508|4163|2852|1520|301|1514","0.0041","","hsa05226","0.1723538195826756","0"
"147","7","KEGG Pathways","","Phospholipase D signaling pathway","0.0191","PIK3R2|PIK3R3|SHC4|PIK3CD|LPAR4|AKT1|PIK3CB","128","1478|1508|4163|1520|5867|301|1514","0.0042","","hsa04072","0.17189666327522726","0"
"210","10","Reactome Pathways","","Phospholipid metabolism","0.0196","PIK3R2|PLA2G12A|PIK3R3|PI4K2B|PLA2R1|PI4KB|PLA2G2D|PIK3CD|INPP5F|PIK3CB","128","1478|2216|1508|1496|3053|418|361|1520|1481|1514","6.6E-4","","HSA-1483257","0.1707743928643524","0"
"27","4","Reactome Pathways","","Cholesterol biosynthesis","0.0196","HSD17B7|MSMO1|DHCR7|IDI1","128","1124|2414|1169|466","6.8E-4","","HSA-191273","0.1707743928643524","0"
"250","11","Reactome Pathways","","Diseases of metabolism","0.0196","SRD5A3|CYP11B1|DCXR|UGT1A1|CYP11B2|PNP|CYP17A1|UGT1A4|CYP19A1|CYP1B1|CYP26C1","128","1106|1094|3062|1016|1070|250|1148|1028|310|1100|1631","6.8E-4","","HSA-5668914","0.1707743928643524","0"
"290","12","Reactome Pathways","","Translation","0.0196","WARS2|NARS1|NARS2|MARS2|KARS1|WARS1|SARS1|PARS2|EIF2S2|GARS1|SARS2|HARS2","128","1886|1898|1913|1943|316|325|1925|1937|481|1904|1931|319","6.6E-4","","HSA-72766","0.1707743928643524","0"
"27","4","Reactome Pathways","","Interleukin receptor SHC signaling","0.0196","PIK3R2|PIK3R3|PIK3CD|PIK3CB","128","1478|1508|1520|1514","6.8E-4","","HSA-912526","0.1707743928643524","0"
"105","7","Reactome Pathways","","KEAP1-NFE2L2 pathway","0.0196","GSTA3|PSMB7|PSMB4|GSTA1|PSMF1|PSMB11|AKT1","128","1265|256|259|1364|2531|1880|301","6.8E-4","","HSA-9755511","0.1707743928643524","0"
"17","3","WikiPathways","","Glutathione metabolism","0.0197","GSTM2|GSTA1|GSTA5","128","1301|1364|1271","0.0021","","WP100","0.17055337738384072","0"
"130","7","WikiPathways","","Adipogenesis","0.0197","NAMPT|AHR|NCOR1|RXRG|NCOR2|NCOA1|NCOA2","128","247|2096|1007|2852|1001|2099|2105","0.0022","","WP236","0.17055337738384072","0"
"95","6","WikiPathways","","Small cell lung cancer","0.0197","PIK3R2|PIK3R3|RXRG|PIK3CD|AKT1|PIK3CB","128","1478|1508|2852|1520|301|1514","0.0021","","WP4658","0.17055337738384072","0"
"17","3","WikiPathways","","Retinol metabolism","0.0197","CYP2A6|CYP3A7|CYP1A1","128","1346|1205|337","0.0021","","WP5188","0.17055337738384072","0"
"11","3","Reactome Pathways","","Ribavirin ADME","0.0199","NT5C2|PNP|ADK","128","1559|250|346","7.2E-4","","HSA-9755088","0.17011469235902935","0"
"1527","40","Monarch Phenotype","","Hormone measurement","0.0199","HDAC7|HSD17B2|SULT1E1|GSTM2|AHR|AKR1D1|PLA2G12A|KIF11|MSMO1|PDE8B|NCOR1|PDE3B|PDE11A|CYP11B1|UGT1A6|UGT2B7|METAP2|PSMF1|UGT2B15|UGT1A10|UGT1A9|WARS1|SOAT1|CYP17A1|CYP2C8|UGT1A4|UGT1A5|UGT1A7|UGT1A8|AKR1C4|AKR1C3|PDE8A|CYP19A1|THRB|NCOR2|NCOA1|UGT2B11|NCOA2|ADGRD1|UGT2A2","128","217|1013|1118|1301|2096|1076|2216|265|2414|2723|1007|2237|3068|1094|1022|1034|484|2531|1052|1058|1742|325|472|1148|1724|1028|1664|1760|1040|1463|286|2738|310|277|1001|2099|1670|2105|451|1688","3.43E-5","","EFO:0004730","0.17011469235902935","0"
"41","5","STRING Clusters","","Mixed, incl. Spindle elongation, and Polo-like kinase mediated events","0.0201","KIF11|MELK|PCLAF|CKAP2L|TOP2A","128","265|1871|2567|2555|268","3.3E-4","","CL:6610","0.16968039425795112","0"
"32","5","COMPARTMENTS","","Phosphatidylinositol 3-kinase complex","0.0202","PIK3R2|PIK3R3|PIK3CD|AKT1|PIK3CB","128","1478|1508|1520|301|1514","1.1E-4","","GOCC:0005942","0.16946486305533764","0"
"16","4","COMPARTMENTS","","PRC1 complex","0.0202","CBX7|PHC2|PCGF6|PHC1","128","1376|1397|1382|1388","1.2E-4","","GOCC:0035102","0.16946486305533764","0"
"6","2","KEGG Pathways","","Riboflavin metabolism","0.0203","ENPP3|ENPP1","128","1235|1241","0.0045","","hsa00740","0.1692503962086787","0"
"150","7","KEGG Pathways","","mTOR signaling pathway","0.0206","PIK3R2|PIK3R3|PIK3CD|SEC13|CASTOR1|AKT1|PIK3CB","128","1478|1508|1520|427|5597|301|1514","0.0047","","hsa04150","0.16861327796308465","0"
"150","7","KEGG Pathways","","Cellular senescence","0.0206","PIK3R2|PIK3R3|PIK3CD|RAD1|RAD9B|AKT1|PIK3CB","128","1478|1508|1520|5570|5579|301|1514","0.0047","","hsa04218","0.16861327796308465","0"
"78","5","KEGG Pathways","","B cell receptor signaling pathway","0.0206","PIK3R2|PIK3R3|PIK3CD|AKT1|PIK3CB","128","1478|1508|1520|301|1514","0.0047","","hsa04662","0.16861327796308465","0"
"8","3","STRING Clusters","","cAMP catabolic process, and Glycine betaine metabolic process","0.0206","PDE8B|PDE11A|PDE8A","128","2723|3068|2738","3.4E-4","","CL:10788","0.16861327796308465","0"
"28","4","Reactome Pathways","","Notch-HLH transcription pathway","0.0207","HDAC7|NCOR1|NCOR2|SNW1","128","217|1007|1001|439","7.7E-4","","HSA-350054","0.16840296545430822","0"
"28","4","Reactome Pathways","","SUMOylation of intracellular receptors","0.0207","THRA|PGR|THRB|NR1H2","128","274|307|277|412","7.7E-4","","HSA-4090294","0.16840296545430822","0"
"39","4","WikiPathways","","Kisspeptin/kisspeptin receptor system in the ovary","0.021","HSD3B1|PIK3CD|AKT1|PIK3CB","128","1133|1520|301|1514","0.0024","","WP4871","0.16777807052660806","0"
"796","23","GO Molecular Function","","Lipid binding","0.0214","SULT2B1|SULT1E1|GSTM2|AKR1D1|PSMB4|LTC4S|ALOX15|MELK|UGT1A1|PGR|GSTA1|UGT1A9|HSD11B1|SOAT1|UGT1A7|UGT1A8|PLA2G2D|TIRAP|LPAR4|UGT1A3|AKT1|CYP26C1|CYP3A4","128","1163|1118|1301|1076|259|3128|2300|1871|1016|307|1364|1742|352|472|1760|1040|361|3233|5867|1733|301|1631|1082","5.0E-4","","GO:0008289","0.16695862266508094","0"
"2692","56","GO Biological Process","","Response to organic substance","0.0216","HSD17B2|PIK3R2|GSTM2|AHR|PTGER2|SLC6A4|PIK3R3|DCPS|THRA|HPX|SRD5A1|PDE3B|TIMP4|CYP11B1|ALOX15|TLR3|SPIDR|DEFA4|CGB5|CYP7A1|UGT1A1|EZH2|PGR|CYP11B2|TPH2|RXRG|NTRK3|GSTM3|HSD3B1|SFR1|IRAK1|PIK3CD|AKR1C4|AKR1C3|AKR1C1|TIRAP|PDE8A|CYP1A1|MGST1|CYP19A1|THRB|NCOR2|CASTOR1|NCOA1|CHRM2|NCOA2|SH2B2|CYP2E1|NNMT|HSD3B2|SNW1|AKT1|SRD5A2|CYP1B1|RAD51|ENPP1","128","1013|1478|1301|2096|469|445|1508|487|274|463|1154|2237|2024|1094|2300|292|3239|2030|3413|1226|1016|220|307|1070|2603|2852|496|1289|1133|3905|295|1520|1463|286|1472|3233|2738|337|1331|310|277|1001|5597|2099|421|2105|4880|1178|1250|1142|439|301|1112|1100|379|1241","4.2E-4","","GO:0010033","0.1665546248849069","0"
"67","5","WikiPathways","","AMP-activated protein kinase signaling","0.0217","PIK3R2|PIK3R3|PIK3CD|AKT1|PIK3CB","128","1478|1508|1520|301|1514","0.0025","","WP1403","0.16635402661514703","0"
"4","2","WikiPathways","","Diclofenac metabolic pathway","0.0217","CYP2B6|CYP2C8","128","1295|1724","0.0025","","WP2491","0.16635402661514703","0"
"4","2","WikiPathways","","Caffeine and theobromine metabolism","0.0217","CYP2A6|CYP1A2","128","1346|331","0.0025","","WP3633","0.16635402661514703","0"
"40","4","WikiPathways","","Microglia pathogen phagocytosis pathway","0.0217","PIK3R2|PIK3R3|PIK3CD|PIK3CB","128","1478|1508|1520|1514","0.0026","","WP3937","0.16635402661514703","0"
"171","8","WikiPathways","","Primary ovarian insufficiency","0.0217","SPIDR|CYP7A1|CYP17A1|EIF2S2|CYP19A1|AKT1|RAD51|HARS2","128","3239|1226|1148|481|310|301|379|319","0.0025","","WP5316","0.16635402661514703","0"
"68","5","WikiPathways","","Sterol regulatory element-binding proteins (SREBP) signaling","0.0223","IDI1|SEC13|AKT1|ACLY|NR1H2","128","466|427|301|394|412","0.0027","","WP1982","0.16516951369518393","0"
"68","5","WikiPathways","","Melanoma","0.0223","PIK3R2|PIK3R3|PIK3CD|AKT1|PIK3CB","128","1478|1508|1520|301|1514","0.0027","","WP4685","0.16516951369518393","0"
"135","7","WikiPathways","","2q37 copy number variation syndrome","0.0223","UGT1A6|UGT1A1|UGT1A10|UGT1A9|UGT1A4|UGT1A7|UGT1A8","128","1022|1016|1058|1742|1028|1760|1040","0.0027","","WP5224","0.16516951369518393","0"
"44","5","GO Biological Process","","Mitochondrial RNA metabolic process","0.0226","CDK5RAP1|WARS2|GARS1|SARS2-2|SARS2","128","400|1886|1904|1919|1931","4.4E-4","","GO:0000959","0.1645891560852599","0"
"9","3","GO Biological Process","","Pyrimidine ribonucleotide catabolic process","0.0228","NT5C|UPP1|NT5C3A","128","1535|1982|2009","4.5E-4","","GO:0009222","0.16420651529995461","0"
"19","3","WikiPathways","","Farnesoid X receptor pathway","0.0228","CYP7A1|UGT2B4|CYP3A4","128","1226|1718|1082","0.0028","","WP2879","0.16420651529995461","0"
"12","3","Reactome Pathways","","Miscellaneous substrates","0.0235","CYP2S1|CYP4A11|CYP4A22","128","1283|1694|1652","9.0E-4","","HSA-211958","0.16289321377282637","0"
"3","3","Monarch Phenotype","","Pigmented micronodular adrenocortical disease","0.0238","PDE8B|PDE11A|PRKAR1A","128","2723|3068|403","4.29E-5","","HP:0001580","0.1623423042943488","0"
"25","3","KEGG Pathways","","Folate biosynthesis","0.0239","AKR1B1|TPH2|AKR1C3","128","283|2603|286","0.0057","","hsa00790","0.16216020990518623","0"
"117","6","KEGG Pathways","","Growth hormone synthesis, secretion and action","0.0239","PIK3R2|PIK3R3|SHC4|PIK3CD|AKT1|PIK3CB","128","1478|1508|4163|1520|301|1514","0.0056","","hsa04935","0.16216020990518623","0"
"82","5","KEGG Pathways","","Colorectal cancer","0.0239","PIK3R2|PIK3R3|PIK3CD|AKT1|PIK3CB","128","1478|1508|1520|301|1514","0.0057","","hsa05210","0.16216020990518623","0"
"10","3","GO Molecular Function","","1-phosphatidylinositol-3-kinase activity","0.0244","PIK3R3|PIK3CD|PIK3CB","128","1508|1520|1514","5.7E-4","","GO:0016303","0.16126101736612705","0"
"10","3","GO Molecular Function","","Bile acid binding","0.0244","AKR1C4|AKR1C3|AKR1C1","128","1463|286|1472","5.7E-4","","GO:0032052","0.16126101736612705","0"
"53","5","Reactome Pathways","","Synthesis of PIPs at the plasma membrane","0.0249","PIK3R2|PIK3R3|PI4K2B|PIK3CD|PIK3CB","128","1478|1508|1496|1520|1514","9.6E-4","","HSA-1660499","0.16038006529042637","0"
"6","3","InterPro Domains","","Lipoxygenase","0.0252","ALOX12|ALOX15|ALOX5","128","2291|2300|358","1.8E-4","","IPR000907","0.15985994592184558","0"
"6","3","InterPro Domains","","Lipoxygenase, mammalian","0.0252","ALOX12|ALOX15|ALOX5","128","2291|2300|358","1.8E-4","","IPR001885","0.15985994592184558","0"
"6","3","InterPro Domains","","Lipoxygenase, C-terminal","0.0252","ALOX12|ALOX15|ALOX5","128","2291|2300|358","1.8E-4","","IPR013819","0.15985994592184558","0"
"6","3","InterPro Domains","","Lipoxygenase, iron binding site","0.0252","ALOX12|ALOX15|ALOX5","128","2291|2300|358","1.8E-4","","IPR020833","0.15985994592184558","0"
"6","3","InterPro Domains","","Lipoxygenase, conserved site","0.0252","ALOX12|ALOX15|ALOX5","128","2291|2300|358","1.8E-4","","IPR020834","0.15985994592184558","0"
"6","3","InterPro Domains","","Lipoxigenase, C-terminal domain superfamily","0.0252","ALOX12|ALOX15|ALOX5","128","2291|2300|358","1.8E-4","","IPR036226","0.15985994592184558","0"
"6","3","InterPro Domains","","Lipoxygenase, vertebrates, PLAT domain","0.0252","ALOX12|ALOX15|ALOX5","128","2291|2300|358","1.8E-4","","IPR042062","0.15985994592184558","0"
"43","4","WikiPathways","","Fibrin complement receptor 3 signaling pathway","0.0257","TLR3|IRAK1|TIRAP|AKT1","128","292|295|3233|301","0.0033","","WP4136","0.15900668766687054","0"
"20","3","WikiPathways","","Lipid metabolism in senescent cells","0.0257","PLA2G12A|ALOX5|PLA2G2D","128","2216|358|361","0.0032","","WP5149","0.15900668766687054","0"
"20","3","WikiPathways","","Disorders of bile acid synthesis and biliary transport","0.0257","AKR1D1|CYP7A1|AKR1C4","128","1076|1226|1463","0.0032","","WP5176","0.15900668766687054","0"
"159","7","KEGG Pathways","","MicroRNAs in cancer","0.0258","PIK3R2|PIK3R3|EZH2|SHC4|PIK3CD|CYP1B1|PIK3CB","128","1478|1508|220|4163|1520|1100|1514","0.0063","","hsa05206","0.158838029403677","0"
"113","7","Reactome Pathways","","Negative regulation of the PI3K/AKT network","0.0258","PIK3R2|PIK3R3|THEM4|IRAK1|PIK3CD|AKT1|PIK3CB","128","1478|1508|4991|295|1520|301|1514","0.001","","HSA-199418","0.158838029403677","0"
"2","2","Reactome Pathways","","Biosynthesis of DPAn-6 SPMs","0.0258","ALOX12|ALOX15","128","2291|2300","0.001","","HSA-9025106","0.158838029403677","0"
"2","2","Reactome Pathways","","Biosynthesis of DPAn-3-derived protectins and resolvins","0.0258","ALOX15|ALOX5","128","2300|358","0.001","","HSA-9026286","0.158838029403677","0"
"2","2","Reactome Pathways","","Biosynthesis of DPAn-3-derived maresins","0.0258","ALOX12|ALOX5","128","2291|358","0.001","","HSA-9026290","0.158838029403677","0"
"2","2","Reactome Pathways","","Biosynthesis of maresin conjugates in tissue regeneration (MCTR)","0.0258","LTC4S|GSTM4","128","3128|1277","0.001","","HSA-9026762","0.158838029403677","0"
"502","17","GO Biological Process","","Cellular response to lipid","0.026","AHR|SLC6A4|SRD5A1|DEFA4|CYP7A1|UGT1A1|PGR|RXRG|NTRK3|IRAK1|AKR1C4|AKR1C3|AKR1C1|MGST1|SNW1|AKT1|CYP1B1","128","2096|445|1154|2030|1226|1016|307|2852|496|295|1463|286|1472|1331|439|301|1100","5.1E-4","","GO:0071396","0.1585026652029182","0"
"19","4","InterPro Domains","","Phosphatidylinositol 3-/4-kinase, catalytic domain","0.0262","PI4K2B|PI4KB|PIK3CD|PIK3CB","128","1496|418|1520|1514","2.1E-4","","IPR000403","0.15816987086802545","0"
"19","4","InterPro Domains","","PGBD-like superfamily","0.0262","MMP8|MMP20|MMP21|MMP28","128","454|2549|2810|2837","2.1E-4","","IPR036365","0.15816987086802545","0"
"13","3","Reactome Pathways","","IRAK1 recruits IKK complex","0.0262","PELI2|PELI3|IRAK1","128","2843|3980|295","0.0011","","HSA-937039","0.15816987086802545","0"
"13","3","Reactome Pathways","","IRAK1 recruits IKK complex upon TLR7/8 or 9 stimulation","0.0262","PELI2|PELI3|IRAK1","128","2843|3980|295","0.0011","","HSA-975144","0.15816987086802545","0"
"4","3","DISEASES","","Adrenal cortical adenoma","0.0263","CYP11B1|CYP11B2|PRKAR1A","128","1094|1070|403","7.44E-5","","DOID:0050891","0.15800442515102422","0"
"5","2","WikiPathways","","Sulindac metabolic pathway","0.0265","CYP1A2|CYP1B1","128","331|1100","0.0034","","WP2542","0.1576754126063192","0"
"181","8","WikiPathways","","Ras signaling","0.0268","PIK3R2|PLA2G12A|PIK3R3|SHC4|PLA2G2D|PIK3CD|AKT1|PIK3CB","128","1478|2216|1508|4163|361|1520|301|1514","0.0035","","WP4223","0.15718652059712113","0"
"21","3","WikiPathways","","FOXA2 pathway","0.0277","GSTM2|GSTA1|GSTA2","128","1301|1364|1370","0.0037","","WP5066","0.15575202309355513","0"
"45","4","WikiPathways","","Translation inhibitors in chronically activated PDGFRA cells","0.0287","PIK3R2|PIK3R3|AKT1|PIK3CB","128","1478|1508|301|1514","0.0038","","WP4566","0.15421181032660075","0"
"10","3","GO Biological Process","","C21-steroid hormone biosynthetic process","0.0291","AKR1B1|CYP11B1|CYP11B2","128","283|1094|1070","5.7E-4","","GO:0006700","0.15361070110140926","0"
"10","3","GO Biological Process","","Purine deoxyribonucleotide catabolic process","0.0291","NT5C1A|NT5C|PNP","128","1547|1535|250","5.7E-4","","GO:0009155","0.15361070110140926","0"
"10","3","GO Biological Process","","Lipoxygenase pathway","0.0291","ALOX12|ALOX15|ALOX5","128","2291|2300|358","5.7E-4","","GO:0019372","0.15361070110140926","0"
"87","5","KEGG Pathways","","Longevity regulating pathway","0.0291","PIK3R2|PIK3R3|PIK3CD|AKT1|PIK3CB","128","1478|1508|1520|301|1514","0.0072","","hsa04211","0.15361070110140926","0"
"124","6","KEGG Pathways","","Yersinia infection","0.0293","PIK3R2|PIK3R3|IRAK1|PIK3CD|AKT1|PIK3CB","128","1478|1508|295|1520|301|1514","0.0073","","hsa05135","0.15331323796458904","0"
"20","4","GO Cellular Component","","Proteasome core complex","0.0297","PSMB7|PSMB4|PSMF1|PSMB11","128","256|259|2531|1880","2.5E-4","","GO:0005839","0.15272435506827878","0"
"7","3","GO Cellular Component","","Smooth endoplasmic reticulum membrane","0.0297","SVIP|HSD3B1|HSD3B2","128","4754|1133|1142","2.5E-4","","GO:0030868","0.15272435506827878","0"
"207","8","KEGG Pathways","","cAMP signaling pathway","0.0297","PIK3R2|PTGER2|PIK3R3|PDE3B|PIK3CD|CHRM2|AKT1|PIK3CB","128","1478|469|1508|2237|1520|421|301|1514","0.0075","","hsa04024","0.15272435506827878","0"
"11","3","GO Molecular Function","","Threonine-type endopeptidase activity","0.0301","PSMB7|PSMB4|PSMB11","128","256|259|1880","7.2E-4","","GO:0004298","0.15214335044061567","0"
"20","4","InterPro Domains","","Peptidoglycan binding-like","0.0301","MMP8|MMP20|MMP21|MMP28","128","454|2549|2810|2837","2.5E-4","","IPR002477","0.15214335044061567","0"
"103","7","GO Biological Process","","Cellular response to ketone","0.0307","AHR|PTGER2|DCPS|SRD5A1|AKR1C3|AKT1|CYP1B1","128","2096|469|487|1154|286|301|1100","6.1E-4","","GO:1901655","0.15128616245228135","0"
"126","6","KEGG Pathways","","Relaxin signaling pathway","0.0307","PIK3R2|PIK3R3|SHC4|PIK3CD|AKT1|PIK3CB","128","1478|1508|4163|1520|301|1514","0.0079","","hsa04926","0.15128616245228135","0"
"6","3","Pfam","","Lipoxygenase","0.0312","ALOX12|ALOX15|ALOX5","128","2291|2300|358","1.8E-4","","PF00305","0.1505845405981557","0"
"419","15","GO Biological Process","","Gland development","0.0315","THRA|SRD5A1|UGT1A6|UGT1A1|EZH2|PGR|UGT1A10|UGT1A9|UGT1A7|UGT1A8|CYP1A1|CYP19A1|NCOR2|AKT1|CYP1B1","128","274|1154|1022|1016|220|307|1058|1742|1760|1040|337|310|1001|301|1100","6.3E-4","","GO:0048732","0.15016894462103997","0"
"13","4","Monarch Phenotype","","Increased circulating cortisol level","0.0315","PDE8B|PDE11A|CYP11B1|PRKAR1A","128","2723|3068|1094|403","5.95E-5","","HP:0003118","0.15016894462103997","0"
"48","5","GO Biological Process","","Porphyrin-containing compound metabolic process","0.0316","HPX|UGT1A1|CYP1A2|UGT1A4|CYP1A1","128","463|1016|331|1028|337","6.3E-4","","GO:0006778","0.1500312917381596","0"
"90","5","KEGG Pathways","","Fc gamma R-mediated phagocytosis","0.0317","PIK3R2|PIK3R3|PIK3CD|AKT1|PIK3CB","128","1478|1508|1520|301|1514","0.0082","","hsa04666","0.14989407377822486","0"
"1903","42","GO Molecular Function","","Purine ribonucleotide binding","0.0334","WARS2|ABCB7|NARS1|KIF11|CAD|PI4K2B|NARS2|MARS2|PDE11A|MELK|ENTPD3|ANKK1|KARS1|TARS3|NT5C2|WARS1|NTRK3|SOAT1|PI4KB|SARS1|IRAK1|PARS2|ENTPD8|UCK1|NMRK1|PIK3CD|GARS1|RFC4|PRKAR1A|CDKL4|CDKL1|TOP2A|ADK|AKT1|ACLY|SARS2-2|SARS2|NMRK2|RAD51|HARS2|ENPP1|PIK3CB","128","1886|478|1898|265|499|1496|1913|1943|3068|1871|3008|2597|316|1889|1559|325|496|472|418|1925|295|1937|1952|475|1586|1520|1904|373|403|448|5669|268|346|301|394|1919|1931|1568|379|319|1241|1514","8.1E-4","","GO:0032555","0.14762535331884355","0"
"75","6","GO Biological Process","","Cellular response to ionizing radiation","0.0336","RAD51AP1|SPIDR|SWI5|RAD1|RAD9B|RAD51","128","1853|3239|3899|5570|5579|379","6.7E-4","","GO:0071479","0.14736607226101558","0"
"10","3","STRING Clusters","","PRC1 complex","0.0336","CBX7|PHC2|PHC1","128","1376|1397|1388","5.7E-4","","CL:5365","0.14736607226101558","0"
"10","3","STRING Clusters","","Cyclin-dependent kinase 11/PITSLRE, catalytic domain, and Peptidase M10A","0.0336","MMP23B|MMP21|MMP26","128","2822|2810|2831","5.7E-4","","CL:8357","0.14736607226101558","0"
"6","2","WikiPathways","","Benzene metabolism","0.0337","DHDH|CYP2E1","128","1457|1178","0.0045","","WP3891","0.14723700991286615","0"
"34","4","Reactome Pathways","","Transcriptional Regulation by E2F6","0.0346","EZH2|PCGF6|PHC1|RAD51","128","220|1382|1388|379","0.0015","","HSA-8953750","0.14609239012072234","0"
"34","4","Reactome Pathways","","Impaired BRCA2 binding to RAD51","0.0346","RAD1|RFC4|RAD9B|RAD51","128","5570|373|5579|379","0.0015","","HSA-9709570","0.14609239012072234","0"
"21","4","InterPro Domains","","35-cyclic nucleotide phosphodiesterase, catalytic domain","0.0348","PDE8B|PDE3B|PDE11A|PDE8A","128","2723|2237|3068|2738","2.9E-4","","IPR002073","0.1458420756053419","0"
"21","4","InterPro Domains","","35-cyclic nucleotide phosphodiesterase, conserved site","0.0348","PDE8B|PDE3B|PDE11A|PDE8A","128","2723|2237|3068|2738","2.9E-4","","IPR023174","0.1458420756053419","0"
"21","4","InterPro Domains","","35-cyclic nucleotide phosphodiesterase, catalytic domain superfamily","0.0348","PDE8B|PDE3B|PDE11A|PDE8A","128","2723|2237|3068|2738","2.9E-4","","IPR036971","0.1458420756053419","0"
"106","7","GO Biological Process","","Cellular detoxification","0.0356","GSTM2|LTC4S|GSTA1|PTGES|GSTM3|MGST1|MGST2","128","1301|3128|1364|2228|1289|1331|1313","7.2E-4","","GO:1990748","0.1448550002027125","0"
"15","3","Reactome Pathways","","Heme degradation","0.0356","UGT1A1|GSTA1|UGT1A4","128","1016|1364|1028","0.0016","","HSA-189483","0.1448550002027125","0"
"15","3","Reactome Pathways","","Synthesis of Prostaglandins (PG) and Thromboxanes (TX)","0.0356","HPGDS|PTGES|AKR1C3","128","1319|2228|286","0.0016","","HSA-2162123","0.1448550002027125","0"
"11","3","GO Biological Process","","cAMP catabolic process","0.0358","PDE8B|PDE8A|PDE8B-2","128","2723|2738|5654","7.2E-4","","GO:0006198","0.14461169733561258","0"
"11","3","GO Biological Process","","Isoprenoid catabolic process","0.0358","SRD5A3|AKR1C3|CYP26C1","128","1106|286|1631","7.2E-4","","GO:0008300","0.14461169733561258","0"
"11","3","GO Biological Process","","Purine ribonucleoside biosynthetic process","0.0358","PNP|ADA2|ADK","128","250|1958|346","7.2E-4","","GO:0046129","0.14461169733561258","0"
"49","4","WikiPathways","","IL-3 signaling pathway","0.0373","PIK3R2|PIK3CD|ENPP3|AKT1","128","1478|1520|1235|301","0.0051","","WP286","0.14282911681913124","0"
"2019","44","GO Biological Process","","Cellular response to organic substance","0.0378","PIK3R2|GSTM2|AHR|PTGER2|SLC6A4|PIK3R3|DCPS|THRA|HPX|SRD5A1|PDE3B|CYP11B1|ALOX15|TLR3|SPIDR|DEFA4|CGB5|CYP7A1|UGT1A1|EZH2|PGR|CYP11B2|RXRG|NTRK3|SFR1|IRAK1|PIK3CD|AKR1C4|AKR1C3|AKR1C1|PDE8A|CYP1A1|MGST1|THRB|CASTOR1|NCOA1|CHRM2|NCOA2|SH2B2|SNW1|AKT1|CYP1B1|RAD51|ENPP1","128","1478|1301|2096|469|445|1508|487|274|463|1154|2237|1094|2300|292|3239|2030|3413|1226|1016|220|307|1070|2852|496|3905|295|1520|1463|286|1472|2738|337|1331|277|5597|2099|421|2105|4880|439|301|1100|379|1241","7.8E-4","","GO:0071310","0.14225082001627748","0"
"7","3","COMPARTMENTS","","Smooth endoplasmic reticulum membrane","0.038","SVIP|HSD3B1|HSD3B2","128","4754|1133|1142","2.5E-4","","GOCC:0030868","0.142021640338319","0"
"75","6","STRING Clusters","","Cyclic nucleotide metabolic process, and Protein kinase A binding","0.0381","PDE8B|PDE3B|PDE11A|PRKAR1A|PDE8A|PDE8B-2","128","2723|2237|3068|403|2738|5654","6.7E-4","","CL:10755","0.14190750243243805","0"
"8","3","InterPro Domains","","OB-fold nucleic acid binding domain, AA-tRNA synthetase-type","0.0385","NARS1|NARS2|KARS1","128","1898|1913|316","3.4E-4","","IPR004365","0.14145392704914994","0"
"49","5","STRING Clusters","","Mixed, incl. cAMP metabolic process, and cAMP-dependent protein kinase complex","0.0385","PDE8B|PDE3B|PDE11A|PRKAR1A|PDE8A","128","2723|2237|3068|403|2738","6.9E-4","","CL:10758","0.14145392704914994","0"
"95","5","KEGG Pathways","","Choline metabolism in cancer","0.0386","PIK3R2|PIK3R3|PIK3CD|AKT1|PIK3CB","128","1478|1508|1520|301|1514","0.0101","","hsa05231","0.1413412695328245","0"
"5","3","DISEASES","","Primary pigmented nodular adrenocortical disease","0.0387","PDE8B|PDE11A|PRKAR1A","128","2723|3068|403","1.2E-4","","DOID:0060280","0.14122890349810885","0"
"114","7","GO Molecular Function","","Metalloendopeptidase activity","0.0396","MMP8|MMP20|MMP23B|MMP21|MMP26|PITRM1|MMP28","128","454|2549|2822|2810|2831|442|2837","0.0011","","GO:0004222","0.14023048140744876","0"
"2","2","GO Molecular Function","","Steroid 11-beta-monooxygenase activity","0.0396","CYP11B1|CYP11B2","128","1094|1070","0.001","","GO:0004507","0.14023048140744876","0"
"2","2","GO Molecular Function","","asparagine-tRNA ligase activity","0.0396","NARS1|NARS2","128","1898|1913","0.001","","GO:0004816","0.14023048140744876","0"
"2","2","GO Molecular Function","","tryptophan-tRNA ligase activity","0.0396","WARS2|WARS1","128","1886|325","0.001","","GO:0004830","0.14023048140744876","0"
"2","2","GO Molecular Function","","Uridine phosphorylase activity","0.0396","UPP1|UPP2","128","1982|1994","0.001","","GO:0004850","0.14023048140744876","0"
"55","5","GO Molecular Function","","Protein kinase C binding","0.0396","HDAC7|UGT1A10|UGT1A7|TIRAP|TOP2A","128","217|1058|1760|3233|268","0.0011","","GO:0005080","0.14023048140744876","0"
"2","2","GO Molecular Function","","Coumarin 7-hydroxylase activity","0.0396","CYP2A6|CYP2A13","128","1346|1337","0.001","","GO:0008389","0.14023048140744876","0"
"2","2","GO Molecular Function","","Thymidine phosphorylase activity","0.0396","UPP1|TYMP","128","1982|1973","0.001","","GO:0009032","0.14023048140744876","0"
"83","6","GO Molecular Function","","Myosin phosphatase activity","0.0396","SSU72P4|SSU72P2|SSU72P3|SSU72P7|SSU72P5|SSU72P8","128","4715|4739|4727|4733|4709|4721","0.0011","","GO:0017018","0.14023048140744876","0"
"2","2","GO Molecular Function","","Prostaglandin H2 endoperoxidase reductase activity","0.0396","AKR1B1|AKR1C3","128","283|286","0.001","","GO:0036130","0.14023048140744876","0"
"2","2","GO Molecular Function","","17-alpha,20-alpha-dihydroxypregn-4-en-3-one dehydrogenase activity","0.0396","HSD17B2|AKR1C1","128","1013|1472","0.001","","GO:0047006","0.14023048140744876","0"
"2","2","GO Molecular Function","","Corticosterone 18-monooxygenase activity","0.0396","CYP11B1|CYP11B2","128","1094|1070","0.001","","GO:0047783","0.14023048140744876","0"
"2","2","GO Molecular Function","","delta4-3-oxosteroid 5beta-reductase activity","0.0396","AKR1D1|AKR1C3","128","1076|286","0.001","","GO:0047787","0.14023048140744876","0"
"2","2","GO Molecular Function","","Deoxyuridine phosphorylase activity","0.0396","UPP1|UPP2","128","1982|1994","0.001","","GO:0047847","0.14023048140744876","0"
"2","2","GO Molecular Function","","Ribosylnicotinamide kinase activity","0.0396","NMRK1|NMRK2","128","1586|1568","0.001","","GO:0050262","0.14023048140744876","0"
"2","2","GO Molecular Function","","Ribosylnicotinate kinase activity","0.0396","NMRK1|NMRK2","128","1586|1568","0.001","","GO:0061769","0.14023048140744876","0"
"2","2","GO Molecular Function","","Cholesterol dehydrogenase activity","0.0396","HSD3B1|HSD3B2","128","1133|1142","0.001","","GO:0102294","0.14023048140744876","0"
"96","5","KEGG Pathways","","AGE-RAGE signaling pathway in diabetic complications","0.0398","PIK3R2|PIK3R3|PIK3CD|AKT1|PIK3CB","128","1478|1508|1520|301|1514","0.0105","","hsa04933","0.1400116927926312","0"
"92","6","Reactome Pathways","","Downstream TCR signaling","0.0404","PIK3R2|PSMB7|PSMB4|PSMF1|PSMB11|PIK3CB","128","1478|256|259|2531|1880|1514","0.0018","","HSA-202424","0.1393618634889395","0"
"36","4","Reactome Pathways","","NR1H3 & NR1H2 regulate gene expression linked to cholesterol transport and efflux","0.0404","NCOR1|NCOR2|NCOA1|NR1H2","128","1007|1001|2099|412","0.0018","","HSA-9029569","0.1393618634889395","0"
"574","18","GO Biological Process","","Cellular response to organonitrogen compound","0.0406","PIK3R2|GSTM2|AHR|SLC6A4|PIK3R3|SRD5A1|PDE3B|CYP11B1|SPIDR|EZH2|CYP11B2|CASTOR1|CHRM2|SH2B2|AKT1|CYP1B1|RAD51|ENPP1","128","1478|1301|2096|445|1508|1154|2237|1094|3239|220|1070|5597|421|4880|301|1100|379|1241","8.4E-4","","GO:0071417","0.1391473966422806","0"
"20","4","Pfam","","Putative peptidoglycan binding domain","0.0408","MMP8|MMP20|MMP21|MMP28","128","454|2549|2810|2837","2.5E-4","","PF01471","0.138933983691012","0"
"5","3","TISSUES","","Zona fasciculata","0.0409","CYP11B1|CYP11B2|CYP17A1","128","1094|1070|1148","1.2E-4","","BTO:0000050","0.1388276691992658","0"
"21","4","COMPARTMENTS","","Proteasome core complex","0.0419","PSMB7|PSMB4|PSMF1|PSMB11","128","256|259|2531|1880","2.9E-4","","GOCC:0005839","0.13777859770337048","0"
"79","6","GO Biological Process","","Phosphatidylinositol-mediated signaling","0.0422","PIK3R2|PI4KB|PIK3CD|AKT1|INPP5F|PIK3CB","128","1478|418|1520|301|1481|1514","8.7E-4","","GO:0048015","0.13746875490383262","0"
"137","6","KEGG Pathways","","Measles","0.0425","PIK3R2|PIK3R3|IRAK1|PIK3CD|AKT1|PIK3CB","128","1478|1508|295|1520|301|1514","0.0114","","hsa05162","0.13716110699496883","0"
"12","3","GO Biological Process","","Nucleoside triphosphate catabolic process","0.0432","ENTPD3|ENPP3|ENPP1","128","3008|1235|1241","9.0E-4","","GO:0009143","0.1364516253185088","0"
"37","4","Reactome Pathways","","HDR through Single Strand Annealing (SSA)","0.0434","RAD1|RFC4|RAD9B|RAD51","128","5570|373|5579|379","0.002","","HSA-5685938","0.13625102704874892","0"
"225","8","KEGG Pathways","","Ras signaling pathway","0.0437","PIK3R2|PLA2G12A|PIK3R3|SHC4|PLA2G2D|PIK3CD|AKT1|PIK3CB","128","1478|2216|1508|4163|361|1520|301|1514","0.0118","","hsa04014","0.1359518563029578","0"
"100","5","KEGG Pathways","","T cell receptor signaling pathway","0.045","PIK3R2|PIK3R3|PIK3CD|AKT1|PIK3CB","128","1478|1508|1520|301|1514","0.0123","","hsa04660","0.13467874862246562","0"
"26","3","WikiPathways","","PPAR-alpha pathway","0.0459","CYP7A1|CYP4A11|UGT1A9","128","1226|1694|1742","0.0063","","WP2878","0.13381873144627388","0"
"159","7","WikiPathways","","Insulin signaling","0.0459","PIK3R2|PIK3R3|PIK3CD|SH2B2|AKT1|ENPP1|PIK3CB","128","1478|1508|1520|4880|301|1241|1514","0.0063","","WP481","0.13381873144627388","0"
"141","6","KEGG Pathways","","Signaling pathways regulating pluripotency of stem cells","0.0462","PIK3R2|PIK3R3|PCGF6|PIK3CD|AKT1|PIK3CB","128","1478|1508|1382|1520|301|1514","0.0129","","hsa04550","0.13353580244438745","0"
"101","5","KEGG Pathways","","C-type lectin receptor signaling pathway","0.0462","PIK3R2|PIK3R3|PIK3CD|AKT1|PIK3CB","128","1478|1508|1520|301|1514","0.0128","","hsa04625","0.13353580244438745","0"
"17","3","Reactome Pathways","","Acyl chain remodelling of PI","0.0465","PLA2G12A|PLA2R1|PLA2G2D","128","2216|3053|361","0.0021","","HSA-1482922","0.1332547047110046","0"
"102","5","KEGG Pathways","","HIF-1 signaling pathway","0.047","PIK3R2|PIK3R3|PIK3CD|AKT1|PIK3CB","128","1478|1508|1520|301|1514","0.0133","","hsa04066","0.13279021420642825","0"
"1702","37","Reactome Pathways","","Disease","0.0475","HDAC7|PIK3R2|RAD51AP1|PSMB7|PIK3R3|SRD5A3|NCOR1|SIGMAR1|PSMB4|CYP11B1|TLR3|DCXR|UGT1A1|EZH2|CYP11B2|PSMF1|NOXA1|PNP|CYP17A1|IRAK1|UGT1A4|PIK3CD|RAD1|SEC13|RFC4|RAD9B|TIRAP|PRKAR1A|CYP19A1|NCOR2|PSMB11|SNW1|AKT1|CYP1B1|RAD51|CYP26C1|PIK3CB","128","217|1478|1853|256|1508|1106|1007|493|259|1094|292|3062|1016|220|1070|2531|4649|250|1148|295|1028|1520|5570|427|373|5579|3233|403|310|1001|1880|439|301|1100|379|1631|1514","0.0022","","HSA-1643685","0.13233063903751335","0"
"430","14","Reactome Pathways","","Diseases of signal transduction by growth factor receptors and second messengers","0.0477","HDAC7|PIK3R2|PSMB7|PIK3R3|NCOR1|PSMB4|PSMF1|PIK3CD|PRKAR1A|NCOR2|PSMB11|SNW1|AKT1|PIK3CB","128","217|1478|256|1508|1007|259|2531|1520|403|1001|1880|439|301|1514","0.0022","","HSA-5663202","0.13214816209598862","0"
"2","2","GO Biological Process","","Basophil activation involved in immune response","0.0483","KARS1|ENPP3","128","316|1235","0.001","","GO:0002276","0.1316052869248488","0"
"2","2","GO Biological Process","","Uridine catabolic process","0.0483","UPP1|UPP2","128","1982|1994","0.001","","GO:0006218","0.1316052869248488","0"
"2","2","GO Biological Process","","tryptophanyl-tRNA aminoacylation","0.0483","WARS2|WARS1","128","1886|325","0.001","","GO:0006436","0.1316052869248488","0"
"2","2","GO Biological Process","","Bilirubin conjugation","0.0483","UGT1A1|UGT1A4","128","1016|1028","0.001","","GO:0006789","0.1316052869248488","0"
"2","2","GO Biological Process","","Female courtship behavior","0.0483","THRA|THRB","128","274|277","0.001","","GO:0008050","0.1316052869248488","0"
"2","2","GO Biological Process","","Diadenosine tetraphosphate biosynthetic process","0.0483","KARS1|GARS1","128","316|1904","0.001","","GO:0015966","0.1316052869248488","0"
"535","17","GO Biological Process","","ncRNA metabolic process","0.0483","CDK5RAP1|USB1|WARS2|NARS1|NARS2|MARS2|ADAT1|KARS1|TARS3|WARS1|SARS1|PARS2|GARS1|EBNA1BP2|SARS2-2|SARS2|HARS2","128","400|1451|1886|1898|1913|1943|3824|316|1889|325|1925|1937|1904|460|1919|1931|319","0.001","","GO:0034660","0.1316052869248488","0"
"536","17","GO Biological Process","","Amide biosynthetic process","0.0483","WARS2|NARS1|NARS2|MARS2|KARS1|TARS3|WARS1|SARS1|PARS2|EIF2S2|ASMT|GARS1|ACLY|SARS2-2|SARS2|MGST2|HARS2","128","1886|1898|1913|1943|316|1889|325|1925|1937|481|4607|1904|394|1919|1931|1313|319","0.001","","GO:0043604","0.1316052869248488","0"
"2","2","GO Biological Process","","Mitochondrial seryl-tRNA aminoacylation","0.0483","SARS2-2|SARS2","128","1919|1931","0.001","","GO:0070158","0.1316052869248488","0"
"1113","28","GO Biological Process","","Organonitrogen compound catabolic process","0.0483","CYP3A5|PRSS16|NT5C1A|NT5C|CDADC1|PSMB7|MMP20|ASPA|PDE8B|PSMB4|UGT1A1|UPP1|PSMF1|NT5C2|NT5C1B|PNP|DTL|UGT1A4|NT5M|PDE8A|TYMP|ADA2|PSMB11|AKT1|UPP2|NT5C3A|PDE8B-2|CYP3A4","128","1088|436|1547|1535|457|256|2549|2636|2723|259|1016|1982|2531|1559|1529|250|2561|1028|1553|2738|1973|1958|1880|301|1994|2009|5654|1082","0.001","","GO:1901565","0.1316052869248488","0"
"2","2","GO Biological Process","","Leukotriene A4 metabolic process","0.0483","ALOX12|ALOX5","128","2291|358","0.001","","GO:1901751","0.1316052869248488","0"
"12","3","STRING Clusters","","Mixed, incl. Aryl hydrocarbon receptor complex, and Protease-activated receptor","0.0488","AHR|AHRR|AHRR-2","128","2096|3986|5675","9.0E-4","","CL:25387","0.13115801779972894","0"
"12","3","STRING Clusters","","Steroid biosynthesis","0.0488","HSD17B7|MSMO1|DHCR7","128","1124|2414|1169","9.0E-4","","CL:9565","0.13115801779972894","0"
"637","19","GO Biological Process","","Cellular response to nitrogen compound","0.0494","PIK3R2|GSTM2|AHR|SLC6A4|PIK3R3|SRD5A1|PDE3B|CYP11B1|TLR3|SPIDR|EZH2|CYP11B2|CASTOR1|CHRM2|SH2B2|AKT1|CYP1B1|RAD51|ENPP1","128","1478|1301|2096|445|1508|1154|2237|1094|292|3239|220|1070|5597|421|4880|301|1100|379|1241","0.0011","","GO:1901699","0.13062730510763532","0"
"27","3","WikiPathways","","Photodynamic therapy-induced unfolded protein response","0.0495","SULT1E1|NARS1|WARS1","128","1118|1898|325","0.0069","","WP3613","0.13053948010664312","0"
"54","4","WikiPathways","","Phosphodiesterases in neuronal function","0.0495","PDE8B|PDE3B|PDE11A|PDE8A","128","2723|2237|3068|2738","0.007","","WP4222","0.13053948010664312","0"
"27","3","WikiPathways","","7-oxo-C and 7-beta-HC pathways","0.0495","CYP7A1|DHCR7|HSD11B1","128","1226|1169|352","0.0069","","WP5064","0.13053948010664312","0"
"210","9","UniProt Keywords","","Zymogen","0.0497","MMP8|PSMB7|MMP20|PSMB4|MMP23B|MMP21|MMP26|PSMB11|MMP28","128","454|256|2549|259|2822|2810|2831|1880|2837","0.0024","","KW-0865","0.13036436112666677","0"
"39","4","Reactome Pathways","","Presynaptic phase of homologous DNA pairing and strand exchange","0.0499","RAD1|RFC4|RAD9B|RAD51","128","5570|373|5579|379","0.0024","","HSA-5693616","0.130189945437661","0"
"8","2","WikiPathways","","Caloric restriction and aging","0.0499","NAMPT|AKT1","128","247|301","0.0072","","WP4191","0.130189945437661","0"
