ChEMBL ID	Name	Accessions	Type	Organism	Compounds	Activities	Tax ID	Species Group Flag
CHEMBL3559684	Neurotrophic tyrosine kinase receptor	P04629|Q16620|Q16288	PROTEIN FAMILY	Homo sapiens			9606	False
CHEMBL2363042	DNA polymerase (alpha/delta/epsilon)	P09884|Q9HCU8|Q15054|P28340|P49005|Q07864|Q14181|P49642|P49643|P56282|Q9NRF9	PROTEIN FAMILY	Homo sapiens			9606	False
CHEMBL4101	cAMP-dependent protein kinase catalytic subunit alpha	P17612	SINGLE PROTEIN	Homo sapiens	2614	3628	9606	False
CHEMBL2111351	Serine/threonine-protein kinase RAF and Dual specificity mitogen-activated protein kinase kinase 1 (Raf/MEK)	P04049|Q02750	PROTEIN FAMILY	Homo sapiens	157	160	9606	False
CHEMBL6066551	Histone-binding protein RBBP4/Polycomb protein EED/Polycomb protein SUZ12/Zinc finger protein AEBP2	O75530|Q15022|Q6ZN18|Q09028	PROTEIN COMPLEX	Homo sapiens	229	723	9606	False
CHEMBL2520	Neutral alpha-glucosidase C	Q8TET4	SINGLE PROTEIN	Homo sapiens	4	4	9606	False
CHEMBL4296010	Beclin-1	Q14457	SINGLE PROTEIN	Homo sapiens	19	23	9606	False
CHEMBL5465218	Protein cereblon/PCNA-associated factor	Q15004|Q96SW2	PROTEIN-PROTEIN INTERACTION	Homo sapiens	1	13	9606	False
CHEMBL5465557	CCN2-EGFR	P00533|P29279	PROTEIN-PROTEIN INTERACTION	Homo sapiens	34	68	9606	False
CHEMBL3314	Chymotrypsinogen A	P00766	SINGLE PROTEIN	Bos taurus	676	830	9913	False
CHEMBL5724612	Nucleolar and coiled-body phosphoprotein 1	Q14978	SINGLE PROTEIN	Homo sapiens	3	11	9606	False
CHEMBL4802014	28S rRNA (cytosine-C(5))-methyltransferase	Q96P11	SINGLE PROTEIN	Homo sapiens	3	8	9606	False
CHEMBL5725183	Nuclear migration protein nudC	Q9Y266	SINGLE PROTEIN	Homo sapiens	2	8	9606	False
CHEMBL3638331	Gag-Pol polyprotein	P03369	SINGLE PROTEIN	Human immunodeficiency virus type 1 group M subtype B (isolateARV2/SF2) (HIV-1)	20	20	11685	False
CHEMBL2111358	Prostaglandin G/H synthase (cyclooxygenase)	P05979|P79208	PROTEIN FAMILY	Ovis aries	124	160	9940	False
CHEMBL4739686	Na(+)/H(+) exchange regulatory cofactor NHE-RF2	Q15599	SINGLE PROTEIN	Homo sapiens	4	8	9606	False
CHEMBL6066046	Protein cereblon/Heat shock protein HSP 90-alpha	P07900|Q96SW2	PROTEIN-PROTEIN INTERACTION	Homo sapiens	11	20	9606	False
CHEMBL4295785	Guanine nucleotide-binding protein G(o) subunit alpha	P59215	SINGLE PROTEIN	Rattus norvegicus	8	8	10116	False
CHEMBL4879469	Tyrosine-protein kinase Mer	Q60805	SINGLE PROTEIN	Mus musculus	34	37	10090	False
CHEMBL4742271	Protein cereblon/PARP1	P09874|Q96SW2	PROTEIN-PROTEIN INTERACTION	Homo sapiens	31	193	9606	False
CHEMBL3334417	Chemokine (C-C motif) receptor 1	Q2V0Q7	SINGLE PROTEIN	Canis familiaris	1	1	9615	False
CHEMBL3530	Dual specificity mitogen-activated protein kinase kinase 7	O14733	SINGLE PROTEIN	Homo sapiens	938	1227	9606	False
CHEMBL2071	ATP-binding cassette sub-family C member 8	Q09428	SINGLE PROTEIN	Homo sapiens	11	14	9606	False
CHEMBL6066869	Holocytochrome c-type synthase	P53701	SINGLE PROTEIN	Homo sapiens	2	4	9606	False
CHEMBL2855	Protein kinase C alpha type	P05696	SINGLE PROTEIN	Rattus norvegicus	21	23	10116	False
CHEMBL5465242	von Hippel-Lindau disease tumor suppressor-Baculoviral IAP repeat-containing protein 3	Q13489|P40337	PROTEIN-PROTEIN INTERACTION	Homo sapiens	17	26	9606	False
CHEMBL4295858	Voltage-gated delayed rectifier potassium channel KCNH1	Q63472	SINGLE PROTEIN	Rattus norvegicus	18	18	10116	False
CHEMBL4321	Prostaglandin G/H synthase 2	Q05769	SINGLE PROTEIN	Mus musculus	1209	1941	10090	False
CHEMBL1293204	C-C chemokine receptor type 2	O55193	SINGLE PROTEIN	Rattus norvegicus	7	8	10116	False
CHEMBL2260	DNA polymerase delta subunit 3	Q15054	SINGLE PROTEIN	Homo sapiens	1	2	9606	False
CHEMBL6066368	POTE ankyrin domain family member E	Q6S8J3	SINGLE PROTEIN	Homo sapiens	2	4	9606	False
CHEMBL4834388	Apolipoprotein C-III mRNA	ENSG00000110245	NUCLEIC-ACID	Homo sapiens			9606	False
CHEMBL3833421	Heterotrimeric lymphotoxin LTa1b2	P01374|Q06643	PROTEIN COMPLEX	Homo sapiens			9606	False
CHEMBL4627244	H-Ras mRNA 5'UTR	ENSG00000276536	NUCLEIC-ACID	Homo sapiens			9606	False
CHEMBL4303062	RNA-directed RNA polymerase L	Q05318	SINGLE PROTEIN	Zaire ebolavirus (strain Mayinga-76) (ZEBOV) (Zaire Ebola virus)			128952	False
CHEMBL5303558	Cyclooxygenase 2	A8QIU4	SINGLE PROTEIN	Felis catus			9685	False
CHEMBL2654	cAMP-dependent protein kinase catalytic subunit alpha	P00517	SINGLE PROTEIN	Bos taurus	43	43	9913	False
CHEMBL3137	C-1-tetrahydrofolate synthase, cytoplasmic	Q922D8	SINGLE PROTEIN	Mus musculus	2	4	10090	False
CHEMBL1287624	Lethal(3)malignant brain tumor-like protein 4	Q8NA19	SINGLE PROTEIN	Homo sapiens	99	128	9606	False
CHEMBL2206	Peroxisomal carnitine O-octanoyltransferase	Q9UKG9	SINGLE PROTEIN	Homo sapiens	5	7	9606	False
CHEMBL2268012	C-terminal processing protease of the D1 protein	Q36792	SINGLE PROTEIN	Spinacia oleracea	1	1	3562	False
CHEMBL4806	Protein tyrosine phosphatase receptor type C-associated protein	Q14761	SINGLE PROTEIN	Homo sapiens	25	32	9606	False
CHEMBL3286075	Platelet factor 4	P02776	SINGLE PROTEIN	Homo sapiens	4	4	9606	False
CHEMBL3638352	Gag-Pol polyprotein	P24740	SINGLE PROTEIN	Human immunodeficiency virus type 1 group M subtype A (isolate U455)(HIV-1)	3	3	11703	False
CHEMBL1075184	Proto-oncogene serine/threonine-protein kinase mos	P00540	SINGLE PROTEIN	Homo sapiens	4	4	9606	False
CHEMBL4523652	BCR/ABL1	P00520|Q6PAJ1	CHIMERIC PROTEIN	Mus musculus	10	23	10090	False
CHEMBL4879490	Fermitin family homolog 2	Q8CIB5	SINGLE PROTEIN	Mus musculus	2	2	10090	False
CHEMBL4105967	Myocilin	Q99972	SINGLE PROTEIN	Homo sapiens	12	24	9606	False
CHEMBL5291962	14-3-3 eta/c-RAF	P04049|Q04917	PROTEIN COMPLEX	Homo sapiens	1	1	9606	False
CHEMBL4295649	C-C motif chemokine 22	O00626	SINGLE PROTEIN	Homo sapiens	1	1	9606	False
CHEMBL2129	Peroxisome proliferator-activated receptor alpha	P37230	SINGLE PROTEIN	Rattus norvegicus	107	129	10116	False
CHEMBL5291594	S-sulfocysteine synthase	Q79FV4	SINGLE PROTEIN	Mycobacterium tuberculosis (strain ATCC 25618 / H37Rv)	12	20	83332	False
CHEMBL2165	Cyclin-H	P51946	SINGLE PROTEIN	Homo sapiens	4	6	9606	False
CHEMBL2034810	C-type lectin domain family 7 member A	Q9BXN2	SINGLE PROTEIN	Homo sapiens	7	8	9606	False
CHEMBL4037	Carnitine O-palmitoyltransferase 2, mitochondrial	P18886	SINGLE PROTEIN	Rattus norvegicus	480	487	10116	False
CHEMBL3259490	Lysosomal protective protein	P16675	SINGLE PROTEIN	Mus musculus	3	3	10090	False
CHEMBL3216	Carnitine O-palmitoyltransferase 1, muscle isoform	Q63704	SINGLE PROTEIN	Rattus norvegicus	45	52	10116	False
CHEMBL3056	Androgen receptor	P19091	SINGLE PROTEIN	Mus musculus	363	829	10090	False
CHEMBL3509605	Mitochondrial peptide methionine sulfoxide reductase	Q923M1	SINGLE PROTEIN	Rattus norvegicus	1	2	10116	False
CHEMBL3960	Fibroblast growth factor receptor 1	P16092	SINGLE PROTEIN	Mus musculus	22	35	10090	False
CHEMBL3384	Serine/threonine-protein kinase N1	Q16512	SINGLE PROTEIN	Homo sapiens	715	970	9606	False
CHEMBL2095199	Potassium-transporting ATPase	P09626|P18598	PROTEIN COMPLEX	Rattus norvegicus	404	425	10116	False
CHEMBL2480	Proto-oncogene tyrosine-protein kinase LCK	P06240	SINGLE PROTEIN	Mus musculus	166	199	10090	False
CHEMBL1255134	Ghrelin O-acyltransferase	P0C7A3	SINGLE PROTEIN	Mus musculus	34	41	10090	False
CHEMBL4487	Serine/threonine-protein kinase PAK 2	Q13177	SINGLE PROTEIN	Homo sapiens	1308	2067	9606	False
CHEMBL2096674	Cyclooxygenase	O62664|O62698	PROTEIN FAMILY	Bos taurus	284	304	9913	False
CHEMBL4834	Cytosolic phospholipase A2 gamma	Q9UP65	SINGLE PROTEIN	Homo sapiens	9	9	9606	False
CHEMBL5169119	L-lactate dehydrogenase B chain	P16125	SINGLE PROTEIN	Mus musculus	1	1	10090	False
CHEMBL4802030	Baculoviral IAP repeat-containing protein 2/Prostaglandin E synthase	Q13490|O14684	PROTEIN-PROTEIN INTERACTION	Homo sapiens	1	1	9606	False
CHEMBL6066566	Tyrosine-protein kinase Mer/Tyrosine-protein kinase receptor UFO	P30530|Q12866	PROTEIN FAMILY	Homo sapiens	449	1374	9606	False
CHEMBL6066027	Protein cereblon/Tyrosine-protein kinase Lck	P06239|Q96SW2	PROTEIN-PROTEIN INTERACTION	Homo sapiens	17	36	9606	False
CHEMBL4295903	Lysophosphatidylcholine acyltransferase 1	Q8NF37	SINGLE PROTEIN	Homo sapiens	2	3	9606	False
CHEMBL1287623	Lethal(3)malignant brain tumor-like protein 3	Q96JM7	SINGLE PROTEIN	Homo sapiens	126	265	9606	False
CHEMBL4596	C-C chemokine receptor type 8	P51685	SINGLE PROTEIN	Homo sapiens	294	394	9606	False
CHEMBL2321627	C-C chemokine receptor-like 2	O00421	SINGLE PROTEIN	Homo sapiens	157	178	9606	False
CHEMBL5053	CDK-activating kinase assembly factor MAT1	P51948	SINGLE PROTEIN	Homo sapiens	2	4	9606	False
CHEMBL6174	Cytochrome c oxidase subunit 2	P00403	SINGLE PROTEIN	Homo sapiens	198	308	9606	False
CHEMBL2111288	Cyclin-dependent kinase 7/ cyclin H	P51946|P50613	PROTEIN COMPLEX	Homo sapiens	612	1063	9606	False
CHEMBL6067293	H/ACA ribonucleoprotein complex subunit 1	Q9NY12	SINGLE PROTEIN	Homo sapiens	1	2	9606	False
CHEMBL6067016	Gamma-glutamylcyclotransferase	O75223	SINGLE PROTEIN	Homo sapiens	1	2	9606	False
CHEMBL5169130	Heat shock 70 kDa protein 4	P34932	SINGLE PROTEIN	Homo sapiens	3	5	9606	False
CHEMBL4739862	Interferon-induced helicase C domain-containing protein 1	Q9BYX4	SINGLE PROTEIN	Homo sapiens	1	1	9606	False
CHEMBL4742267	Protein cereblon/Cystatin-C	P01034|Q96SW2	PROTEIN-PROTEIN INTERACTION	Homo sapiens	1	1	9606	False
CHEMBL6066899	28S rRNA (cytosine(4447)-C(5))-methyltransferase	P46087	SINGLE PROTEIN	Homo sapiens	2	4	9606	False
CHEMBL4042	Prostaglandin G/H synthase 1	Q63921	SINGLE PROTEIN	Rattus norvegicus	1322	1373	10116	False
CHEMBL5169115	Transcriptional activator Myb	P10242	SINGLE PROTEIN	Homo sapiens	27	32	9606	False
CHEMBL4523172	Tyrosine-protein kinase Fer	P09760	SINGLE PROTEIN	Rattus norvegicus	1	1	10116	False
CHEMBL6066206	Sterol 24-C-methyltransferase	O74198	SINGLE PROTEIN	Candida albicans (strain SC5314 / ATCC MYA-2876) (Yeast)	2	4	237561	False
CHEMBL1075323	Endoplasmin	P14625	SINGLE PROTEIN	Homo sapiens	392	566	9606	False
CHEMBL4523644	Serine/threonine-protein kinase N1/Transforming protein RhoA	Q16512|P61586	PROTEIN COMPLEX	Homo sapiens	1	1	9606	False
CHEMBL1932903	Peroxisome proliferator-activated receptor gamma	Q4U3Q4	SINGLE PROTEIN	Canis familiaris	1	1	9615	False
CHEMBL6067162	Membrane-bound glycerophospholipid O-acyltransferase 1	Q6ZNC8	SINGLE PROTEIN	Homo sapiens	1	2	9606	False
CHEMBL6066400	DNA-directed RNA polymerases I, II, and III subunit RPABC3	P52434	SINGLE PROTEIN	Homo sapiens	1	2	9606	False
CHEMBL5242	Glucosidase II beta subunit	P14314	SINGLE PROTEIN	Homo sapiens	1	2	9606	False
CHEMBL1293231	Nuclear receptor ROR-gamma	P51450	SINGLE PROTEIN	Mus musculus	64243	92434	10090	False
CHEMBL2095161	Peroxisome proliferator-activated receptor gamma/Nuclear receptor coactivator 3	P37231|Q9Y6Q9	PROTEIN-PROTEIN INTERACTION	Homo sapiens	749	749	9606	False
CHEMBL2375204	Acyl-CoA wax alcohol acyltransferase 2	Q6E213	SINGLE PROTEIN	Homo sapiens	15	15	9606	False
CHEMBL4105894	Myc proto-oncogene protein	P09416	SINGLE PROTEIN	Rattus norvegicus	8	8	10116	False
CHEMBL2007622	Mitochondrial peptide methionine sulfoxide reductase	P54149	SINGLE PROTEIN	Bos taurus	331	338	9913	False
CHEMBL3885636	Serine/threonine-protein kinase PAK 1/PAK 2	Q13177|Q13153	PROTEIN FAMILY	Homo sapiens	18	18	9606	False
CHEMBL2096669	Glutamate receptors; NMDA/AMPA	P35439|Q00959|Q00960|Q00961|Q62645|Q8VHN2|Q9R1M7|P19491|P19492|P19493|P19490	PROTEIN COMPLEX GROUP	Rattus norvegicus	101	104	10116	False
CHEMBL3885629	RAC-alpha serine/threonine-protein kinase/Ribosomal protein S6 kinase beta-1	P23443|P31749	PROTEIN FAMILY	Homo sapiens	1	2	9606	False
CHEMBL5005	Adapter molecule crk	P46108	SINGLE PROTEIN	Homo sapiens	10	18	9606	False
CHEMBL5303566	Prostaglandin G/H synthase 2	O19183	SINGLE PROTEIN	Equus caballus			9796	False
CHEMBL6066408	Lysophospholipid acyltransferase 7	Q96N66	SINGLE PROTEIN	Homo sapiens	2	4	9606	False
CHEMBL2401607	Cyclin-C	P24863	SINGLE PROTEIN	Homo sapiens	1	2	9606	False
CHEMBL4630853	C-X-C chemokine receptor type 6	Q9EQ16	SINGLE PROTEIN	Mus musculus	2	2	10090	False
CHEMBL3883327	Menin/Histone-lysine N-methyltransferase 2A	O88559|P55200	PROTEIN-PROTEIN INTERACTION	Mus musculus	1	6	10090	False
CHEMBL4296141	von Hippel-Lindau disease tumor suppressor/Myc proto-oncogene protein	P01106|P40337	PROTEIN-PROTEIN INTERACTION	Homo sapiens	1	2	9606	False
CHEMBL6066254	Protein S100-A11	P31949	SINGLE PROTEIN	Homo sapiens	2	4	9606	False
CHEMBL5118	Replicase polyprotein 1ab	P0C6X7	SINGLE PROTEIN	Severe acute respiratory syndrome-related coronavirus	313	532	694009	False
CHEMBL4823	Thyroid hormone receptor alpha	P63059	SINGLE PROTEIN	Rattus norvegicus	5	10	10116	False
CHEMBL5465295	Troponin C, slow skeletal and cardiac muscles	P63315	SINGLE PROTEIN	Bos taurus	3	3	9913	False
CHEMBL4739677	1-phosphatidylinositol phosphodiesterase	P14262	SINGLE PROTEIN	Bacillus cereus	21	31	1396	False
CHEMBL4303	Heat shock protein HSP 90-beta	P08238	SINGLE PROTEIN	Homo sapiens	1055	1941	9606	False
CHEMBL2364696	Envelope glycoprotein	P10211|P10228|Q69091|P04488|P06484|P06477|P06487|P06480|P68331|P10185|P04288|O09800	PROTEIN FAMILY	Human herpesvirus 1			10298	False
CHEMBL4804258	Lymphocyte antigen 75	O60449	SINGLE PROTEIN	Homo sapiens			9606	False
CHEMBL4622824	Protein kinase C alpha mRNA 3'UTR	ENSG00000154229	NUCLEIC-ACID	Homo sapiens			9606	False
CHEMBL4630897	RNA-directed RNA polymerase L	P28887	SINGLE PROTEIN	Human respiratory syncytial virus A			208893	False
CHEMBL3831282	Fast skeletal troponin complex	P48788|P45378|P02585	PROTEIN COMPLEX	Homo sapiens			9606	False
CHEMBL3712856	Tenascin	P24821	SINGLE PROTEIN	Homo sapiens			9606	False
CHEMBL3988611	Cystic fibrosis transmembrane conductance regulator	G3H9J3	SINGLE PROTEIN	Cricetulus griseus	34	36	10029	False
CHEMBL2096620	Protein kinase C, PKC; classical/novel	O94806|P17252|P05129|Q05655|P05771|Q02156|P24723|Q15139|Q04759	PROTEIN FAMILY	Homo sapiens	68	71	9606	False
CHEMBL6066445	Protein kinase C and casein kinase substrate in neurons protein 2	Q9UNF0	SINGLE PROTEIN	Homo sapiens	1	2	9606	False
CHEMBL3868	Ecdysone receptor	P49881	SINGLE PROTEIN	Bombyx mori	161	281	7091	False
CHEMBL3707464	Genome polyprotein	Q81258	SINGLE PROTEIN	Hepatitis C virus genotype 3a (isolate NZL1) (HCV)	46	46	356415	False
CHEMBL2094266	Protein kinase C (PKC)	P05696|P68403|P09216|P63319|P09215|Q64617|Q9WTQ0|P09217	PROTEIN FAMILY	Rattus norvegicus	296	365	10116	False
CHEMBL2335	Lysosomal Pro-X carboxypeptidase	P42785	SINGLE PROTEIN	Homo sapiens	472	573	9606	False
CHEMBL2095177	Voltage-gated L-type calcium channel	P22002|Q02485|P27732	PROTEIN FAMILY	Rattus norvegicus	639	1183	10116	False
CHEMBL1860	Thyroid hormone receptor alpha	P10827	SINGLE PROTEIN	Homo sapiens	671	1077	9606	False
CHEMBL2176794	H(+)/Cl(-) exchange transporter 6	O35454	SINGLE PROTEIN	Mus musculus	2	2	10090	False
CHEMBL1075278	C-C chemokine receptor type 8	P56484	SINGLE PROTEIN	Mus musculus	1	1	10090	False
CHEMBL2388	Cytochrome b-c1 complex subunit 9	Q9UDW1	SINGLE PROTEIN	Homo sapiens	1	1	9606	False
CHEMBL2176837	Catechol O-methyltransferase	Q99028	SINGLE PROTEIN	Sus scrofa	23	43	9823	False
CHEMBL4802031	Baculoviral IAP repeat-containing protein 2/Epidermal growth factor receptor	P00533|Q13490	PROTEIN-PROTEIN INTERACTION	Homo sapiens	1	2	9606	False
CHEMBL5725054	tRNA (34-2'-O)-methyltransferase regulator WDR6	Q9NNW5	SINGLE PROTEIN	Homo sapiens	1	6	9606	False
CHEMBL4739692	Multidrug resistance-associated protein 1	Q6UR05	SINGLE PROTEIN	Canis lupus familiaris	20	20	9615	False
CHEMBL4295769	Nuclear receptor subfamily 2 group C member 2	P49117	SINGLE PROTEIN	Mus musculus	1	6	10090	False
CHEMBL3368	Glucocorticoid receptor	P06536	SINGLE PROTEIN	Rattus norvegicus	399	1330	10116	False
CHEMBL6066564	Tyrosine-protein kinase BTK/Tyrosine-protein kinase Lck	P06239|Q06187	PROTEIN FAMILY	Homo sapiens	4	12	9606	False
CHEMBL4295522	Neuraminidase C	A0A0B7LH44	SINGLE PROTEIN	Streptococcus pneumoniae	5	15	1313	False
CHEMBL4524131	Sulfonylurea receptors; K-ATP channels	Q63563|P70673|Q63664|Q09429	PROTEIN COMPLEX GROUP	Rattus norvegicus	8	8	10116	False
CHEMBL4888452	MAP2K3/Myc proto-oncogene protein	P46734|P01106	PROTEIN-PROTEIN INTERACTION	Homo sapiens	5	25	9606	False
CHEMBL5169167	Lysocardiolipin acyltransferase 1	Q6UWP7	SINGLE PROTEIN	Homo sapiens	114	581	9606	False
CHEMBL2366575	Ecdysone receptor	P49880|Q9GSG8	PROTEIN COMPLEX	Aedes aegypti	4	7	7159	False
CHEMBL2667	Inositol-trisphosphate 3-kinase C	Q80ZG2	SINGLE PROTEIN	Rattus norvegicus	1	1	10116	False
CHEMBL5169120	GTPase HRas	P20171	SINGLE PROTEIN	Rattus norvegicus	1	1	10116	False
CHEMBL3627580	MYND-type zinc finger-containing chromatin reader ZMYND8	Q9ULU4	SINGLE PROTEIN	Homo sapiens	5	15	9606	False
CHEMBL3286076	C-X-C motif chemokine 2	P19875	SINGLE PROTEIN	Homo sapiens	3	3	9606	False
CHEMBL2111368	Cathepsin (S and K)	P25774|P43235	SELECTIVITY GROUP	Homo sapiens	95	96	9606	False
CHEMBL4624	Diacylglycerol acyltransferase/mycolyltransferase Ag85C	P9WQN9	SINGLE PROTEIN	Mycobacterium tuberculosis	50	60	1773	False
CHEMBL5303570	Protein kinase C (PKC)	A0A8C0RD54|A0A8C0MX51|A0A8P0PQR2|A0A8C0PLT7|A0A8I3PGG6|E2R2X3|A0A8I3PGY9|A0A8I3Q258|Q5PU49|A0A8I3PUQ8|A0A8I3PU21	PROTEIN FAMILY	Canis lupus familiaris			9615	False
CHEMBL4310	Serine/threonine-protein kinase 3	Q9JI10	SINGLE PROTEIN	Mus musculus	20	20	10090	False
CHEMBL3091269	NAD(P)H dehydrogenase [quinone] 1	P05982	SINGLE PROTEIN	Rattus norvegicus	3	3	10116	False
CHEMBL3714157	Vascular endothelial growth factor C	P49767	SINGLE PROTEIN	Homo sapiens			9606	False
CHEMBL5410	C-C chemokine receptor type 4	P51680	SINGLE PROTEIN	Mus musculus	47	52	10090	False
CHEMBL3885581	Glutamate receptor AMPA 3/4	P48058|P42263	PROTEIN COMPLEX	Homo sapiens	3	3	9606	False
CHEMBL5303557	Androgen receptor	Q9TT90	SINGLE PROTEIN	Canis lupus familiaris			9615	False
CHEMBL2285351	2-C-methyl-D-erythritol 2,4-cyclodiphosphate synthase, chloroplastic	Q9CAK8	SINGLE PROTEIN	Arabidopsis thaliana	1	1	3702	False
CHEMBL2366580	Ecdysone receptor	O77240|O76202	PROTEIN COMPLEX	Choristoneura fumiferana	1	1	7141	False
CHEMBL2709	Hexokinase-3	P52790	SINGLE PROTEIN	Homo sapiens	1	1	9606	False
CHEMBL1834	Immunoglobulin heavy constant epsilon	P01854	SINGLE PROTEIN	Homo sapiens			9606	False
CHEMBL4523585	Genome polyprotein	P03314	SINGLE PROTEIN	Yellow fever virus (strain 17D vaccine) (YFV)			11090	False
CHEMBL1795113	Mannose-binding protein C	P11226	SINGLE PROTEIN	Homo sapiens	8	9	9606	False
CHEMBL1795114	CD209 antigen	Q9NNX6	SINGLE PROTEIN	Homo sapiens	58	105	9606	False
CHEMBL5303563	Mast/stem cell growth factor receptor Kit	O97799	SINGLE PROTEIN	Canis lupus familiaris			9615	False
CHEMBL5498503	Factor H binding protein	Q9JXV4	SINGLE PROTEIN	Neisseria meningitidis			487	False
CHEMBL3856161	Interferon alpha	P05013|P32881|P01569|P01566|P01563|P01562|P01567|P01568|P05015|P01570|P01571|P05014	PROTEIN FAMILY	Homo sapiens			9606	False
CHEMBL3988603	Genome polyprotein	P26662	SINGLE PROTEIN	Hepatitis C virus genotype 1b (isolate Japanese) (HCV)	338	366	11116	False
CHEMBL4105899	14-3-3 protein zeta/delta	P63104	SINGLE PROTEIN	Homo sapiens	30	55	9606	False
CHEMBL5725145	Replication factor C subunit 4	P35249	SINGLE PROTEIN	Homo sapiens	2	9	9606	False
CHEMBL4295630	ADP-ribose glycohydrolase MACROD2	A1Z1Q3	SINGLE PROTEIN	Homo sapiens	6	6	9606	False
CHEMBL1250403	Ecdysone receptor	O18531	SINGLE PROTEIN	Lucilia cuprina	24	24	7375	False
CHEMBL1681626	Cathepsin C	Q864S1	SINGLE PROTEIN	Bos taurus	1	1	9913	False
CHEMBL4523583	RNA-directed RNA polymerase L	P31352	SINGLE PROTEIN	Lake Victoria marburgvirus (strain Musoke-80) (MARV) (Marburg virus (strainKenya/Musoke/1980))			33727	False
CHEMBL6067005	GTPase Era, mitochondrial	O75616	SINGLE PROTEIN	Homo sapiens	1	2	9606	False
CHEMBL4523978	Src/Lck kinase	P12931|P06239	SELECTIVITY GROUP	Homo sapiens	1	1	9606	False
CHEMBL3883320	Histone-lysine N-methyltransferase 2A/WDR5	P61964|Q03164	PROTEIN-PROTEIN INTERACTION	Homo sapiens	99	126	9606	False
CHEMBL2375	Gamma-aminobutyric acid receptor subunit rho-2	P28476	SINGLE PROTEIN	Homo sapiens	9	11	9606	False
CHEMBL2109242	GABA-C receptor	P28476|A8MPY1|P24046	PROTEIN COMPLEX GROUP	Homo sapiens	14	14	9606	False
CHEMBL1250365	C-X-C chemokine receptor type 4	P70658	SINGLE PROTEIN	Mus musculus	5	5	10090	False
CHEMBL3430878	Retinoic acid receptor RXR-alpha/oxysterols receptor LXR-beta	P19793|P55055	PROTEIN COMPLEX	Homo sapiens	68	97	9606	False
CHEMBL4630749	Baculoviral IAP repeat-containing protein 2/Cyclin-dependent kinase 6	Q00534|Q13490	PROTEIN-PROTEIN INTERACTION	Homo sapiens	3	3	9606	False
CHEMBL2298	Protein-S-isoprenylcysteine O-methyltransferase	Q9WVM4	SINGLE PROTEIN	Rattus norvegicus	7	12	10116	False
CHEMBL4454	Tyrosine-protein kinase Fgr	P09769	SINGLE PROTEIN	Homo sapiens	1154	1978	9606	False
CHEMBL4664	Poly [ADP-ribose] polymerase 1	P27008	SINGLE PROTEIN	Rattus norvegicus	64	88	10116	False
CHEMBL2073690	Solute carrier organic anion transporter family member 4C1	Q6ZQN7	SINGLE PROTEIN	Homo sapiens	6	7	9606	False
CHEMBL1961787	Nuclear receptor subfamily 2 group C member 1	P13056	SINGLE PROTEIN	Homo sapiens	71	75	9606	False
CHEMBL5343	Bile acid receptor	Q60641	SINGLE PROTEIN	Mus musculus	54	180	10090	False
CHEMBL4523602	Centrosomal protein 43/RET	P07949|O95684	CHIMERIC PROTEIN	Homo sapiens	1	2	9606	False
CHEMBL4287	Natriuretic peptides A	P01161	SINGLE PROTEIN	Rattus norvegicus	6	7	10116	False
CHEMBL4523747	EGFR/PPP1CA	P00533|P62136	PROTEIN-PROTEIN INTERACTION	Homo sapiens	1	1	9606	False
CHEMBL6067069	Methylsterol monooxygenase 1	Q15800	SINGLE PROTEIN	Homo sapiens	1	2	9606	False
CHEMBL614574	H-81		CELL-LINE	Homo sapiens	2	2	9606	False
CHEMBL4523884	Adhesion G-protein coupled receptor G6	Q86SQ4	SINGLE PROTEIN	Homo sapiens	2	2	9606	False
CHEMBL5465227	von Hippel-Lindau disease tumor suppressor/Receptor protein-tyrosine kinase erbB-2	P04626|P40337	PROTEIN-PROTEIN INTERACTION	Homo sapiens	1	1	9606	False
CHEMBL6067591	C-C chemokine receptor type 6	O54689	SINGLE PROTEIN	Mus musculus	1	1	10090	False
CHEMBL6066859	Microtubule-associated protein 1 light chain 3 gamma/Sequestosome-1	Q13501|Q9BXW4	PROTEIN-PROTEIN INTERACTION	Homo sapiens	2	2	9606	False
CHEMBL3883291	Glutamate receptor AMPA 2/3	P42263|P42262	PROTEIN COMPLEX	Homo sapiens	6	11	9606	False
CHEMBL3525	Integrin alpha-3	P26006	SINGLE PROTEIN	Homo sapiens	8	12	9606	False
CHEMBL2189155	Beta-galactoside-binding lectin	P07583	SINGLE PROTEIN	Gallus gallus	5	9	9031	False
CHEMBL4523985	UDP-glucuronosyltransferases (UGTs)	P22310|P16662|O75795|P36537|P54855|Q9BY64|P06133|O60656|Q9HAW8|P0DTE4|P22309|P19224|Q9HAW7|Q9HAW9|P35503|P35504|Q6UWM9|O75310|P0DTE5	PROTEIN FAMILY	Homo sapiens	30	68	9606	False
CHEMBL4630731	Protein cereblon/Stem cell growth factor receptor	P10721|Q96SW2	PROTEIN-PROTEIN INTERACTION	Homo sapiens	1	1	9606	False
CHEMBL2417346	Oxysterols receptor LXR-beta	Q60644	SINGLE PROTEIN	Mus musculus	62	116	10090	False
CHEMBL2034799	Proto-oncogene tyrosine-protein kinase receptor Ret	P35546	SINGLE PROTEIN	Mus musculus	11	28	10090	False
CHEMBL2366313	C-33-A		CELL-LINE	Homo sapiens	249	302	9606	False
CHEMBL2111371	PPAR delta/gamma	P37231|Q03181	SELECTIVITY GROUP	Homo sapiens	113	120	9606	False
CHEMBL3456	Progesterone receptor	P06186	SINGLE PROTEIN	Oryctolagus cuniculus	198	449	9986	False
CHEMBL3038475	CDK9/Cyclin K	P50750|O75909	PROTEIN COMPLEX	Homo sapiens	188	232	9606	False
CHEMBL2743	cAMP-dependent protein kinase catalytic subunit gamma	P22612	SINGLE PROTEIN	Homo sapiens	235	241	9606	False
CHEMBL3833482	Protein P	P03159	SINGLE PROTEIN	Hepatitis B virus genotype A2 subtype adw2 (strain Rutter 1979)(HBV-A)			480116	False
CHEMBL2321638	Poly [ADP-ribose] polymerase 1	Q9R152	SINGLE PROTEIN	Cricetulus griseus	3	8	10029	False
CHEMBL4495602	Apolipoprotein C-III mRNA 3'UTR	ENSG00000110245	NUCLEIC-ACID	Homo sapiens			9606	False
CHEMBL3885536	Canalicular multispecific organic anion transporter 1/Solute carrier organic anion transporter family member 1B1	Q92887|Q9Y6L6	PROTEIN FAMILY	Homo sapiens	7	10	9606	False
CHEMBL6067432	Tensin-4	Q8IZW8	SINGLE PROTEIN	Homo sapiens	1	2	9606	False
CHEMBL5725141	Replication factor C subunit 2	P35250	SINGLE PROTEIN	Homo sapiens	1	7	9606	False
CHEMBL5465323	Protein O-mannosyl-transferase TMTC3	Q6ZXV5	SINGLE PROTEIN	Homo sapiens	1	1	9606	False
CHEMBL4523247	Gasdermin-D	P57764	SINGLE PROTEIN	Homo sapiens	6	6	9606	False
CHEMBL6067017	DnaJ homolog subfamily C member 13	O75165	SINGLE PROTEIN	Homo sapiens	1	2	9606	False
CHEMBL4523678	Protein cereblon/MAP2K7	O14733|Q96SW2	PROTEIN-PROTEIN INTERACTION	Homo sapiens	1	2	9606	False
CHEMBL3883282	SMAD1/5/9	P70340|P97454|Q9JIW5	PROTEIN COMPLEX	Mus musculus	3	12	10090	False
CHEMBL1777	Cytochrome b	Q02768	SINGLE PROTEIN	Plasmodium falciparum			5833	False
CHEMBL2944	Choline O-acetyltransferase	Q90YJ9	SINGLE PROTEIN	Gallus gallus	13	17	9031	False
CHEMBL2362994	DNA polymerase/reverse transcriptase	Q9IF40	SINGLE PROTEIN	Hepatitis B virus			10407	False
CHEMBL3217375	2-C-methyl-D-erythritol 2,4-cyclodiphosphate synthase	P62617	SINGLE PROTEIN	Escherichia coli (strain K12)	7	31	83333	False
CHEMBL5900	Choline O-acetyltransferase	Q03059	SINGLE PROTEIN	Mus musculus	1	4	10090	False
CHEMBL4296319	DNA topoisomerase type IB small subunit	E9B7X3	SINGLE PROTEIN	Leishmania donovani (strain BPK282A1)	1	4	981087	False
CHEMBL4630883	Fractalkine	P78423	SINGLE PROTEIN	Homo sapiens			9606	False
CHEMBL3217397	C-C chemokine receptor type 5	P61813	SINGLE PROTEIN	Macaca mulatta	19	22	9544	False
CHEMBL1075040	UDP-3-O-acyl-N-acetylglucosamine deacetylase	O67648	SINGLE PROTEIN	Aquifex aeolicus (strain VF5)	13	13	224324	False
CHEMBL2096906	Carbonic anhydrases; II & IX	P00918|Q16790	SELECTIVITY GROUP	Homo sapiens	207	262	9606	False
CHEMBL2366411	Delta(14)-sterol reductase	B4FS76	SINGLE PROTEIN	Zea mays	11	13	4577	False
CHEMBL5859	RAC-alpha serine/threonine-protein kinase	P31750	SINGLE PROTEIN	Mus musculus	110	157	10090	False
CHEMBL5291677	Protein cereblon/FGFR1	P11362|Q96SW2	PROTEIN-PROTEIN INTERACTION	Homo sapiens	6	8	9606	False
CHEMBL4296150	von Hippel-Lindau disease tumor suppressor/Elongin-B/Elongin-C/Bromodomain-containing protein 3	Q15059|P40337|Q15370|Q15369	PROTEIN-PROTEIN INTERACTION	Homo sapiens	9	22	9606	False
CHEMBL3740	Poly [ADP-ribose] polymerase 1	P11103	SINGLE PROTEIN	Mus musculus	127	177	10090	False
CHEMBL3727	1-phosphatidylinositol 4,5-bisphosphate phosphodiesterase delta-1	P51178	SINGLE PROTEIN	Homo sapiens	1	1	9606	False
CHEMBL4100	1-phosphatidylinositol 4,5-bisphosphate phosphodiesterase gamma-2	P16885	SINGLE PROTEIN	Homo sapiens	44	81	9606	False
CHEMBL2198	Alpha-N-acetylgalactosaminide alpha-2,6-sialyltransferase 3	Q64686	SINGLE PROTEIN	Rattus norvegicus	2	2	10116	False
CHEMBL4679	Branched-chain-amino-acid aminotransferase, cytosolic	P54687	SINGLE PROTEIN	Homo sapiens	72	88	9606	False
CHEMBL5465393	SOS1-KRAS	Q07889|P01116	PROTEIN COMPLEX	Homo sapiens	329	726	9606	False
CHEMBL3885529	Bile acid receptor/Retinoic acid receptor RXR-alpha	P28700|Q60641	PROTEIN COMPLEX	Mus musculus	9	16	10090	False
CHEMBL3885559	Cystic fibrosis transmembrane conductance regulator/Golgi-associated PDZ and coiled-coil motif-containing protein	P13569|Q9HD26	PROTEIN-PROTEIN INTERACTION	Homo sapiens	33	34	9606	False
CHEMBL1795098	Carboxy-terminal domain RNA polymerase II polypeptide A small phosphatase 1	Q9GZU7	SINGLE PROTEIN	Homo sapiens	1020	1031	9606	False
CHEMBL3885637	Serine/threonine-protein kinase PAK 1/PAK 2/PAK 3	O75914|Q13177|Q13153	PROTEIN FAMILY	Homo sapiens	13	13	9606	False
CHEMBL3583	1-acyl-sn-glycerol-3-phosphate acyltransferase alpha	Q99943	SINGLE PROTEIN	Homo sapiens	63	63	9606	False
CHEMBL4523731	von Hippel-Lindau disease tumor suppressor/KIT	P10721|P40337	PROTEIN-PROTEIN INTERACTION	Homo sapiens	2	4	9606	False
CHEMBL1949491	Pro-cathepsin H	P49935	SINGLE PROTEIN	Mus musculus	2	2	10090	False
CHEMBL2111325	PPAR alpha/gamma	P37231|Q07869	SELECTIVITY GROUP	Homo sapiens	95	196	9606	False
CHEMBL2034802	Proto-oncogene tyrosine-protein kinase ROS	Q78DX7	SINGLE PROTEIN	Mus musculus	6	6	10090	False
CHEMBL3038473	CDK7/Cyclin H/MNAT1	P51946|P50613|P51948	PROTEIN COMPLEX	Homo sapiens	1091	2189	9606	False
CHEMBL3038463	AKT/p21CIP1	P38936|P31749	PROTEIN COMPLEX	Homo sapiens	1	2	9606	False
CHEMBL2111431	Epidermal growth factor receptor and ErbB2 (HER1 and HER2)	P04626|P00533	PROTEIN FAMILY	Homo sapiens	172	222	9606	False
CHEMBL4523998	von Hippel-Lindau disease tumor suppressor/EGFR	P00533|P40337	PROTEIN-PROTEIN INTERACTION	Homo sapiens	86	384	9606	False
CHEMBL2111421	Transcription factor AP1	P05412|P01100	PROTEIN COMPLEX	Homo sapiens	84	124	9606	False
CHEMBL2111391	Fibroblast growth factor receptor	P21803|Q03142|P16092|Q61851	PROTEIN FAMILY	Mus musculus	37	37	10090	False
CHEMBL1293296	14-3-3 protein gamma	P61981	SINGLE PROTEIN	Homo sapiens	59	68	9606	False
CHEMBL4296005	Heterogeneous nuclear ribonucleoprotein H2	P55795	SINGLE PROTEIN	Homo sapiens	1	2	9606	False
CHEMBL4503	Nociceptin receptor	P35370	SINGLE PROTEIN	Rattus norvegicus	95	237	10116	False
CHEMBL4105917	Bile acid receptor	Q62735	SINGLE PROTEIN	Rattus norvegicus	7	18	10116	False
CHEMBL2807	Probable methyltransferase TARBP1	Q13395	SINGLE PROTEIN	Homo sapiens	3	5	9606	False
CHEMBL1743127	Multidrug and toxin extrusion protein 2	Q86VL8	SINGLE PROTEIN	Homo sapiens	55	82	9606	False
CHEMBL2926	Alpha-(1,3)-fucosyltransferase 10	Q6P4F1	SINGLE PROTEIN	Homo sapiens	22	23	9606	False
CHEMBL3883290	Glutamate receptor ionotropic, AMPA 2/3	P19491|P19492	PROTEIN COMPLEX	Rattus norvegicus	1	2	10116	False
CHEMBL2095162	Peroxisome proliferator-activated receptor gamma/Nuclear receptor coactivator 1	P37231|Q15788	PROTEIN-PROTEIN INTERACTION	Homo sapiens	749	749	9606	False
CHEMBL4630850	Phospholipase A and acyltransferase 5	Q96KN8	SINGLE PROTEIN	Homo sapiens	56	67	9606	False
CHEMBL3883323	Cyclin-C/Cyclin-dependent kinase 19	Q9BWU1|P24863	PROTEIN COMPLEX	Homo sapiens	344	492	9606	False
CHEMBL3885582	Glutamate receptor AMPA 3/4	P19492|P19493	PROTEIN COMPLEX	Rattus norvegicus	3	3	10116	False
CHEMBL3885623	Prostaglandin E synthase/G/H synthase 2	P35354|O14684	PROTEIN FAMILY	Homo sapiens	4	7	9606	False
CHEMBL2111396	Cathepsin (B and K)	P43235|P07858	SELECTIVITY GROUP	Homo sapiens	79	80	9606	False
CHEMBL1741167	Phosphoglycerate kinase, glycosomal	P07378	SINGLE PROTEIN	Trypanosoma brucei brucei	2174	2184	5702	False
CHEMBL3406	Probable C-C chemokine receptor type 3	P51678	SINGLE PROTEIN	Mus musculus	46	50	10090	False
CHEMBL2111446	cAMP-dependent protein kinase A	P00517|P05131|P31322|P00515	PROTEIN COMPLEX GROUP	Bos taurus	28	41	9913	False
CHEMBL4605	Solute carrier family 15 member 1	P46059	SINGLE PROTEIN	Homo sapiens	403	929	9606	False
CHEMBL5918	ATP-binding cassette sub-family C member 3	O15438	SINGLE PROTEIN	Homo sapiens	660	718	9606	False
CHEMBL1075132	Heat shock protein 75 kDa, mitochondrial	Q12931	SINGLE PROTEIN	Homo sapiens	228	318	9606	False
CHEMBL2375205	Acyl-CoA wax alcohol acyltransferase 1	Q58HT5	SINGLE PROTEIN	Homo sapiens	12	12	9606	False
CHEMBL3706560	Heat shock protein 105 kDa	Q92598	SINGLE PROTEIN	Homo sapiens	15	33	9606	False
CHEMBL3072	Androgen receptor	P15207	SINGLE PROTEIN	Rattus norvegicus	2810	5531	10116	False
CHEMBL2897	Dual specificity mitogen-activated protein kinase kinase 4	P45985	SINGLE PROTEIN	Homo sapiens	726	1344	9606	False
CHEMBL3762	Voltage-dependent L-type calcium channel subunit alpha-1C	P22002	SINGLE PROTEIN	Rattus norvegicus	1232	1332	10116	False
CHEMBL2046265	Hepatocyte growth factor receptor	Q75ZY9	SINGLE PROTEIN	Canis familiaris	8	20	9615	False
CHEMBL1075285	Diacylglycerol O-acyltransferase 2	Q9DCV3	SINGLE PROTEIN	Mus musculus	1	1	10090	False
CHEMBL3627581	Serine/threonine-protein kinase N3	Q6P5Z2	SINGLE PROTEIN	Homo sapiens	170	183	9606	False
CHEMBL4295709	Fructose-bisphosphate aldolase C	P09972	SINGLE PROTEIN	Homo sapiens	1	1	9606	False
CHEMBL2176858	C-type lectin domain family 4 member M	Q9H2X3	SINGLE PROTEIN	Homo sapiens	82	115	9606	False
CHEMBL3507	Mineralocorticoid receptor	P22199	SINGLE PROTEIN	Rattus norvegicus	282	505	10116	False
CHEMBL3632	Hexokinase-3	P27926	SINGLE PROTEIN	Rattus norvegicus	32	47	10116	False
CHEMBL2095228	Potassium-transporting ATPase	P18434|P19156	PROTEIN COMPLEX	Sus scrofa	426	475	9823	False
CHEMBL3919	Potassium-transporting ATPase alpha chain 1	P19156	SINGLE PROTEIN	Sus scrofa	64	69	9823	False
CHEMBL1075263	C-C chemokine receptor type 5	P61814	SINGLE PROTEIN	Macaca fascicularis	18	19	9541	False
CHEMBL4105988	Atypical chemokine receptor 2	O00590	SINGLE PROTEIN	Homo sapiens	6	7	9606	False
CHEMBL4796	Chymotrypsinogen B	P17538	SINGLE PROTEIN	Homo sapiens	188	261	9606	False
CHEMBL2366581	Ecdysone receptor	P34021|P20153	PROTEIN COMPLEX	Drosophila melanogaster	94	183	7227	False
CHEMBL4523680	Protein cereblon/Epidermal growth factor receptor	P00533|Q96SW2	PROTEIN-PROTEIN INTERACTION	Homo sapiens	62	261	9606	False
CHEMBL4296118	Androgen receptor/Baculoviral IAP repeat-containing protein 2	P10275|Q13490	PROTEIN-PROTEIN INTERACTION	Homo sapiens	20	32	9606	False
CHEMBL4105834	Ubiquitin-conjugating enzyme E2 C	O00762	SINGLE PROTEIN	Homo sapiens	2	2	9606	False
CHEMBL2439944	2-acylglycerol O-acyltransferase 2	Q3SYC2	SINGLE PROTEIN	Homo sapiens	264	336	9606	False
CHEMBL4620	Genome polyprotein	P26664	SINGLE PROTEIN	Hepatitis C virus genotype 1a (isolate 1) (HCV)	286	384	11104	False
CHEMBL614506	MRI-H-207		CELL-LINE		1	2		False
CHEMBL5465206	Protein cereblon/Carbonic anhydrase II	P00918|Q96SW2	PROTEIN-PROTEIN INTERACTION	Homo sapiens	3	19	9606	False
CHEMBL3635	Neutral alpha-glucosidase C	Q8BVW0	SINGLE PROTEIN	Mus musculus	11	14	10090	False
CHEMBL1075309	Thrombopoietin receptor	Q08351	SINGLE PROTEIN	Mus musculus	1	1	10090	False
CHEMBL2111439	VEGF-receptor 2 and Fibroblast growth factor receptor 1	P35968|P11362	PROTEIN FAMILY	Homo sapiens	50	50	9606	False
CHEMBL3797013	Heterogeneous nuclear ribonucleoprotein H	P31943	SINGLE PROTEIN	Homo sapiens	4	11	9606	False
CHEMBL5878	Adenosine 5'-monophosphoramidase HINT1	P49773	SINGLE PROTEIN	Homo sapiens	65	126	9606	False
CHEMBL4517	Tyrosine-protein kinase Fyn	P39688	SINGLE PROTEIN	Mus musculus	2	2	10090	False
CHEMBL3509595	Solute carrier family 15 member 1	P36836	SINGLE PROTEIN	Oryctolagus cuniculus	16	29	9986	False
CHEMBL4523397	Fibrinogen C domain-containing protein 1	Q8N539	SINGLE PROTEIN	Homo sapiens	17	33	9606	False
CHEMBL1909043	Leukotriene C4 synthase	A6XA80	SINGLE PROTEIN	Cavia porcellus	878	1749	10141	False
CHEMBL4296098	Mitogen-activated protein kinase 8/9	P45983|P45984	PROTEIN FAMILY	Homo sapiens	7	11	9606	False
CHEMBL614539	CCRF-CEM/ara-C		CELL-LINE	Homo sapiens	2	2	9606	False
CHEMBL614371	C-344 cell line		CELL-LINE	Homo sapiens	1	2	9606	False
CHEMBL2095163	Peroxisome proliferator-activated receptor gamma/Nuclear receptor coactivator 2	P37231|Q15596	PROTEIN-PROTEIN INTERACTION	Homo sapiens	749	749	9606	False
CHEMBL4296297	UDP-3-O-acyl-N-acetylglucosamine deacetylase	C6ARS9	SINGLE PROTEIN	Rhizobium leguminosarum bv. trifolii (strain WSM1325)	3	12	395491	False
CHEMBL4105898	C-type lectin domain family 4 member E	Q9ULY5	SINGLE PROTEIN	Homo sapiens	53	83	9606	False
CHEMBL4105754	C-type lectin domain family 4 member E	Q9R0Q8	SINGLE PROTEIN	Mus musculus	45	100	10090	False
CHEMBL4772	1-acyl-sn-glycerol-3-phosphate acyltransferase beta	O15120	SINGLE PROTEIN	Homo sapiens	126	137	9606	False
CHEMBL4296149	von Hippel-Lindau disease tumor suppressor/Elongin-B/Elongin-C/Bromodomain-containing protein 2	P25440|P40337|Q15370|Q15369	PROTEIN-PROTEIN INTERACTION	Homo sapiens	9	24	9606	False
CHEMBL3879850	Sterol O-acyltransferase 1	O77760	SINGLE PROTEIN	Chlorocebus aethiops	32	51	9534	False
CHEMBL2073714	Solute carrier family 15 member 1	Q9JIP7	SINGLE PROTEIN	Mus musculus	5	31	10090	False
CHEMBL4523161	Lactotransferrin	P02788	SINGLE PROTEIN	Homo sapiens	29	55	9606	False
CHEMBL4523276	Fibroblast growth factor receptor 1	Q04589	SINGLE PROTEIN	Rattus norvegicus	10	12	10116	False
CHEMBL1795194	Phosphatidylinositol 5-phosphate 4-kinase type-2 alpha	P48426	SINGLE PROTEIN	Homo sapiens	1325	1675	9606	False
CHEMBL4843	CX3C chemokine receptor 1	P49238	SINGLE PROTEIN	Homo sapiens	520	1719	9606	False
CHEMBL3770	Sodium/hydrogen exchanger 2	P50482	SINGLE PROTEIN	Oryctolagus cuniculus	3	9	9986	False
CHEMBL5716	Nuclear receptor subfamily 2 group C member 2	P49116	SINGLE PROTEIN	Homo sapiens	81	160	9606	False
CHEMBL3885630	Ras and Rab interactor 1/Tyrosine-protein kinase ABL1	P00519|Q13671	PROTEIN-PROTEIN INTERACTION	Homo sapiens	229	230	9606	False
CHEMBL3396942	Cytochrome c	P62894	SINGLE PROTEIN	Bos taurus	2	13	9913	False
CHEMBL2111380	Cathepsin (L and K)	P43235|P07711	SELECTIVITY GROUP	Homo sapiens	100	105	9606	False
CHEMBL4523124	tRNA (cytosine(38)-C(5))-methyltransferase	O14717	SINGLE PROTEIN	Homo sapiens	71	278	9606	False
CHEMBL3633	Protein kinase C delta type	P09215	SINGLE PROTEIN	Rattus norvegicus	1	1	10116	False
CHEMBL4296285	Gamma-crystallin C	P07315	SINGLE PROTEIN	Homo sapiens	8	41	9606	False
CHEMBL3595	Glutamate receptor 3	P42263	SINGLE PROTEIN	Homo sapiens	73	127	9606	False
CHEMBL3992	Cystic fibrosis transmembrane conductance regulator	P34158	SINGLE PROTEIN	Rattus norvegicus	32	72	10116	False
CHEMBL4296000	Replication factor C subunit 5	P40937	SINGLE PROTEIN	Homo sapiens	3	10	9606	False
CHEMBL5419	Genome polyprotein	P06935	SINGLE PROTEIN	West Nile virus	468	677	11082	False
CHEMBL2111349	Prostaglandin G/H synthase (cyclooxygenase)	P22437|Q05769	PROTEIN FAMILY	Mus musculus	155	169	10090	False
CHEMBL5209631	Sodium/hydrogen exchanger 9B2	Q86UD5	SINGLE PROTEIN	Homo sapiens	1	1	9606	False
CHEMBL4711	Atrial natriuretic peptide receptor 3	P70180	SINGLE PROTEIN	Mus musculus	32	71	10090	False
CHEMBL5335	Baculoviral IAP repeat-containing protein 3	Q13489	SINGLE PROTEIN	Homo sapiens	240	424	9606	False
CHEMBL2366588	Ecdysone receptor	Q8MWR2|Q8MWR1	PROTEIN COMPLEX	Spodoptera frugiperda	20	20	7108	False
CHEMBL5303326	NADH dehydrogenase/NAD(P)H nitroreductase	Q8A8L9	SINGLE PROTEIN	Bacteroides thetaiotaomicron	20	28	818	False
CHEMBL5566	1-phosphatidylinositol 4,5-bisphosphate phosphodiesterase gamma-1	P08487	SINGLE PROTEIN	Bos taurus	18	24	9913	False
CHEMBL4039	Choline O-acetyltransferase	P28329	SINGLE PROTEIN	Homo sapiens	63	63	9606	False
CHEMBL1914274	Cytohesin-3	P97696	SINGLE PROTEIN	Rattus norvegicus	4	5	10116	False
CHEMBL1075150	Peroxisome proliferator activated receptor alpha	Q7TNH1	SINGLE PROTEIN	Mesocricetus auratus	1	1	10036	False
CHEMBL2073711	ATP-binding cassette subfamily C member 4	F1M3J4	SINGLE PROTEIN	Rattus norvegicus	2	3	10116	False
CHEMBL4754	Glutamyl-tRNA(Gln) amidotransferase subunit C	P68890	SINGLE PROTEIN	Streptococcus pyogenes serotype M1	21	42	301447	False
CHEMBL1795146	C-C chemokine receptor type 5	O08556	SINGLE PROTEIN	Rattus norvegicus	1	1	10116	False
CHEMBL1075088	Cysteine synthase	P45040	SINGLE PROTEIN	Haemophilus influenzae (strain ATCC 51907 / DSM 11121 / KW20 / Rd)	14	28	71421	False
CHEMBL4295932	Genome polyprotein	Q99IB8	SINGLE PROTEIN	Hepatitis C virus genotype 2a (isolate JFH-1) (HCV)	4	4	356411	False
CHEMBL2073678	Solute carrier family 15 member 2	Q9ES07	SINGLE PROTEIN	Mus musculus	6	6	10090	False
CHEMBL4678	Branched-chain-amino-acid aminotransferase, cytosolic	P54690	SINGLE PROTEIN	Rattus norvegicus	1	1	10116	False
CHEMBL1275217	C-C motif chemokine 5	P13501	SINGLE PROTEIN	Homo sapiens	47	54	9606	False
CHEMBL4523653	Androgen receptor/PELP1	P10275|Q8IZL8	PROTEIN-PROTEIN INTERACTION	Homo sapiens	1	1	9606	False
CHEMBL2176848	O-acyltransferase	A0A8I3N393	SINGLE PROTEIN	Canis familiaris	1	1	9615	False
CHEMBL3988504	Envelope glycoprotein H	P12824	SINGLE PROTEIN	Human cytomegalovirus (strain AD169) (HHV-5) (Human herpesvirus 5)			10360	False
CHEMBL2073687	ATP-binding cassette sub-family C member 10	Q5T3U5	SINGLE PROTEIN	Homo sapiens	29	31	9606	False
CHEMBL2532	Multidrug resistance-associated protein 1	O35379	SINGLE PROTEIN	Mus musculus	19	42	10090	False
CHEMBL2111336	VEGF-receptor 2 and tyrosine-protein kinase SRC	P12931|P35968	SELECTIVITY GROUP	Homo sapiens	25	25	9606	False
CHEMBL3473	C-C chemokine receptor type 3	P51677	SINGLE PROTEIN	Homo sapiens	1371	1727	9606	False
CHEMBL3308968	Sterol 24-C-methyltransferase	Q6C2D9	SINGLE PROTEIN	Yarrowia lipolytica	16	93	284591	False
CHEMBL4523733	von Hippel-Lindau disease tumor suppressor/SRC	P12931|P40337	PROTEIN-PROTEIN INTERACTION	Homo sapiens	1	1	9606	False
CHEMBL614707	CFU-C		CELL-LINE		2	2		False
CHEMBL6173	Cytochrome c oxidase subunit 1	P00395	SINGLE PROTEIN	Homo sapiens	48	50	9606	False
CHEMBL1075198	C-X-C chemokine receptor type 2	P35344	SINGLE PROTEIN	Oryctolagus cuniculus	6	6	9986	False
CHEMBL3390	cAMP-dependent protein kinase catalytic subunit alpha	P27791	SINGLE PROTEIN	Rattus norvegicus	39	47	10116	False
CHEMBL4091	1-deoxy-D-xylulose 5-phosphate reductoisomerase	P45568	SINGLE PROTEIN	Escherichia coli K-12	103	147	83333	False
CHEMBL3424	Protein kinase C epsilon type	P09216	SINGLE PROTEIN	Rattus norvegicus	2	2	10116	False
CHEMBL5529	Voltage-gated potassium channel KCNC1	P48547	SINGLE PROTEIN	Homo sapiens	16	16	9606	False
CHEMBL3259467	RuvB-like 1	Q9Y265	SINGLE PROTEIN	Homo sapiens	57	70	9606	False
CHEMBL2364	Hepatitis C virus NS4A protein	D2K2A8	SINGLE PROTEIN	Hepatitis C virus	3	3	3052230	False
CHEMBL4094	1-deoxy-D-xylulose 5-phosphate reductoisomerase	Q55663	SINGLE PROTEIN	Synechocystis sp. (strain PCC 6803 / Kazusa)	7	7	1111708	False
CHEMBL5115	Glutamyl endopeptidase	P0C1U8	SINGLE PROTEIN	Staphylococcus aureus	19	20	1280	False
CHEMBL1293198	Prostaglandin G/H synthase 2	O02768	SINGLE PROTEIN	Oryctolagus cuniculus	17	17	9986	False
CHEMBL2598	Protein kinase C iota type	P41743	SINGLE PROTEIN	Homo sapiens	2194	2916	9606	False
CHEMBL2380186	Transcriptional activator Myb	P01103	SINGLE PROTEIN	Gallus gallus	59	118	9031	False
CHEMBL2649	Prostaglandin G/H synthase 1	P22437	SINGLE PROTEIN	Mus musculus	456	661	10090	False
CHEMBL4059	Lysosomal alpha-mannosidase	O00754	SINGLE PROTEIN	Homo sapiens	57	174	9606	False
CHEMBL5724	Arylamine N-acetyltransferase 2	P50295	SINGLE PROTEIN	Mus musculus	68	71	10090	False
CHEMBL5823	Gag-Pol polyprotein	P03366	SINGLE PROTEIN	Human immunodeficiency virus type 1 group M subtype B (isolate BH10)(HIV-1)	8	8	11678	False
CHEMBL2541	C-1-tetrahydrofolate synthase, cytoplasmic	P11586	SINGLE PROTEIN	Homo sapiens	60	78	9606	False
CHEMBL5291605	Sphingomyelin phosphodiesterase 2	O70572	SINGLE PROTEIN	Mus musculus	5	5	10090	False
CHEMBL5291588	Sphingomyelinase C	P11889	SINGLE PROTEIN	Bacillus cereus	8	11	1396	False
CHEMBL3638325	DGAT1 protein	Q9BRH5	SINGLE PROTEIN	Homo sapiens	15	15	9606	False
CHEMBL1255152	Lysophospholipid acyltransferase 1	Q8BH98	SINGLE PROTEIN	Mus musculus	1	1	10090	False
CHEMBL2036	Tetanus toxin	P04958	SINGLE PROTEIN	Clostridium tetani (strain Massachusetts / E88)	50	50	212717	False
CHEMBL2193	Arylsulfatase A	P15289	SINGLE PROTEIN	Homo sapiens	652	655	9606	False
CHEMBL5449	1-phosphatidylinositol 4,5-bisphosphate phosphodiesterase beta-3	Q01970	SINGLE PROTEIN	Homo sapiens	157	157	9606	False
CHEMBL5499	C-C chemokine receptor type 1	A6I4C9	SINGLE PROTEIN	Rattus norvegicus	38	38	10116	False
CHEMBL3407316	Ubiquitin carboxyl-terminal hydrolase isozyme L5	Q9Y5K5	SINGLE PROTEIN	Homo sapiens	37	54	9606	False
CHEMBL4106134	FASN/HER2	P04626|P49327	PROTEIN COMPLEX	Homo sapiens	1	2	9606	False
CHEMBL2189152	Oxysterols receptor LXR-alpha	Q9Z0Y9	SINGLE PROTEIN	Mus musculus	8	8	10090	False
CHEMBL4986	Lysosomal phospholipase A and acyltransferase	Q8NCC3	SINGLE PROTEIN	Homo sapiens	3	3	9606	False
CHEMBL5245	Cytidylyltransferase	Q8FEJ5	SINGLE PROTEIN	Escherichia coli O6:H1 (strain CFT073 / ATCC 700928 / UPEC)	1	1	199310	False
CHEMBL3133	Sodium/hydrogen exchanger 2	Q9UBY0	SINGLE PROTEIN	Homo sapiens	17	37	9606	False
CHEMBL3638365	Amyloid-beta precursor protein	P08592	SINGLE PROTEIN	Rattus norvegicus	43	43	10116	False
CHEMBL2366425	Cytochrome b	P24964	SINGLE PROTEIN	Sus scrofa	11	15	9823	False
CHEMBL4523336	Oxysterols receptor LXR-alpha	Q62685	SINGLE PROTEIN	Rattus norvegicus	9	11	10116	False
CHEMBL4523131	Hematopoietic prostaglandin D synthase	O35543	SINGLE PROTEIN	Rattus norvegicus	76	77	10116	False
CHEMBL614717	L1210/C		CELL-LINE	Mus musculus	2	2	10090	False
CHEMBL1075066	Sterol O-acyltransferase 1	Q60457	SINGLE PROTEIN	Cricetulus griseus	23	43	10029	False
CHEMBL5724907	DnaJ homolog subfamily C member 7	Q99615	SINGLE PROTEIN	Homo sapiens	4	9	9606	False
CHEMBL3885517	Apoptotic protease-activating factor 1/Caspase-3/Caspase-9/Cytochrome c	P55211|P42574|O14727|P99999	PROTEIN COMPLEX	Homo sapiens	6	6	9606	False
CHEMBL4441	C-X-C chemokine receptor type 3	P49682	SINGLE PROTEIN	Homo sapiens	1940	3823	9606	False
CHEMBL2567	Protein kinase C alpha type	P20444	SINGLE PROTEIN	Mus musculus	245	293	10090	False
CHEMBL2922	Cytochrome P450 1A1	P00185	SINGLE PROTEIN	Rattus norvegicus	44	95	10116	False
CHEMBL2977	Prostaglandin G/H synthase 2	P35355	SINGLE PROTEIN	Rattus norvegicus	154	182	10116	False
CHEMBL3885535	Calmodulin/Proto-oncogene tyrosine-protein kinase Src	P12931|P0DP23	PROTEIN-PROTEIN INTERACTION	Homo sapiens	2	2	9606	False
CHEMBL3504	Glutamate receptor 3	P19492	SINGLE PROTEIN	Rattus norvegicus	84	147	10116	False
CHEMBL5676	Ecdysone receptor	P34021	SINGLE PROTEIN	Drosophila melanogaster	19	19	7227	False
CHEMBL4105785	Oxysterols receptor LXR-beta	Q62755	SINGLE PROTEIN	Rattus norvegicus	23	53	10116	False
CHEMBL2938	Protein kinase C gamma type	P05129	SINGLE PROTEIN	Homo sapiens	1809	2544	9606	False
CHEMBL3038507	Nociceptin/mu opioid receptor	P33535|P35370	PROTEIN FAMILY	Rattus norvegicus	2	10	10116	False
CHEMBL1075171	Glycerol-3-phosphate dehydrogenase [NAD(+)], cytoplasmic	P13707	SINGLE PROTEIN	Mus musculus	1	1	10090	False
CHEMBL4523459	Sialate O-acetylesterase	Q9HAT2	SINGLE PROTEIN	Homo sapiens	1	1	9606	False
CHEMBL1671612	Cytochrome b-c1 complex subunit 7	P14927	SINGLE PROTEIN	Homo sapiens	21	31	9606	False
CHEMBL4523409	Transient receptor potential cation channel subfamily C member 5	Q8VD38	SINGLE PROTEIN	Rattus norvegicus	1	1	10116	False
CHEMBL3797016	C-terminal-binding protein 2	P56545	SINGLE PROTEIN	Homo sapiens	26	42	9606	False
CHEMBL2247	Atrial natriuretic peptide receptor 3	P17342	SINGLE PROTEIN	Homo sapiens	115	139	9606	False
CHEMBL4106184	CDK4/CDK9	P11802|P50750	PROTEIN FAMILY	Homo sapiens	1	6	9606	False
CHEMBL3879854	Sterol O-acyltransferase 2	O77759	SINGLE PROTEIN	Chlorocebus aethiops	32	51	9534	False
CHEMBL1075195	Serine/threonine-protein kinase TAO2	Q9UL54	SINGLE PROTEIN	Homo sapiens	760	1079	9606	False
CHEMBL3879821	C-C chemokine receptor type 10	Q9JL21	SINGLE PROTEIN	Mus musculus	10	13	10090	False
CHEMBL4464	Sterol O-acyltransferase 1	Q61263	SINGLE PROTEIN	Mus musculus	250	295	10090	False
CHEMBL3308944	Dipeptidyl peptidase 1	P80067	SINGLE PROTEIN	Rattus norvegicus	8	8	10116	False
CHEMBL5748	ATP-binding cassette sub-family C member 2	Q92887	SINGLE PROTEIN	Homo sapiens	878	1194	9606	False
CHEMBL4523751	von Hippel-Lindau disease tumor suppressor/BCR-ABL1	P00519|P11274|P40337	PROTEIN-PROTEIN INTERACTION	Homo sapiens	30	71	9606	False
CHEMBL1824	Receptor tyrosine-protein kinase erbB-2	P04626	SINGLE PROTEIN	Homo sapiens	6268	10985	9606	False
CHEMBL2363017	Voltage-gated inwardly rectifying potassium channel KCNH3	Q9ULD8	SINGLE PROTEIN	Homo sapiens	111	112	9606	False
CHEMBL4465	Sterol O-acyltransferase 2	O75908	SINGLE PROTEIN	Homo sapiens	250	342	9606	False
CHEMBL2577	Sodium/hydrogen exchanger 1	P26431	SINGLE PROTEIN	Rattus norvegicus	147	171	10116	False
CHEMBL4632	Peroxisomal acyl-coenzyme A oxidase 1	P07872	SINGLE PROTEIN	Rattus norvegicus	74	76	10116	False
CHEMBL2933	Potassium-transporting ATPase alpha chain 2	P54707	SINGLE PROTEIN	Homo sapiens	82	83	9606	False
CHEMBL5980	Genome polyprotein	P29990	SINGLE PROTEIN	dengue virus type 2	6237	11931	11060	False
CHEMBL5557	Voltage-gated inwardly rectifying potassium channel KCNH2	O08703	SINGLE PROTEIN	Cavia porcellus	24	24	10141	False
CHEMBL3848	Receptor tyrosine-protein kinase erbB-2	P06494	SINGLE PROTEIN	Rattus norvegicus	13	14	10116	False
CHEMBL5876	Histone H4	P62805	SINGLE PROTEIN	Homo sapiens	70	78	9606	False
CHEMBL4748219	von Hippel-Lindau disease tumor suppressor/Progesterone receptor	P06401|P40337	PROTEIN-PROTEIN INTERACTION	Homo sapiens	1	1	9606	False
CHEMBL6067088	tRNA N6-adenosine threonylcarbamoyltransferase	Q9NPF4	SINGLE PROTEIN	Homo sapiens	2	4	9606	False
CHEMBL3979	Peroxisome proliferator-activated receptor delta	Q03181	SINGLE PROTEIN	Homo sapiens	3885	6838	9606	False
CHEMBL3885612	Nuclear receptor subfamily 2 group C member 2/TGF-beta-activated kinase 1 and MAP3K7-binding protein 1	Q15750|P49116	CHIMERIC PROTEIN	Homo sapiens	49	49	9606	False
CHEMBL5725031	Small ribosomal subunit protein RACK1	P63244	SINGLE PROTEIN	Homo sapiens	2	8	9606	False
CHEMBL2653	Sterol O-acyltransferase 2	O88908	SINGLE PROTEIN	Mus musculus	39	140	10090	False
CHEMBL4296662	mTOR/FKBP12A/FKBP12B	P62942|P68106|P42345	PROTEIN COMPLEX	Homo sapiens	14	19	9606	False
CHEMBL6067350	Sorbin and SH3 domain-containing protein 1	Q9BX66	SINGLE PROTEIN	Homo sapiens	1	2	9606	False
CHEMBL3329079	5-hydroxymethyl-dUMP N-hydrolase	O35820	SINGLE PROTEIN	Rattus norvegicus	25	25	10116	False
CHEMBL6066351	E3 ubiquitin-protein ligase CBL	P22681	SINGLE PROTEIN	Homo sapiens	24	24	9606	False
CHEMBL4106175	Serine/threonine-protein kinase Rac alpha/beta	P31751|P31749	PROTEIN FAMILY	Homo sapiens	1	1	9606	False
CHEMBL1293202	Phospholipase C	P09598	SINGLE PROTEIN	Bacillus cereus	24	29	1396	False
CHEMBL4969	Progesterone receptor	Q00175	SINGLE PROTEIN	Mus musculus	4	36	10090	False
CHEMBL4105728	Cyclic GMP-AMP synthase	Q8N884	SINGLE PROTEIN	Homo sapiens	469	832	9606	False
CHEMBL4992	Protein kinase C eta type	P23298	SINGLE PROTEIN	Mus musculus	5	5	10090	False
CHEMBL3964	1-phosphatidylinositol 4,5-bisphosphate phosphodiesterase gamma-1	P19174	SINGLE PROTEIN	Homo sapiens	262	434	9606	False
CHEMBL3885607	Myc proto-oncogene protein/Transcription factor AP-1	P18870|P01109	PROTEIN-PROTEIN INTERACTION	Gallus gallus	2	2	9031	False
CHEMBL1250372	Probable cathepsin C	Q8IIJ9	SINGLE PROTEIN	Plasmodium falciparum 3D7	4	4	36329	False
CHEMBL5169303	NM23-H2/c-MYC G4 quadruplex DNA		PROTEIN NUCLEIC-ACID COMPLEX	Homo sapiens	4	5	9606	False
CHEMBL3309115	Cathepsin H	A0A060INS8	SINGLE PROTEIN	Capra hircus	47	102	9925	False
CHEMBL2176850	Chemokine receptor	Q9MYJ9	SINGLE PROTEIN	Oryctolagus cuniculus	1	1	9986	False
CHEMBL4105951	Ubiquitin-conjugating enzyme E2 H	P62256	SINGLE PROTEIN	Homo sapiens	1	1	9606	False
CHEMBL5570	Macrophage colony-stimulating factor 1 receptor	P09581	SINGLE PROTEIN	Mus musculus	415	569	10090	False
CHEMBL3898	Bone morphogenetic protein 1	P13497	SINGLE PROTEIN	Homo sapiens	834	1282	9606	False
CHEMBL2363011	Voltage-gated inwardly rectifying potassium channel KCNH6	Q9H252	SINGLE PROTEIN	Homo sapiens	3	3	9606	False
CHEMBL1250369	Preprocathepsin c, putative	Q8I0V1	SINGLE PROTEIN	Plasmodium falciparum 3D7	3	3	36329	False
CHEMBL5291683	Protein cereblon/Serine/threonine-protein kinase PAK 2	Q13177|Q96SW2	PROTEIN-PROTEIN INTERACTION	Homo sapiens	1	2	9606	False
CHEMBL3038474	CDK8/Cyclin C	P49336|P24863	PROTEIN COMPLEX	Homo sapiens	1085	1647	9606	False
CHEMBL4523684	Protein cereblon/Androgen receptor	P10275|Q96SW2	PROTEIN-PROTEIN INTERACTION	Homo sapiens	165	654	9606	False
CHEMBL5483181	CDK20/Cyclin H	P51946|Q8IZL9	PROTEIN COMPLEX	Homo sapiens	4	4	9606	False
CHEMBL2538	Potassium-transporting ATPase subunit beta	P18434	SINGLE PROTEIN	Sus scrofa	13	22	9823	False
CHEMBL4296120	E3 ubiquitin-protein ligase XIAP/BCR/ABL	P00519|P98170|P11274	PROTEIN-PROTEIN INTERACTION	Homo sapiens	2	4	9606	False
CHEMBL1293253	4-diphosphocytidyl-2-C-methyl-D-erythritol kinase, chloroplastic	O81014	SINGLE PROTEIN	Arabidopsis thaliana	23	23	3702	False
CHEMBL3259497	Lysosomal phospholipase A and acyltransferase	Q8VEB4	SINGLE PROTEIN	Mus musculus	3	3	10090	False
CHEMBL6066579	Apoptosis regulator Bcl-2/Beclin-1	P10415|Q14457	PROTEIN COMPLEX	Homo sapiens	52	157	9606	False
CHEMBL5574	PCNA-associated factor	Q15004	SINGLE PROTEIN	Homo sapiens	3	4	9606	False
CHEMBL3855	UDP-3-O-acyl-N-acetylglucosamine deacetylase	P47205	SINGLE PROTEIN	Pseudomonas aeruginosa (strain ATCC 15692 / PAO1 / 1C / PRS 101 / LMG12228)	651	700	208964	False
CHEMBL3217391	C-C motif chemokine 7	P80098	SINGLE PROTEIN	Homo sapiens	13	13	9606	False
CHEMBL4523632	CDK9/Cyclin-H	P51946|P50750	PROTEIN COMPLEX	Homo sapiens	1	1	9606	False
CHEMBL2073702	ATP-binding cassette sub-family C member 11	Q96J66	SINGLE PROTEIN	Homo sapiens	18	24	9606	False
CHEMBL2167	GTPase HRas	P01112	SINGLE PROTEIN	Homo sapiens	111	142	9606	False
CHEMBL1250348	Myc proto-oncogene protein	P01106	SINGLE PROTEIN	Homo sapiens	1076	1237	9606	False
CHEMBL3243914	Acetylserotonin O-methyltransferase	P10950	SINGLE PROTEIN	Bos taurus	13	28	9913	False
CHEMBL1795195	Serine/threonine-protein kinase SMG1	Q96Q15	SINGLE PROTEIN	Homo sapiens	59	100	9606	False
CHEMBL2791	NT-3 growth factor receptor	Q6VNS1	SINGLE PROTEIN	Mus musculus	5	20	10090	False
CHEMBL2111414	Tyrosine-protein kinase ABL	P00519|P42684	PROTEIN FAMILY	Homo sapiens	162	170	9606	False
CHEMBL1075050	Dipeptidyl peptidase 1	Q3ZCJ8	SINGLE PROTEIN	Bos taurus	5	5	9913	False
CHEMBL615000	NIH-H		CELL-LINE		33	33		False
CHEMBL6141	Acyl-CoA:cholesterol acyltransferase	Q95214	SINGLE PROTEIN	Oryctolagus cuniculus	929	1121	9986	False
CHEMBL2918	cAMP-dependent protein kinase catalytic subunit beta	P22694	SINGLE PROTEIN	Homo sapiens	519	658	9606	False
CHEMBL2093871	Glutamate receptor ionotropic, AMPA	P19491|P19492|P19493|P19490	PROTEIN COMPLEX GROUP	Rattus norvegicus	1396	2253	10116	False
CHEMBL3880	Heat shock protein HSP 90-alpha	P07900	SINGLE PROTEIN	Homo sapiens	3490	6396	9606	False
CHEMBL2073682	ATP-binding cassette sub-family C member 3	O88563	SINGLE PROTEIN	Rattus norvegicus	20	74	10116	False
CHEMBL1293193	Natriuretic peptides A	P01160	SINGLE PROTEIN	Homo sapiens	17	17	9606	False
CHEMBL2321628	C-C chemokine receptor type 10	P46092	SINGLE PROTEIN	Homo sapiens	142	179	9606	False
CHEMBL5465371	Phosphoserine phosphatase SerB2	O53289	SINGLE PROTEIN	Mycobacterium tuberculosis	13	27	1773	False
CHEMBL3714706	Transient receptor potential cation channel subfamily M member 7	Q923J1	SINGLE PROTEIN	Mus musculus	385	428	10090	False
CHEMBL4523992	Serine/threonine-protein kinase LATS	Q9NRM7|O95835	PROTEIN FAMILY	Homo sapiens	289	902	9606	False
CHEMBL5955	UDP-N-acetylglucosamine--peptide N-acetylglucosaminyltransferase 110 kDa subunit	O15294	SINGLE PROTEIN	Homo sapiens	123	214	9606	False
CHEMBL4296119	Baculoviral IAP repeat-containing protein 2/BCR/ABL	P00519|P11274|Q13490	PROTEIN-PROTEIN INTERACTION	Homo sapiens	7	34	9606	False
CHEMBL6115	Lysosomal protective protein	P10619	SINGLE PROTEIN	Homo sapiens	906	921	9606	False
CHEMBL2730	Protein-glutamine gamma-glutamyltransferase	P21980	SINGLE PROTEIN	Homo sapiens	739	1483	9606	False
CHEMBL2073676	ATP-binding cassette sub-family C member 2	Q63120	SINGLE PROTEIN	Rattus norvegicus	128	241	10116	False
CHEMBL1075163	Serine/threonine-protein kinase haspin	Q8TF76	SINGLE PROTEIN	Homo sapiens	829	1405	9606	False
CHEMBL2216746	Voltage-gated inwardly rectifying potassium channel KCNH2	Q8WNY2	SINGLE PROTEIN	Oryctolagus cuniculus	1	1	9986	False
CHEMBL2189120	Histone-binding protein RBBP4	Q09028	SINGLE PROTEIN	Homo sapiens	4	11	9606	False
CHEMBL4523439	Lecithin retinol acyltransferase	Q9BGL2	SINGLE PROTEIN	Bos taurus	76	88	9913	False
CHEMBL3038516	TPR/MET fusion protein	P16056|F6ZDS4	CHIMERIC PROTEIN	Mus musculus	23	51	10090	False
CHEMBL3137267	PKC alpha and beta-2	P17252|P05771	PROTEIN FAMILY	Homo sapiens	5	10	9606	False
CHEMBL2321633	Glycoprotein-N-acetylgalactosamine 3-beta-galactosyltransferase 1	Q9NS00	SINGLE PROTEIN	Homo sapiens	3	3	9606	False
CHEMBL4879452	SWI/SNF-related matrix-associated actin-dependent regulator of chromatin subfamily A containing DEAD/H box 1	Q04692	SINGLE PROTEIN	Mus musculus	1	1	10090	False
CHEMBL4699	Protein-S-isoprenylcysteine O-methyltransferase	O60725	SINGLE PROTEIN	Homo sapiens	440	598	9606	False
CHEMBL4888443	Cyclin-dependent kinase 3/Cyclin-C	Q00526|P24863	PROTEIN COMPLEX	Homo sapiens	6	9	9606	False
CHEMBL2424505	Peptidyl-prolyl cis-trans isomerase C	P45877	SINGLE PROTEIN	Homo sapiens	3	3	9606	False
CHEMBL4523631	CDK9/Cyclin-T2	P50750|O60583	PROTEIN COMPLEX	Homo sapiens	6	7	9606	False
CHEMBL4523728	von Hippel-Lindau disease tumor suppressor/Tyrosine-protein kinase Yes	P07947|P40337	PROTEIN-PROTEIN INTERACTION	Homo sapiens	1	1	9606	False
CHEMBL5169099	Serine/threonine-protein kinase 3	O54748	SINGLE PROTEIN	Rattus norvegicus	1	12	10116	False
CHEMBL5169084	Protein cereblon/CUL4A/AR	P10275|Q96SW2|Q13619	PROTEIN-PROTEIN INTERACTION	Homo sapiens	2	4	9606	False
CHEMBL4680045	SLC34A2-ROS1	P08922|O95436	CHIMERIC PROTEIN	Homo sapiens	7	23	9606	False
CHEMBL4879505	Microtubule-associated proteins 1A/1B light chain 3C	Q9BXW4	SINGLE PROTEIN	Homo sapiens	2	2	9606	False
CHEMBL614716	L1210/ara C		CELL-LINE	Mus musculus	5	6	10090	False
CHEMBL5169273	von Hippel-Lindau disease tumor suppressor/KRAS	P01116|P40337	PROTEIN-PROTEIN INTERACTION	Homo sapiens	47	190	9606	False
CHEMBL4166	Prostaglandin reductase 1	P97584	SINGLE PROTEIN	Rattus norvegicus	4	8	10116	False
CHEMBL3559690	Cyclin-dependent kinase 20	Q8IZL9	SINGLE PROTEIN	Homo sapiens	8	17	9606	False
CHEMBL2152	Gastricsin	P04073	SINGLE PROTEIN	Rattus norvegicus	3	3	10116	False
CHEMBL6040	Genome polyprotein	P26663	SINGLE PROTEIN	Hepatitis C virus genotype 1b (isolate BK) (HCV)	50	50	11105	False
CHEMBL2172	Leukotriene C4 synthase	Q925U2	SINGLE PROTEIN	Rattus norvegicus	1	1	10116	False
CHEMBL1075451	H-EMC-SS		CELL-LINE	Homo sapiens	76	104	9606	False
CHEMBL3831244	Phospholipase A and acyltransferase 3	P53816	SINGLE PROTEIN	Homo sapiens	56	57	9606	False
CHEMBL4105975	Cytochrome c1, heme protein, mitochondrial	P08574	SINGLE PROTEIN	Homo sapiens	239	241	9606	False
CHEMBL4523318	Glycerol-3-phosphate acyltransferase 3	Q53EU6	SINGLE PROTEIN	Homo sapiens	1	6	9606	False
CHEMBL3937	Genome polyprotein	Q96662	SINGLE PROTEIN	Bovine viral diarrhea virus (strain CP7) (BVDV) (Mucosal diseasevirus)	2	2	268305	False
CHEMBL4523160	Apolipoprotein C-III	P02656	SINGLE PROTEIN	Homo sapiens	11	11	9606	False
CHEMBL2366576	Ecdysone receptor	B8RG26|Q4W6C8	PROTEIN COMPLEX	Anthonomus grandis	1	1	7044	False
CHEMBL6066573	Baculoviral IAP repeat-containing protein 3/E3 ubiquitin-protein ligase XIAP	P98170|Q13489	PROTEIN FAMILY	Homo sapiens	128	384	9606	False
CHEMBL6066572	Baculoviral IAP repeat-containing protein 2/E3 ubiquitin-protein ligase XIAP	P98170|Q13490	PROTEIN FAMILY	Homo sapiens	99	297	9606	False
CHEMBL3454	Dipeptidyl peptidase 1	P97821	SINGLE PROTEIN	Mus musculus	11	27	10090	False
CHEMBL3734646	4-diphosphocytidyl-2-C-methyl-D-erythritol kinase	Q2T1B6	SINGLE PROTEIN	Burkholderia thailandensis (strain ATCC 700388 / DSM 13276 / CIP106301 / E264)	21	63	271848	False
CHEMBL2366579	Ecdysone receptor	P49882|O45117	PROTEIN COMPLEX	Chironomus tentans	1	1	7153	False
CHEMBL2366589	Ecdysone receptor	E5L6Y1|E5L6Y0	PROTEIN COMPLEX	Nezara viridula	7	29	85310	False
CHEMBL2201	Dual specificity mitogen-activated protein kinase kinase 4	P47809	SINGLE PROTEIN	Mus musculus	98	106	10090	False
CHEMBL2847	Peroxisome proliferator-activated receptor alpha	Q95N78	SINGLE PROTEIN	Canis lupus familiaris	28	29	9615	False
CHEMBL1293299	Histone-lysine N-methyltransferase 2A	Q03164	SINGLE PROTEIN	Homo sapiens	17319	17374	9606	False
CHEMBL1293235	Prelamin-A/C	P02545	SINGLE PROTEIN	Homo sapiens	36233	36763	9606	False
CHEMBL1250370	Protease, putative	Q8I1Y2	SINGLE PROTEIN	Plasmodium falciparum 3D7	6	11	36329	False
CHEMBL5630	1-deoxy-D-xylulose 5-phosphate reductoisomerase	P9WNS1	SINGLE PROTEIN	Mycobacterium tuberculosis	166	209	1773	False
CHEMBL2844	1-acyl-sn-glycerol-3-phosphate acyltransferase alpha	O35083	SINGLE PROTEIN	Mus musculus	1	7	10090	False
CHEMBL4264	Cycloartenol-C-24-methyltransferase	Q9LM02	SINGLE PROTEIN	Arabidopsis thaliana	71	126	3702	False
CHEMBL2096983	Sterol O-acyltransferase, Soat	Q7TQM4|O70536	PROTEIN FAMILY	Rattus norvegicus	65	95	10116	False
CHEMBL5821	Tetracycline resistance protein, class B	P02980	SINGLE PROTEIN	Escherichia coli	1	4	562	False
CHEMBL4888440	Replicase polyprotein 1ab	P0C6X1	SINGLE PROTEIN	Human coronavirus 229E	22	30	11137	False
CHEMBL4523697	Protein cereblon/CDK9	P50750|Q96SW2	PROTEIN-PROTEIN INTERACTION	Homo sapiens	82	214	9606	False
CHEMBL6066362	Phosphoserine phosphatase	P78330	SINGLE PROTEIN	Homo sapiens	1	2	9606	False
CHEMBL5994	C-X-C chemokine receptor type 6	O00574	SINGLE PROTEIN	Homo sapiens	74	266	9606	False
CHEMBL4423	C-C chemokine receptor type 6	P51684	SINGLE PROTEIN	Homo sapiens	538	869	9606	False
CHEMBL4105895	Cyclin-O	P22674	SINGLE PROTEIN	Homo sapiens	1	1	9606	False
CHEMBL3936	Alpha-galactosidase C	Q9UUZ4	SINGLE PROTEIN	Aspergillus niger	14	14	5061	False
CHEMBL3309049	Hematopoietic prostaglandin D synthase	Q9JHF7	SINGLE PROTEIN	Mus musculus	5	17	10090	False
CHEMBL1770039	Ribonuclease HI	P0A7Y4	SINGLE PROTEIN	Escherichia coli (strain K12)	8	16	83333	False
CHEMBL3562	Gag-Pol polyprotein	P03355	SINGLE PROTEIN	Moloney murine leukemia virus isolate Shinnick	89	89	928306	False
CHEMBL6129	Diacylglycerol O-acyltransferase 1	Q9ERM3	SINGLE PROTEIN	Rattus norvegicus	41	43	10116	False
CHEMBL1293315	Acetyl-CoA acetyltransferase/HMG-CoA reductase	Q9FD70	SINGLE PROTEIN	Enterococcus faecalis	3	3	1351	False
CHEMBL1075234	Phosphoenolpyruvate carboxykinase, cytosolic [GTP]	P07379	SINGLE PROTEIN	Rattus norvegicus	16	16	10116	False
CHEMBL1075080	Oxygen-insensitive NAD(P)H nitroreductase	P38489	SINGLE PROTEIN	Escherichia coli K-12	8	34	83333	False
CHEMBL5879	Hematopoietic prostaglandin D synthase	O60760	SINGLE PROTEIN	Homo sapiens	437	658	9606	False
CHEMBL3945	Choline O-acetyltransferase	P32738	SINGLE PROTEIN	Rattus norvegicus	118	192	10116	False
CHEMBL4106188	Melanin-concentrating hormone receptor 2/HERG	Q12809|Q969V1	SELECTIVITY GROUP	Homo sapiens	14	14	9606	False
CHEMBL1255156	Lysophospholipid acyltransferase 2	Q8R3I2	SINGLE PROTEIN	Mus musculus	1	1	10090	False
CHEMBL5369	Transcription factor Jun	P05627	SINGLE PROTEIN	Mus musculus	31	36	10090	False
CHEMBL5176	C-C chemokine receptor type 3	P56483	SINGLE PROTEIN	Macaca mulatta	1	1	9544	False
CHEMBL4845621	c-di-GMP G-quadruplex		NUCLEIC-ACID	Pseudomonas aeruginosa	34	84	287	False
CHEMBL3638360	Gag-Pol polyprotein	P04585	SINGLE PROTEIN	Human immunodeficiency virus type 1 group M subtype B (isolate HXB2)(HIV-1)	275	414	11706	False
CHEMBL6066994	AP-2 complex subunit alpha-2	O94973	SINGLE PROTEIN	Homo sapiens	1	2	9606	False
CHEMBL4523187	L-lactate dehydrogenase B chain	P13490	SINGLE PROTEIN	Oryctolagus cuniculus	2	2	9986	False
CHEMBL6066030	Protein cereblon/Heat shock protein HSP 90-beta	P08238|Q96SW2	PROTEIN-PROTEIN INTERACTION	Homo sapiens	11	12	9606	False
CHEMBL1250404	Cytochrome c oxidase subunit 2	O78750	SINGLE PROTEIN	Ovis aries	14	17	9940	False
CHEMBL4680051	Sortilin/Progranulin	Q99523|P28799	PROTEIN-PROTEIN INTERACTION	Homo sapiens	34	37	9606	False
CHEMBL6066037	Protein cereblon/Receptor-type tyrosine-protein phosphatase C	P08575|Q96SW2	PROTEIN-PROTEIN INTERACTION	Homo sapiens	1	1	9606	False
CHEMBL1944490	ATP-binding cassette sub-family C member 8	Q09429	SINGLE PROTEIN	Rattus norvegicus	30	118	10116	False
CHEMBL6066457	Cytochrome c oxidase subunit 5A, mitochondrial	P20674	SINGLE PROTEIN	Homo sapiens	2	4	9606	False
CHEMBL6066383	Cytochrome c oxidase subunit 6B1	P14854	SINGLE PROTEIN	Homo sapiens	1	2	9606	False
CHEMBL2216741	Hypoxia up-regulated protein 1	Q9Y4L1	SINGLE PROTEIN	Homo sapiens	4	7	9606	False
CHEMBL3611964	Alpha-ketoglutarate-dependent dioxygenase FTO	Q8BGW1	SINGLE PROTEIN	Mus musculus	1	1	10090	False
CHEMBL6011	Cytochrome c oxidase subunit 1	O78749	SINGLE PROTEIN	Ovis aries	58	72	9940	False
CHEMBL5291961	CDK9/Cyclin T	O60563|P50750|O60583	PROTEIN COMPLEX GROUP	Homo sapiens	17	17	9606	False
CHEMBL3739250	Zinc metalloproteinase dpy-31	A8Q2D1	SINGLE PROTEIN	Brugia malayi	5	5	6279	False
CHEMBL2366434	Photosystem I iron-sulfur center	G3EFH9	SINGLE PROTEIN	Panicum virgatum	2	3	38727	False
CHEMBL4092	Mitogen-activated protein kinase 10	P49187	SINGLE PROTEIN	Rattus norvegicus	133	144	10116	False
CHEMBL5169133	Atrial natriuretic peptide receptor 3	P41740	SINGLE PROTEIN	Rattus norvegicus	8	20	10116	False
CHEMBL2366583	Ecdysone receptor	Q4W6D0|Q4W6C8	PROTEIN COMPLEX	Leptinotarsa decemlineata	3	3	7539	False
CHEMBL5291547	C-type lectin domain family 4 member K	Q8VBX4	SINGLE PROTEIN	Mus musculus	1	2	10090	False
CHEMBL3259469	Transcription elongation factor B polypeptide 1	Q15369	SINGLE PROTEIN	Homo sapiens	2	4	9606	False
CHEMBL1795200	4-diphosphocytidyl-2-C-methyl-D-erythritol kinase	Q8ZEY1	SINGLE PROTEIN	Yersinia pestis	6	6	632	False
CHEMBL5465248	Protein cereblon/Cyclin-G-associated kinase	Q8C7D2|Q99KY4	PROTEIN-PROTEIN INTERACTION	Mus musculus	2	3	10090	False
CHEMBL3885521	Baculoviral IAP repeat-containing protein 2/Estrogen receptor	P03372|Q13490	PROTEIN COMPLEX	Homo sapiens	4	7	9606	False
CHEMBL4523748	AKT1/PPP1CA	P62136|P31749	PROTEIN-PROTEIN INTERACTION	Homo sapiens	7	30	9606	False
CHEMBL6067045	Eukaryotic translation initiation factor 3 subunit H	O15372	SINGLE PROTEIN	Homo sapiens	2	4	9606	False
CHEMBL5724615	Nardilysin	O43847	SINGLE PROTEIN	Homo sapiens	2	8	9606	False
CHEMBL3588729	Ghrelin O-acyltransferase	Q96T53	SINGLE PROTEIN	Homo sapiens	368	946	9606	False
CHEMBL4802032	Baculoviral IAP repeat-containing protein 2/Aldo-keto reductase family 1 member B1	P15121|Q13490	PROTEIN-PROTEIN INTERACTION	Homo sapiens	1	1	9606	False
CHEMBL1075295	Protein kinase C theta type	Q02111	SINGLE PROTEIN	Mus musculus	5	6	10090	False
CHEMBL3144	Glucocorticoid receptor	P06537	SINGLE PROTEIN	Mus musculus	74	146	10090	False
CHEMBL6067604	von Hippel-Lindau disease tumor suppressor-SARS-Cov-2 polyprotein	P40337|P0DTD1	PROTEIN-PROTEIN INTERACTION	Severe acute respiratory syndrome coronavirus 2	8	16	2697049	False
CHEMBL3334	Prostaglandin G/H synthase 1	O97554	SINGLE PROTEIN	Oryctolagus cuniculus	16	16	9986	False
CHEMBL6066966	Cytochrome c oxidase subunit 5B, mitochondrial	P10606	SINGLE PROTEIN	Homo sapiens	2	4	9606	False
CHEMBL5725123	Eukaryotic translation initiation factor 3 subunit C	Q99613	SINGLE PROTEIN	Homo sapiens	1	6	9606	False
CHEMBL6067116	Translocation protein SEC63 homolog	Q9UGP8	SINGLE PROTEIN	Homo sapiens	2	4	9606	False
CHEMBL4523877	Adhesion G-protein coupled receptor D1	Q6QNK2	SINGLE PROTEIN	Homo sapiens	2	2	9606	False
CHEMBL1795147	C-C chemokine receptor type 5	Q1ZY22	SINGLE PROTEIN	Oryctolagus cuniculus	1	1	9986	False
CHEMBL6066941	Cytochrome b-c1 complex subunit 2, mitochondrial	P22695	SINGLE PROTEIN	Homo sapiens	2	4	9606	False
CHEMBL2321617	Voltage-gated potassium channel KCNC1	P25122	SINGLE PROTEIN	Rattus norvegicus	2	2	10116	False
CHEMBL1293256	Thrombopoietin	P40225	SINGLE PROTEIN	Homo sapiens	411	834	9606	False
CHEMBL3347255	G-protein coupled receptor family C group 6 member A	Q8K4Z6	SINGLE PROTEIN	Mus musculus	23	53	10090	False
CHEMBL2095157	Cyclooxygenase	P35355|Q63921	PROTEIN FAMILY	Rattus norvegicus	757	970	10116	False
CHEMBL4296137	Protein cereblon/BCR/ABL	P00519|P11274|Q96SW2	PROTEIN-PROTEIN INTERACTION	Homo sapiens	100	220	9606	False
CHEMBL2034795	Tyrosine-protein kinase Fgr	P14234	SINGLE PROTEIN	Mus musculus	5	5	10090	False
CHEMBL5169068	von Hippel-Lindau disease tumor suppressor/AKT1	P31749|P40337	PROTEIN-PROTEIN INTERACTION	Homo sapiens	26	26	9606	False
CHEMBL4295573	Protein P	P0C691	SINGLE PROTEIN	Duck hepatitis B virus (strain Germany/DHBV-3) (DHBV)	1	2	489542	False
CHEMBL4295926	Lysyl oxidase homolog 4	Q96JB6	SINGLE PROTEIN	Homo sapiens	15	29	9606	False
CHEMBL3638326	Gag-Pol polyprotein	P03367	SINGLE PROTEIN	Human immunodeficiency virus type 1 group M subtype B (isolateBRU/LAI) (HIV-1)	82	85	11686	False
CHEMBL1250364	Adenosine 5'-monophosphoramidase HINT1	P70349	SINGLE PROTEIN	Mus musculus	2	4	10090	False
CHEMBL4680047	Baculoviral IAP repeat-containing protein 2/Hematopoietic prostaglandin D synthase	Q13490|O60760	PROTEIN-PROTEIN INTERACTION	Homo sapiens	1	1	9606	False
CHEMBL3872	C-C chemokine receptor type 1	P51675	SINGLE PROTEIN	Mus musculus	68	74	10090	False
CHEMBL3301388	EZH2/SUZ12/EED/RBBP7/RBBP4	Q15910|O75530|Q15022|Q09028|Q16576	PROTEIN COMPLEX	Homo sapiens	7	11	9606	False
CHEMBL2189163	Cytochrome c	P99999	SINGLE PROTEIN	Homo sapiens	23	70	9606	False
CHEMBL1075172	C-X-C chemokine receptor type 3	Q9JII9	SINGLE PROTEIN	Rattus norvegicus	19	21	10116	False
CHEMBL4296148	von Hippel-Lindau disease tumor suppressor/Elongin-B/Elongin-C/Bromodomain-containing protein 4	O60885|P40337|Q15370|Q15369	PROTEIN-PROTEIN INTERACTION	Homo sapiens	11	54	9606	False
CHEMBL4296091	5-hydroxytryptamine receptor 3A/3C	P46098|Q8WXA8	PROTEIN COMPLEX	Homo sapiens	1	1	9606	False
CHEMBL3137284	MER intracellular domain/EGFR extracellular domain chimera	P00533|Q12866	CHIMERIC PROTEIN	Homo sapiens	2	2	9606	False
CHEMBL5230	1-phosphatidylinositol 4,5-bisphosphate phosphodiesterase gamma-2	P24135	SINGLE PROTEIN	Rattus norvegicus	5	5	10116	False
CHEMBL2595	Serine/threonine-protein kinase D3	O94806	SINGLE PROTEIN	Homo sapiens	1816	2454	9606	False
CHEMBL3623	NAD(P)H dehydrogenase [quinone] 1	P15559	SINGLE PROTEIN	Homo sapiens	985	2009	9606	False
CHEMBL3341577	Melatonin-related receptor	Q13585	SINGLE PROTEIN	Homo sapiens	3	3	9606	False
CHEMBL4355	Cyclin-G-associated kinase	O14976	SINGLE PROTEIN	Homo sapiens	867	1295	9606	False
CHEMBL6066844	H-2 class II histocompatibility antigen gamma chain/Proto-oncogene tyrosine-protein kinase ROS	Q78DX7|P04441	CHIMERIC PROTEIN	Mus musculus	6	22	10090	False
CHEMBL5725104	SWI/SNF complex subunit SMARCC1	Q92922	SINGLE PROTEIN	Homo sapiens	2	9	9606	False
CHEMBL6066839	Microtubule-associated protein 1 light chain 3 beta/Epidermal growth factor receptor	P00533|Q9GZQ8	PROTEIN-PROTEIN INTERACTION	Homo sapiens	22	65	9606	False
CHEMBL4523727	von Hippel-Lindau disease tumor suppressor/Tyrosine-protein kinase Lck	P06239|P40337	PROTEIN-PROTEIN INTERACTION	Homo sapiens	1	1	9606	False
CHEMBL3885531	C-C motif chemokine 5/Neutrophil defensin 1 (Defensin, alpha 1)	P13501|P59665	PROTEIN-PROTEIN INTERACTION	Homo sapiens	6	7	9606	False
CHEMBL3751645	Albumin	P35747	SINGLE PROTEIN	Equus caballus	2	4	9796	False
CHEMBL4797	Peroxisome proliferator-activated receptor gamma	O88275	SINGLE PROTEIN	Rattus norvegicus	36	40	10116	False
CHEMBL3928	C-C chemokine receptor type 3	O54814	SINGLE PROTEIN	Rattus norvegicus	38	38	10116	False
CHEMBL2865	Sodium/hydrogen exchanger 1	P23791	SINGLE PROTEIN	Oryctolagus cuniculus	1	3	9986	False
CHEMBL4739671	Atypical chemokine receptor 3	O89039	SINGLE PROTEIN	Rattus norvegicus	1	1	10116	False
CHEMBL5200	C-X-C chemokine receptor type 3	O88410	SINGLE PROTEIN	Mus musculus	87	96	10090	False
CHEMBL4523663	Serine/threonine-protein kinase 3/4	Q13043|Q13188	PROTEIN FAMILY	Homo sapiens	4	35	9606	False
CHEMBL4523930	2-C-methyl-D-erythritol 2,4-cyclodiphosphate synthase	Q8ZMF7	SINGLE PROTEIN	Salmonella typhimurium (strain LT2 / SGSC1412 / ATCC 700720)	2	2	99287	False
CHEMBL3509588	Lathosterol oxidase	O75845	SINGLE PROTEIN	Homo sapiens	2	2	9606	False
CHEMBL2366465	Photosystem I iron-sulfur center	P10098	SINGLE PROTEIN	Spinacia oleracea	5	26	3562	False
CHEMBL3430879	Retinoic acid receptor RXR-alpha/oxysterols receptor LXR-alpha	P19793|Q13133	PROTEIN COMPLEX	Homo sapiens	94	135	9606	False
CHEMBL4940	L-lactate dehydrogenase B chain	P07195	SINGLE PROTEIN	Homo sapiens	444	614	9606	False
CHEMBL4296074	Nucleoside diphosphate kinase A/B	P15531|P22392	PROTEIN FAMILY	Homo sapiens	2	7	9606	False
CHEMBL4295822	Prostaglandin reductase 1	Q14914	SINGLE PROTEIN	Homo sapiens	2	2	9606	False
CHEMBL3817722	Protein NipSnap homolog 3A	Q9UFN0	SINGLE PROTEIN	Homo sapiens	4	5	9606	False
CHEMBL2034	Glucocorticoid receptor	P04150	SINGLE PROTEIN	Homo sapiens	6440	17931	9606	False
CHEMBL4105924	ELAV-like protein 3	Q14576	SINGLE PROTEIN	Homo sapiens	6	6	9606	False
CHEMBL4105888	Myosin-14	Q7Z406	SINGLE PROTEIN	Homo sapiens	217	217	9606	False
CHEMBL5375	Hepatitis C virus NS5B RNA-dependent RNA polymerase	Q8JXU8	SINGLE PROTEIN	Hepatitis C virus	60	145	3052230	False
CHEMBL5839	Delta(14)-sterol reductase TM7SF2	O76062	SINGLE PROTEIN	Homo sapiens	2	2	9606	False
CHEMBL2176854	Macrophage mannose receptor 1	P22897	SINGLE PROTEIN	Homo sapiens	6	8	9606	False
CHEMBL4524126	Thyroid Hormone Receptor	P18113|P63059	PROTEIN FAMILY	Rattus norvegicus	1	1	10116	False
CHEMBL5585	Hepatocyte growth factor receptor	P16056	SINGLE PROTEIN	Mus musculus	30	54	10090	False
CHEMBL5412	C-C chemokine receptor type 2	P51683	SINGLE PROTEIN	Mus musculus	90	106	10090	False
CHEMBL3271928	Progesterone receptor	Q28590	SINGLE PROTEIN	Ovis aries	52	52	9940	False
CHEMBL2596	Progesterone receptor	Q63449	SINGLE PROTEIN	Rattus norvegicus	96	248	10116	False
CHEMBL3885602	Mitogen-activated protein kinase 10/Receptor-interacting serine/threonine-protein kinase 1	P53779|Q13546	PROTEIN FAMILY	Homo sapiens	32	33	9606	False
CHEMBL1971	ATP-binding cassette sub-family C member 9	O60706	SINGLE PROTEIN	Homo sapiens	56	109	9606	False
CHEMBL4366	Protein kinase C epsilon type	P16054	SINGLE PROTEIN	Mus musculus	28	51	10090	False
CHEMBL4771	Potassium-transporting ATPase subunit beta	P18598	SINGLE PROTEIN	Rattus norvegicus	8	8	10116	False
CHEMBL5950	Sterol carrier protein 2	P22307	SINGLE PROTEIN	Homo sapiens	3	7	9606	False
CHEMBL5515	Protein kinase C-like 1	P43057	SINGLE PROTEIN	Candida albicans	1	1	5476	False
CHEMBL4523872	Adhesion G-protein coupled receptor F1	Q5T601	SINGLE PROTEIN	Homo sapiens	439	1618	9606	False
CHEMBL3883313	Perilipin-1/ABHD5	Q8WTS1|O60240	PROTEIN-PROTEIN INTERACTION	Homo sapiens	45	45	9606	False
CHEMBL3721309	Transient receptor potential cation channel subfamily M member 7	Q925B3	SINGLE PROTEIN	Rattus norvegicus	6	34	10116	False
CHEMBL4295915	C-C motif chemokine 17	Q92583	SINGLE PROTEIN	Homo sapiens	10	14	9606	False
CHEMBL4105701	ATP synthase subunit c	P9WPS0	SINGLE PROTEIN	Mycobacterium tuberculosis (strain CDC 1551 / Oshkosh)	1	1	83331	False
CHEMBL3676	C-C chemokine receptor type 5	P51682	SINGLE PROTEIN	Mus musculus	68	70	10090	False
CHEMBL2111361	Cathepsin (V and K)	P43235|O60911	SELECTIVITY GROUP	Homo sapiens	48	48	9606	False
CHEMBL4523449	Protein O-GlcNAcase	Q9EQQ9	SINGLE PROTEIN	Mus musculus	3	3	10090	False
CHEMBL3304	Progesterone receptor	P07812	SINGLE PROTEIN	Gallus gallus	6	6	9031	False
CHEMBL4362	Tyrosine-protein kinase Fgr	Q6P6U0	SINGLE PROTEIN	Rattus norvegicus	1	1	10116	False
CHEMBL5029	Protein c-Fos	P01100	SINGLE PROTEIN	Homo sapiens	1	1	9606	False
CHEMBL3710403	14-3-3 protein beta/alpha	P31946	SINGLE PROTEIN	Homo sapiens	4	6	9606	False
CHEMBL4523372	Glycerol-3-phosphate acyltransferase 4	Q86UL3	SINGLE PROTEIN	Homo sapiens	1	6	9606	False
CHEMBL1741214	NACHT, LRR and PYD domains-containing protein 1	Q9C000	SINGLE PROTEIN	Homo sapiens	42	42	9606	False
CHEMBL2346491	CX3C chemokine receptor 1	P35411	SINGLE PROTEIN	Rattus norvegicus	1	1	10116	False
CHEMBL3351207	DNA damage-inducible transcript 3 protein	P35638	SINGLE PROTEIN	Homo sapiens	25	25	9606	False
CHEMBL3325305	N-acetyllactosaminide beta-1,3-N-acetylglucosaminyltransferase 3	Q9Y2A9	SINGLE PROTEIN	Homo sapiens	4	8	9606	False
CHEMBL4523623	PDE6D/KRAS	O43924|P01116	PROTEIN-PROTEIN INTERACTION	Homo sapiens	7	21	9606	False
CHEMBL5556	C-X-C chemokine receptor type 4	O08565	SINGLE PROTEIN	Rattus norvegicus	77	82	10116	False
CHEMBL3616358	CCAAT/enhancer-binding protein alpha	P53566	SINGLE PROTEIN	Mus musculus	2	3	10090	False
CHEMBL2146304	DNA damage-inducible transcript 3 protein	P35639	SINGLE PROTEIN	Mus musculus	941	953	10090	False
CHEMBL3797018	DNA damage-inducible transcript 3 protein	Q62857	SINGLE PROTEIN	Rattus norvegicus	1	6	10116	False
CHEMBL2073683	ATP-binding cassette sub-family C member 3	B2RX12	SINGLE PROTEIN	Mus musculus	15	15	10090	False
CHEMBL2073712	ATP-binding cassette sub-family C member 6	O88269	SINGLE PROTEIN	Rattus norvegicus	8	8	10116	False
CHEMBL4256	Delta(7)-sterol 5(6)-desaturase	O93875	SINGLE PROTEIN	Candida albicans	12	12	5476	False
CHEMBL2972	ATP-dependent 6-phosphofructokinase, platelet type	Q01813	SINGLE PROTEIN	Homo sapiens	226	228	9606	False
CHEMBL1250366	C-X-C chemokine receptor type 4	P79394	SINGLE PROTEIN	Macaca mulatta	1	1	9544	False
CHEMBL3137265	HSP90 and hnRNPA2/B1	P08238|P22626	SELECTIVITY GROUP	Homo sapiens	2	10	9606	False
CHEMBL5465282	Heat shock 70 kDa protein 4L	O95757	SINGLE PROTEIN	Homo sapiens	2	3	9606	False
CHEMBL3883319	Guanine nucleotide-binding protein G(I)/G(S)/G(T) subunit beta-1/gamma-2	P62873|P59768	PROTEIN COMPLEX	Homo sapiens	39	71	9606	False
CHEMBL4296080	Heat shock protein HSP 90-alpha/Hsp90 co-chaperone Cdc37	P07900|Q16543	PROTEIN COMPLEX	Homo sapiens	1	1	9606	False
CHEMBL4295940	(E3-independent) E2 ubiquitin-conjugating enzyme	Q9C0C9	SINGLE PROTEIN	Homo sapiens	1	1	9606	False
CHEMBL4630728	Protein cereblon/Tyrosine-protein kinase SRC	P12931|Q96SW2	PROTEIN-PROTEIN INTERACTION	Homo sapiens	2	2	9606	False
CHEMBL3804748	RAF proto-oncogene serine/threonine-protein kinase	Q99N57	SINGLE PROTEIN	Mus musculus	6	6	10090	False
CHEMBL2285353	2-C-methyl-D-erythritol 4-phosphate cytidylyltransferase, chloroplastic	P69834	SINGLE PROTEIN	Arabidopsis thaliana	4	5	3702	False
CHEMBL2111462	Thyroid hormone receptor	P10827|P10828	PROTEIN COMPLEX	Homo sapiens	127	146	9606	False
CHEMBL2111394	RXR alpha/PPAR gamma	P37231|P19793	PROTEIN COMPLEX	Homo sapiens	56	115	9606	False
CHEMBL2107	C-X-C chemokine receptor type 4	P61073	SINGLE PROTEIN	Homo sapiens	1853	3662	9606	False
CHEMBL4899	Mitogen-activated protein kinase kinase kinase 8	P41279	SINGLE PROTEIN	Homo sapiens	428	504	9606	False
CHEMBL4748222	von Hippel-Lindau disease tumor suppressor/Proto-oncogene tyrosine-protein kinase ROS	P08922|P40337	PROTEIN-PROTEIN INTERACTION	Homo sapiens	1	1	9606	False
CHEMBL4033	Cyclooxygenase-2	Q8SPQ9	SINGLE PROTEIN	Canis lupus familiaris	133	160	9615	False
CHEMBL3650	Fibroblast growth factor receptor 1	P11362	SINGLE PROTEIN	Homo sapiens	8315	21960	9606	False
CHEMBL2073661	ATP-binding cassette sub-family C member 6	O95255	SINGLE PROTEIN	Homo sapiens	14	18	9606	False
CHEMBL1932892	Lysozyme C	P00698	SINGLE PROTEIN	Gallus gallus	21	158	9031	False
CHEMBL2363065	Mitochondrial complex I (NADH dehydrogenase)	P03923|O95299|O00217|P03901|P56556|P03886|O95139|O00483|Q86Y39|P17568|P03891|O75306|P03915|P51970|O43674|P03905|P03897|O14561|O15239|O43181|O43676|O43677|O43678|O43920|O75251|O75380|O75438|O75489|O95167|O95168|O95169|O95178|O95182|O95298|O96000|P19404|P28331|P49821|P56181|Q16718|Q16795|Q8N183|Q9BU61|Q9NRX3|Q9NX14|Q9P032|Q9P0J0|Q9UI09|Q9Y375|Q9Y6M9	PROTEIN COMPLEX	Homo sapiens	13	28	9606	False
CHEMBL1075084	Transcription factor Jun	P18870	SINGLE PROTEIN	Gallus gallus	7	7	9031	False
CHEMBL2095198	Sulfonylurea receptor 2, Kir6.2	Q14654|O60706	PROTEIN COMPLEX	Homo sapiens	119	426	9606	False
CHEMBL3286068	Catechol O-methyltransferase	O88587	SINGLE PROTEIN	Mus musculus	32	94	10090	False
CHEMBL3879833	Dipeptidyl peptidase 1	O97578	SINGLE PROTEIN	Canis lupus familiaris	1	1	9615	False
CHEMBL1075400	C-4-II		CELL-LINE	Homo sapiens	44	47	9606	False
CHEMBL1955713	CASP8 and FADD-like apoptosis regulator	O15519	SINGLE PROTEIN	Homo sapiens	1	4	9606	False
CHEMBL3308989	ATP synthase subunit c	P00845	SINGLE PROTEIN	Bacillus sp.	1	1	2334	True
CHEMBL5483090	cIAP1-alpha-Synuclein	Q13490|P37840	PROTEIN-PROTEIN INTERACTION	Homo sapiens	2	2	9606	False
CHEMBL2084	Asialoglycoprotein receptor 1	P07306	SINGLE PROTEIN	Homo sapiens	31	132	9606	False
CHEMBL2276	Mitogen-activated protein kinase 8	P45983	SINGLE PROTEIN	Homo sapiens	4412	6105	9606	False
CHEMBL3430875	Multidrug resistance protein 1/Multidrug resistance associated protein 1	P33527|P08183	SELECTIVITY GROUP	Homo sapiens	7	18	9606	False
CHEMBL2095217	Fibroblast growth factor receptor	P22607|P11362|P22455|P21802	PROTEIN FAMILY	Homo sapiens	279	368	9606	False
CHEMBL4483229	BE(2)-C		CELL-LINE	Homo sapiens	254	426	9606	False
CHEMBL3350223	Nicotinic acetylcholine receptor	P25162|E0WN35|P04755|P17644|P09478|Q7KT97|Q9W3G6|M9NE13|Q7KTF8|A4GXC7|Q9VPQ8	PROTEIN COMPLEX GROUP	Drosophila melanogaster	4	4	7227	False
CHEMBL2169730	NQO1 protein	Q3B792	SINGLE PROTEIN	Homo sapiens	5	5	9606	False
CHEMBL2386	Chymotrypsin-C	Q99895	SINGLE PROTEIN	Homo sapiens	348	443	9606	False
CHEMBL4105748	Peroxisomal acyl-coenzyme A oxidase 1	Q15067	SINGLE PROTEIN	Homo sapiens	197	199	9606	False
CHEMBL4102	Prostaglandin G/H synthase 2	P79208	SINGLE PROTEIN	Ovis aries	1454	2003	9940	False
CHEMBL1795084	V-type proton ATPase subunit c'	P32842	SINGLE PROTEIN	Saccharomyces cerevisiae S288c	13	23	559292	False
CHEMBL4708	Serine/threonine-protein kinase 3	Q13188	SINGLE PROTEIN	Homo sapiens	2424	4034	9606	False
CHEMBL2362996	Voltage-gated potassium channel	P51787|Q9UK17|Q12809|P16389|Q09470|O43526|O43525|Q96RP8|Q9NR82|P56696|O95259|P22459|P22460|P22001|P17658|P48547|Q9NZV8|Q92953|Q03721|Q14003|Q14721|Q16322|Q6PIU1|Q8NCM2|Q8TAE7|Q8TDN1|Q8TDN2|Q96KK3|Q96L42|Q96PR1|Q9BQ31|Q9H252|Q9H3M0|Q9NS40|Q9NSA2|Q9UIX4|Q9UJ96|Q9ULD8|Q9ULS6|Q9UQ05	PROTEIN FAMILY	Homo sapiens	34	38	9606	False
CHEMBL1741186	Nuclear receptor ROR-gamma	P51449	SINGLE PROTEIN	Homo sapiens	12813	47632	9606	False
CHEMBL3286074	Stromal cell-derived factor 1	P48061	SINGLE PROTEIN	Homo sapiens	139	158	9606	False
CHEMBL4296068	Cyclin-dependent kinase 8/Cyclin-C	Q8R3L8|Q62447	PROTEIN COMPLEX	Mus musculus	1	1	10090	False
CHEMBL2346489	Kit ligand	P21583	SINGLE PROTEIN	Homo sapiens	1	1	9606	False
CHEMBL1250375	NADPH oxidase 4	Q9NPH5	SINGLE PROTEIN	Homo sapiens	227	356	9606	False
CHEMBL1075262	C-C chemokine receptor type 3	Q9BDS8	SINGLE PROTEIN	Macaca fascicularis	1	1	9541	False
CHEMBL3883317	B-raf/RAF proto-oncogene serine/threonine-protein kinase	P04049|P15056	PROTEIN FAMILY	Homo sapiens	6	20	9606	False
CHEMBL1795197	Guanylyl cyclase C	P25092	SINGLE PROTEIN	Homo sapiens	5	5	9606	False
CHEMBL2160	Nucleoside diphosphate kinase B	P22392	SINGLE PROTEIN	Homo sapiens	78	168	9606	False
CHEMBL1994	Mineralocorticoid receptor	P08235	SINGLE PROTEIN	Homo sapiens	1446	2236	9606	False
CHEMBL4523582	Replicase polyprotein 1ab	P0DTD1	SINGLE PROTEIN	Severe acute respiratory syndrome coronavirus 2	11766	17929	2697049	False
CHEMBL3091270	2-C-methyl-D-erythritol 2,4-cyclodiphosphate synthase	Q63T71	SINGLE PROTEIN	Burkholderia pseudomallei (strain K96243)	14	31	272560	False
CHEMBL3038465	cIAP1/cIAP2	Q13489|Q13490	PROTEIN FAMILY	Homo sapiens	2	2	9606	False
CHEMBL3259509	1-acylglycerol-3-phosphate O-acyltransferase ABHD5	Q9DBL9	SINGLE PROTEIN	Mus musculus	6	6	10090	False
CHEMBL3351218	5-hydroxymethyl-dUMP N-hydrolase	O43598	SINGLE PROTEIN	Homo sapiens	26	27	9606	False
CHEMBL3351213	Protein O-GlcNAcase	Q8VIJ5	SINGLE PROTEIN	Rattus norvegicus	86	87	10116	False
CHEMBL2321612	O-acetylserine sulfhydrylase	P9WP55	SINGLE PROTEIN	Mycobacterium tuberculosis	145	239	1773	False
CHEMBL2949	Prostaglandin G/H synthase 1	P05979	SINGLE PROTEIN	Ovis aries	3997	5478	9940	False
CHEMBL4295875	Histone H3.2	Q71DI3	SINGLE PROTEIN	Homo sapiens	1	1	9606	False
CHEMBL3823	L-lactate dehydrogenase B chain	P00336	SINGLE PROTEIN	Sus scrofa	11	52	9823	False
CHEMBL4680054	Protein cereblon/Hematopoietic prostaglandin D synthase	O60760|Q96SW2	PROTEIN-PROTEIN INTERACTION	Homo sapiens	15	53	9606	False
CHEMBL2366585	Ecdysone receptor	O18531|Q962I5	PROTEIN COMPLEX	Lucilia cuprina	1	1	7375	False
CHEMBL2372	Catechol O-methyltransferase	P22734	SINGLE PROTEIN	Rattus norvegicus	238	684	10116	False
CHEMBL2529	Voltage-dependent L-type calcium channel subunit alpha-1C	Q01815	SINGLE PROTEIN	Mus musculus	7	9	10090	False
CHEMBL2221342	Complex of retinoic acid binding (CRABPII) and inhibitor of apoptosis (cIAP1) proteins	P29373|Q13490	PROTEIN COMPLEX	Homo sapiens	4	18	9606	False
CHEMBL3544905	Cytochrome P450 1A	P04798|P05177	PROTEIN FAMILY	Homo sapiens	50	52	9606	False
CHEMBL1743125	Solute carrier family 15 member 2	Q16348	SINGLE PROTEIN	Homo sapiens	91	186	9606	False
CHEMBL6171	Cytochrome P450 1A1	P00184	SINGLE PROTEIN	Mus musculus	56	56	10090	False
CHEMBL2239	Carbohydrate sulfotransferase 4	Q8NCG5	SINGLE PROTEIN	Homo sapiens	2	4	9606	False
CHEMBL3655	Proto-oncogene tyrosine-protein kinase Src	P00523	SINGLE PROTEIN	Gallus gallus	399	485	9031	False
CHEMBL4523890	Adhesion G-protein coupled receptor G5	Q8IZF4	SINGLE PROTEIN	Homo sapiens	2	2	9606	False
CHEMBL4879550	Acyl-[acyl-carrier-protein]--UDP-N-acetylglucosamine O-acyltransferase	P0A722	SINGLE PROTEIN	Escherichia coli	1	1	562	False
CHEMBL3885522	Baculoviral IAP repeat-containing protein 3/Mucosa-associated lymphoid tissue lymphoma translocation protein 1	Q13489|Q9UDY8	CHIMERIC PROTEIN	Homo sapiens	7	7	9606	False
CHEMBL1293194	Carnitine O-palmitoyltransferase 1, liver isoform	P50416	SINGLE PROTEIN	Homo sapiens	503	522	9606	False
CHEMBL2176834	L-lactate dehydrogenase B chain	P42123	SINGLE PROTEIN	Rattus norvegicus	3	4	10116	False
CHEMBL4295847	Diacylglycerol O-acyltransferase 2	Q5FVP8	SINGLE PROTEIN	Rattus norvegicus	4	4	10116	False
CHEMBL1743183	Leukotriene C4 synthase	Q16873	SINGLE PROTEIN	Homo sapiens	168	401	9606	False
CHEMBL4627	Myosin light chain kinase	Q32MK0	SINGLE PROTEIN	Homo sapiens	450	524	9606	False
CHEMBL3341579	Transcription factor Jun	P17325	SINGLE PROTEIN	Rattus norvegicus	1	1	10116	False
CHEMBL2096617	Glutamate receptor ionotropic, AMPA	P23819|P23818|Q9Z2W8|Q9Z2W9	PROTEIN COMPLEX GROUP	Mus musculus	105	167	10090	False
CHEMBL4385	Protein-S-isoprenylcysteine O-methyltransferase	P32584	SINGLE PROTEIN	Saccharomyces cerevisiae S288c	4	6	559292	False
CHEMBL6066417	1-acyl-sn-glycerol-3-phosphate acyltransferase epsilon	Q9NUQ2	SINGLE PROTEIN	Homo sapiens	1	2	9606	False
CHEMBL2073691	Solute carrier family 15 member 1	P51574	SINGLE PROTEIN	Rattus norvegicus	68	124	10116	False
CHEMBL4106152	CDK2/Cyclin O	P24941|P22674	PROTEIN COMPLEX	Homo sapiens	24	29	9606	False
CHEMBL4365	Tyrosine-protein kinase CSK	P32577	SINGLE PROTEIN	Rattus norvegicus	1	1	10116	False
CHEMBL2202	Lecithin retinol acyltransferase	O95237	SINGLE PROTEIN	Homo sapiens	3	7	9606	False
CHEMBL4295648	Agrin	O00468	SINGLE PROTEIN	Homo sapiens	1	1	9606	False
CHEMBL3074	Proto-oncogene tyrosine-protein kinase Src	P05480	SINGLE PROTEIN	Mus musculus	93	105	10090	False
CHEMBL1250349	Myc proto-oncogene protein	P01109	SINGLE PROTEIN	Gallus gallus	2	2	9031	False
CHEMBL2911	Phosphoenolpyruvate carboxykinase, cytosolic [GTP]	P35558	SINGLE PROTEIN	Homo sapiens	25	25	9606	False
CHEMBL4105830	C-X-C chemokine receptor type 2	P35343	SINGLE PROTEIN	Mus musculus	3	4	10090	False
CHEMBL3706565	Liver X receptor (LXR alpha AND LXR beta)	Q13133|P55055	SELECTIVITY GROUP	Homo sapiens	107	115	9606	False
CHEMBL3559707	Adhesion G protein-coupled receptor G3	Q86Y34	SINGLE PROTEIN	Homo sapiens	2	2	9606	False
CHEMBL2285354	1-deoxy-D-xylulose 5-phosphate reductoisomerase, chloroplastic	Q9XFS9	SINGLE PROTEIN	Arabidopsis thaliana	3	3	3702	False
CHEMBL5483195	Protein cereblon-BCR-ABL	P00520|Q6PAJ1|Q8C7D2	PROTEIN-PROTEIN INTERACTION	Mus musculus	1	2	10090	False
CHEMBL4106127	c-Myc/c-Max	P01106|P61244	PROTEIN-PROTEIN INTERACTION	Homo sapiens	26	56	9606	False
CHEMBL5940	Serine/threonine-protein kinase MARK1	Q9P0L2	SINGLE PROTEIN	Homo sapiens	1086	1765	9606	False
CHEMBL3020	Protein kinase C beta type	P68403	SINGLE PROTEIN	Rattus norvegicus	3	8	10116	False
CHEMBL1287622	Lethal(3)malignant brain tumor-like protein 1	Q9Y468	SINGLE PROTEIN	Homo sapiens	13946	14542	9606	False
CHEMBL4523725	von Hippel-Lindau disease tumor suppressor/ABL1	P00519|P40337	PROTEIN-PROTEIN INTERACTION	Homo sapiens	2	3	9606	False
CHEMBL4296310	Proto-oncogene c-Rel	Q04864	SINGLE PROTEIN	Homo sapiens	2	4	9606	False
CHEMBL3184	Carnitine O-acetyltransferase	P43155	SINGLE PROTEIN	Homo sapiens	12	13	9606	False
CHEMBL1641346	Putative uncharacterized protein atpE	Q5TIX5	SINGLE PROTEIN	Mycobacterium smegmatis	2	5	1772	False
CHEMBL5169077	SOS1/von Hippel-Lindau disease tumor suppressor/ELOC/ELOB	Q07889|P40337|Q15370|Q15369	PROTEIN-PROTEIN INTERACTION	Homo sapiens	7	7	9606	False
CHEMBL4106124	MLL1-ASH2L/RbBP5/WDR5/DPY30	P61964|Q03164|Q9UBL3|Q15291|Q9C005	PROTEIN-PROTEIN INTERACTION	Homo sapiens	42	42	9606	False
CHEMBL4742252	Protein cereblon/Agrin	Q96SW2|O00468	PROTEIN-PROTEIN INTERACTION	Homo sapiens	1	1	9606	False
CHEMBL4106189	BRAF/CRAF	P04049|P15056	PROTEIN COMPLEX	Homo sapiens	2	2	9606	False
CHEMBL6066369	Cytochrome c oxidase subunit 6C	P09669	SINGLE PROTEIN	Homo sapiens	2	4	9606	False
CHEMBL3308911	Early activation antigen CD69	Q07108	SINGLE PROTEIN	Homo sapiens	61	107	9606	False
CHEMBL4523261	Prostaglandin G/H synthase 2	P70682	SINGLE PROTEIN	Cavia porcellus	1	1	10141	False
CHEMBL5724912	H/ACA ribonucleoprotein complex subunit DKC1	O60832	SINGLE PROTEIN	Homo sapiens	3	11	9606	False
CHEMBL4240	Protein-L-isoaspartate(D-aspartate) O-methyltransferase	P22061	SINGLE PROTEIN	Homo sapiens	7	18	9606	False
CHEMBL3042	Protein kinase C beta type	P68404	SINGLE PROTEIN	Mus musculus	2	2	10090	False
CHEMBL3841	Voltage-gated delayed rectifier potassium channel KCNH1	O95259	SINGLE PROTEIN	Homo sapiens	11	11	9606	False
CHEMBL4523125	Na(+)/H(+) exchange regulatory cofactor NHE-RF1	O14745	SINGLE PROTEIN	Homo sapiens	22	42	9606	False
CHEMBL5668	SRSF protein kinase 2	P78362	SINGLE PROTEIN	Homo sapiens	580	909	9606	False
CHEMBL2285352	4-diphosphocytidyl-2-C-methyl-D-erythritol kinase, chloroplastic/chromoplastic	P93841	SINGLE PROTEIN	Solanum lycopersicum	2	2	4081	False
CHEMBL5465228	von Hippel-Lindau disease tumor suppressor/L-lactate dehydrogenase B chain	P07195|P40337	PROTEIN-PROTEIN INTERACTION	Homo sapiens	1	4	9606	False
CHEMBL3713395	Secretory phospholipase A2 receptor	Q13018	SINGLE PROTEIN	Homo sapiens	3	3	9606	False
CHEMBL2127	Hepatic triacylglycerol lipase	P11150	SINGLE PROTEIN	Homo sapiens	428	436	9606	False
CHEMBL4630748	Baculoviral IAP repeat-containing protein 2/Cyclin-dependent kinase 4	P11802|Q13490	PROTEIN-PROTEIN INTERACTION	Homo sapiens	3	5	9606	False
CHEMBL6066550	Histone-binding protein RBBP4/Histone-lysine N-methyltransferase EZH2/Polycomb protein EED/Polycomb protein SUZ12/Zinc finger protein AEBP2	Q15910|O75530|Q15022|Q6ZN18|Q09028	PROTEIN COMPLEX	Homo sapiens	490	3231	9606	False
CHEMBL6067584	Protein Aster-C	Q8IYS0	SINGLE PROTEIN	Homo sapiens	1	1	9606	False
CHEMBL5724611	H/ACA ribonucleoprotein complex subunit 2	Q9NX24	SINGLE PROTEIN	Homo sapiens	1	7	9606	False
CHEMBL6067603	Protein cereblon-SARS-Cov-2 polyprotein	Q96SW2|P0DTD1	PROTEIN-PROTEIN INTERACTION	Severe acute respiratory syndrome coronavirus 2	3	13	2697049	False
CHEMBL5893	Ribonuclease H1	O60930	SINGLE PROTEIN	Homo sapiens	16	18	9606	False
CHEMBL5725117	DnaJ homolog subfamily C member 10	Q8IXB1	SINGLE PROTEIN	Homo sapiens	3	10	9606	False
CHEMBL3308952	Pro-cathepsin H	P00786	SINGLE PROTEIN	Rattus norvegicus	7	7	10116	False
CHEMBL5082	Serine/threonine-protein kinase 24	Q9Y6E0	SINGLE PROTEIN	Homo sapiens	843	1464	9606	False
CHEMBL6067094	Ras-related protein Rab-8A	P61006	SINGLE PROTEIN	Homo sapiens	2	4	9606	False
CHEMBL5718	Mitogen-activated protein kinase 8	P49185	SINGLE PROTEIN	Rattus norvegicus	26	32	10116	False
CHEMBL3885627	Protein kinase C iota type/zeta type	P41743|Q05513	PROTEIN FAMILY	Homo sapiens	2	2	9606	False
CHEMBL3885501	1-acylglycerol-3-phosphate O-acyltransferase ABHD5/Perilipin-5	Q00G26|Q8WTS1	PROTEIN-PROTEIN INTERACTION	Homo sapiens	45	45	9606	False
CHEMBL4888451	c-Jun N-terminal kinase	Q91Y86|Q9WTU6|Q61831	PROTEIN FAMILY	Mus musculus	23	25	10090	False
CHEMBL2010623	1-deoxy-D-xylulose 5-phosphate reductoisomerase	A0QVH7	SINGLE PROTEIN	Mycobacterium smegmatis (strain ATCC 700084 / mc(2)155)	6	7	246196	False
CHEMBL2297	Lysozyme C	P00697	SINGLE PROTEIN	Rattus norvegicus	11	11	10116	False
CHEMBL3988632	L-type calcium channel	Q01815|Q02789|Q99246|Q9JIS7	PROTEIN FAMILY	Mus musculus	5	8	10090	False
CHEMBL6066293	Cytochrome c oxidase subunit 4 isoform 1, mitochondrial	P13073	SINGLE PROTEIN	Homo sapiens	1	2	9606	False
CHEMBL4523730	von Hippel-Lindau disease tumor suppressor/Androgen receptor	P10275|P40337	PROTEIN-PROTEIN INTERACTION	Homo sapiens	170	568	9606	False
CHEMBL3308998	Genome polyprotein	P12823	SINGLE PROTEIN	dengue virus type 2	165	261	11060	False
CHEMBL2111441	Cathepsin (H and K)	P09668|P43235	SELECTIVITY GROUP	Homo sapiens	64	64	9606	False
CHEMBL6067421	Cytochrome c oxidase assembly protein COX14	Q96I36	SINGLE PROTEIN	Homo sapiens	1	2	9606	False
CHEMBL6067196	c-Myc-binding protein	Q99417	SINGLE PROTEIN	Homo sapiens	1	2	9606	False
CHEMBL3971	Glycerol-3-phosphate dehydrogenase [NAD(+)], cytoplasmic	O35077	SINGLE PROTEIN	Rattus norvegicus	6	18	10116	False
CHEMBL2311234	Receptor tyrosine-protein kinase erbB-2	P70424	SINGLE PROTEIN	Mus musculus	8	10	10090	False
CHEMBL3531	Steryl-sulfatase	P15589	SINGLE PROTEIN	Rattus norvegicus	6	7	10116	False
CHEMBL4113	Ecdysone receptor	O77240	SINGLE PROTEIN	Choristoneura fumiferana	18	36	7141	False
CHEMBL6067310	Condensin complex subunit 2	Q15003	SINGLE PROTEIN	Homo sapiens	1	2	9606	False
CHEMBL2034798	Mast/stem cell growth factor receptor Kit	P05532	SINGLE PROTEIN	Mus musculus	47	47	10090	False
CHEMBL1641338	Class C beta-lactamase CMY-36	Q48435	SINGLE PROTEIN	Klebsiella pneumoniae	9	20	573	False
CHEMBL2128	Peroxisome proliferator-activated receptor alpha	P23204	SINGLE PROTEIN	Mus musculus	292	548	10090	False
CHEMBL4307	Granzyme A	P12544	SINGLE PROTEIN	Homo sapiens	52	67	9606	False
CHEMBL4523608	Oxysterols receptor LXR-alpha/beta	Q9Z0Y9|Q60644	PROTEIN FAMILY	Mus musculus	1	5	10090	False
CHEMBL4295624	Replicase polyprotein 1ab	Q98VG9	SINGLE PROTEIN	Feline coronavirus (strain FIPV WSU-79/1146) (FCoV)	12	12	33734	False
CHEMBL2176853	C-type lectin domain family 4 member K	Q9UJ71	SINGLE PROTEIN	Homo sapiens	18	19	9606	False
CHEMBL4742295	Protein cereblon/Nectin-1	Q96SW2|Q15223	PROTEIN-PROTEIN INTERACTION	Homo sapiens	1	1	9606	False
CHEMBL5465204	Protein cereblon/Serine/threonine-protein kinase GAK	O14976|Q96SW2	PROTEIN-PROTEIN INTERACTION	Homo sapiens	1	1	9606	False
CHEMBL4748214	von Hippel-Lindau disease tumor suppressor/Agrin	P40337|O00468	PROTEIN-PROTEIN INTERACTION	Homo sapiens	1	1	9606	False
CHEMBL2213	Protein kinase C alpha type	P04409	SINGLE PROTEIN	Bos taurus	48	48	9913	False
CHEMBL3325	Solute carrier family 15 member 2	Q63424	SINGLE PROTEIN	Rattus norvegicus	86	114	10116	False
CHEMBL4296081	Heat shock protein HSP 90-beta/Hsp90 co-chaperone Cdc37	P08238|Q16543	PROTEIN COMPLEX	Homo sapiens	55	85	9606	False
CHEMBL6066967	HLA class I histocompatibility antigen, C alpha chain	P10321	SINGLE PROTEIN	Homo sapiens	2	4	9606	False
CHEMBL4295991	ADP-ribose glycohydrolase OARD1	Q9Y530	SINGLE PROTEIN	Homo sapiens	1	2	9606	False
CHEMBL3421522	Oxidized low-density lipoprotein receptor 1	P78380	SINGLE PROTEIN	Homo sapiens	1	2	9606	False
CHEMBL3763004	Cytohesin-3	O08967	SINGLE PROTEIN	Mus musculus	4	8	10090	False
CHEMBL4523987	Chymotrypsin	Q99895|P17538|P40313|Q6GPI1	PROTEIN FAMILY	Homo sapiens	165	189	9606	False
CHEMBL3097985	Natriuretic peptides A	P27596	SINGLE PROTEIN	Cavia porcellus	3	3	10141	False
CHEMBL3817723	3-hydroxyisobutyryl-CoA hydrolase, mitochondrial	Q6NVY1	SINGLE PROTEIN	Homo sapiens	5	11	9606	False
CHEMBL3603729	2-acylglycerol O-acyltransferase 2	Q80W94	SINGLE PROTEIN	Mus musculus	35	35	10090	False
CHEMBL4295899	C-C chemokine receptor type 4	Q8MJW8	SINGLE PROTEIN	Canis lupus familiaris	2	2	9615	False
CHEMBL1255159	Lysophospholipid acyltransferase 5	Q91V01	SINGLE PROTEIN	Mus musculus	1	1	10090	False
CHEMBL3364	Inositol 1,4,5-trisphosphate binding protein	Q62688	SINGLE PROTEIN	Rattus norvegicus	2	3	10116	False
CHEMBL1795174	Mitogen-activated protein kinase 8	Q91Y86	SINGLE PROTEIN	Mus musculus	25	28	10090	False
CHEMBL2176817	Protein kinase C and casein kinase substrate in neurons protein 2	Q9WVE8	SINGLE PROTEIN	Mus musculus	2	2	10090	False
CHEMBL3085616	Voltage-gated inwardly rectifying potassium channel KCNH2	Q9TSZ3	SINGLE PROTEIN	Canis familiaris	1	1	9615	False
CHEMBL5331	Tyrosine-protein kinase Mer	Q12866	SINGLE PROTEIN	Homo sapiens	4204	13577	9606	False
CHEMBL3421521	1-deoxy-D-xylulose 5-phosphate reductoisomerase	W8T2T2	SINGLE PROTEIN	Escherichia coli	27	31	562	False
CHEMBL4523385	Dual specificity mitogen-activated protein kinase kinase 7	Q8CE90	SINGLE PROTEIN	Mus musculus	2	4	10090	False
CHEMBL1909044	Progesterone receptor	Q690N0	SINGLE PROTEIN	Bos taurus	872	1743	9913	False
CHEMBL4523423	Mitochondrial amidoxime reducing component 2	Q969Z3	SINGLE PROTEIN	Homo sapiens	21	38	9606	False
CHEMBL2034809	C-type lectin domain family 7 member A	Q6QLQ4	SINGLE PROTEIN	Mus musculus	6	8	10090	False
CHEMBL3413	Ecdysone receptor	P49880	SINGLE PROTEIN	Aedes aegypti	36	102	7159	False
CHEMBL5815	C-C chemokine receptor type 9	P51686	SINGLE PROTEIN	Homo sapiens	401	1151	9606	False
CHEMBL4133	Prostaglandin G/H synthase 1	Q8HZR1	SINGLE PROTEIN	Canis lupus familiaris	105	107	9615	False
CHEMBL1914273	1-phosphatidylinositol 4,5-bisphosphate phosphodiesterase delta-1	P10688	SINGLE PROTEIN	Rattus norvegicus	5	5	10116	False
CHEMBL6167	Serine/threonine-protein kinase LATS1	O95835	SINGLE PROTEIN	Homo sapiens	785	1839	9606	False
CHEMBL5291595	O-phosphoserine sulfhydrylase	P9WP53	SINGLE PROTEIN	Mycobacterium tuberculosis (strain ATCC 25618 / H37Rv)	1	1	83332	False
CHEMBL2434	C-X-C chemokine receptor type 2	P25025	SINGLE PROTEIN	Homo sapiens	2373	3948	9606	False
CHEMBL2285348	Ecdysone receptor	E3UJZ5	SINGLE PROTEIN	Spodoptera littoralis	48	90	7109	False
CHEMBL2321629	Protein O-linked-mannose beta-1,2-N-acetylglucosaminyltransferase 1	Q8WZA1	SINGLE PROTEIN	Homo sapiens	3	3	9606	False
CHEMBL5482987	cIAP1-BTK	Q06187|Q13490	PROTEIN-PROTEIN INTERACTION	Homo sapiens	1	1	9606	False
CHEMBL5169191	Lysine-specific demethylase 5D	Q9BY66	SINGLE PROTEIN	Homo sapiens	2	3	9606	False
CHEMBL379	Hepatitis C virus		ORGANISM	Hepacivirus hominis	12167	23901	3052230	False
CHEMBL4105749	Receptor-type tyrosine-protein phosphatase O	Q16827	SINGLE PROTEIN	Homo sapiens	12	15	9606	False
CHEMBL2034797	Mitogen-activated protein kinase 9	Q9WTU6	SINGLE PROTEIN	Mus musculus	10	10	10090	False
CHEMBL6066292	ATP synthase peripheral stalk subunit OSCP, mitochondrial	P48047	SINGLE PROTEIN	Homo sapiens	2	4	9606	False
CHEMBL4494	Dihydroxyacetone phosphate acyltransferase	O15228	SINGLE PROTEIN	Homo sapiens	9	75	9606	False
CHEMBL2413	C-C chemokine receptor type 1	P32246	SINGLE PROTEIN	Homo sapiens	1176	1742	9606	False
CHEMBL6066563	Tyrosine-protein kinase BTK/Tyrosine-protein kinase Fyn	P06241|Q06187	PROTEIN FAMILY	Homo sapiens	4	12	9606	False
CHEMBL2321632	Beta-1,3-galactosyl-O-glycosyl-glycoprotein beta-1,6-N-acetylglucosaminyltransferase	Q02742	SINGLE PROTEIN	Homo sapiens	3	3	9606	False
CHEMBL2093861	Menin/Histone-lysine N-methyltransferase MLL	O00255|Q03164	PROTEIN-PROTEIN INTERACTION	Homo sapiens	44397	48255	9606	False
CHEMBL3298	Alpha-enolase	P06733	SINGLE PROTEIN	Homo sapiens	18	39	9606	False
CHEMBL1075284	Diacylglycerol O-acyltransferase 1	Q9Z2A7	SINGLE PROTEIN	Mus musculus	337	342	10090	False
CHEMBL1075315	C-X-C chemokine receptor type 5	P32302	SINGLE PROTEIN	Homo sapiens	169	191	9606	False
CHEMBL3063	Chymotrypsinogen B	P00767	SINGLE PROTEIN	Bos taurus	23	25	9913	False
CHEMBL2157	Interleukin-8	P10145	SINGLE PROTEIN	Homo sapiens	540	726	9606	False
CHEMBL2366587	Ecdysone receptor	Q6RVD3|Q6IVK1	PROTEIN COMPLEX	Plodia interpunctella	1	1	58824	False
CHEMBL4630723	ErbB-2/ErbB-3 heterodimer	P04626|P21860	PROTEIN COMPLEX	Homo sapiens	2	7	9606	False
CHEMBL2194	Arylamine N-acetyltransferase 2	P11245	SINGLE PROTEIN	Homo sapiens	3	3	9606	False
CHEMBL3879842	Sodium/hydrogen exchanger 3	P26433	SINGLE PROTEIN	Rattus norvegicus	319	503	10116	False
CHEMBL203	Epidermal growth factor receptor	P00533	SINGLE PROTEIN	Homo sapiens	18740	57722	9606	False
CHEMBL3885566	Dual specificity mitogen-activated protein kinase kinase 1/Mitogen-activated protein kinase 1/RAF proto-oncogene serine/threonine-protein kinase	P28482|P04049|Q02750	PROTEIN FAMILY	Homo sapiens	2	2	9606	False
CHEMBL3885645	Transcription factor ETV6/Tyrosine-protein kinase ABL1	P00519|P41212	CHIMERIC PROTEIN	Homo sapiens	41	41	9606	False
CHEMBL4296307	Cytochrome b	P0C8L0	SINGLE PROTEIN	Candida albicans (strain SC5314 / ATCC MYA-2876) (Yeast)	1	5	237561	False
CHEMBL4296317	Cytochrome b	P00163	SINGLE PROTEIN	Saccharomyces cerevisiae (strain ATCC 204508 / S288c) (Baker's yeast)	1	7	559292	False
CHEMBL4523313	Chitinase	Q4AE59	SINGLE PROTEIN	Ostrinia furnacalis	23	27	93504	False
CHEMBL5291969	Proto-oncogene tyrosine-protein kinase receptor Ret/Coiled-coil domain-containing protein 6	P35546|D3YZP9	CHIMERIC PROTEIN	Mus musculus	1	1	10090	False
CHEMBL3499	Beta-lactamase class C	Q59401	SINGLE PROTEIN	Enterobacter cloacae	43	68	550	False
CHEMBL3528	Sphingomyelin phosphodiesterase 2	Q9ET64	SINGLE PROTEIN	Rattus norvegicus	50	61	10116	False
CHEMBL3885603	Mitogen-activated protein kinase 9/10	Q9WTU6|Q61831	PROTEIN FAMILY	Mus musculus	1	2	10090	False
CHEMBL6194	Pteridine reductase 1	Q01782	SINGLE PROTEIN	Leishmania major	280	382	5664	False
CHEMBL2136	Gastricsin	P20142	SINGLE PROTEIN	Homo sapiens	49	51	9606	False
CHEMBL2317	Cytochrome c oxidase subunit NDUFA4	O00483	SINGLE PROTEIN	Homo sapiens	4	8	9606	False
CHEMBL3301395	c-Myc/Max	P01106|P61244	PROTEIN COMPLEX	Homo sapiens	171	263	9606	False
CHEMBL2111428	VEGF-receptor 2 and stem cell growth factor receptor (KDR and KIT)	P10721|P35968	SELECTIVITY GROUP	Homo sapiens	10	10	9606	False
CHEMBL3638343	Gamma-secretase-activating protein	A4D1B5	SINGLE PROTEIN	Homo sapiens	3	3	9606	False
CHEMBL3317331	RNA polymerase II subunit A C-terminal domain phosphatase SSU72	Q9NP77	SINGLE PROTEIN	Homo sapiens	12	13	9606	False
CHEMBL5455	Tyrosine-protein kinase Fes/Fps	P07332	SINGLE PROTEIN	Homo sapiens	1692	2482	9606	False
CHEMBL6066574	Baculoviral IAP repeat-containing protein 2/Baculoviral IAP repeat-containing protein 3/E3 ubiquitin-protein ligase XIAP	P98170|Q13489|Q13490	PROTEIN FAMILY	Homo sapiens	30	90	9606	False
CHEMBL3920	Protein kinase C theta type	Q04759	SINGLE PROTEIN	Homo sapiens	2525	3612	9606	False
CHEMBL3438	Protein kinase C zeta type	Q05513	SINGLE PROTEIN	Homo sapiens	1795	2505	9606	False
CHEMBL2363000	Potassium voltage-gated channel subfamily B member 1	Q14721	SINGLE PROTEIN	Homo sapiens	63	63	9606	False
CHEMBL4630859	Sialin	Q9NRA2	SINGLE PROTEIN	Homo sapiens	35	56	9606	False
CHEMBL4106141	Aurora-C/INCENP	Q9UQB9|Q9NQS7	PROTEIN COMPLEX	Homo sapiens	5	12	9606	False
CHEMBL3929	Coagulation factor X	O77669	SINGLE PROTEIN	Canis lupus familiaris	2	2	9615	False
CHEMBL1075194	C-X-C chemokine receptor type 3	Q5KSK8	SINGLE PROTEIN	Canis lupus familiaris	2	3	9615	False
CHEMBL4523179	Polyubiquitin-C	P0CG48	SINGLE PROTEIN	Homo sapiens	1	1	9606	False
CHEMBL1825	Tumor necrosis factor	P01375	SINGLE PROTEIN	Homo sapiens	2582	6446	9606	False
CHEMBL3831223	Aminopeptidase	P15144|P55786|Q9H4A4|P53582|Q9UIQ6|Q9ULA0|Q07075|Q9NQW7|P28838|P50579|O43895|Q6P179|Q9NZ08|Q6Q4G3|Q8N6M6|Q6UB28|Q8NDH3|Q9HAU8|Q9NQH7	PROTEIN FAMILY	Homo sapiens	1	1	9606	False
CHEMBL268	Cathepsin K	P43235	SINGLE PROTEIN	Homo sapiens	2937	4878	9606	False
CHEMBL2096618	Bcr/Abl fusion protein	P00519|P11274	CHIMERIC PROTEIN	Homo sapiens	1039	1859	9606	False
CHEMBL6066845	Glucose-induced degradation protein 4 homolog/Epidermal growth factor receptor	P00533|Q8IVV7	PROTEIN-PROTEIN INTERACTION	Homo sapiens	2	16	9606	False
CHEMBL4680046	CD74-ROS1	P04233|P08922	CHIMERIC PROTEIN	Homo sapiens	3	6	9606	False
CHEMBL4105918	Protein c-Fos	P01101	SINGLE PROTEIN	Mus musculus	2	2	10090	False
CHEMBL1075087	S-adenosyl-L-methionine:delta24-sterol-C-methyltransferase	Q43445	SINGLE PROTEIN	Glycine max	4	16	3847	False
CHEMBL2189121	GTPase KRas	P01116	SINGLE PROTEIN	Homo sapiens	3001	16720	9606	False
CHEMBL2363049	Epidermal growth factor receptor	P04626|P00533|Q15303|P21860	PROTEIN FAMILY	Homo sapiens	157	225	9606	False
CHEMBL3582	Protein kinase C epsilon type	Q02156	SINGLE PROTEIN	Homo sapiens	1188	1663	9606	False
CHEMBL2303641	Coelenterazine h 2-monooxygenase	P27652	SINGLE PROTEIN	Renilla reniformis	376	377	6136	False
CHEMBL1255163	Protein-serine O-palmitoleoyltransferase porcupine	Q9H237	SINGLE PROTEIN	Homo sapiens	95	135	9606	False
CHEMBL239	Peroxisome proliferator-activated receptor alpha	Q07869	SINGLE PROTEIN	Homo sapiens	5005	9648	9606	False
CHEMBL2073	Tyrosine-protein kinase Yes	P07947	SINGLE PROTEIN	Homo sapiens	1800	3073	9606	False
CHEMBL2094253	Cyclooxygenase	P35354|P23219	PROTEIN FAMILY	Homo sapiens	930	1259	9606	False
CHEMBL1844	Macrophage colony-stimulating factor 1 receptor	P07333	SINGLE PROTEIN	Homo sapiens	4826	9963	9606	False
CHEMBL3217377	2-C-methyl-D-erythritol 2,4-cyclodiphosphate synthase	P9WKG5	SINGLE PROTEIN	Mycobacterium tuberculosis (strain ATCC 25618 / H37Rv)	1	1	83332	False
CHEMBL1250360	Tumor necrosis factor receptor superfamily member 3	P36941	SINGLE PROTEIN	Homo sapiens	1	1	9606	False
CHEMBL2047	Bile acid receptor	Q96RI1	SINGLE PROTEIN	Homo sapiens	5001	13204	9606	False
CHEMBL3706559	Mitochondrial amidoxime-reducing component 1	Q5VT66	SINGLE PROTEIN	Homo sapiens	28	51	9606	False
CHEMBL3301384	CCR5/mu opioid receptor complex	P51681|P35372	PROTEIN COMPLEX	Homo sapiens	2	3	9606	False
CHEMBL3058	Sodium/hydrogen exchanger 5	Q14940	SINGLE PROTEIN	Homo sapiens	30	55	9606	False
CHEMBL230	Prostaglandin G/H synthase 2	P35354	SINGLE PROTEIN	Homo sapiens	9003	15110	9606	False
CHEMBL2095202	Troponin, cardiac muscle	P63316|P19429|P45379	PROTEIN COMPLEX	Homo sapiens	276	276	9606	False
CHEMBL2252	Dipeptidyl peptidase 1	P53634	SINGLE PROTEIN	Homo sapiens	988	4480	9606	False
CHEMBL3137282	MLL1/ASH2L/RBBP5/WDR5 complex	P61964|Q03164|Q9UBL3|Q15291	PROTEIN COMPLEX	Homo sapiens	10	16	9606	False
CHEMBL2040704	ATP-dependent DNA/RNA helicase DHX36	Q9H2U1	SINGLE PROTEIN	Homo sapiens	3	9	9606	False
CHEMBL3224	C-8 sterol isomerase ERG2	P32352	SINGLE PROTEIN	Saccharomyces cerevisiae S288c	68	237	559292	False
CHEMBL2189157	V-type proton ATPase subunit C	Q9U5N1	SINGLE PROTEIN	Manduca sexta	4	4	7130	False
CHEMBL3886122	Sodium/hydrogen exchanger 2	P48763	SINGLE PROTEIN	Rattus norvegicus	2	5	10116	False
CHEMBL4295557	Replicase polyprotein 1ab	K9N7C7	SINGLE PROTEIN	Middle East respiratory syndrome-related coronavirus (isolate UnitedKingdom/H123990006/2012) (Betacoronavirus England 1) (Humancoronavirus EMC)	116	211	1263720	False
CHEMBL1871	Androgen receptor	P10275	SINGLE PROTEIN	Homo sapiens	6359	14348	9606	False
CHEMBL1075091	Core antigen	Q03732	SINGLE PROTEIN	Hepatitis B virus	481	808	10407	False
CHEMBL4029	C-X-C chemokine receptor type 1	P25024	SINGLE PROTEIN	Homo sapiens	1340	2494	9606	False
CHEMBL4444	Vitamin K-dependent protein C	P04070	SINGLE PROTEIN	Homo sapiens	411	491	9606	False
CHEMBL3038487	Kir6.2/SUR1	P70673|Q09429	PROTEIN COMPLEX	Rattus norvegicus	4	4	10116	False
CHEMBL3430904	Coiled-coil domain-containing protein 6/Tyrosine-protein kinase receptor RET	P07949|Q16204	CHIMERIC PROTEIN	Homo sapiens	65	91	9606	False
CHEMBL2111353	Serine/threonine-protein kinase AKT	P31751|Q9Y243|P31749	PROTEIN FAMILY	Homo sapiens	192	350	9606	False
CHEMBL2096904	Serotonin (5-HT) receptor	P30939|P41595|Q13639|P28222|P46098|P08908|P28221|P28223|P28335|P28566|P34969|P50406|P47898|A5X5Y0|O95264|Q70Z44|Q8WXA8	PROTEIN FAMILY	Homo sapiens	50	76	9606	False
CHEMBL2983	Gag-Pol polyprotein	P03359	SINGLE PROTEIN	Woolly monkey sarcoma virus	29	57	11970	False
CHEMBL3559	Steryl-sulfatase	P08842	SINGLE PROTEIN	Homo sapiens	890	1900	9606	False
CHEMBL2096972	Sulfonylurea receptor 1, Kir6.2	Q14654|Q09428	PROTEIN COMPLEX	Homo sapiens	139	325	9606	False
CHEMBL6066929	V-type proton ATPase 16 kDa proteolipid subunit c	P27449	SINGLE PROTEIN	Homo sapiens	1	2	9606	False
CHEMBL2364166	ATP synthase	P9WPU9|P9WPU5|P9WPU7|P9WPV5|P9WPS1|P9WPV1|P9WPV7|P9WPV3	PROTEIN COMPLEX	Mycobacterium tuberculosis	21	22	1773	False
CHEMBL3559685	RAF serine/threonine protein kinase	P04049|P15056|P10398	PROTEIN FAMILY	Homo sapiens	2	2	9606	False
CHEMBL2094132	Serotonin 3 (5-HT3) receptor	P46098|A5X5Y0|O95264|Q70Z44|Q8WXA8	PROTEIN COMPLEX GROUP	Homo sapiens	465	637	9606	False
CHEMBL3430888	Kinesin-1 heavy chain/ Tyrosine-protein kinase receptor RET	P07949|P33176	CHIMERIC PROTEIN	Homo sapiens	146	173	9606	False
CHEMBL235	Peroxisome proliferator-activated receptor gamma	P37231	SINGLE PROTEIN	Homo sapiens	8206	15843	9606	False
CHEMBL1936	Mast/stem cell growth factor receptor Kit	P10721	SINGLE PROTEIN	Homo sapiens	6372	24367	9606	False
CHEMBL5838	Receptor tyrosine-protein kinase erbB-3	P21860	SINGLE PROTEIN	Homo sapiens	336	404	9606	False
CHEMBL1864	Thrombopoietin receptor	P40238	SINGLE PROTEIN	Homo sapiens	371	559	9606	False
CHEMBL2996	Protein kinase C delta type	Q05655	SINGLE PROTEIN	Homo sapiens	2417	3138	9606	False
CHEMBL2363074	SRC	P06241|P12931|P06239|P07947|P51451|P08631|P07948|P42685|P09769|Q9H3Y6	PROTEIN FAMILY	Homo sapiens	1	8	9606	False
CHEMBL5536	Genome polyprotein	Q9WMX2	SINGLE PROTEIN	Hepatitis C virus genotype 1b (isolate Con1) (HCV)	75	238	333284	False
CHEMBL2216739	Carnitine O-palmitoyltransferase 1, muscle isoform	Q92523	SINGLE PROTEIN	Homo sapiens	492	502	9606	False
CHEMBL3706564	Liver X receptor	Q13133|P55055	PROTEIN FAMILY	Homo sapiens	124	311	9606	False
CHEMBL4742	Guanine nucleotide-binding protein G(o) subunit alpha	P09471	SINGLE PROTEIN	Homo sapiens	37	73	9606	False
CHEMBL5478	Na(+)/H(+) antiporter NhaA	P13738	SINGLE PROTEIN	Escherichia coli K-12	1	7	83333	False
CHEMBL2366578	Ecdysone receptor	Q8MYA6|Q8I1M8	PROTEIN COMPLEX	Chilo suppressalis	1	1	168631	False
CHEMBL613815	Mitochondrial complex II; succinate dehydrogenase	G4XX53|O42772	PROTEIN COMPLEX	Septoria tritici	7	14	1047171	False
CHEMBL5691	Poly [ADP-ribose] polymerase 1	P18493	SINGLE PROTEIN	Bos taurus	4	5	9913	False
CHEMBL3542435	UDP-glucuronosyltransferase 1A3	P35503	SINGLE PROTEIN	Homo sapiens	122	223	9606	False
CHEMBL5482991	Prothrombinase complex	P00742|P12259	PROTEIN COMPLEX	Homo sapiens	1	1	9606	False
CHEMBL5465324	Putative pre-mRNA-splicing factor ATP-dependent RNA helicase DHX32	Q7L7V1	SINGLE PROTEIN	Homo sapiens	2	2	9606	False
CHEMBL5465322	Diacylglycerol O-acyltransferase 2-like protein 6	Q6ZPD8	SINGLE PROTEIN	Homo sapiens	1	1	9606	False
CHEMBL2095152	Sulfonylurea receptors; K-ATP channels	Q14654|O60706|Q09428|Q15842	PROTEIN COMPLEX GROUP	Homo sapiens	325	596	9606	False
CHEMBL2366567	Chloroplast coupling factor 1	P00825|P06453|P69447|P06451|P05435|P31853|P06450|P11402|P00833	PROTEIN COMPLEX	Spinacia oleracea	1	9	3562	False
CHEMBL4295555	Diacylglycerol O-acyltransferase 2	A0A8I3NDW2	SINGLE PROTEIN	Canis lupus familiaris	2	2	9615	False
CHEMBL3712895	Reticulon-4	Q9NQC3	SINGLE PROTEIN	Homo sapiens	7	13	9606	False
CHEMBL4977	Transcription factor Jun	P05412	SINGLE PROTEIN	Homo sapiens	298	435	9606	False
CHEMBL5600	MAP/microtubule affinity-regulating kinase 3	P27448	SINGLE PROTEIN	Homo sapiens	1970	2714	9606	False
CHEMBL5303568	ROS1-SDC4	P08922|P31431	CHIMERIC PROTEIN	Homo sapiens	2	3	9606	False
CHEMBL6066983	Cytochrome c oxidase subunit 3	P00414	SINGLE PROTEIN	Homo sapiens	1	2	9606	False
CHEMBL3713022	Lymphotoxin-beta	Q06643	SINGLE PROTEIN	Homo sapiens	1	1	9606	False
CHEMBL5724616	tRNA (cytosine(34)-C(5))-methyltransferase, mitochondrial	Q9H649	SINGLE PROTEIN	Homo sapiens	2	6	9606	False
CHEMBL4523986	Cytochrome P450	P08684|P04798|P33260|P20815|P05177|P78329|P11712|P51589|P33261|P10632|P10635|Q02928|P20813|Q16678|P11509|Q9HB55|P05181|P24462|Q8TAV3|Q08477|Q16696|P98187|P20853|P24903|Q6VVX0|Q96SQ9|Q7Z449|Q5TCH4|P13584	PROTEIN FAMILY	Homo sapiens	318	466	9606	False
CHEMBL2366582	Ecdysone receptor	O18473|Q7SIF6	PROTEIN COMPLEX	Heliothis virescens	1	1	7102	False
CHEMBL2097168	Protein kinase C, PKC; classical	P05696|P68403|P63319	PROTEIN FAMILY	Rattus norvegicus	88	135	10116	False
CHEMBL4524129	Glutamate (NMDA/AMPA/Kainate)	P35439|Q00959|Q00960|Q00961|Q62645|Q8VHN2|Q9R1M7|P22756|Q9ULK0|Q01812|P19491|P19492|P19493|P42260|P42264|P19490|Q63273|O43424	PROTEIN COMPLEX GROUP	Rattus norvegicus	1	1	10116	False
CHEMBL221	Prostaglandin G/H synthase 1	P23219	SINGLE PROTEIN	Homo sapiens	5595	9369	9606	False
CHEMBL6066587	Histone-binding protein RBBP4/Histone-lysine N-methyltransferase EZH2/Polycomb protein EED/Polycomb protein SUZ12	Q15910|O75530|Q15022|Q09028	PROTEIN COMPLEX	Homo sapiens	79	240	9606	False
CHEMBL6067420	Procollagen galactosyltransferase 1	Q8NBJ5	SINGLE PROTEIN	Homo sapiens	1	2	9606	False
CHEMBL2781	Sodium/hydrogen exchanger 1	P19634	SINGLE PROTEIN	Homo sapiens	346	462	9606	False
CHEMBL5387	Sonic hedgehog protein	Q62226	SINGLE PROTEIN	Mus musculus	246	356	10090	False
CHEMBL4739683	RNA cytosine C(5)-methyltransferase NSUN2	Q08J23	SINGLE PROTEIN	Homo sapiens	14	21	9606	False
CHEMBL3608199	1-phosphatidylinositol 4,5-bisphosphate phosphodiesterase gamma-2	Q8CIH5	SINGLE PROTEIN	Mus musculus	2	3	10090	False
CHEMBL4295963	ADP-ribosylhydrolase ARH3	Q9NX46	SINGLE PROTEIN	Homo sapiens	52	213	9606	False
CHEMBL4523395	Diacylglycerol O-acyltransferase 1	Q8MK44	SINGLE PROTEIN	Bos taurus	48	61	9913	False
CHEMBL2366584	Ecdysone receptor	O97095|Q6V7U7	PROTEIN COMPLEX	Locusta migratoria	1	1	7004	False
CHEMBL1932904	Peroxisome proliferator-activated receptor delta	Q0ZAQ8	SINGLE PROTEIN	Canis familiaris	1	1	9615	False
CHEMBL6067143	Heme A synthase COX15	Q7KZN9	SINGLE PROTEIN	Homo sapiens	1	2	9606	False
CHEMBL4296121	Baculoviral IAP repeat-containing protein 3/Huntingtin	Q13489|P42858	PROTEIN-PROTEIN INTERACTION	Homo sapiens	3	23	9606	False
CHEMBL5244	UDP-3-O-acyl-N-acetylglucosamine deacetylase	P0A725	SINGLE PROTEIN	Escherichia coli K-12	388	641	83333	False
CHEMBL4523463	Lecithin retinol acyltransferase	Q9JI61	SINGLE PROTEIN	Rattus norvegicus	1	1	10116	False
CHEMBL6066543	Coagulation factor V/Coagulation factor X/Serine/threonine-protein kinase BRSK2	P00742|P12259|Q8IWQ3	PROTEIN COMPLEX	Homo sapiens	19	57	9606	False
CHEMBL4742274	Protein cereblon/MGMT	P16455|Q96SW2	PROTEIN-PROTEIN INTERACTION	Homo sapiens	1	1	9606	False
CHEMBL5725134	DNA-directed RNA polymerases I and III subunit RPAC1	O15160	SINGLE PROTEIN	Homo sapiens	2	8	9606	False
CHEMBL4524006	RAS	P01112|P01111|P01116	PROTEIN FAMILY	Homo sapiens	2	4	9606	False
CHEMBL4212	Heparan sulfate 2-O-sulfotransferase 1	O08889	SINGLE PROTEIN	Cricetulus longicaudatus	10	20	10030	False
CHEMBL2046258	ATP-binding cassette sub-family C member 5	O15440	SINGLE PROTEIN	Homo sapiens	34	50	9606	False
CHEMBL5291688	von Hippel-Lindau disease tumor suppressor/FGFR1	P11362|P40337	PROTEIN-PROTEIN INTERACTION	Homo sapiens	6	21	9606	False
CHEMBL5611	NAD(P)H dehydrogenase [quinone] 1	Q64669	SINGLE PROTEIN	Mus musculus	516	1058	10090	False
CHEMBL2363009	Voltage-gated potassium channel KCNC2	Q96PR1	SINGLE PROTEIN	Homo sapiens	12	22	9606	False
CHEMBL1932902	Lysosomal alpha-mannosidase	Q29451	SINGLE PROTEIN	Bos taurus	4	4	9913	False
CHEMBL3137287	EZH1/SUZ12/EED/AEBP2/RBBP4 complex	Q92800|O75530|Q15022|Q6ZN18|Q09028	PROTEIN COMPLEX	Homo sapiens	29	29	9606	False
CHEMBL4295732	cAMP-dependent protein kinase catalytic subunit alpha	P25321	SINGLE PROTEIN	Cricetulus griseus	5	26	10029	False
CHEMBL612783	Influenza C virus		ORGANISM	Influenza C virus	3	3	11552	False
CHEMBL5465215	Protein cereblon/Baculoviral IAP repeat-containing protein 3	Q13489|Q96SW2	PROTEIN-PROTEIN INTERACTION	Homo sapiens	21	45	9606	False
CHEMBL5465378	Carminomycin 4-O-methyltransferase DnrK	Q06528	SINGLE PROTEIN	Streptomyces peucetius	1	2	1950	False
CHEMBL5465216	Protein cereblon/Baculoviral IAP repeat-containing protein 2	Q13490|Q96SW2	PROTEIN-PROTEIN INTERACTION	Homo sapiens	9	17	9606	False
CHEMBL2066	Troponin C, slow skeletal and cardiac muscles	P63316	SINGLE PROTEIN	Homo sapiens	7	21	9606	False
CHEMBL4296097	LIG4/XRCC4	P49917|Q13426	PROTEIN COMPLEX	Homo sapiens	1	1	9606	False
CHEMBL5465553	WDR5-MYC	P61964|P01106	PROTEIN-PROTEIN INTERACTION	Homo sapiens	56	67	9606	False
CHEMBL6066856	RNA polymerase II	P08775|Q8CFI7|P97760|A0A3Q4L2S8|Q80UW8|P61219|P62488|Q923G2|P60898|O08740|Q63871|P62876	PROTEIN COMPLEX	Mus musculus	1	1018	10090	False
CHEMBL6066125	von Hippel-Lindau disease tumor suppressor/Cytochrome P450 1A1	P04798|P40337	PROTEIN-PROTEIN INTERACTION	Homo sapiens	1	1	9606	False
CHEMBL4712	Sphingomyelin phosphodiesterase 2	O60906	SINGLE PROTEIN	Homo sapiens	28	40	9606	False
CHEMBL2430	Peptidyl-prolyl cis-trans isomerase FKBP1B	P68106	SINGLE PROTEIN	Homo sapiens	45	49	9606	False
CHEMBL2396510	Cyclic di-GMP phosphodiesterase RocR	Q9HX69	SINGLE PROTEIN	Pseudomonas aeruginosa (strain ATCC 15692 / PAO1 / 1C / PRS 101 / LMG12228)	4	6	208964	False
CHEMBL4295794	Cytochrome bc1 complex cytochrome b subunit	P9WP37	SINGLE PROTEIN	Mycobacterium tuberculosis (strain ATCC 25618 / H37Rv)	6	6	83332	False
CHEMBL4296117	von Hippel-Lindau disease tumor suppressor/Elongin-C/Elongin-B/HIF1A	Q16665|P40337|Q15370|Q15369	PROTEIN COMPLEX	Homo sapiens	12	14	9606	False
CHEMBL6067209	Vacuolar protein sorting-associated protein 28 homolog	Q9UK41	SINGLE PROTEIN	Homo sapiens	1	2	9606	False
CHEMBL3243	Receptor-type tyrosine-protein phosphatase C	P08575	SINGLE PROTEIN	Homo sapiens	1368	2332	9606	False
CHEMBL2782	Sterol O-acyltransferase 1	P35610	SINGLE PROTEIN	Homo sapiens	678	880	9606	False
CHEMBL6066220	Ferritin heavy chain	P02794	SINGLE PROTEIN	Homo sapiens	2	3	9606	False
CHEMBL6067410	DnaJ homolog subfamily C member 5	Q9H3Z4	SINGLE PROTEIN	Homo sapiens	1	2	9606	False
CHEMBL6009	Diacylglycerol O-acyltransferase 1	O75907	SINGLE PROTEIN	Homo sapiens	1587	3663	9606	False
CHEMBL4742327	Protein cereblon/Adhesion G-protein coupled receptor G1	Q96SW2|Q9Y653	PROTEIN-PROTEIN INTERACTION	Homo sapiens	1	1	9606	False
CHEMBL6066990	Vesicle-associated membrane protein-associated protein B/C	O95292	SINGLE PROTEIN	Homo sapiens	1	2	9606	False
CHEMBL4523893	Adhesion G-protein coupled receptor G2	Q8IZP9	SINGLE PROTEIN	Homo sapiens	2	2	9606	False
CHEMBL4523926	G-protein coupled receptor family C group 5 member B	Q9NZH0	SINGLE PROTEIN	Homo sapiens	2	2	9606	False
CHEMBL3259464	Arylamine N-acetyltransferase 2	P50293	SINGLE PROTEIN	Mesocricetus auratus	1	1	10036	False
CHEMBL2010631	Atypical chemokine receptor 3	P25106	SINGLE PROTEIN	Homo sapiens	1602	4110	9606	False
CHEMBL5725184	Nuclear mitotic apparatus protein 1	Q14980	SINGLE PROTEIN	Homo sapiens	3	11	9606	False
CHEMBL6066942	rRNA 2'-O-methyltransferase fibrillarin	P22087	SINGLE PROTEIN	Homo sapiens	2	4	9606	False
CHEMBL4888454	CDK2/Cyclin C	P24941|P24863	PROTEIN COMPLEX	Homo sapiens	1	1	9606	False
CHEMBL5725144	Replication factor C subunit 3	P40938	SINGLE PROTEIN	Homo sapiens	3	11	9606	False
CHEMBL5465243	von Hippel-Lindau disease tumor suppressor/Baculoviral IAP repeat-containing protein 2	Q13490|P40337	PROTEIN-PROTEIN INTERACTION	Homo sapiens	17	30	9606	False
CHEMBL2401603	H(+)/Cl(-) exchange transporter 3	P51790	SINGLE PROTEIN	Homo sapiens	5	23	9606	False
CHEMBL4295552	C-C chemokine receptor type 6	H9YX08	SINGLE PROTEIN	Macaca mulatta	6	6	9544	False
CHEMBL4295870	Myosin-14	Q6URW6	SINGLE PROTEIN	Mus musculus	1	1	10090	False
CHEMBL5169179	tRNA (cytosine(72)-C(5))-methyltransferase NSUN6	Q8TEA1	SINGLE PROTEIN	Homo sapiens	10	10	9606	False
CHEMBL5169081	Protein cereblon/AKT1	P31749|Q96SW2	PROTEIN-PROTEIN INTERACTION	Homo sapiens	27	28	9606	False
CHEMBL4629	Complement factor H	P08603	SINGLE PROTEIN	Homo sapiens	1	1	9606	False
CHEMBL2331065	Alpha-ketoglutarate-dependent dioxygenase FTO	Q9C0B1	SINGLE PROTEIN	Homo sapiens	408	640	9606	False
CHEMBL5303321	Sialic acid-specific 9-O-acetylesterase	Q8A0D0	SINGLE PROTEIN	Bacteroides thetaiotaomicron	20	25	818	False
CHEMBL4105922	Serine/threonine-protein phosphatase 6 regulatory ankyrin repeat subunit C	Q8NB46	SINGLE PROTEIN	Homo sapiens	3	8	9606	False
CHEMBL2096976	Peroxisome proliferator-activated receptor gamma/Nuclear receptor corepressor 2	P37231|Q9Y618	PROTEIN-PROTEIN INTERACTION	Homo sapiens	239	239	9606	False
CHEMBL1743318	UDP-glucuronosyltransferase 1A8	Q9HAW9	SINGLE PROTEIN	Homo sapiens	153	233	9606	False
CHEMBL1697668	Solute carrier organic anion transporter family member 1B1	Q9Y6L6	SINGLE PROTEIN	Homo sapiens	2232	2699	9606	False
CHEMBL3038502	JNK2/JNK3	P53779|P45984	PROTEIN FAMILY	Homo sapiens	1	1	9606	False
CHEMBL4594	C-C chemokine receptor type 7	P32248	SINGLE PROTEIN	Homo sapiens	87	92	9606	False
CHEMBL4047	Retinoic acid receptor RXR-beta	P28704	SINGLE PROTEIN	Mus musculus	85	158	10090	False
CHEMBL1075186	CXC chemokine receptor 3	B8PY99	SINGLE PROTEIN	Macaca mulatta	1	1	9544	False
CHEMBL6067086	V-type proton ATPase subunit H	Q9UI12	SINGLE PROTEIN	Homo sapiens	2	4	9606	False
CHEMBL2111389	CDK9/cyclin T1	O60563|P50750	PROTEIN COMPLEX	Homo sapiens	3967	8165	9606	False
CHEMBL4984	Tumor necrosis factor	P06804	SINGLE PROTEIN	Mus musculus	48	82	10090	False
CHEMBL3108633	Platelet-derived growth factor subunit B	P01127	SINGLE PROTEIN	Homo sapiens	3	3	9606	False
CHEMBL5462	Baculoviral IAP repeat-containing protein 2	Q13490	SINGLE PROTEIN	Homo sapiens	832	1286	9606	False
CHEMBL2095165	Heat shock protein HSP90	P07900|P08238	PROTEIN FAMILY	Homo sapiens	1828	3747	9606	False
CHEMBL267	Proto-oncogene tyrosine-protein kinase Src	P12931	SINGLE PROTEIN	Homo sapiens	8537	15433	9606	False
CHEMBL2095231	Hepatitis C virus serine protease, NS3/NS4A	D2K2A8|A3EZI9	PROTEIN COMPLEX	Hepatitis C virus	874	1221	3052230	False
CHEMBL2459	Peroxisome proliferator-activated receptor gamma	P37238	SINGLE PROTEIN	Mus musculus	448	785	10090	False
CHEMBL2231	Cytochrome P450 1A1	P04798	SINGLE PROTEIN	Homo sapiens	780	1259	9606	False
CHEMBL3638344	Genome polyprotein	P27958	SINGLE PROTEIN	Hepatitis C virus genotype 1a (isolate H) (HCV)	1155	1818	11108	False
CHEMBL5853	Diacylglycerol O-acyltransferase 2	Q96PD7	SINGLE PROTEIN	Homo sapiens	1072	2996	9606	False
CHEMBL2560	Protein kinase C delta type	P28867	SINGLE PROTEIN	Mus musculus	42	192	10090	False
CHEMBL3331	Prostaglandin G/H synthase 2	O62698	SINGLE PROTEIN	Bos taurus	37	38	9913	False
CHEMBL4748217	von Hippel-Lindau disease tumor suppressor/Cyclin-G-associated kinase	O14976|P40337	PROTEIN-PROTEIN INTERACTION	Homo sapiens	1	1	9606	False
CHEMBL5724805	DnaJ homolog subfamily C member 9	Q8WXX5	SINGLE PROTEIN	Homo sapiens	2	8	9606	False
CHEMBL3430877	Proto-oncogene tyrosine-protein kinase receptor Ret /Nuclear receptor coactivator 4 fusion protein	P07949|Q13772	CHIMERIC PROTEIN	Homo sapiens	6	18	9606	False
CHEMBL1255164	Protein-serine O-palmitoleoyltransferase porcupine	Q9JJJ7	SINGLE PROTEIN	Mus musculus	157	165	10090	False
CHEMBL3858	Carnitine O-palmitoyltransferase 1, liver isoform	P32198	SINGLE PROTEIN	Rattus norvegicus	527	537	10116	False
CHEMBL4295934	ADP-ribose glycohydrolase MACROD1	Q9BQ69	SINGLE PROTEIN	Homo sapiens	16	22	9606	False
CHEMBL4879495	1-phosphatidylinositol 4,5-bisphosphate phosphodiesterase delta-3	Q8K2J0	SINGLE PROTEIN	Mus musculus	2	2	10090	False
CHEMBL4523873	G-protein coupled receptor family C group 6 member A	Q5T6X5	SINGLE PROTEIN	Homo sapiens	2	2	9606	False
CHEMBL5465370	Hyaluronan-binding protein 2	Q14520	SINGLE PROTEIN	Homo sapiens	1	1	9606	False
CHEMBL5465286	V-type proton ATPase subunit C 1	P21283	SINGLE PROTEIN	Homo sapiens	1	1	9606	False
CHEMBL6067120	Conserved oligomeric Golgi complex subunit 2	Q14746	SINGLE PROTEIN	Homo sapiens	1	2	9606	False
CHEMBL4739676	Atypical chemokine receptor 3	P11613	SINGLE PROTEIN	Canis lupus familiaris	1	1	9615	False
CHEMBL6066393	H/ACA ribonucleoprotein complex subunit 3	Q9NPE3	SINGLE PROTEIN	Homo sapiens	1	2	9606	False
CHEMBL6066963	Cytochrome c oxidase subunit 6A1, mitochondrial	P12074	SINGLE PROTEIN	Homo sapiens	1	2	9606	False
CHEMBL5465336	1-phosphatidylinositol 4,5-bisphosphate phosphodiesterase delta-1	Q8R3B1	SINGLE PROTEIN	Mus musculus	1	1	10090	False
CHEMBL5725133	Replication factor C subunit 1	P35251	SINGLE PROTEIN	Homo sapiens	2	9	9606	False
CHEMBL3099	Tyrosine-protein kinase ABL1	P00520	SINGLE PROTEIN	Mus musculus	134	215	10090	False
CHEMBL5465357	mRNA (2'-O-methyladenosine-N(6)-)-methyltransferase	Q9H4Z3	SINGLE PROTEIN	Homo sapiens	4	4	9606	False
CHEMBL2225	Pro-cathepsin H	P09668	SINGLE PROTEIN	Homo sapiens	169	245	9606	False
CHEMBL3638332	Genome polyprotein	O92972	SINGLE PROTEIN	Hepatitis C virus genotype 1b (strain HC-J4) (HCV)	54	55	420174	False
CHEMBL3112383	Penicillin-binding protein 3	P42971	SINGLE PROTEIN	Bacillus subtilis (strain 168)	2	2	224308	False
CHEMBL3559691	Cyclin-dependent kinase	P06493|P11802|P24941|Q00535|Q00534|P50613|Q00526|Q00536|Q07002|P49336|Q00537|P21127|Q96Q40|Q9BWU1|O94921|P50750|Q15131|Q14004|Q8IZL9|Q9NYV4	PROTEIN FAMILY	Homo sapiens	38	77	9606	False
CHEMBL4386	Vacuolar-type proton translocating pyrophosphatase 1	Q8MTZ4	SINGLE PROTEIN	Trypanosoma brucei	81	115	5691	False
CHEMBL6066866	UV excision repair protein RAD23 homolog B	P54727	SINGLE PROTEIN	Homo sapiens	2	4	9606	False
CHEMBL3301400	Von Hippel-Lindau disease tumor suppressor/Elongin B/Elongin C	P40337|Q15370|Q15369	PROTEIN COMPLEX	Homo sapiens	195	957	9606	False
CHEMBL2096985	Sodium/hydrogen exchanger	P23791|P50482|P26432	PROTEIN FAMILY	Oryctolagus cuniculus	149	151	9986	False
CHEMBL2856	Sterol O-acyltransferase 2	Q7TQM4	SINGLE PROTEIN	Rattus norvegicus	2	3	10116	False
CHEMBL5483088	ROS1-GOPC	P08922|Q9HD26	CHIMERIC PROTEIN	Homo sapiens	1	1	9606	False
CHEMBL6066584	Protein Nef	P03406	SINGLE PROTEIN	Human immunodeficiency virus 1	158	489	11676	False
CHEMBL5303312	Steroid 5-alpha reductase C-terminal domain-containing protein	B6W0N3	SINGLE PROTEIN	Phocaeicola dorei	20	27	357276	False
CHEMBL5724772	E3 ubiquitin-protein ligase CBL-C	Q9ULV8	SINGLE PROTEIN	Homo sapiens	9	9	9606	False
CHEMBL4739856	Choline trimethylamine-lyase	Q30W70	SINGLE PROTEIN	Desulfovibrio alaskensis	33	35	58180	False
CHEMBL4879471	Host cell factor 1	Q61191	SINGLE PROTEIN	Mus musculus	1	1	10090	False
CHEMBL4523896	Retinoic acid-induced protein 3	Q8NFJ5	SINGLE PROTEIN	Homo sapiens	2	2	9606	False
CHEMBL4523921	G-protein coupled receptor family C group 5 member C	Q9NQ84	SINGLE PROTEIN	Homo sapiens	2	2	9606	False
CHEMBL4282	RAC-alpha serine/threonine-protein kinase	P31749	SINGLE PROTEIN	Homo sapiens	7404	16595	9606	False
CHEMBL6067267	GPI ethanolamine phosphate transferase 3, catalytic subunit	Q8TEQ8	SINGLE PROTEIN	Homo sapiens	1	2	9606	False
CHEMBL2095173	Potassium-transporting ATPase	P20648|P51164	PROTEIN COMPLEX	Homo sapiens	336	493	9606	False
CHEMBL5465266	Fermitin family homolog 2	Q96AC1	SINGLE PROTEIN	Homo sapiens	26	48	9606	False
CHEMBL5602	Sonic hedgehog protein	Q15465	SINGLE PROTEIN	Homo sapiens	34	71	9606	False
CHEMBL2458	Peroxisome proliferator-activated receptor delta	P35396	SINGLE PROTEIN	Mus musculus	247	404	10090	False
CHEMBL3009	Receptor tyrosine-protein kinase erbB-4	Q15303	SINGLE PROTEIN	Homo sapiens	2113	2971	9606	False
CHEMBL4411	Prostaglandin E synthase 2	Q9H7Z7	SINGLE PROTEIN	Homo sapiens	317	398	9606	False
CHEMBL3900	Myeloblastin	P24158	SINGLE PROTEIN	Homo sapiens	174	209	9606	False
CHEMBL2414	C-C chemokine receptor type 4	P51679	SINGLE PROTEIN	Homo sapiens	1628	3121	9606	False
CHEMBL2176855	C-type lectin domain family 4 member C	Q8WTT0	SINGLE PROTEIN	Homo sapiens	6	7	9606	False
CHEMBL4034	1-phosphatidylinositol 4,5-bisphosphate phosphodiesterase beta-1	Q9NQ66	SINGLE PROTEIN	Homo sapiens	7	15	9606	False
CHEMBL5188	1-phosphatidylinositol 4,5-bisphosphate phosphodiesterase gamma-1	P10686	SINGLE PROTEIN	Rattus norvegicus	11	11	10116	False
CHEMBL2093867	Protein kinase C (PKC)	O94806|P41743|P17252|P05129|Q05655|P05771|Q05513|Q02156|P24723|Q15139|Q04759	PROTEIN FAMILY	Homo sapiens	704	1124	9606	False
CHEMBL240	Voltage-gated inwardly rectifying potassium channel KCNH2	Q12809	SINGLE PROTEIN	Homo sapiens	25573	40132	9606	False
CHEMBL3238	Carnitine O-palmitoyltransferase 2, mitochondrial	P23786	SINGLE PROTEIN	Homo sapiens	497	511	9606	False
CHEMBL3717	Hepatocyte growth factor receptor	P08581	SINGLE PROTEIN	Homo sapiens	8735	19853	9606	False
CHEMBL3004	Multidrug resistance-associated protein 1	P33527	SINGLE PROTEIN	Homo sapiens	1735	2631	9606	False
CHEMBL4015	C-C chemokine receptor type 2	P41597	SINGLE PROTEIN	Homo sapiens	3350	6397	9606	False
CHEMBL2094138	cAMP-dependent protein kinase (PKA)	P22694|P17612|P22612	PROTEIN FAMILY	Homo sapiens	900	1010	9606	False
CHEMBL3390820	PARP 1, 2 and 3	P09874|Q9Y6F1|Q9UGN5	PROTEIN FAMILY	Homo sapiens	96	151	9606	False
CHEMBL3713913	Fibroblast growth factor 23	Q9GZV9	SINGLE PROTEIN	Homo sapiens	36	45	9606	False
CHEMBL5465202	Protein cereblon/Myc proto-oncogene protein	P01106|Q96SW2	PROTEIN-PROTEIN INTERACTION	Homo sapiens	1	2	9606	False
CHEMBL4105796	Atypical chemokine receptor 3	P56485	SINGLE PROTEIN	Mus musculus	4	4	10090	False
CHEMBL3616	Protein kinase C eta type	P24723	SINGLE PROTEIN	Homo sapiens	1240	1985	9606	False
CHEMBL6067271	Delta(14)-sterol reductase LBR	Q14739	SINGLE PROTEIN	Homo sapiens	2	4	9606	False
CHEMBL6067169	Dimethyladenosine transferase 2, mitochondrial	Q9H5Q4	SINGLE PROTEIN	Homo sapiens	1	2	9606	False
CHEMBL2321631	Acetylgalactosaminyl-O-glycosyl-glycoprotein beta-1,3-N-acetylglucosaminyltransferase	Q6ZMB0	SINGLE PROTEIN	Homo sapiens	3	3	9606	False
CHEMBL6066918	Cytochrome b-c1 complex subunit 1, mitochondrial	P31930	SINGLE PROTEIN	Homo sapiens	2	4	9606	False
CHEMBL6067424	Inverted formin-2	Q27J81	SINGLE PROTEIN	Homo sapiens	1	2	9606	False
CHEMBL6066416	Lysophospholipid acyltransferase 5	Q6P1A2	SINGLE PROTEIN	Homo sapiens	1	2	9606	False
CHEMBL4523446	Gasdermin-D	Q9D8T2	SINGLE PROTEIN	Mus musculus	6	7	10090	False
CHEMBL3286077	Eotaxin	P51671	SINGLE PROTEIN	Homo sapiens	3	3	9606	False
CHEMBL1947	Thyroid hormone receptor beta	P10828	SINGLE PROTEIN	Homo sapiens	6416	8117	9606	False
CHEMBL3935	Aurora kinase C	Q9UQB9	SINGLE PROTEIN	Homo sapiens	1126	1899	9606	False
CHEMBL2096667	c-Jun N-terminal kinase, JNK	P45983|P53779|P45984	PROTEIN FAMILY	Homo sapiens	560	700	9606	False
CHEMBL2487	Amyloid-beta precursor protein	P05067	SINGLE PROTEIN	Homo sapiens	5306	10489	9606	False
CHEMBL2940	Low affinity immunoglobulin epsilon Fc receptor	P06734	SINGLE PROTEIN	Homo sapiens	88	92	9606	False
CHEMBL4105966	Glucocorticoid receptor	A0A8C0QLS2	SINGLE PROTEIN	Canis lupus familiaris	3	8	9615	False
CHEMBL4703	Serine/threonine-protein phosphatase 2A catalytic subunit alpha isoform	P67775	SINGLE PROTEIN	Homo sapiens	24	32	9606	False
CHEMBL3430911	Serine/threonine-protein kinase Aurora	Q96GD4|Q9UQB9|O14965	PROTEIN FAMILY	Homo sapiens	4	8	9606	False
CHEMBL3032	Serine/threonine-protein kinase N2	Q16513	SINGLE PROTEIN	Homo sapiens	1615	2136	9606	False
CHEMBL4523964	COX-1/COX-2	P35354|P23219	SELECTIVITY GROUP	Homo sapiens	296	307	9606	False
CHEMBL205	Carbonic anhydrase 2	P00918	SINGLE PROTEIN	Homo sapiens	11528	19328	9606	False
CHEMBL2096670	Glutamate receptor ionotropic AMPA	P48058|P42263|P42262|P42261	PROTEIN COMPLEX GROUP	Homo sapiens	208	312	9606	False
CHEMBL3038501	JNK1/JNK2	Q91Y86|Q9WTU6	PROTEIN FAMILY	Mus musculus	3	6	10090	False
CHEMBL2176856	C-type lectin domain family 6 member A	Q6EIG7	SINGLE PROTEIN	Homo sapiens	6	6	9606	False
CHEMBL2163170	UDP-3-O-acyl-N-acetylglucosamine deacetylase	B5ATN6	SINGLE PROTEIN	Pseudomonas aeruginosa	32	32	287	False
CHEMBL5465325	2-acylglycerol O-acyltransferase 3	Q86VF5	SINGLE PROTEIN	Homo sapiens	1	1	9606	False
CHEMBL4295956	Glucocorticoid receptor	Q9N1U3	SINGLE PROTEIN	Sus scrofa	2	5	9823	False
CHEMBL3734645	2-C-methyl-D-erythritol 4-phosphate cytidylyltransferase	Q2SWT6	SINGLE PROTEIN	Burkholderia thailandensis (strain ATCC 700388 / DSM 13276 / CIP106301 / E264)	6	12	271848	False
CHEMBL3739251	Zinc metalloproteinase dpy-31	A0A0C5PRQ1	SINGLE PROTEIN	Teladorsagia circumcincta	5	5	45464	False
CHEMBL2331057	Mitogen-activated protein kinase 10	Q61831	SINGLE PROTEIN	Mus musculus	1	1	10090	False
CHEMBL5724666	Host cell factor 1	P51610	SINGLE PROTEIN	Homo sapiens	3	11	9606	False
CHEMBL5724617	H/ACA ribonucleoprotein complex non-core subunit NAF1	Q96HR8	SINGLE PROTEIN	Homo sapiens	1	7	9606	False
CHEMBL3014	Proto-oncogene tyrosine-protein kinase Src	Q9WUD9	SINGLE PROTEIN	Rattus norvegicus	52	67	10116	False
CHEMBL4523929	Adhesion G-protein coupled receptor G1	Q9Y653	SINGLE PROTEIN	Homo sapiens	2	2	9606	False
CHEMBL6067622	Immunoglobulin heavy constant gamma 4	P01861	SINGLE PROTEIN	Homo sapiens	1	1	9606	False
CHEMBL5725099	SWI/SNF complex subunit SMARCC2	Q8TAQ2	SINGLE PROTEIN	Homo sapiens	3	10	9606	False
CHEMBL2366480	4-diphosphocytidyl-2-C-methyl-D-erythritol kinase	P62615	SINGLE PROTEIN	Escherichia coli (strain K12)	5	5	83333	False
CHEMBL6066141	von Hippel-Lindau disease tumor suppressor/Cyclin-dependent kinase 9	P50750|P40337	PROTEIN-PROTEIN INTERACTION	Homo sapiens	1	1	9606	False
CHEMBL5724656	INO80 complex subunit C	Q6PI98	SINGLE PROTEIN	Homo sapiens	1	6	9606	False
CHEMBL4523396	Bifunctional peptidase and arginyl-hydroxylase JMJD5	Q8N371	SINGLE PROTEIN	Homo sapiens	27	27	9606	False
CHEMBL5169301	BLM/c-MYC G4 quadruplex DNA		PROTEIN NUCLEIC-ACID COMPLEX	Homo sapiens	4	4	9606	False
CHEMBL5169302	DHX36/c-MYC G4 quadruplex DNA		PROTEIN NUCLEIC-ACID COMPLEX	Homo sapiens	4	4	9606	False
CHEMBL6066868	Protein transport protein Sec24C	P53992	SINGLE PROTEIN	Homo sapiens	2	4	9606	False
CHEMBL5291977	GTPase KRas/RAF1	P04049|P01116	PROTEIN-PROTEIN INTERACTION	Homo sapiens	10	10	9606	False
CHEMBL6067228	rRNA methyltransferase 1, mitochondrial	Q6IN84	SINGLE PROTEIN	Homo sapiens	1	2	9606	False
CHEMBL3580523	Prosaposin	P07602	SINGLE PROTEIN	Homo sapiens	3	12	9606	False
CHEMBL6067038	Peptidyl-prolyl cis-trans isomerase H	O43447	SINGLE PROTEIN	Homo sapiens	2	4	9606	False
CHEMBL6066991	Mitochondrial proton/calcium exchanger protein	O95202	SINGLE PROTEIN	Homo sapiens	1	2	9606	False
CHEMBL1906	RAF proto-oncogene serine/threonine-protein kinase	P04049	SINGLE PROTEIN	Homo sapiens	5327	16104	9606	False
CHEMBL2808	Oxysterols receptor LXR-alpha	Q13133	SINGLE PROTEIN	Homo sapiens	1773	4563	9606	False
CHEMBL5483196	Protein cereblon-KRAS	P01116|Q96SW2	PROTEIN-PROTEIN INTERACTION	Homo sapiens	7	10	9606	False
CHEMBL1743128	ATP-binding cassette sub-family C member 4	O15439	SINGLE PROTEIN	Homo sapiens	707	785	9606	False
CHEMBL5725092	Structural maintenance of chromosomes protein 4	Q9NTJ3	SINGLE PROTEIN	Homo sapiens	3	10	9606	False
CHEMBL4748223	von Hippel-Lindau disease tumor suppressor/PARP1	P09874|P40337	PROTEIN-PROTEIN INTERACTION	Homo sapiens	14	22	9606	False
CHEMBL3917	Thyroid hormone receptor beta	P18113	SINGLE PROTEIN	Rattus norvegicus	104	299	10116	False
CHEMBL5291685	Protein cereblon/DNA damage-binding protein 1/Tyrosine-protein kinase Lck	P06239|Q96SW2|Q16531	PROTEIN-PROTEIN INTERACTION	Homo sapiens	3	3	9606	False
CHEMBL4051	Cystic fibrosis transmembrane conductance regulator	P13569	SINGLE PROTEIN	Homo sapiens	1363	3589	9606	False
CHEMBL4093	Oxysterols receptor LXR-beta	P55055	SINGLE PROTEIN	Homo sapiens	2560	5665	9606	False
CHEMBL4105978	Voltage-gated potassium channel KCNC1	P15388	SINGLE PROTEIN	Mus musculus	1	1	10090	False
CHEMBL3105	Poly [ADP-ribose] polymerase 1	P09874	SINGLE PROTEIN	Homo sapiens	5553	9877	9606	False
CHEMBL1841	Tyrosine-protein kinase Fyn	P06241	SINGLE PROTEIN	Homo sapiens	4368	11093	9606	False
CHEMBL2023	Catechol O-methyltransferase	P21964	SINGLE PROTEIN	Homo sapiens	274	409	9606	False
CHEMBL5608	NT-3 growth factor receptor	Q16288	SINGLE PROTEIN	Homo sapiens	2039	2767	9606	False
CHEMBL2111337	Atrial natriuretic peptide receptor	P20594|P16066|P17342	PROTEIN FAMILY	Homo sapiens	38	49	9606	False
CHEMBL2096909	Interleukin-8 receptors, CXCR1/CXCR2	P25025|P25024	PROTEIN FAMILY	Homo sapiens	242	287	9606	False
CHEMBL4523942	Amyloid-beta precursor protein	P12023	SINGLE PROTEIN	Mus musculus	3	6	10090	False
CHEMBL2634	Tyrosine-protein kinase CSK	P41240	SINGLE PROTEIN	Homo sapiens	1658	2652	9606	False
CHEMBL2860	Prostaglandin G/H synthase 1	O62664	SINGLE PROTEIN	Bos taurus	134	168	9913	False
CHEMBL2095180	Carbonic anhydrase	P00918|P43166|P00915|P07451|P23280|O43570|Q9ULX7|Q16790|P22748|Q8N1Q1|Q9Y2D0|P35218	PROTEIN FAMILY	Homo sapiens	124	131	9606	False
CHEMBL4179	Mitogen-activated protein kinase 9	P45984	SINGLE PROTEIN	Homo sapiens	3891	5530	9606	False
CHEMBL5568	Proto-oncogene tyrosine-protein kinase ROS	P08922	SINGLE PROTEIN	Homo sapiens	1772	2966	9606	False
CHEMBL4523307	Genome polyprotein	Q32ZE1	SINGLE PROTEIN	Zika virus	27	27	64320	False
CHEMBL3217394	Insulin-like growth factor I	P05019	SINGLE PROTEIN	Homo sapiens	1	1	9606	False
CHEMBL258	Tyrosine-protein kinase Lck	P06239	SINGLE PROTEIN	Homo sapiens	6886	11854	9606	False
CHEMBL3561	Gamma-aminobutyric acid receptor subunit rho-1	P24046	SINGLE PROTEIN	Homo sapiens	135	233	9606	False
CHEMBL4071	Cathepsin G	P08311	SINGLE PROTEIN	Homo sapiens	1435	2378	9606	False
CHEMBL299	Protein kinase C alpha type	P17252	SINGLE PROTEIN	Homo sapiens	4076	6223	9606	False
CHEMBL4598	Serine/threonine-protein kinase 4	Q13043	SINGLE PROTEIN	Homo sapiens	1828	3790	9606	False
CHEMBL3344	Fatty acid-binding protein, heart	P05413	SINGLE PROTEIN	Homo sapiens	259	440	9606	False
CHEMBL5680	Multidrug resistance-associated protein 1	Q8CG09	SINGLE PROTEIN	Rattus norvegicus	2	8	10116	False
CHEMBL3863	Serine/threonine-protein kinase D1	Q15139	SINGLE PROTEIN	Homo sapiens	1250	2080	9606	False
CHEMBL4804244	Myristoylated alanine-rich C-kinase substrate	P29966	SINGLE PROTEIN	Homo sapiens	1	2	9606	False
CHEMBL612462	Enterovirus C		ORGANISM	Enterovirus C	272	520	138950	False
CHEMBL3982	Tyrosine-protein kinase Fer	P16591	SINGLE PROTEIN	Homo sapiens	1682	2550	9606	False
CHEMBL4523750	Protein cereblon/Tyrosine-protein kinase ABL1	P00519|Q96SW2	PROTEIN-PROTEIN INTERACTION	Homo sapiens	6	17	9606	False
CHEMBL5921	Protein O-GlcNAcase	O60502	SINGLE PROTEIN	Homo sapiens	937	3224	9606	False
CHEMBL4523925	G-protein coupled receptor family C group 5 member D	Q9NZD1	SINGLE PROTEIN	Homo sapiens	2	2	9606	False
CHEMBL4917	Complement C3	P01024	SINGLE PROTEIN	Homo sapiens	70	152	9606	False
CHEMBL3045	Protein kinase C beta type	P05771	SINGLE PROTEIN	Homo sapiens	2012	4535	9606	False
CHEMBL274	C-C chemokine receptor type 5	P51681	SINGLE PROTEIN	Homo sapiens	3513	5982	9606	False
CHEMBL3712964	C-X-C motif chemokine 10	P02778	SINGLE PROTEIN	Homo sapiens	12	13	9606	False
CHEMBL3604	Protein kinase C gamma type	P63319	SINGLE PROTEIN	Rattus norvegicus	114	137	10116	False
CHEMBL2864	Methylated-DNA--protein-cysteine methyltransferase	P16455	SINGLE PROTEIN	Homo sapiens	187	451	9606	False
CHEMBL3244	ATP-binding cassette sub-family C member 9	Q63563	SINGLE PROTEIN	Rattus norvegicus	55	82	10116	False
CHEMBL3559683	Peroxisome proliferator-activated receptor	P37231|Q07869|Q03181	PROTEIN FAMILY	Homo sapiens	85	137	9606	False
CHEMBL2041	Proto-oncogene tyrosine-protein kinase receptor Ret	P07949	SINGLE PROTEIN	Homo sapiens	6484	78255	9606	False
CHEMBL285	Sterol O-acyltransferase 1	O70536	SINGLE PROTEIN	Rattus norvegicus	1679	2344	10116	False
CHEMBL2073681	ATP-binding cassette sub-family C member 2	Q8VI47	SINGLE PROTEIN	Mus musculus	14	18	10090	False
CHEMBL1649052	C-C motif chemokine 2	P13500	SINGLE PROTEIN	Homo sapiens	73	105	9606	False
CHEMBL3273	Sodium/hydrogen exchanger 3	P48764	SINGLE PROTEIN	Homo sapiens	494	1822	9606	False
CHEMBL2637	Mitogen-activated protein kinase 10	P53779	SINGLE PROTEIN	Homo sapiens	3106	4553	9606	False
CHEMBL3116	Cyclin-dependent kinase 9	P50750	SINGLE PROTEIN	Homo sapiens	2791	5434	9606	False
CHEMBL1862	Tyrosine-protein kinase ABL1	P00519	SINGLE PROTEIN	Homo sapiens	8245	25804	9606	False
CHEMBL208	Progesterone receptor	P06401	SINGLE PROTEIN	Homo sapiens	4692	8763	9606	False
CHEMBL3618	Coagulation factor V	P12259	SINGLE PROTEIN	Homo sapiens	18	46	9606	False
