gene,gene_effect,z_score,mean,stddev
SH3RF1,-0.8483377054269999,-5.174017555213605,0.018948116587866957,0.1676232855338779
NRAS,-1.55556455884,-5.107752841591423,-0.08604763726136103,0.2877032164932988
ADK,-0.660093099253,-4.9726242533099,-0.007233911566007402,0.13129067358194893
BIRC3,-0.6745384776019999,-4.847694137468142,-0.03007459231774888,0.13294235713081562
CTSC,-0.7944520574959999,-4.785604422736583,0.06721367228943315,0.18005368886981704
BHLHE40,-0.7722022597920001,-4.7215019521253625,-0.041090030934302114,0.1548473846396677
OR7C2,-0.989136257616,-4.674739631681855,-0.07461010877698543,0.19563146204786402
LEP,-0.660771079753,-4.664870622334153,-0.011612416473041147,0.13915898549725278
EMX1,-0.9059243908490001,-4.657427693987833,-0.07816982693625144,0.17772783997941144
ZNF268,-0.657671401508,-4.581852108703545,0.005731305391873371,0.1447892012140012
ELMO1,-0.38782353674900005,-4.560092677758339,0.07605471141217718,0.10172561852168574
TLR10,-0.747174258706,-4.507259617400927,-0.04609053173732123,0.1555454503357303
JOSD1,-0.5142195396989999,-4.500841131323621,0.08906260903900898,0.1340376456612664
EDIL3,-0.9532682538189999,-4.467920450017101,0.042253884493048975,0.2228155468408661
ACSM1,-0.638844026323,-4.460988353632869,0.10271663207188753,0.16623236816814083
MPDU1,-0.763046259853,-4.457503841834124,0.04749674134806164,0.18183786934607518
PHLPP1,-0.515233826218,-4.456681062947358,0.019214099825203123,0.11992061323090374
STEAP3,-0.5995958899399999,-4.399301387357745,0.06974958707435476,0.1521481294593387
CDADC1,-0.674695351074,-4.360620822465129,-0.002396509170242836,0.15417502903260824
OCRL,-0.7517197113449999,-4.29744666548745,-0.06360496784150554,0.1601217646351972
H2AC6,-1.27166714175,-4.287574618821966,-0.2116447390107639,0.24723124306358615
PHLPP2,-0.648426639745,-4.277185742701052,0.06817570932727791,0.16754061950551205
LPA,-0.426240507244,-4.2368874391363525,0.04497466587511245,0.11121729804914642
C8G,-0.54406588485,-4.186818738030368,0.004199531616123297,0.1309503589171494
PKHD1,-0.602424867394,-4.174241053717769,-0.004199846980591087,0.14331348207133426
PLSCR1,-0.40375637554399996,-4.117621193001019,0.07229089161135158,0.11561220540746173
EAF2,-0.693051878451,-4.099120425493682,-0.024229601872405315,0.16316238781836823
S100B,-0.832187874821,-4.092744793330577,-0.19265817577889766,0.15625936415196523
RBKS,-0.545842780467,-4.033911361458322,-0.021439025705969974,0.1299988293672992
CDK5RAP1,-0.995070706626,-4.018435910226783,-0.263371546365131,0.18208556179749424
KRT4,-0.726190287268,-4.015418711739154,-0.07219633321256338,0.1628706745185683
SLC1A3,-0.718778014791,-4.007689019380572,-0.12383365417039807,0.14845073002010434
CD14,-0.713059654514,-3.985974693899049,-0.04143745967304694,0.16849635193844584
EXT2,-0.7166711227089999,-3.9769049344212664,-0.008873719211901835,0.17797694819680152
DTNBP1,-0.5086464034679999,-3.976303914120579,0.12601565750429222,0.1596110545570955
OR8G5,-0.49996352898400004,-3.9673021432497455,0.032134674579857504,0.134120917528101
GJD2,-0.52343853757,-3.930381719958278,-0.025597225844222186,0.12666487562715983
SYNCRIP,-0.621418509568,-3.9178361287073655,-0.04069234258204189,0.14822625242816384
TRIB3,-0.530219671634,-3.9099933716699224,0.0830525452218609,0.15684738017699962
NAA25,-0.377209895628,-3.909809274918823,0.09770970377508097,0.12146873824502384
LCOR,-0.596411092125,-3.90931583905905,0.027322481257347757,0.15955057075472234
FGF19,-0.632906028233,-3.8774438622314054,-0.07491248250602588,0.14390757559694442
LRCH4,-0.634524652968,-3.8678270109523654,0.028105067326265235,0.17131834449108613
PREX1,-0.455289445419,-3.844755473845987,0.019080951863146147,0.12338116182135864
UCK1,-0.690832250027,-3.83704903125076,0.04121700755801399,0.19078444179963694
ERP44,-0.6920669141069999,-3.8270190054365374,-0.04929210481478355,0.16795704656264096
CDK20,-0.48873022873599997,-3.805655173387509,0.08012312517371402,0.14947580061578816
OBSCN,-0.426940897002,-3.7907080953203476,0.06414519444978788,0.12954996246164052
ESRRA,-0.535417801929,-3.775471489289847,-0.018755525335041698,0.13684708732660586
HECW1,-0.732712643484,-3.7608188438773595,-0.12378968120771662,0.1619123354658825
ACVR1B,-0.627613741085,-3.7433428622207914,-0.032453800656163274,0.15899156511561155
GHR,-0.395635128642,-3.7222178404658006,0.09340766603368322,0.1313847860700394
TOM1,-0.636138651711,-3.7079099722625104,0.06625706701992479,0.1894317078853815
CLK3,-0.526554717677,-3.7006557633708916,0.028638701439306784,0.15002568588292214
TMLHE,-0.539646589431,-3.681689689473445,-0.07171944138984962,0.127095759693988
GLS,-0.749468603246,-3.627914862406597,-0.005051517614851822,0.2051914429814748
GABRB3,-0.571391828792,-3.626584260096979,-0.051539694251014935,0.14334483835406148
PRSS41,-0.548979978258,-3.6127808958685037,0.0040600598100054034,0.15307876508659848
DNAJC6,-0.361073937192,-3.600422279483819,0.08567096491886288,0.12408125142890496
MBD1,-0.6041730107450001,-3.5994896512336947,-0.06304707183892157,0.15033407269850385
RABIF,-0.8528202695370001,-3.5944485518013765,-0.09211336861015985,0.21163382643093
MINK1,-0.43514806825900004,-3.5849471068608616,0.014880876685443429,0.12553293857060802
ABCG8,-0.46274451356299995,-3.5834347871953627,-0.013583791194942072,0.12534362951798023
IFITM1,-0.53252882956,-3.578821570142443,0.08889796234114059,0.17364005992520234
MBOAT2,-0.59467470846,-3.528442862480545,-0.07482224205305421,0.14733197806170006
UBXN6,-0.362491507293,-3.5244721748675003,0.058642200970284955,0.11948844745216838
GLT8D2,-0.548971787764,-3.5150847539234804,0.0468615751774382,0.16950753812589545
THOC6,-0.916410727553,-3.5081087096118893,-0.205565409326905,0.20262921621512053
CDKL4,-0.628353490017,-3.5069986123817296,-0.07891638538578158,0.15666875449890064
VIRMA,-0.45709971539099997,-3.4671693423024688,0.09377127930562053,0.1588820563147918
ZNF554,-0.39371293562299997,-3.4644976531460987,0.06172492898553011,0.13145855769160314
ID3,-0.7147070067669999,-3.4623516741661375,-0.1153960932930529,0.17309359934336632
GNG5,-0.57997100166,-3.4618265715099956,0.020780511464257134,0.17353599341697193
REV3L,-0.618113381856,-3.459177573962222,-0.04757440207946767,0.1649348631510188
DNAH11,-0.475640357321,-3.4499558304708735,0.08551812121375188,0.162656713914555
HMGB3P1,-0.591822775756,-3.449133285496503,-0.02532677696356254,0.1642430001689222
AGAP6,-0.556005893032,-3.443704370675232,-0.04055476474053977,0.14967926186718286
PITRM1,-0.549623683991,-3.4233104535354766,-0.056185194274703844,0.14414073640522143
ABCG4,-0.462292647174,-3.3709377486258014,0.04039786345325163,0.1491248276038852
STARD8,-0.5117436317849999,-3.3631073137479706,-0.009898462007000019,0.14922068282701487
CFAP251,-0.42381658796800004,-3.3599866082228123,0.057985101943737995,0.14339393161051198
RPE,-0.451907890201,-3.35134040303618,0.007281590463113614,0.1370166636155809
PLCL2,-0.5933909694,-3.3489721203618776,0.0778685147734015,0.20043746560089837
AQP3,-0.502192862347,-3.3436218997464584,0.012194310703371378,0.15384130995474596
RGS17,-0.563941127051,-3.3434037779585837,0.011444283272327884,0.1720956990347863
CBL,-0.48029764828599997,-3.339581125235427,0.009312336538779028,0.14660820218591442
CD86,-0.481456779675,-3.334779652173641,-0.04957668597680784,0.12950783522284257
EPS8L3,-0.356333872394,-3.3192348556501776,0.03251345370984611,0.11714968750762832
FST,-0.6772050240080001,-3.311151147527685,-0.17570246873621195,0.15145867190213944
RB1CC1,-0.7220262444660001,-3.285533910260095,-0.08909588540838027,0.1926415542634027
LYAR,-0.348001583854,-3.277368877494324,0.06342386513335142,0.12553528893638063
RIT2,-0.817591273216,-3.274788278458221,-0.18763803617027633,0.19236456939509608
RNF112,-0.526795505052,-3.2650439627609202,0.026373285742281788,0.16942154442739032
SCN11A,-0.639347963165,-3.262054630700562,-0.09048310261808971,0.16825740911305204
RGS1,-0.375598872422,-3.256515776233883,0.14338287988101742,0.1593671850419263
CAPN12,-0.5020058629559999,-3.247673495844678,0.09807360961161145,0.18477210635102298
OR5T1,-0.357907125006,-3.2474004445255376,0.0787137231930662,0.1344524199148648
MPHOSPH9,-0.7335202524950001,-3.247277655128168,-0.12374900628165315,0.1877792141520093
RHBDL2,-0.533550338369,-3.2450319023107776,0.058690304323018964,0.18250687836698495
SCGB3A2,-0.456304507959,-3.228409732162257,-0.0030664437543555974,0.14039050238554573
GNG13,-0.499621404383,-3.2280402312329026,0.0320709889674233,0.1647105845230904
LMAN1,-0.310204638717,-3.2268995733480925,0.09766860631443078,0.12639787379817308
DNAH5,-0.5113336492589999,-3.2263152679644067,-0.05692489915619468,0.1408444966971586
SIGLEC7,-0.713881964783,-3.2028303987097755,-0.11474063459875794,0.18706620569905902
ABCF2,-0.41958395756300004,-3.198096519162417,0.008771342969451704,0.13394070440520606
DERL1,-0.48027792118900003,-3.1943162523440014,0.03984126977803009,0.162826454827497
CLIC3,-0.294826575462,-3.1861978302760052,0.1537678080581193,0.14079301016950968
PAX1,-0.640734540059,-3.179850901335991,-0.0358361206737414,0.19022854786402563
GLS2,-0.397530399997,-3.1794066131287293,0.006375124073418918,0.12703802099504075
UBASH3B,-0.6032765277059999,-3.1777607383673283,-0.0755423988000634,0.1660710709067027
CCL2,-0.625773735088,-3.1761804866243217,-0.016935731356544477,0.19168872999989212
UGT1A3,-0.530761560058,-3.176158006069986,0.05549969283526043,0.1845818916353818
TYK2,-0.680983216594,-3.1700418532672865,-0.15550176210720187,0.16576483176245665
FZD1,-0.617181302557,-3.1675605163236598,-0.09693226946226476,0.16424280780546782
ITPR1,-0.5591776045669999,-3.148930626327086,0.02619677153689802,0.18589624401687085
CACNA1H,-0.389431748715,-3.1472074419232237,0.08045137209583521,0.14930160451187
MYO7A,-0.452135563271,-3.144515054719487,0.027440224006429724,0.15251184329922418
SPRING1,-0.441894595892,-3.143417202855645,0.06372410218475918,0.16085001304231225
OPHN1,-0.426588390381,-3.140503284451665,0.0563642335472743,0.15378191970673208
WNT2,-0.36288024095399996,-3.1400556453277617,0.03410525733123376,0.12642626218294167
HSD17B7,-0.5595355314079999,-3.1308325562050974,-0.11126350046084772,0.14317981651835948
SRGN,-0.5312165961,-3.1297205603579115,-0.06505643079174311,0.148946257762689
SRMS,-0.5364783267100001,-3.12834748896865,-0.05066403031108895,0.15529422422285763
TDRD9,-0.44136928474799997,-3.11917636353662,-0.013254576225647961,0.13725248547246047
TRIM6-TRIM34,-0.409761416321,-3.103479236143865,0.09386154495404565,0.16227689085518332
PCDHB4,-0.465398142513,-3.1007322806202375,0.018983089085905375,0.15621510912964562
CLCA1,-0.558434990592,-3.0963008443849334,0.041114580951626525,0.19363414657554842
EHBP1,-0.26063514930799997,-3.0934332167418135,0.17768774097609089,0.141694634916269
MAP2K1,-0.703009560274,-3.0934253235743094,-0.07113472505642018,0.20426380763168958
TRIM23,-0.46299769656900003,-3.0888045293747664,-0.0014010570198446776,0.14944184235659336
AGFG1,-0.562540632464,-3.080482567170505,-0.07077664026783392,0.15963862202533505
SMPDL3B,-0.6717584385430001,-3.0790576372985634,-0.06402189860716344,0.1973774484030248
GABRE,-0.233580202662,-3.0763420627152143,0.11221842456089451,0.11240577938777352
S100A4,-0.63787504321,-3.0756137382450652,-0.035677591858666,0.1957974903880309
MASP1,-1.3145084973799999,-3.0710095342281964,-0.5225554088393172,0.2578803744221249
ZNF771,-0.363376629582,-3.0689099531922532,0.16191954824742674,0.17116702211579007
MEIS1,-0.547393594501,-3.068316493141456,0.0033491671851137426,0.17949346585242348
ZNF573,-0.520203070624,-3.0602638655275296,-0.0055220883142996354,0.16818189702768632
LIMK1,-0.572226646557,-3.0575153342804837,-0.09838356676659492,0.15497651785347893
AIP,-0.46254953106200003,-3.0528758651042205,0.0455241007925681,0.16642459579247362
PDK4,-0.455853045912,-3.0473644402720867,0.0539784658853431,0.16730244176237166
PPM1E,-0.47156617447,-3.044369495471867,0.03138483832199523,0.16520695452377715
MAP4K3,-0.6067934783519999,-3.036494565177162,-0.03733641056934829,0.18753765421260585
CMSS1,-0.291225293954,-3.0339967656173874,0.06720450955215213,0.11813783309462933
F2RL1,-0.401180583468,-3.026744695557823,-0.011414016309352366,0.12877418030357346
SOAT2,-0.596559737247,-3.0265408174812816,0.10686314909459724,0.23241810659834186
BHLHA15,-0.275357535305,-3.02555705848546,0.031528350814248936,0.10143120099439491
ADA,-0.5760569438,-3.0224678607023376,0.004531713524058665,0.19209092836776964
NR3C2,-0.5555894039239999,-3.0170992389261473,-0.10847243929301685,0.14819431819223883
CALCR,-0.526251087989,-3.011323960034084,-0.0319515658020088,0.1641469097138909
HPX,-0.533265110539,-3.003167888893817,0.06208379160422148,0.19824029963323547
CELSR2,-0.697176972606,-2.9967994779204035,-0.15503284809942391,0.1809077078733313
RAB5B,-0.35723589234700004,-2.993234944570416,0.05401793520598208,0.13739443617647748
ZNF200,-0.512103728359,-2.9922522040867143,0.024789555720989433,0.17942781806517483
CPNE2,-0.5842114239239999,-2.987285751570806,-0.09679675909381073,0.16316305347551424
NUP153,-0.376493764585,-2.9663312172990466,-0.0026110168920777423,0.12604214442153772
TRAT1,-0.499545316882,-2.963120617167015,-0.036761290915830476,0.15618129862314847
ALOX15,-0.48140293469499995,-2.9574908004616365,-0.017690531559439025,0.156792509063149
SLC22A1,-0.34688343777099995,-2.9552258734717625,0.10446076727285278,0.1527274815422549
DDI2,-0.7463185322920001,-2.9525424682312527,-0.14012731719105698,0.2053115989434311
PAQR8,-0.5541416756199999,-2.9474135133343826,-0.07358556771432931,0.1630433278980328
RAB26,-0.341698199527,-2.94057270601232,0.04668865861551348,0.13207864486683643
RAB5C,-0.508832561419,-2.934489776444204,-0.05902522748439513,0.15328297871245197
STK38,-0.464974870062,-2.932011621166404,0.07284820206244048,0.18343142579717517
CYP20A1,-0.634845340699,-2.9288625780241238,-0.04067828828824432,0.20286614225908617
CACNA2D1,-0.436955411518,-2.9284991352747665,-0.02070637102266623,0.14213732743898494
IFT25,-0.692281323318,-2.927235065301992,-0.15763642345284432,0.18264501754661727
IL31RA,-0.19656437283,-2.925326264901999,0.1559424531852565,0.12050171300364877
TEAD3,-0.507416856753,-2.9222273401716894,-0.09305089130483812,0.1417979907832279
EZH1,-0.48807980804300005,-2.920091361591892,-0.059366744750374775,0.14681494864561762
TAF7,-0.37679216799599996,-2.907082243812634,0.04801803573187995,0.14612940677273098
GABRQ,-0.428080455004,-2.9035132395704326,0.019038078378667646,0.15399224886910373
DCP1A,-0.343979165749,-2.9023940358246834,0.28055090641989266,0.21517756185418818
PIK3C2A,-0.62247483803,-2.8989314247362588,-0.10499632322998081,0.17850664226978005
SEMA3B,-0.375268661759,-2.8956634679078506,-0.033716899798946556,0.11795285113253455
SMARCA1,-0.486613825846,-2.8941872259919657,-0.054511083594115446,0.14930020365347438
SERPINB12,-0.288187603538,-2.8825831424222508,0.07679272433527772,0.12661571578004258
RYR3,-0.339755067773,-2.87847947773345,0.07202418844459677,0.14305443530270948
KIF5A,-0.479309604371,-2.87454931582911,-0.010452350950705663,0.16310635230311268
ZNF597,-0.29590492451699996,-2.872934604596273,0.08519478590719583,0.13265171779910767
DPEP2,-0.779819668033,-2.8720036045696027,-0.15225353551517265,0.21851161033339794
VN1R5,-0.402168210746,-2.8715968095707383,0.043054391247911675,0.15504356339651523
PGRMC1,-0.401960458337,-2.869938726395099,0.019010192244957865,0.1466828008243698
NOS1,-0.412551732329,-2.8684972994707367,-0.044132319437385194,0.12843638129259924
CYP2J2,-0.584890141272,-2.867836775768626,-0.06938506999126819,0.17975397890020026
A4GNT,-0.363384827029,-2.8675484230243473,-0.00519827802990459,0.12491037505177438
SCNN1D,-0.446293601787,-2.8650436368714884,-0.021437346621287774,0.14828962801754672
SLC28A1,-0.568153521387,-2.8602528926580053,-0.01971115413787408,0.19174611051243928
AIM2,-0.766712176751,-2.856147804421066,-0.1073424984958469,0.23085978857064285
CEACAM5,-0.432903651781,-2.8550771924064526,-9.542711074018612e-05,0.1515924773667712
WFIKKN2,-0.751306971697,-2.8439028826143797,-0.2534385063965529,0.1750652134937745
NCOA7,-0.534128026201,-2.843878077714097,-0.0002766018328723323,0.18771951883297197
MRAS,-0.435317447141,-2.83545898026783,-0.022182642115454777,0.14570297362810786
SPI1,-0.462020921953,-2.8342610029662443,0.027542567904657613,0.17273055986914987
EXOC6,-0.413530696509,-2.823367446441595,0.10486529350227715,0.18360911211349154
KRT6A,-0.47105474766800004,-2.815727595256662,-0.05422452811477729,0.14803641526098246
SLC9C1,-0.577865639343,-2.808087306183391,-0.12437143395080268,0.16149576417855876
CLCN2,-0.541201548745,-2.807404599557337,-0.11028347743504906,0.1534933979156039
FABP5P3,-0.399287149286,-2.805949060741882,0.09014193295977789,0.17442550511461344
HS3ST3A1,-0.31995578265,-2.7931455976692483,0.05649824135695348,0.13477780188798144
OPTN,-0.415853306014,-2.793123909318163,0.04388246051838471,0.16459555016469427
ST8SIA2,-0.41579165586499994,-2.7913217028420676,0.13995767565754713,0.1990989899002663
MTA1,-0.420439375708,-2.7876750031239217,-0.03464585515761496,0.13839257449955875
GPA33,-0.547981384216,-2.7786138874673996,0.004331295872163819,0.1987727343404217
GPM6B,-0.415053610787,-2.7751254249665247,-0.009099098199475986,0.14628330270601045
CDIPT,-0.683112769764,-2.7748607349745895,-0.17912849509537954,0.18162506979768686
PRG3,-0.41423800187700005,-2.7719075407324087,0.033523189330465726,0.1615353992251689
ARHGAP24,-0.380458217634,-2.769323806826679,-0.04659456335965756,0.1205578247842787
VDR,-0.42970462302,-2.7640487179580004,0.010999810684680908,0.15944163025833374
XRCC4,-0.470674544041,-2.762235081809778,0.06975340787816739,0.19564879016925904
FOLH1B,-0.302078122687,-2.756344795461914,0.10900392291066935,0.1491402840002023
PLCE1,-0.241335002452,-2.7535846576702774,0.12566912926685006,0.133282312819596
HK2,-0.519062802491,-2.75349237334383,-0.05686117819589408,0.16786014327463347
ABCB6,-0.307579061234,-2.752424795417411,0.02000852200275201,0.11901781432217938
EIF2B2,-1.33191125172,-2.7517008259770397,-0.5988960755401166,0.26638621802921236
NCR2,-0.5250577409830001,-2.7516245217811095,-0.025248792686402417,0.18164140650014066
CNGA2,-0.293829941661,-2.751347936380854,0.1176169162026757,0.14954373906082424
PTGR3,-0.357512903331,-2.7495020656036413,0.042472149888524775,0.14547545107288717
CXCL10,-0.440986669758,-2.7458880795379788,0.009204834605515615,0.1639511485257857
RAD18,-0.39726122491300003,-2.744598956314005,-0.0021785231156222417,0.14394915544527265
DEAF1,-0.485293996664,-2.7426812078666916,-0.020004385054480375,0.169647719273736
MSL3,-0.558216789466,-2.742452919001794,0.016279178700501284,0.2094825271879628
ST8SIA5,-0.20719932476599998,-2.7394696668058263,0.16997278440894759,0.13768070285469658
TFF1,-0.54885686837,-2.7373568714807037,-0.07830109298360773,0.17190150845470767
ARPC5,-0.44148117306,-2.736610891429458,0.001475798709732055,0.16186333729686914
PUS7,-0.252557752834,-2.729125475559738,0.1388405818200735,0.14341529481116969
GDF15,-0.43726222666299996,-2.724778443667225,-0.03347007248264028,0.14819265585384767
SLC36A4,-0.460978703653,-2.723394446099807,-0.06567142246616056,0.1451524151240603
LCN6,-0.458816062516,-2.7225695362887725,-0.025902278309723754,0.15900926622296516
KCNJ5,-0.614777984652,-2.7217838335571956,-0.17135548249710159,0.16291613488473616
GMPR,-0.281192053215,-2.720442501888306,0.12729098721611146,0.1501531607992363
EFCAB6,-0.323872692953,-2.719062400019757,0.07805386456850115,0.14781807049318937
ZNF485,-0.351397068237,-2.7181933419967983,0.10343414396777659,0.1673284991091382
LAMTOR3,-0.45102386230400004,-2.7174981320075333,0.03440617588836275,0.17863123160042604
CLXN,-0.41085800263800004,-2.716074627875448,0.05505579632165712,0.17153939519110398
DPRX,-0.246817697897,-2.714003064428506,0.014398233843031252,0.09624747118516468
THY1,-0.595467046809,-2.709233755756008,-0.006142126532380833,0.2175245746235613
AQP2,-0.455693700378,-2.704931864383931,-0.04166593800621749,0.15306402642644035
HSPA1A,-0.48200608272600004,-2.70479340866816,-0.0069978617086597925,0.17561719113003688
PARP11,-0.313117503142,-2.703959175726249,0.07737731686311607,0.14441594514837086
RBP1,-0.8490098719329999,-2.703869346993901,-0.15902579140709752,0.255183957498912
CLEC4A,-0.38760913783699996,-2.695483979168098,0.07082443591972319,0.17007467946376317
TFEC,-0.399813681664,-2.6944328770456485,-0.03250517746362204,0.13632126720600252
MYOD1,-0.490124758285,-2.6891729735193612,-0.05284136756548103,0.16260887455939274
VRK3,-0.38483725771,-2.683546586382082,0.028465276630821813,0.15401354924791158
CARHSP1,-0.37480084593,-2.678965140970964,0.04991359303124311,0.1585367545347416
ARHGAP22,-0.676867472668,-2.6769597995765655,-0.0978171310161835,0.2163089418613642
HLCS,-0.210284895127,-2.675973668781815,0.08391232209911828,0.10994025115353462
VLDLR,-0.67492192817,-2.672928935980828,-0.07268351253700354,0.22531029819990547
UGT2B15,-0.21856575562,-2.672280391441608,0.2763674943489848,0.18521007434477507
AP1G1,-0.360519103142,-2.670991589122923,0.04467175568977092,0.15170053716448578
REG1B,-0.370310415439,-2.666775224562611,0.21838768249362783,0.22075280005242387
SIN3B,-0.472768300177,-2.6665206983500593,-0.002234241499725573,0.17645993108863653
COG3,-0.45883134034100004,-2.6654978594420142,0.010192040625396224,0.17596089199808249
KRT18,-0.383721226404,-2.665065560637348,0.019660363055507703,0.15135897420963987
ZNF169,-0.35467746396,-2.664765850865537,0.13176614715086407,0.18254647437517385
PSKH2,-0.618702026393,-2.66407322279987,0.013561642707870636,0.23732968887258224
CASP1,-0.31907194544,-2.66032170381397,0.06395190845687804,0.14397651733162795
IFNA8,-0.329797155918,-2.6589804132209207,0.040561022220194115,0.13928578649797788
CD79B,-0.942600472475,-2.6589030856514895,-0.23506548650568088,0.26610032903698616
ADCY8,-0.36181767104199997,-2.656376881915343,0.020771948073901772,0.14402685918574962
CES5A,-0.38417467853200005,-2.654013488287771,-0.030669593431780575,0.13319641616753133
ALKBH2,-0.35051440968900005,-2.652250359988162,0.035604220753650544,0.14558151683854387
NDST2,-0.361179991948,-2.648555454655429,-0.0054094908644411795,0.13432624204949628
ZNF273,-0.430299702693,-2.6427674450004695,0.0248622324563516,0.17222928033657187
TSHR,-0.469526264601,-2.6398247625919966,-0.042488648322401214,0.1617674105986104
VPS11,-0.495765747345,-2.636008498664657,-0.04675951171713903,0.1703356555395468
ZSCAN31,-0.5540803584699999,-2.6333168487500918,-0.03232619561536179,0.19813573254668904
TMEM94,-0.442677429234,-2.6311885429676525,-0.06072753191195585,0.14516249637179263
RASSF9,-0.335251803059,-2.6299790698894268,0.06322263354228395,0.15151239839259906
APOA1,-0.46674768868999994,-2.6296868614990823,0.00645905172818762,0.1799479426034896
RAF1,-0.48954612945200005,-2.626564279427852,-0.07536802440337574,0.15768816635960847
HK3,-0.45384027513400005,-2.626486290663673,-0.03467390642971771,0.15959206419400934
ZNF174,-0.508723413956,-2.6222261901878063,-0.00480987368474588,0.19217012710683182
ZNF426,-0.486302772867,-2.6210174108782818,-0.010363948281071836,0.18158552576209133
ARHGEF3,-0.31895118706799996,-2.6182652987302846,0.032126328246366805,0.13408783116234255
AKR1C2,-0.64636922699,-2.6158226622152303,-0.14220360569703347,0.1927369269237884
IL7R,-0.376512292834,-2.615315689680828,-0.026794230985574582,0.13371925356020972
TNFAIP3,-0.35789811979900005,-2.608381441701695,-0.03512136068691126,0.12374599586995638
R3HDM2,-0.265787898049,-2.606094386415018,0.11780701371265838,0.14719148844387683
UBE2E4P,-0.415760968551,-2.6039750829862176,0.013442271558586821,0.16482617015573742
ST7L,-0.25002904855700003,-2.5969741199226726,0.17509951507683197,0.16370150182570575
RUNX3,-0.433853232868,-2.5954958985307757,-0.05393792154656379,0.14637484556862282
IRAK1,-0.508896529515,-2.594781463175839,0.06162962984118744,0.2198744547288008
GRK4,-0.687653718633,-2.5894105904608002,-0.1540931731736053,0.2060548247639802
DCST1,-0.44041618299999996,-2.5878213962073406,0.030549410215552193,0.18199308263923852
SCG3,-0.5702710899260001,-2.5860434981304263,-0.08775742576052496,0.18658373863947267
SULT1A1,-0.498351644582,-2.5852826166019374,-0.0664222048225417,0.16707242642863582
JAG2,-0.519378226222,-2.583650885915538,-0.11578198633727001,0.15621160044682755
RSPRY1,-0.44468637571599995,-2.5795113363894617,-0.0038104878913948616,0.17091449903906933
CNGA1,-0.41239118602799996,-2.57911873472755,-0.06690708520148693,0.13395432175130506
SLC13A2,-0.320785808495,-2.57704657690044,0.014812229690824116,0.13022583339935861
BRI3,-0.48721929053,-2.57357688743313,-0.02189594061873804,0.18080802333260484
PPIC,-0.243322388253,-2.5724853596322195,0.13820073596170315,0.14830915277560544
OR7E5P,-0.338173119701,-2.568707588846263,0.1538075160881852,0.19152847055283495
RGS8,-0.502055530322,-2.565198748865094,0.06340858333251177,0.220436764950352
ALG1L1P,-0.387830223372,-2.5624751140700663,0.014200766448444563,0.15689166603529864
PADI2,-0.475481330964,-2.5609485599738147,0.03325187651607706,0.19865030302884287
LONRF1,-0.328343498908,-2.5563748945538505,0.13102709777777555,0.17969609921628762
ATP2B1,-0.533223018834,-2.5560381475450353,-0.1676152786785322,0.14303688718676533
GPR15,-0.428494644975,-2.5559035284128537,0.0009697918786192764,0.1680284220744063
PLA2G12A,-0.33916263896399995,-2.555361551727502,0.05648376152921086,0.15482991055639148
SLC6A10P,-0.623862216135,-2.5541921206399514,-0.07874462402133711,0.2134207476832573
MMP7,-0.526885555009,-2.552139781095901,-0.11266155041107559,0.16230459149069598
SAPCD2,-0.41060579260200003,-2.551875914516498,-0.017399088302055814,0.15408535425377248
DMD,-0.334530684079,-2.550387536101573,0.05544270416181983,0.15290750237782239
MAN2B1,-0.41016330072400004,-2.5501338851458293,-0.0030483912636438608,0.15964452369804707
HMGXB4,-0.462402850816,-2.5450169905440228,-0.070894735380949,0.15383320303545883
GJB5,-0.44321470582500005,-2.5410759693906733,-0.02245904336100167,0.1655816935551485
CMBL,-0.21458513079799998,-2.53976492880664,0.1129255370921189,0.12895314214926434
NIM1K,-0.332339000198,-2.537604625117075,0.004283137706795635,0.1326535010903305
OAZ3,-0.293068557473,-2.5374403456066554,0.022379730822429538,0.12431751896812046
ANPEP,-0.381722503736,-2.5365095755297618,0.015247626619271237,0.1565025159711302
ABL1,-0.49939916467600004,-2.5358180337584377,-0.10420619151545472,0.15584437364963996
KDM6A,-0.421564747193,-2.5346835205109652,-0.0013335222030796793,0.1657923845676821
IL18RAP,-0.524495990988,-2.534318160375222,-0.06476760103374853,0.1814012136053927
PCDHA9,-0.6647617824350001,-2.5323160238909326,-0.16008814896739706,0.199293306485565
FOXF2,-0.459903428701,-2.53186061256435,-0.0751254911030304,0.1519743763493576
POLD3,-0.57708423167,-2.5299438416292506,-0.0574756591854131,0.20538344129803524
NHERF1,-0.660554215863,-2.5293160277711895,-0.04080045758432871,0.24502820188301763
AGBL3,-0.48716359299999995,-2.529100631363166,0.03940848070761642,0.20820526758707822
EBF1,-0.418261474155,-2.5270012938796835,0.0713963398124476,0.19377030599603695
OIT3,-0.424637230359,-2.526313909115078,0.04577520704802689,0.1862050617343131
ARHGEF5,-0.293712976513,-2.525974008181804,0.0008484001591513668,0.11661298798722662
HSF5,-0.417456519904,-2.52575497865267,-0.020273527312478272,0.157253176158597
MED13,-0.43608826686499996,-2.5235927404504883,0.017538344760664147,0.1797542861629436
TXK,-0.309974278913,-2.523325813811639,0.008062925397829402,0.12603889777928226
SNX27,-0.4732003715,-2.522350453729871,0.0008311957323085378,0.1879324764452714
CBLC,-0.230307870655,-2.519679964507701,0.04988642867934821,0.1112023365193893
H2BC15,-0.475908448742,-2.519346630116987,0.030000311930787272,0.20080950934857864
DUXA,-0.167932738543,-2.5173621763548475,0.1570000469771558,0.12907669328322874
TJP1,-0.318019928462,-2.516254173004249,0.026588783991403353,0.13695306147946185
ZNF611,-0.227382757834,-2.5102110103863082,0.08502801653496904,0.12445598122083397
RNF213,-0.34820266065600003,-2.502374249132387,-0.011655693465441055,0.13449106076249195
PHRF1,-0.348497443423,-2.4988487392510916,-0.03184228575946397,0.126720418362913
APOBR,-0.47309565507,-2.4985461976451395,-0.03419266672067532,0.1756633472548906
ZBTB25,-0.37057292558300003,-2.496892550090464,-0.003884499654421918,0.14685791181334285
OR2T10,-0.398575146756,-2.4944545709836685,-0.02252223891504372,0.15075556484985925
DLST,-0.9140413813339999,-2.4917069603326274,-0.29494739551840155,0.24846179573739008
TMPRSS11E,-0.445327073597,-2.491442452246318,0.02724534626398463,0.18967824018367632
NUP85,-1.3466789179799998,-2.4912807324430353,-0.751067838005121,0.2390782669405556
PLAGL2,-0.397364181565,-2.487253457336506,-0.06520525332520118,0.13354446337587714
TLR3,-0.512509400351,-2.4856304755862153,-0.09175691304446848,0.1692739493819171
TRAF2,-0.31985303666299997,-2.485098845906796,0.09951427231852979,0.1687527679924158
EEF1D,-0.457061474709,-2.484289498473931,-0.0413689983447361,0.16732851651130787
HTR3A,-0.489061233293,-2.4841477259390654,-0.09262732288423642,0.1595854812776492
GAP43,-0.235263744981,-2.481094360997508,0.1741591850207091,0.16501707328741147
TRIM60,-0.17088392375999997,-2.480891658347598,0.20377950476392276,0.1510196655558381
ATP8B2,-0.47085091631399995,-2.479525947955929,-0.09625179630712201,0.15107691061498665
GUCY1B2,-0.570842675881,-2.479448088248235,-0.07305333749207134,0.20076618693824877
LRP8,-0.448060247307,-2.4762320554223294,-0.03686317680814897,0.16605756701938826
AVPR1A,-0.428310148557,-2.474819774206297,-0.06125616332058076,0.14831544060784696
NAAA,-0.459536276627,-2.4720256163891685,-0.02826199344022519,0.17446189890893093
ARHGEF26,-0.28698664446899996,-2.4704474499515574,0.12876777117676144,0.1682911391836786
VWF,-0.404411388005,-2.4675848313500537,-0.00682312472903933,0.16112445587470806
SRD5A2,-0.445081345885,-2.467507733855384,-0.04963843675599035,0.16026004851103168
MAX,-1.07685623009,-2.464033670288492,-0.3560227041268838,0.29254207629342993
SOX17,-0.47465693554300004,-2.462768780664067,-0.06165133661405353,0.16769970537696305
RNF26,-0.486333433394,-2.4616522861303283,0.02209802354763785,0.2065407286830435
PSKH1,-0.516361594453,-2.460649870612837,-0.1447087034574366,0.15103851036840177
UBTF,-0.679183469587,-2.459149628072217,-0.1825524458713741,0.201952340779258
TNNC1,-0.401820350936,-2.4551702219127463,0.05220135168756023,0.18492473498226372
GLRA2,-0.472240750087,-2.455124798195689,0.04055845042969743,0.20886889370901301
PIAS3,-0.328906350189,-2.452322484339513,0.012148180672087498,0.1390740952868375
CBFB,-0.661609631551,-2.45060583859233,-0.04151560357002595,0.2530370319925324
UBE2E1,-0.477465577474,-2.4498066019752454,-0.04791037165321783,0.17534249661766677
MAZ,-0.368339509665,-2.448024017223467,-0.010474414504293992,0.14618528766175845
EPCAM,-0.311431319183,-2.4478686388165496,0.055445159098108224,0.14987588486712214
GALNT7,-0.526396876634,-2.4473143455085986,-0.1092041403493618,0.17046961582613437
PCBD1,-0.41211968389200004,-2.444937811936208,-0.018596937337468204,0.16095409242449862
MVD,-0.46217269546899997,-2.4425675136178415,-0.025561125430528235,0.17875107549914912
TNFRSF19,-0.360001064708,-2.4399600423517387,0.025097593617119492,0.15782990362167768
EGR4,-0.30013300711199997,-2.439319347291113,0.12362211935451324,0.1737185936466651
RBP2,-0.407711094326,-2.4381620629954446,-0.0707073785374368,0.13822039186949356
SAG,-0.517124195213,-2.4368278815631026,-0.12203571995169912,0.1621322860964113
FRMPD2B,-0.352617018456,-2.433493887028964,0.009561064150844062,0.14883048794054085
TTC23,-0.522237777547,-2.431880540690333,-0.07190921024928629,0.1851770922801495
HOXC8,-0.32239016362100004,-2.4297568611094356,0.057625114728960654,0.1564005372029053
EPHA1,-0.359497222338,-2.4281301319145805,0.009652578954841015,0.15203048487428736
H2AC11,-0.10339627695499999,-2.427176630335312,0.21449833401824875,0.13097300254136507
EGLN1,-0.636869604785,-2.426785389992013,-0.1079939289560937,0.21793261077389578
ZNF555,-0.5901855296630001,-2.42120269618751,-0.17088833935774608,0.17317723582808267
ABHD14A-ACY1,-0.354493415416,-2.4206826094259855,0.0515073046309351,0.16772158335256093
KRT75,-0.263517284638,-2.4203720752477396,0.12259791952331443,0.1595272099318834
ZNF577,-0.33021260104,-2.417191021694091,0.037167480885904915,0.15198636708009375
LIPF,-0.619077440404,-2.4171899444151412,-0.1582302894099177,0.19065409073823864
SIGLEC11,-0.260995650729,-2.416492219169139,0.057205390968585144,0.13167890182861502
CHN1,-0.4884368231600001,-2.4151733597156513,-0.12243780546777983,0.15154150993753546
RAP2B,-0.340944462503,-2.414097111450534,0.03149474553755488,0.15427681275703573
RAPGEF3,-0.480978618877,-2.412813845039976,-0.07090612787009459,0.16995612481662928
CMAS,-0.5250937599000001,-2.411782142636153,0.060681472075020206,0.24288065726150107
FSTL3,-0.329844016556,-2.411623709951374,0.054189636891678085,0.1592427756714257
MS4A14,-0.24524053633499998,-2.40835234605608,0.15905490640118206,0.1678722149598486
CD207,-0.614171762968,-2.4072594517006487,-0.16913110659950342,0.18487440398420293
SASH3,-0.299999772098,-2.404710519887222,0.09182264396658571,0.1629395358918136
NID2,-0.560900242543,-2.404204533283815,-0.10822788198237521,0.18828363156870692
LYZL1,-0.202989745521,-2.3992607304110627,0.15973330231901858,0.15118117145103843
ACOT2,-0.239127908068,-2.394061731322834,0.13509899830478908,0.15631464363536307
UBQLN1,-0.299235742465,-2.393082500058816,0.015197904916949214,0.13139273191551953
LGR6,-0.669357709704,-2.392969702208613,-0.18815414635322436,0.20109053737982746
IRAK4,-0.318505442822,-2.392621744052422,-0.0023280622322817512,0.13214683072059835
PRSS27,-0.302229858052,-2.3902150176700414,0.07360510270311763,0.15723897556357833
TSSK3,-0.29848118340700003,-2.3885609763409,-0.011191161344792736,0.12027744943832855
SLITRK4,-0.423934575351,-2.386247121837526,-0.047443305123611904,0.15777547378976892
IFNA16,-0.178216314283,-2.3857871046662713,0.11057498024534496,0.12104654852208269
MOB1B,-0.38217735081999993,-2.3849263858109917,-0.046794093080561275,0.14062625149974678
POU1F1,-0.254731554962,-2.3826583727534922,0.07393030179773159,0.13793914415851283
CAPNS1,-0.523945056672,-2.374004677203874,-0.13553105644112687,0.16361130370153731
C1orf116,-0.727786485467,-2.3736133191075353,-0.1213558972067734,0.25548836593495394
SLC28A2,-0.28834156973499997,-2.3728320234781966,0.01902746366522495,0.1295367857306943
S100G,-0.561365814513,-2.3722700981912026,-0.172160556951373,0.1640644789387121
ENOX2,-0.325780697123,-2.370331246673062,-0.0008795911066304411,0.13706991648209196
PLAA,-0.49721874128300003,-2.3702348388915873,-0.08001760909458032,0.17601679181440053
SLC25A2,-0.503356698685,-2.368333042760941,-0.12632443054044948,0.1591973178337351
CCRL2,-0.419751719466,-2.365990388745651,-0.03189931667003083,0.1639281396242663
RECQL4,-0.5117561261779999,-2.3637654363915277,-0.08284749458811448,0.18145143548788323
PFAS,-0.790548186672,-2.362048462607407,-0.2796230257958167,0.21630596025628773
CREBBP,-0.462710715527,-2.361599919839563,0.011553256413121847,0.20082316566657965
CAPN13,-0.231388343755,-2.36092016672216,0.10872822808989044,0.1440610219010918
MAPK6,-0.33396915406800004,-2.3600126618784696,-0.021744311184416616,0.13229795243346948
IDH2,-0.260798681855,-2.3590271000721903,0.07680348285969486,0.1431107615102699
DBN1,-0.236047815958,-2.3581866682539054,0.04094912710574889,0.11746183912949028
SPSB1,-0.497103093701,-2.357770015693008,-0.1117707272860673,0.16343085366690177
SLC22A13,-0.569253025078,-2.3532526730999987,-0.09292954141604857,0.202410684201828
SDHA,-0.41561057076200003,-2.3523632341857863,-0.02082835296921091,0.16782366432853787
FNDC3B,-0.44188193763899997,-2.3510669307787833,-0.019358459144590733,0.17971563164067375
POP7,-0.393106128801,-2.350049057923738,-0.028732892964367665,0.15504920401898126
ULBP1,-0.22163544563700002,-2.3495041756168575,0.059275805684356794,0.11956192895362874
HYLS1,-0.45496043017,-2.346399717345575,-0.08351793866541429,0.15830316069283779
GRHL3,-0.330523102578,-2.3411253220670516,0.025953379703221483,0.15226715072496735
CYP2B7P,-0.563668920377,-2.3407104976083226,-0.14051460059702392,0.18078028881074537
POMT2,-0.280582984539,-2.3398892502458497,0.15655820351099864,0.18682131558323484
BCR,-0.401373045624,-2.339456224418174,0.0213244286299888,0.18068193362289317
PRKX,-0.36679803123300003,-2.339292484378649,-0.03987964208498331,0.13975096800896666
KLRG1,-0.288972160621,-2.3368846881802336,0.004288310021364944,0.12549205877622108
HERC3,-0.400329780176,-2.3317659798661907,-0.060724693126719784,0.14564286895924633
NR3C1,-0.48906773616099997,-2.3301982017049236,-0.11345904304118036,0.16119173589825964
ZACN,-0.382080959981,-2.329681546604236,0.01786196912418953,0.1716727892222651
FUT8,-0.31288468500300004,-2.3295875242367132,0.01477190678066272,0.14065004571614842
PMS2CL,-0.377942154478,-2.3289011789422545,0.056565768784670255,0.18657207407143656
CHP2,-0.460402191427,-2.3288304336973185,-0.050249873246456585,0.17611944272360516
SARDH,-0.5798107009269999,-2.3285615313950694,-0.18825887447930711,0.16815180581168038
CYSTM1,-0.387081117644,-2.3273558327809254,-0.021619616291565388,0.1570286314644674
APEX1,-0.41483761548,-2.326340644480248,-0.02172841504018865,0.1689817875007037
CDC42EP3,-0.312182700949,-2.3258762105746573,0.029731955046427644,0.14700466621607106
ARHGAP29,-0.609796062041,-2.3250695375817845,-0.16480446440000215,0.19138851137493998
RYK,-0.47572546906999996,-2.323334290004479,-0.12841558047080806,0.14948769537530576
PTGFRN,-0.575073358926,-2.323277971010857,-0.07329631567817158,0.2159780489071247
GGA2,-0.616203804757,-2.3210081606409028,-0.17337523174908426,0.19079147609960878
CDK7,-0.59071089674,-2.3186620453062985,-0.16922965012578528,0.18177778321227336
CDH11,-0.6001161377090001,-2.317712515165964,-0.17087072992282426,0.18520217886273913
RAPSN,-0.522055483375,-2.3174402852146043,-0.16084188787756193,0.15586748784941754
BRIP1,-0.316278062372,-2.316625080930034,-0.015128640207284487,0.12999488982646076
MINPP1,-0.318559953675,-2.315737328722208,0.048390025204232225,0.15845924074718362
PGAM2,-0.40775014410899996,-2.313270212770728,-0.08014249142948597,0.1416210051341649
F2RL2,-0.407344735422,-2.3132346204317464,-0.04439443304352795,0.15690163858551032
TAS2R50,-0.530676478349,-2.3130420616676908,-0.13272758218541994,0.1720456807761901
MYCL,-0.517319443283,-2.311338532452522,-0.1420126602793128,0.16237637963204615
ACSM3,-0.32690975255800003,-2.309917378438355,0.0263603769378789,0.15293626204704824
GUSBP11,-0.233333478018,-2.309348979498148,0.08780174273337372,0.1390587666057993
TPD52L3,-0.29958139289999997,-2.3086624955809754,0.02939846825298188,0.14249803155839547
MATR3,-0.692445819793,-2.3030285885581434,-0.1949812778213793,0.2160045013957331
DDX55,-0.518757254575,-2.3011099754130204,-0.1985358171000846,0.13915955382247197
B3GALT4,-0.208207169818,-2.3005588866049687,0.08830764969106472,0.1288881676689633
USP17L4,-0.304614989138,-2.299539934641266,0.12317529416629461,0.1860329872336098
PLA2G2D,-0.8121834217370001,-2.2970920816893146,-0.29627279214874985,0.22459292498576816
RBMS1,-0.296944616825,-2.2948091607619863,0.07735227766304999,0.16310589171770848
GANAB,-0.326165432059,-2.294283878424544,0.040941577977257004,0.16000941012074968
MED19,-0.942269410272,-2.2941834409591526,-0.32663766666980915,0.26834460253309445
IRF2,-0.376131635713,-2.294150123297497,0.005253618644987285,0.1662425010834963
SLC17A5,-0.362948500488,-2.293848162332632,0.06223367125371781,0.18535759198174076
CYBA,-0.419973950781,-2.292780337159033,0.011892372439309169,0.18835922317592427
PKMYT1,-0.460204422399,-2.2915075603912265,-0.10180991724563423,0.15640118817333404
NOTCH4,-0.409537965003,-2.290555821786665,-0.032372730265901935,0.16466100985170665
HGD,-0.282206892647,-2.2897002501044326,0.091271218650853,0.1631122288958211
CELSR1,-0.516635112644,-2.2889134130912243,-0.02080003263726162,0.21662465568634287
CELSR3,-0.502564065175,-2.2883411228713353,-0.10710781418687894,0.17281350539727028
SRPRB,-0.172125786476,-2.2879461767609692,0.14983639068249777,0.14072104511404965
S1PR2,-0.544486269098,-2.28410048178643,-0.1570071621015949,0.16964188313350897
RAB40A,-0.318292801033,-2.283926533652892,0.15397262740237483,0.20677785448730596
ADCY10,-0.44294816350599997,-2.282516266888534,-0.060231788417592566,0.16767301098367032
SMAD1,-0.34027322253,-2.2824123983465765,-0.03493830456072443,0.13377727801972422
ICOSLG,-0.27619745241,-2.2821852428039033,0.029561255519069043,0.13397628824968322
C3AR1,-0.550654970597,-2.281290269469615,-0.13177834583582407,0.18361390935953187
MYDGF,-0.440101081669,-2.2796922279888534,-0.03583532458990385,0.17733348042149522
ZNF418,-0.303127466934,-2.2793875144559195,0.03554677094565021,0.14858124637946452
ZNF552,-0.39927235648599996,-2.2755555615817116,-0.04687704979658277,0.15486121834989228
SMC2,-1.8772941637599998,-2.275431971818969,-1.1643727224816411,0.3133125710229222
LANCL1,-0.493271251956,-2.2747440442796454,-0.09559376596196582,0.17482295952992316
NDUFB10,-0.7466568457539999,-2.274122887548267,-0.3282494277880979,0.1839862833520783
SSX3,-0.24106759903499997,-2.27393788647681,0.10855191464024404,0.15375068763067093
UGT1A4,-0.195509616404,-2.273123293383306,0.16430227085808577,0.15828964856831126
GADD45B,-0.464198298656,-2.272878911576291,0.0022117736694317854,0.20520674020507598
XDH,-0.243114538987,-2.272627388961818,0.07575731123754859,0.14030978055325458
BCL2L2,-0.393016623912,-2.2725911660884788,-0.007545728088782818,0.16961735202318814
PCDHA8,-0.46551982110699996,-2.2717919961643687,-0.11863248057935286,0.1526932664228601
CSPG5,-0.42355110062299994,-2.2712158616480154,-0.00550009645138942,0.18406484880229254
TFAP2D,-0.19960199901099998,-2.2711653411901245,0.15601900872871388,0.1565808535777334
ATP6V1G3,-0.620653454956,-2.270714896373649,-0.030445497883903234,0.2599216475897806
FGF5,-0.25445554526700004,-2.2689002736717256,0.06475468866233597,0.14068940694901635
PDE2A,-0.318961596206,-2.2685412596692434,0.0026275317864493646,0.14176031695334365
SOCS2,-0.329261151499,-2.2670667341443203,-0.040832506629197005,0.1272254762181349
HOXB13,-0.347864338175,-2.2633319314526696,0.012134335241106138,0.15905694980631893
CYB5B,-0.36297197648400004,-2.263204224154636,0.0211975578333105,0.16974585422612826
CBX8,-0.288104554384,-2.2601256891080492,-0.002662345893760607,0.12629483832064586
CNP,-0.43339604752800004,-2.258987912114001,-0.08054426527794474,0.15619905726713268
SGSH,-0.423195702438,-2.2567771347627588,0.03224533341605665,0.20181037322585882
GPR143,-0.344221895493,-2.2563761099002226,0.00410249833505483,0.15437337432342244
AFMID,-0.307145784509,-2.2556836375263294,0.03176257801297762,0.1502464072903582
STXBP2,-0.501318787548,-2.255355821437556,-0.06402126935055039,0.19389291660360608
DRAP1,-0.539023302849,-2.254455220731069,-0.05729553433655697,0.21367812679651696
GNRHR,-0.628203741647,-2.252673079865279,-0.09775359126464053,0.2354758687017661
CAP1,-0.528411301021,-2.2503299364756653,-0.10107369733246555,0.1898999772263642
RNF38,-0.178779209051,-2.250019235830716,0.13545083112826886,0.1396566016748981
S100A2,-0.322887796789,-2.246199866618016,-0.032363824765518204,0.12934021426192513
TXNDC16,-0.463749017469,-2.245760561718769,0.012971716943640367,0.21227585101404897
TMOD4,-0.38470542275799996,-2.243495675968776,-0.02073292004795971,0.162234546118691
PER1,-0.318562874856,-2.2425597296737494,-0.0027781269257341834,0.14081442012525863
HSPB8,-0.403132105502,-2.242531849651803,-0.05891984977852136,0.15349269432981488
NR2E3,-0.574968085316,-2.241153580298752,-0.12274658889206908,0.20178068134163682
TNF,-0.41844855705600004,-2.2410472684239324,-0.03562021201601813,0.17082564497143102
ADCY9,-0.44211552931599996,-2.240257670625846,-0.09935072943648447,0.15300239984615677
SOX3,-0.344443577158,-2.239548014003138,0.04927977634002718,0.175804828043966
CST9L,-0.249001172032,-2.23889221716858,0.0757041831126621,0.14502947156397794
KIF12,-0.324319533091,-2.237190846409409,0.05716032915526447,0.1705173534294236
FRMD1,-0.50653464926,-2.2358015058342717,-0.08095481575887215,0.19034777120893212
MEP1A,-0.516934130436,-2.2357849294574446,-0.08135652268239182,0.19482088908225592
ADGRG6,-0.293066783932,-2.2355482025202247,0.13937899099753287,0.19344059521598286
ZNF671,-0.704637340546,-2.2348329179301025,-0.28365545779779544,0.1883728664325014
CDH23,-0.41548117925800004,-2.2302247045843933,0.03797955566526912,0.20332513310929917
TBPL1,-0.280647529946,-2.2302195676604852,0.03137775365649213,0.13990787639344798
MYL10,-0.5122280549189999,-2.2291946198863846,-0.011273483987554562,0.22472446616481495
LATS2,-0.349846091651,-2.2281522070710342,0.005320208466995581,0.15939947863116194
ROPN1,-0.265585921036,-2.2264316561114414,0.07053599123582246,0.15096888842250553
HPGDS,-0.262665773246,-2.2257864980123885,0.024624047804675434,0.12907339554230524
SCAF11,-0.123055778201,-2.225460265060527,0.11703312597835604,0.10788280876038298
CCNF,-0.310495674005,-2.2251838127869714,0.016269185130059743,0.14684847932890419
FLG2,-0.128245108788,-2.2251255477060856,0.14618554073028112,0.12333265860040826
PDCL,-0.324640992237,-2.2237479200772348,0.04480934038282762,0.1661385849017437
METTL14,-0.316290690077,-2.222071057992109,0.014964034171787167,0.14907476655949653
LGALS9,-0.239949237822,-2.221218035532431,0.05588076858730793,0.13318368646254794
CACNA2D2,-0.29037547686099996,-2.221159416995334,-0.0265585165980902,0.11877443746013838
TAS2R9,-0.5117600816969999,-2.2190132333435995,-0.10938958825965388,0.18132856865889707
APOLD1,-0.262423901133,-2.2176649073912107,0.03549488843851216,0.13433895652070096
EDA,-0.448401555445,-2.216584822438902,-0.03930601706128528,0.1845611926249626
POLR1A,-0.91912580472,-2.2143951433790696,-0.3961776688957583,0.23615845500195867
NOTO,-0.485519062204,-2.2121426815783565,-0.09482215181579111,0.17661469743418537
FCGRT,-0.34577992624799997,-2.2094246217647533,-0.025428171441475033,0.14499329447620962
LMO2,-0.37105796300099997,-2.2087487925564737,-0.019377221179540608,0.15922170190047427
PC,-0.350096873089,-2.2076777770884726,-0.010038695510998733,0.15403433467834987
MSTN,-0.118769563188,-2.2073260845465197,0.21687797863175048,0.15206069650044796
LCP2,-0.389361084589,-2.207310956377277,-0.004907708898827867,0.17417273020795931
ELK1,-0.399968139707,-2.2064056539191186,0.010216028555609555,0.18590605382741912
NKIRAS1,-0.545966112798,-2.2059783545972502,-0.15507174344486763,0.17719773566159888
NME9,-0.6818878661130001,-2.2039122767961112,-0.23477912632596984,0.20287047923568208
SLC15A4,-0.468669368487,-2.2036981901643795,-0.1016151953046616,0.16656281464521186
MGAT4A,-0.461915485838,-2.1995340454037446,-0.12128345112285027,0.15486554319400117
OSR1,-0.300739760291,-2.1978829433917326,0.0634909324747901,0.16571887682230974
NGEF,-0.503274232569,-2.1958123761383703,-0.06262969872580135,0.20067494774673367
PFN1,-0.859649614013,-2.1957496519959787,-0.349909589443113,0.23214851661550917
BPTF,-0.8496569321899999,-2.1954857350517463,-0.2955052409211148,0.25240505206736136
SENP5,-0.428496685748,-2.1951262734900436,-0.1114493212831727,0.14443240386383419
CHRM1,-0.45631755908699995,-2.1947157538736106,-0.04152469247655562,0.18899616767152957
CDT1,-0.529258434287,-2.1933832309913286,-0.121628065206161,0.18584548441933932
MMP28,-0.41914417794,-2.1929297563441605,0.01433162724060387,0.1976697173844969
OPN5,-0.297557071006,-2.1915168161295626,0.014637775609571172,0.142456057976748
PAX3,-0.370644290281,-2.190800161976492,-0.06206106458679951,0.14085411853165258
A1CF,-0.540400971016,-2.190721443183565,-0.08044026893509275,0.20995855201585584
MPPE1,-0.271072888749,-2.1880386654151054,0.08393645568141667,0.16225003243398617
TBCK,-0.38618134212,-2.187308228659219,-0.032677894675260735,0.16161574432581483
GJA9,-0.182467370109,-2.1872821575009844,0.08878253237749809,0.12401230520547324
IL2RA,-0.265246060028,-2.186848380476846,0.03768878518371386,0.13852576516788898
IL5RA,-0.371706447517,-2.1861771694762377,-0.028228400873937732,0.15711354570835281
TPTE2P3,-0.0454190885965,-2.1861342195833933,0.2910097552743912,0.15389212650218875
ARHGDIG,-0.618966688314,-2.1855842482678365,-0.12008313377566977,0.2282609581093548
CPZ,-0.472324774467,-2.1848725340452213,-0.07908216599622515,0.17998423356199128
ZNF227,-0.285903572951,-2.183831112037811,0.12744484901115297,0.18927673467223513
PRKDC,-0.7167722868359999,-2.1828028310241607,-0.22012699514248704,0.22752640991421536
OR2G3,-0.535736402299,-2.178825451377144,-0.08186192558557336,0.20831153611986294
CAMK2N1,-0.538177785371,-2.178525386934672,-0.09442772647703992,0.20369285644100094
CSDC2,-0.340894027602,-2.177387732367493,-0.04402112379527405,0.1363436100027685
ZFP14,-0.314312208466,-2.1752020990001917,0.06191382795366127,0.17296141659323958
MCOLN1,-0.405741488734,-2.1734613707561365,0.05037759838060477,0.20985838223382972
FOSL1,-0.481292073798,-2.1721007613089234,-0.09690221534353465,0.17696686327886063
IL1RAP,-0.22541395722600002,-2.171702468966956,0.04887597761946983,0.12630180181907938
ACACB,-0.477994241786,-2.1703077562307462,-0.08476190955159307,0.1811873597675143
ZNF23,-0.249668277753,-2.1657162116394444,0.04182880823941515,0.13459616011820505
GPAM,-0.549166480431,-2.164697344103281,-0.09471838583424189,0.20993608914183423
GPSM2,-0.36341888298600006,-2.162863592291354,0.0077565091160235935,0.17161294564526727
USP49,-0.276984017692,-2.1625090201331885,-0.001227599059659042,0.12751688712741516
FAF1,-0.275845863802,-2.162088014599465,0.024085200939626055,0.1387228747009124
ZNF43,-0.205918994694,-2.1610161608385803,0.062077338629269514,0.12401403477671069
RND3,-0.410699014501,-2.160814303900069,0.0143044479261925,0.19668671281012012
SLC35A3,-0.252254589277,-2.158891844580097,0.04957575107704488,0.13980799506551966
PRLR,-0.309795089004,-2.156154375896345,-0.010351891420560233,0.13887836647084084
CCL20,-0.530894466609,-2.1541898395922927,-0.140272957842504,0.18133105151049544
UCHL3,-0.295692385848,-2.149335388925169,0.03614089070500186,0.15438878374349185
SLC29A3,-0.19007938013300002,-2.1486653553894706,0.14215839618705536,0.1546251841808253
PANK1,-0.280008534498,-2.1482422181397496,0.022813565993899245,0.14096273592189487
SELP,-0.39700288354,-2.1419479112690145,-0.05693808392949112,0.15876427144721494
PON2,-0.373123318715,-2.1413647062231083,-0.02736699481828304,0.16146540703314116
DNAJB12,-0.346974120425,-2.1409807467292303,-0.025494415249717673,0.15015534617319928
CHD1L,-0.307970665121,-2.139604986469718,0.007815560595019701,0.14759090005536826
HOXC9,-0.380444245529,-2.135701574455428,-0.02035166005026768,0.16860622747377546
PIK3R2,-0.344571004653,-2.133831905052575,-0.04202140523282536,0.14178698833014225
IL17RD,-0.22824209343600002,-2.131961031275589,0.13662245146780805,0.17114034428926844
TFDP2,-0.307158750576,-2.131817953105062,-0.008937863721773832,0.13989040969462602
ALDH3A1,-0.338903746532,-2.1307353160217835,-0.07895584681452376,0.12199915107373133
SIRPD,-0.473338515471,-2.130660995981839,-0.06432257429222141,0.19196669106447797
TYRO3,-0.362033980105,-2.1301534697322184,-0.0846869893803439,0.13020047365860515
IHH,-0.528346400245,-2.1292727089863144,-0.11389769014584897,0.19464332039293278
MICU1,-0.377270270467,-2.1284635889717376,0.013550544131849883,0.18361639664583396
NINJ1,-0.306952841488,-2.1278015394832552,-0.004014525663938047,0.1423715089038011
ACTR1B,-0.218764945205,-2.1244210407474444,0.15184629321724136,0.17445281858621
FOXI3,-0.492879918606,-2.1234543203232685,-0.1333520145145767,0.16931275641318708
FOSB,-0.29210321140900003,-2.1230399540452902,0.030219049600186506,0.15182109992561663
CRYZ,-0.31850820444899997,-2.122844202415409,-0.0005358157934220135,0.14978602211777176
SEMA3D,-0.40109507426799995,-2.1226924186347103,-0.024986417088753318,0.17718471780341832
PDZK1P1,-0.258713234531,-2.122157661225501,0.03448362169507948,0.13815978971928244
EPC2,-0.617173401654,-2.1214418824109313,-0.24287176567924862,0.1764373745414006
ZNF649,-0.28861116571999995,-2.1206050578928615,0.11676524353612634,0.19116072922080476
EXD3,-0.506640321728,-2.119795263701668,-0.19958761761415628,0.1448501699063411
AGRN,-0.379522474791,-2.1196032527587865,0.07324852179129945,0.2136112010551936
SOAT1,-0.283821784809,-2.1186419086049675,0.08974262804436178,0.1763225825639112
SYT3,-0.288022911666,-2.118562574075849,0.049099200576327474,0.15912775783334396
ZNF585B,-0.21372681398499999,-2.1180046640220302,0.11872502427387654,0.15696463936371133
PDCD6,-0.486094748615,-2.1179658484324,-0.10901491582897127,0.17803867473364696
ARHGAP40,-0.370976968046,-2.1169978091297694,0.0075672232264233814,0.17881180114590242
ACO2,-1.0850291622,-2.1155211043211724,-0.4302360811063345,0.30951857665526583
ERAP1,-0.383784130832,-2.1125030793684845,-0.0655574119972779,0.15063964731821997
SV2A,-0.300447865656,-2.112096542565923,0.02600708974614525,0.15456440973363125
GAD1,-0.253668915471,-2.1116104502943807,0.02475664506961697,0.13185460438586175
CEACAM3,-0.318992094586,-2.109939836915236,-0.02181782710943664,0.1408449010143515
CDKN3,-0.47159597763300004,-2.1056109411983464,-0.06122359712712804,0.1948946847095697
PLOD1,-0.382551933981,-2.105367336944669,-0.04183114391724807,0.161834366898752
PNLDC1,-0.32026228473900004,-2.1049202167914642,0.08948238915667668,0.19466042970514658
RSAD1,-0.27206354464,-2.1028944704786054,0.04907464780304319,0.1527124622520664
RAB19,-0.534692725762,-2.1024703384047942,-0.12231761662980625,0.19613837189497516
KLK3,-0.381778793856,-2.1013279957163635,0.0816574273571417,0.22054444720570704
PHACTR2,-0.400364081941,-2.100899097610539,-0.00632459189020093,0.18755755119270628
TRIM31,-0.2936831474,-2.0987600458945512,0.028244389009320553,0.1533893962957094
RALYL,-0.275878434567,-2.095185647415779,0.06881736614664756,0.16451802308726127
OR51E2,-0.46675967290700004,-2.0939963868739198,-0.14476401048997986,0.15377087775099757
ARHGEF34P,-0.19381565532699999,-2.0938620227606353,0.12467732590281973,0.15210791244492092
AK5,-0.24512024363499998,-2.0935271249828453,0.08896863581304527,0.15958182507464902
HMGN3,-0.348892658676,-2.0915495552787564,-0.00828282966185077,0.16285047043446868
CLN5,-0.20988382525899998,-2.0896893756209702,0.1694120856024938,0.18150827356758825
ESPL1,-0.9124370081280001,-2.0864780981096818,-0.45458392189323277,0.21943824219845656
LCN15,-0.34881190544,-2.0851366166151353,-0.04458290343529584,0.14590363028517922
ANO1,-0.34309624276,-2.0832051340740083,-0.029117913088736323,0.15071887282518054
ANK1,-0.294543395559,-2.0828485442695355,0.07412556392270202,0.17700228876266946
GPR19,-0.294349517102,-2.0824145779083003,-0.0023836055353849573,0.14020546852869364
DCBLD1,-0.401812242068,-2.081685915755403,-0.03152058582082611,0.17788065598397554
AP3M2,-0.343455577258,-2.0799988771974984,-0.04981536118368075,0.14117325701154107
LPL,-0.6264285314270001,-2.078034114598705,-0.2690182525646686,0.17199442316727895
ASAP2,-0.300636172072,-2.076979404296557,0.020274350180598335,0.15450828332180122
PCYOX1,-0.229184554039,-2.0766819493797635,0.09370796720126519,0.1554848210322734
CORIN,-0.266711891773,-2.0752984258008444,0.04899658628367109,0.15212678530069293
NUP155,-0.9804611348469999,-2.073978794305195,-0.4668170203648695,0.24766121808598662
EBI3,-0.5288723874310001,-2.073950055152949,-0.1308999352280206,0.19189104926330058
YPEL2,-0.2438089437,-2.0738885297613523,0.13382704018839514,0.1820907818665889
COL7A1,-0.46458599176000004,-2.0714066026688656,-0.007595095221222323,0.22061863467557563
VAX1,-0.429963604983,-2.0713404084696614,-0.09313260320642616,0.16261499094947407
IDI1,-0.5208601326110001,-2.0700383672412714,-0.03156587308703766,0.23636965732960885
CCL21,-0.304627933671,-2.069206102752514,-0.018740638865483907,0.1381627931723288
XYLT2,-0.258496353666,-2.0690370882036264,0.03575318729032349,0.14221569184716548
ID2,-0.46189411478299996,-2.068525832478191,-0.09622751501572623,0.17677642407259087
KCNN1,-0.435169980437,-2.06791836526702,-0.10169290117711817,0.16126220689413995
DGKA,-0.306070848826,-2.0673522874173282,0.09777332577394973,0.19534366593342362
SCML2,-0.483925197109,-2.066481042026934,-0.12568969574536537,0.1733553292181451
BLTP3A,-0.320530179994,-2.0648172346151483,0.011399115075113602,0.16075480652939259
DGCR2,-0.323282981862,-2.064198875721115,0.05163373612255814,0.1816281960010192
LMO3,-0.489410198756,-2.0613253113239502,-0.06509153951136748,0.20584749865226304
SLC38A4,-0.221189195017,-2.0607643721811932,0.09323281685815053,0.15257543080597516
PDE4DIPP2,-0.196483873343,-2.059001861192726,0.24337343212355464,0.21362647298033857
ALG12,-0.304076799069,-2.0578920301944277,0.06542843685754748,0.17955521013978415
RAB7A,-0.494870093912,-2.056876746599365,-0.10576612594684437,0.1891722333914569
C3,-0.266890709112,-2.056557789460846,-0.017240342590261408,0.12139234200036156
MICU2,-0.268883994745,-2.0564863986606,0.03021244767726035,0.14544051573453798
FCAMR,-0.47612821335699995,-2.0539888063092664,-0.1314483649804504,0.16780999356851
CREM,-0.40749088554799995,-2.050378812467105,-0.08869205088664182,0.1554828955132274
HNRNPAB,-0.43124670804399995,-2.050360879615006,-0.08852454635377552,0.1671521170237002
CDC42BPA,-0.442581027452,-2.049229739701458,-0.1318349772870076,0.15164041597906122
GALK1,-0.448083197694,-2.048293579277368,-0.13766990683883926,0.15154726548753508
CDK8,-0.514909221653,-2.046789914891346,-0.1508006231950221,0.17789251149271304
SLC38A2,-0.39438535175300005,-2.046323606985037,-0.021675413449197094,0.18213636251449855
SLC38A6,-0.42724636699900004,-2.045936232945238,-0.08995316101473777,0.164860077529743
ATP2C1,-0.34123336612099997,-2.0449723429263424,-0.05288795028662551,0.14100211028856946
CROT,-0.280817598384,-2.043523075617618,0.07612481168292197,0.17467011472774419
SFRP5,-0.31607633959000003,-2.0427659649971104,-0.03128599815380393,0.1394140818459343
CEBPD,-0.444873254061,-2.042759518056471,-0.06145566454457086,0.18769590161118013
KLF9,-0.242520325192,-2.0426273134027584,0.015930469222114725,0.12652860985373218
APOH,-0.20816056843800002,-2.041319453875486,0.06731088302938092,0.13494774222838704
L1CAM,-0.37300728899700003,-2.0402894210454248,-0.05821245799147108,0.15428930217372352
BBS2,-0.266121107356,-2.0389754410974708,0.11424077286534408,0.1865455917490677
BTN3A2,-0.350321306861,-2.037785677751728,-0.008368727306548864,0.16780595883455446
ANKH,-0.576143050634,-2.0369734897709875,-0.11707383741171504,0.22536828070054904
DCHS2,-0.18947150011100003,-2.0365980578121348,0.07876470729574128,0.13170797564979544
PTPN3,-0.32914541394,-2.035400815843493,0.07312061436628092,0.19763479761580885
ACTRT3,-0.159270888452,-2.0348905050471666,0.13168621587532228,0.14298415743041573
TMPRSS11A,-0.310095145698,-2.0333433034792,0.03198026991700712,0.1682329860529164
HSPA1L,-0.0558607741021,-2.0329703726934762,0.15665705426686055,0.10453562492767483
BTK,-0.448432234124,-2.0323793829595727,-0.015489079842335845,0.2130228036712357
PCDHB14,-0.186081510079,-2.032126544244197,0.0758205678655865,0.12888079174321057
GJA4,-0.293585061682,-2.0314019953845093,0.018722421017952524,0.15373987197489097
MFAP3,-0.273571815035,-2.030101965893784,0.045465226825768194,0.15715321063703672
LUC7L,-0.292930416583,-2.0299226445533964,0.03507695691512951,0.16158614436773006
KDELR2,-0.554028579517,-2.029881894952319,-0.07893218950226692,0.23405124761009452
CDKL5,-0.41701037493,-2.0282651609550015,-0.1223233710094116,0.14529017684346363
CCL14,-0.316071698142,-2.028095602614211,0.019393435611971925,0.1654089350233579
HOXB7,-0.5281518039850001,-2.027374414913416,-0.10895602495099697,0.20676781553046572
SLC6A6,-0.260771716189,-2.0269194230082985,0.09646628145162627,0.17624676816724338
STK35,-0.44446926383199997,-2.026884325246922,-0.09112586996222082,0.17432834694537075
LOXHD1,-0.362189096742,-2.026260477388969,-0.03138372763030876,0.16325905420509693
SLC9A8,-0.21484998346,-2.0208811418673167,0.10430059749801629,0.1579264481943345
GADL1,-0.351123309921,-2.0193924292936596,0.025767883922428198,0.18663593483672544
CARD9,-0.713183582219,-2.017471325721658,-0.23370251731847164,0.23766437658241113
TGIF2LX,-0.42679963298699997,-2.015211634702929,-0.08758994697499449,0.16832459686647738
RELB,-0.294227647985,-2.0145490817316243,0.051891362867851454,0.17180966896837363
SCMH1,-0.312620529659,-2.0143244085212304,-0.032341374906952304,0.13914300674031355
ZNF296,-0.304617457139,-2.0135505077858014,-0.04075940260042822,0.13104118993703467
ZNF449,-0.274175899263,-2.0123452201786187,0.06241174705925592,0.16726138385558909
SENP6,-0.9071464611229999,-2.012175387438022,-0.43045171707087415,0.2369051659353967
PPP1R3G,-0.194323610579,-2.011931962661968,0.15893809499650477,0.1755833259431435
GGTLC2,-0.255283484915,-2.0113305285900784,0.13181732886074812,0.19246006972663102
GPR142,-0.31769147221,-2.009412985446374,0.0029837641150712206,0.15958652534229342
PHEX,-0.342910212913,-2.0076657132450486,0.08927450033230784,0.21526726804870072
PPP4R1L,-0.212047280768,-2.007087824934935,0.07040629357419982,0.14072805924741053
PIGA,-0.196894926149,-2.0069890691469423,0.13959114972417963,0.16765715421469676
LMX1B,-0.39593588002499996,-2.006775480399261,-0.06437857478791911,0.16521893379478372
NTRK3,-0.643769592839,-2.00671505860033,-0.1592289249192801,0.24145962619011974
KCTD7,-0.25158482300900004,-2.006201867049689,0.009687453201971096,0.13023229641152562
PAK2,-0.5232001896399999,-2.0059267641906033,-0.1491009082782911,0.1864969788728348
DERA,-0.23626424493099998,-2.004544324130721,0.06990644782137051,0.15273830020453288
GK5,-0.370917992509,-2.004433213090589,-0.02682791288848655,0.17166452709590108
SLC27A2,-0.368896383525,-2.0039015275549157,0.07579017828946469,0.22191038616406178
PLPP2,-0.408951052391,-2.003268727721305,-0.03293263302369464,0.18770243560634123
MFNG,-0.318260282983,-2.002767225655923,0.008933005724859758,0.163370602692333
SCARF1,-0.31144277238,-2.0023169899071527,-0.03451529845012293,0.13830351304301633
KRT26,-0.245794728038,-2.0016124013216943,0.06557141740011721,0.1555576620291309
PROC,-0.47163571511600005,-1.9987977870018914,-0.10393613254214894,0.1839603710615391
KIF25,-0.469489293133,-1.9986245215805063,-0.08712153401168772,0.19131545470028408
KCNN4,-0.194815556936,-1.9975631498271273,0.07894207498027506,0.1370457959939672
PRNP,-0.29117556089200003,-1.996596443084169,0.02001673897616389,0.15586139149254472
ZNF345,-0.536720942285,-1.9960105815893228,-0.18722474906189518,0.17509736493722322
ENSA,-0.446706709537,-1.9948395666076835,-0.07957485237799185,0.1840407937082042
NOBOX,-0.211051381386,-1.9942354494920305,0.1267287008556939,0.16937823581851022
ARG2,-0.31071710954,-1.9915645410000582,-0.036897924051129065,0.1374894862063438
TTR,-0.517488079816,-1.9899912661650094,-0.1989483608593364,0.16007091306010302
TMC1,-0.38537013033399997,-1.9893508711078487,-0.014453210704938881,0.18645123141223516
FGF2,-0.32431898116,-1.989285820862211,-0.017365998288840993,0.15430310700054012
STMN3,-0.149655717162,-1.9890494773316394,0.14686341632036248,0.14907579568113632
AGPAT3,-0.536293579255,-1.9882086975991173,-0.1483483567752432,0.1951229883202021
CD93,-0.361661071168,-1.9877541699805474,-0.013569572574694669,0.17511798181598676
TCF21,-0.22685593565900003,-1.9866116992025957,0.04076373870973187,0.13471161700907708
POMT1,-0.42542755658,-1.9863199025168823,-0.12487052460138098,0.15131350775762792
NMNAT2,-0.34453003148199995,-1.9843405812786397,-0.08206777552196805,0.13226673809740383
PTRH2,-0.438077699387,-1.984274357760712,-0.06806638459321744,0.18647185221470416
AFF1,-0.37655453935000005,-1.983722331517941,0.008952152289908446,0.19433500622283129
BFAR,-0.214637638495,-1.9836878006849268,0.12790309396090876,0.17267875133256175
DPYD,-0.213821600667,-1.9833444139843373,0.0611116664356657,0.13862104088636462
CHST7,-0.265181486555,-1.9817426871213388,0.030455454553133584,0.1491802861337024
TP53BP1,-0.443353909859,-1.9815092051794954,-0.006480857028063607,0.22047490452680593
RIMS2,-0.21822265433200003,-1.9811425167026748,0.06326761080409767,0.142084813567374
PDGFRB,-0.290397903389,-1.9805051240972003,-0.04232920994591016,0.12525526464172632
PTPRZ1,-0.52647837257,-1.9801231531550403,-0.18692177899478574,0.17148256310936005
RB1,-0.281041482453,-1.9791947228162872,0.06845087736697184,0.17658311018668396
PPFIBP2,-0.342596746185,-1.9768549711298886,-0.00031402783067215474,0.17314508315129118
GTF2H3,-0.336471558738,-1.9767906368823,-0.04372431210038021,0.14809218597844373
MYB,-0.502787730937,-1.9760056117643559,-0.01138369943010406,0.2486855445051728
TNPO3,-0.355213850404,-1.9757278741907263,-0.018620144787800868,0.17036440595548644
P2RX4,-0.432701096495,-1.974110774057951,-0.08986365647391872,0.17366676912276308
LVRN,-0.180596833387,-1.9739167805881161,0.06196772994406614,0.12288489855119197
PRKG1,-0.305673811999,-1.9730991160592368,-0.058688681525794296,0.12517624100227445
MAP3K20,-0.43765183976800004,-1.9713747079306478,-0.06533868169824067,0.18885966050593017
FMO6P,-0.305539572354,-1.9689385323190745,0.0446485357702243,0.17785629280755774
HS6ST1,-0.250094116413,-1.9682162043561056,0.06725631381164485,0.1612375863598099
C1orf56,-0.249073613839,-1.9680472709765613,0.0352671890755246,0.14447864495319382
ARNT,-0.440085947539,-1.9679901027530344,0.05016004145309349,0.24910998704022197
MINDY3,-0.388960153946,-1.9679418402270685,0.0271870622673613,0.21146316812154603
GEM,-0.341087430654,-1.9675462072829422,-0.051523521052061726,0.14717006824546594
MMP19,-0.26762157248199997,-1.9670650749458478,0.08040615664621215,0.1769274100592697
ITGAX,-0.44409003086099996,-1.9669862246119605,-0.11435545737597337,0.16763440910730087
PDCD1LG2,-0.445024878894,-1.9661494714080785,-0.06007533856702574,0.1957885429998812
ENPP5,-0.234734759973,-1.96461471649515,0.07640728669065017,0.1583730611662749
CACNA1E,-0.289699383848,-1.9622629893367791,0.0006470434459483894,0.14796509380839004
RABL2B,-0.36644056778399997,-1.9621246015267981,0.03833136199669507,0.20629267349572386
RNF125,-0.6957516634149999,-1.9615158744205337,-0.2702339728971711,0.2169330853075733
UBAP2,-0.568588904515,-1.9585133518854452,-0.23290870500133717,0.17139541029450023
ZNF496,-0.367094749579,-1.9561683061186594,-0.04068774725912718,0.16686038788120172
ASIP,-0.175011402432,-1.9559980204449714,0.08866471867095946,0.1348038793224216
OGDH,-1.00996311503,-1.9559483995903666,-0.4279372627253921,0.2975670791859853
C20orf173,-0.204680113014,-1.9555835219141309,0.04962982158697483,0.1300429931788623
NECTIN1,-0.286475779888,-1.9530410065734884,-0.048833784011206006,0.12167793460400754
APOD,-0.40524284325800003,-1.9489669324160184,-0.05415554420699768,0.18014020310533452
ATP6V1C1,-0.530395813806,-1.948446231000509,-0.19710696528793367,0.17105365455577676
PIAS4,-0.272197150008,-1.947915912342972,-0.009736337544278016,0.1347392928003918
CELF2,-0.407808232077,-1.9478058727192107,-0.10222769449543832,0.15688449339921112
ECE2,-0.336098840924,-1.947725630139421,0.039350899331769926,0.19276315639430935
CGN,-0.325308829868,-1.9476578942081733,0.0337856477678241,0.18437246022706424
TBC1D2B,-0.43899710761699995,-1.947599258624357,0.01766642256182786,0.2344750996164282
PLA2G7,-0.375595667801,-1.9470834624343458,-0.05960634716819286,0.16228853396851348
JADE1,-0.47816951315800005,-1.9463399340635454,-0.17520565436517244,0.1556582452481994
ELP1,-0.292106243544,-1.9462995589868062,-0.02056478474024994,0.13951678586676947
TANK,-0.7388265805609999,-1.946270979784945,-0.3106499054517014,0.21999848919116613
ALPP,-0.22117872749200002,-1.9454233958247564,0.08342466645076095,0.15657434499682538
UBA5,-0.5110081773749999,-1.9437612564045825,-0.16916631515108263,0.17586617754498804
ERGIC2,-0.442490979295,-1.9436552893330694,-0.08434441591185347,0.18426444511466747
GGTLC1,-0.213526289182,-1.9427353755658223,0.08980778409104084,0.15613761765402284
SLC17A6,-0.246204833787,-1.942333360117077,0.06020502706452316,0.1577534871939047
AGPAT2,-0.36051525399499995,-1.9419592245571757,-0.0698077120937034,0.1496980668930299
RGL2,-0.271310625759,-1.9400848486355615,-0.00888941834453185,0.13526274770870247
ZNF222,-0.284056677045,-1.9398185273654154,0.04027341359675479,0.16719609905069163
RAB28,-0.298461864239,-1.9389838299146942,-0.01982946022201738,0.14370022055792034
DHRS3,-0.39931908820900003,-1.9378418955136993,-0.06863245136033794,0.17064686113672906
USP46,-0.33899549418499997,-1.937656609175462,0.03740658956983438,0.1942563413829069
EPHX1,-0.34451921498599997,-1.9373488703348967,-0.007195272314504352,0.17411626157615312
RECQL,-0.248301492797,-1.9370328704508277,0.010960684352994543,0.13384500650711906
ITGA1,-0.429227434298,-1.9347764125496603,-0.0880970918571753,0.17631512366396954
HLF,-0.550289258078,-1.9343485809445724,-0.19482844674462552,0.18376254147522753
ACOX3,-0.418062290874,-1.9343167640497865,-0.1076219622369071,0.16049094667780203
OR51V1,-0.272330250098,-1.9334259135764718,0.09095314770592906,0.18789620810032673
SHOX2,-0.372954098781,-1.9330300043786104,-0.026935193355473043,0.1790033805174989
UHMK1,-0.266956410111,-1.9325797302838423,0.07716635357145163,0.1780639413163614
ETFB,-0.46500117944200003,-1.9321223986942222,-0.12545496982033763,0.17573742214837756
FRK,-0.270943820829,-1.9311057289395412,0.04282104836653436,0.16247938395783076
RHOC,-0.158727929822,-1.929748938774871,0.0585588372309525,0.11259846433230852
SLC13A4,-0.429683029601,-1.9264993287652246,-0.05382511885587758,0.1950989056331651
USH2A,-0.598749095982,-1.9206915352393836,-0.27402221794873544,0.16906768842129172
KLRC4-KLRK1,-0.156429481345,-1.920164084057056,0.13905203085213785,0.1538834699859733
FBXL19,-0.41975707737400003,-1.9194214123024922,-0.07176603781272547,0.18129996744374793
MRGPRD,-0.301366795022,-1.9186447363889576,0.08030824310375168,0.1989295000199435
TAF13,-0.37438293025700004,-1.9168582343084664,-0.06474082873454028,0.1615362555145699
SCUBE2,-0.414458430855,-1.915478567987737,-0.015259928470541603,0.20840666612303965
MMP20,-0.387397241809,-1.9124151865552388,-0.04887386517692821,0.1770135371293726
MC3R,-0.37761649323200003,-1.9113580738186877,-0.05000108647593668,0.1714045166333083
C1orf74,-0.20706496069000002,-1.9059800829154991,0.07101323352883628,0.1458977440065751
PI4KB,-0.726630784894,-1.9057611086814823,-0.3236163695048354,0.21147163385446233
RAB14,-0.45898897499499997,-1.9049821278655603,-0.10530758822667625,0.18566126243116332
KRTAP5-2,-0.295791909977,-1.9033990977237791,0.03186360536302861,0.1721423088472946
RGS13,-0.368025788377,-1.9023656848201516,-0.06036870122039379,0.1617234213230102
SLC39A8,-0.476465054344,-1.902017000945838,-0.2136502459803886,0.13817689759498386
AP4S1,-0.252370998372,-1.9012462200399642,0.08396587201918407,0.17690337361150113
CTSE,-0.49043148548500004,-1.900323266715906,-0.01685843683626375,0.2492065728728113
LPAR4,-0.38761904839,-1.8993800638407927,-0.06340672181532771,0.17069376095223035
SSX7,-0.184040591137,-1.897678670675682,0.08542918111160502,0.1419996843578678
ABCA12,-0.410922424951,-1.896742770001599,-0.07468512325948103,0.17727090199544324
ZNF334,-0.119159354063,-1.8962035928934522,0.09325472002908652,0.1120207106917037
CHUK,-0.329863326267,-1.896103025671923,-0.004291735306582267,0.17170564391934598
IFI27,-0.298802396649,-1.895981804234271,0.009676939574993881,0.16270163328312068
MYCBP2,-0.213950868178,-1.8954321777690433,0.09585915931350075,0.16345086420140476
GFRA3,-0.260579701716,-1.8954038538772153,0.019681811909074438,0.14786374579315897
UBE2E2,-0.273562541971,-1.8910780184863487,-0.010898283820760841,0.13889657411410244
KIF16B,-0.235400581408,-1.8878755484202316,0.06635882843012629,0.1598407321344024
UBOX5,-0.273936093458,-1.8859725627851234,0.023762278573021947,0.1578487290352696
ABHD12B,-0.255020167197,-1.8854625511848193,-0.007334768529636364,0.1313658542365208
MKRN9P,-0.374893030435,-1.8846568691516592,-0.04171119413210423,0.17678647066023798
FOXK2,-0.521483573058,-1.884640904192862,-0.15590751975863446,0.19397650368621883
NEB,-0.179506500272,-1.882886106757178,0.04340089272900675,0.11838602037640583
PDE1C,-0.414923585584,-1.8815461361814945,-0.09298176345980226,0.1711049311698319
KCNJ5-AS1,-0.441029539431,-1.881442731446925,-0.04506956396062858,0.21045550249932832
PRDX4,-0.41612875527800003,-1.8791162084051936,-0.09155481273061049,0.17272691337320512
DMBX1,-0.35390901,-1.8789820060131623,-0.07796437927556246,0.1468585807854216
PCGF1,-0.125232839343,-1.8769039151284053,0.14890681226971295,0.14605950224892472
CCL15-CCL14,-0.21833521144,-1.8753662289208675,-0.029948632291418892,0.10045322147929658
ROCK1,-0.15629743612,-1.8740084319969486,0.12150644430366361,0.1482404644933401
VANGL1,-0.33727915094300004,-1.8738502433326147,-0.03059034753468521,0.1636677234477785
BAG3,-0.296896968755,-1.8732126721905966,-0.027227963198188408,0.1439606989426629
TXNIP,-0.33779129744099995,-1.8728767494545508,-0.005360988067600358,0.1774971628379792
POLD2,-0.618310265079,-1.8714192114170962,-0.22343865564445306,0.21100115197360722
RCN2,-0.344098341066,-1.8707764836146348,-0.013528950665798041,0.1767017029001187
ZNF354A,-0.505469699363,-1.8706786939548135,-0.12237248858098923,0.20479049235980903
CFH,-0.409171277934,-1.8702734077561862,-0.09913228322151624,0.16577201676863132
CKS2,-0.32698981685899997,-1.868974162060602,-0.06124141678295742,0.14218944567058472
TGFB3,-0.23332970398800001,-1.8688602729847996,0.031702719908840556,0.1418150022920393
ILDR1,-0.22103144375,-1.8686968480262856,0.00016044218871806123,0.1183669176583353
IL7,-0.33256298399399997,-1.867824915481534,0.02829772061764765,0.19319835688058376
TRHR,-0.25010684253000004,-1.867782632085044,0.051585841882467794,0.1615245153423887
MSRB1,-0.261789413834,-1.86689042891866,0.03132622044523151,0.157007411757427
KLHL20,-0.21408848492,-1.8666736939768764,0.03315745328976251,0.13245268254839684
TFG,-0.418622633174,-1.8657021332683745,-0.09389380586055789,0.17405180683616178
CABP7,-0.44723524026199996,-1.8633784058956608,-0.1007515197145439,0.18594383161852382
KIF1C,-0.23516840891600002,-1.8629993523097816,0.026195277199733316,0.1402918824376883
MGP,-0.119040945305,-1.862034411975084,0.11069451173072391,0.12337873863031378
CTF1,-0.6712938226340001,-1.8613187376102123,-0.3284744215153882,0.1841809219407339
CLEC12A,-0.375342737165,-1.8602022768754678,-0.08139914781044913,0.1580170033165856
CAMK4,-0.210225335279,-1.8596995997240262,0.09286179674479315,0.1629763925683322
FDX1,-0.28959148529,-1.8592977249712401,-0.03064098871756842,0.13927328210786524
FGF10,-0.270755288922,-1.8583265411542065,0.02910200825056203,0.16135877658310832
OC90,-0.238325384027,-1.8574438708635406,0.027986175028099174,0.1433752929133136
NDOR1,-0.249881395458,-1.8569566663212456,-0.016413204756887873,0.12572624603223947
ETV2,-0.157783900076,-1.8561459158009659,0.09113653914819143,0.13410607275278627
UBXN10,-0.0975776719321,-1.855433588421914,0.16091998451130862,0.13931927181681905
P2RY12,-0.303048052389,-1.8551609686659756,-0.015009654653705271,0.1552632912185619
CYP2B6,-0.191367100359,-1.8535168870345013,0.04261618784034356,0.1262374731172267
CAMK1,-0.334454982123,-1.8513360904748746,-0.02878889446453502,0.16510567110484
PARN,-0.659539844596,-1.848986813886748,-0.3176789470479979,0.18489093322919792
CD70,-0.33484539566,-1.8475620537700481,-0.02168203909185275,0.16950085975684598
ABCD4,-0.26388840728,-1.8472040427759395,-0.044393719662363676,0.11882536121336348
AKT3,-0.253518729034,-1.846566981717722,0.037594480081805985,0.1576510421761172
TGFA,-0.163621015573,-1.8465297580498687,0.12975130333749613,0.15887765557611613
CHRNE,-0.265338474479,-1.8452241744423288,-0.009876376982274993,0.13844501987078714
FKBP4,-0.723572969446,-1.8448463034437637,-0.2859484830279744,0.2372146045993721
DYNLL1,-0.33780767875900003,-1.84425270721614,-0.02766374442702952,0.16816780754527189
DSG1,-0.422256028193,-1.843566877053989,-0.06657151524625833,0.19293279640341762
MSI2,-0.403897625473,-1.8415628284977825,-0.046894160380819144,0.1938589656392007
RAMP2,-0.399930496584,-1.841452838895363,-0.05685677427703498,0.18630600526960303
EID2,-0.24922350690900003,-1.8412233415445458,0.0002070101554798976,0.1354699951040379
TPTE2P2,-0.374302466496,-1.8411890645960978,-0.10251469157396285,0.14761535365824005
TMED6,-0.09132262695049999,-1.8402772901778988,0.12109583818738313,0.11542742296045436
SMARCA5,-0.9868957558560001,-1.8388188089816744,-0.4657110513437253,0.28343450804753484
APOBEC3F,-0.519206642868,-1.8380403838364585,-0.15704486606386825,0.19703689863886878
FARP2,-0.259663843082,-1.8379468971926638,0.03741859145377589,0.1616382034701594
MARS1,-0.232167165076,-1.8369411002343,0.09255879600121766,0.17677538002486806
ITPA,-0.419169346805,-1.8368397904611085,-0.05662946042805109,0.19737153357612056
C1QC,-0.405426388096,-1.8366327452266173,-0.08291717669644696,0.17559809506704588
PPP1R1A,-0.292134310592,-1.8359154201844314,-0.03768771517312843,0.13859385493549073
OR1A1,-0.299269730011,-1.8354321634837765,-0.045934363963944395,0.13802491374358813
SLC25A52,-0.14684712815,-1.8353829025810662,0.06754117392595388,0.11680848817675235
MCTP1,-0.138651621417,-1.834295599231075,0.1400676649395625,0.15194894785409715
KRIT1,-0.206386905577,-1.8340228340037346,0.07484411918163444,0.15334107053874435
SRPK1,-0.49382145773,-1.8330124375734815,-0.06150355796583665,0.23585104547160643
PNRC2,-0.233744935458,-1.8328795056234608,0.08755066942941868,0.17529554119714422
CACNG5,-0.6341361318550001,-1.832633192718645,-0.29137448369520236,0.18703232568396472
RAPGEF4,-0.17000333974100001,-1.832389440907261,0.07102442804334042,0.13153741361061416
HMG20B,-0.375199144019,-1.8319224381604207,-0.09152452366316156,0.15485078104108968
RNF139,-0.305223682387,-1.8296887697312605,-0.03526171397164201,0.14754529452296372
CLK4,-0.301887745491,-1.8271910688810202,-0.0431003925005115,0.14163124885946984
DCTN4,-0.304704254875,-1.8266427495886317,-0.0100312727041895,0.16131943820824965
UGDH,-0.151003122199,-1.8264613755349273,0.07570889072792389,0.12412636585896886
KLF5,-0.362655899164,-1.8252912608304923,0.000352555269078943,0.19887700238476633
STK17A,-0.471847473755,-1.8246649506762513,-0.13658899931288943,0.18373700569951662
GPN1,-0.44973435582599997,-1.8238141059644697,-0.11113484818426199,0.1856546160786928
PRKAR1A,-0.5911709659000001,-1.8222269281659331,-0.09531469390854264,0.27211554407800104
ALAS2,-0.227313287614,-1.8216845302838165,0.021057299022403494,0.1363411625380096
AMPD3,-0.41267005723000005,-1.8215883217324085,-0.050412528729989865,0.19886904421713011
AQP4,-0.297671834824,-1.818685985384156,-0.038665570687022074,0.142413955030433
ATP6V0D1,-1.06304489984,-1.8186128110987736,-0.652887538265574,0.2255330871262345
FCRL5,-0.303861476392,-1.8179023530159617,-0.046421410310231066,0.1416138032137244
PARP8,-0.258081582214,-1.8160341757507532,0.0053120659090006945,0.14503782563128972
IRX4,-0.325675739783,-1.813078633320956,-0.06001636849091761,0.14652391044148091
TATDN2,-0.34519569446000004,-1.8123517933144146,-0.032083224807266615,0.17276583431968018
IGFBP5,-0.268873173397,-1.8110688974689477,-0.006237467947269121,0.14501695977263837
ACTC1,-0.442208852477,-1.809661245330239,-0.16651241736895253,0.15234698528217447
POU5F2,-0.179622246549,-1.8086946469506633,0.13254333287354642,0.17259164223703347
OR4D11,-0.181771817856,-1.8080218824929806,0.09240320326806638,0.1516436409198885
G3BP2,-0.340759989465,-1.8078786688292885,-0.08470667998471815,0.14163191031292602
LILRB1,-0.42010811134000003,-1.8075685888033879,-0.10200700254169667,0.1759828704530026
TMEM234,-0.19499471456700002,-1.8059901517449368,0.061760129697397526,0.1421684631094597
TNFAIP6,-0.34973107326200004,-1.8059166193829377,-0.08281282585785149,0.14780208816913798
ATF1,-0.341176243358,-1.8042898111453503,-0.0415401610724813,0.1660687104890937
AKR7A2,-0.271451125963,-1.804255950108613,-0.010096821301947775,0.144854339898571
AGL,-0.54763707636,-1.8037972382963767,-0.23569330355522303,0.17293727154133853
NEDD4L,-0.41469992681199996,-1.8024349358876983,-0.0977598081215115,0.17583997756590064
EEF2,-1.6662457542500002,-1.8023285016759052,-1.0362604708919674,0.3495396553803802
BTF3P11,-0.134397645603,-1.8014591050915296,0.15177076840913853,0.15885368321896973
FAHD2A,-0.192702960205,-1.8008772018703785,0.05350117103580143,0.13671344774929436
HMGB1,-0.529280830852,-1.8000867239791762,-0.14678755431619786,0.21248602716778153
PXDNL,-0.241138358789,-1.798967089438746,-0.031989122185887085,0.11626073530248111
AXL,-0.240662961631,-1.7982835880917194,-0.019641708511510963,0.12290678432650864
ADAMTS13,-0.30455833095,-1.7976179482188301,-0.058585751504444915,0.13683251198580712
SLC16A3,-0.235163575443,-1.7974939182497767,-0.01135888951131067,0.12450928687959534
IL1A,-0.914324509147,-1.7973236790120697,-0.3724363437161737,0.30149726048715086
FMO4,-0.123691908646,-1.7969757711170016,0.0998833547572184,0.12441751691746175
CISH,-0.283566445269,-1.795886250177909,0.002778209092272724,0.15944476123301576
ZC3HC1,-0.360635193396,-1.7924442700235117,-0.10783343501932044,0.14103744401122356
SUPT7L,-0.484563139479,-1.7921023028516472,-0.03988975231519221,0.24812946585483991
TAS2R43,-0.120407126761,-1.789796591462606,0.11817809723848689,0.13330298266157561
F2R,-0.18766833179499998,-1.7886070630496658,0.00035787327932111835,0.10512437804742138
SLC35F3,-0.29206270270999996,-1.7884690896242066,-0.00408038347838439,0.16102169218486545
FASN,-0.544629787891,-1.7884612882517248,-0.18153490333682257,0.2030208240677738
QPCTL,-0.165032941307,-1.788306009701407,0.10421529546191961,0.15056049429363375
AQP12B,-0.123341684242,-1.7880438485057066,0.2157322119888417,0.1896339938834333
SLA2,-0.442951451145,-1.7873149095043919,-0.11273044401210666,0.18475815614633967
TBC1D8B,-0.337662454307,-1.7865858352985102,-0.012392963922236037,0.18206205599431305
HTR5A,-0.415792474658,-1.7829415084786944,-0.12957701042450884,0.16052992365279906
FLT3LG,-0.260715382322,-1.7815590989378662,0.031148848522405532,0.16382517482491024
ABL2,-0.353894411186,-1.7809480087179452,-0.02090706609944641,0.1869719629413898
RNF113B,-0.30158714875799997,-1.7801879413524653,-0.07191538614166815,0.1290154580205969
ARHGAP20,-0.171396600551,-1.7800417303423701,0.03550132472705794,0.11623206453607329
RPS6KA1,-0.13738182996200002,-1.7749785827861313,0.07583876767504596,0.12012572980027732
PLCXD1,-0.261661760454,-1.7743299014697442,0.07918725751344845,0.19210013745758917
CD300LG,-0.253829659597,-1.7739549390525542,-0.010864842991007205,0.13696222562212154
KLHL1,-0.228796813086,-1.7735247770538918,0.052131693955997926,0.15840123051940952
IFNL1,-0.209680760913,-1.7731766504068647,0.07367432475184117,0.1598008216495654
NPVF,-0.399571007482,-1.7685833156912183,-0.10368267746606877,0.16730245467700156
TBC1D3P2,-0.1933992345,-1.7669994302861283,0.07795479575497267,0.15356769538461743
ZNF708,-0.148118325133,-1.7668899712245658,0.14803478629126793,0.1676126506162776
ABHD3,-0.29958852947799997,-1.766786703479044,-0.061773624426673515,0.13460306475197967
GALE,-0.24289515265500003,-1.7665645510933685,0.044412420414008856,0.1626363287382776
MAP4K4,-0.33405734383900004,-1.7659282152212092,0.0247593251189556,0.20318870601034508
PAK5,-0.525949667614,-1.7649985621719413,-0.17022288711085748,0.20154508231746002
ACSL5,-0.187702433119,-1.764198257067064,0.13268639171414998,0.18160590713074873
ALDH16A1,-0.354466641272,-1.7624690265774825,-0.06989213168231737,0.16146355215234307
PM20D1,-0.252207504402,-1.761343092732767,-0.017096396714376766,0.13348399222030197
GRIK3,-0.279060375938,-1.7605308389943137,-0.0014173855656312937,0.15770413344816472
ACVR2B,-0.35740214701800005,-1.7602637904014526,-0.08748723554486725,0.15333776275178332
SAA2-SAA4,-0.385321146105,-1.7598149783131287,-0.08889412212502558,0.16844215308595378
GLI3,-0.344926820298,-1.7597538717411707,-0.054843513477175185,0.16484311327799767
PARP6,-0.29431952908000003,-1.7576017459881428,-0.02393339171403829,0.15383811377243922
DDHD1,-0.25700050510600003,-1.7575353561321079,-0.0234216336997613,0.1329013783940523
SLC30A8,-0.335129901873,-1.7567494893910633,-0.06255183290389488,0.1551604657438028
CYP2A7,-0.30686967487100003,-1.7561426721018434,0.002768931806491762,0.1763174550658234
C14orf39,-0.257247986534,-1.7543036960217535,0.0004304822791396624,0.1468836150761575
SOX30,-0.430086751184,-1.7540907496783942,-0.08531418765563045,0.1965534357852251
ATG7,-0.419264526774,-1.7532525595779227,-0.138080378136463,0.16037857586543558
PTN,-0.37569778492899997,-1.751710857128206,-0.10467704914263491,0.15471773476969966
CDH4,-0.29475609130999997,-1.751514051448667,-0.08093886570912046,0.1220756553017845
CYSLTR2,-0.21745378721900002,-1.7510994486753193,0.021010473620073487,0.1361797361191954
CSF2RB,-0.40355221250600004,-1.75079294685908,-0.0810900388258092,0.18418064469512943
ALG13,-0.220538462344,-1.7490499030517404,0.04009622129878654,0.14901500705499107
NEDD9,-0.281947021795,-1.7489986085009182,-0.001863017720827615,0.16013963802649034
CAPZA2,-0.291237701337,-1.7486834053778366,-0.004742128417777811,0.16383501555407012
AGTR2,-0.240415624712,-1.7480189384933746,-0.005195304718304256,0.13456394253739218
PAN2,-0.42468150347499994,-1.7472380958048859,-0.11206060511686429,0.1789228950013954
DEPDC1B,-0.385034029921,-1.746874651941343,-0.0986370062033021,0.16394823944546805
OR52R1,-0.208352162788,-1.7467632014282746,0.09747773520634556,0.1750837765212124
XPNPEP3,-0.2290249622,-1.746118738841219,0.035228932889004465,0.15133787251167805
TMPRSS6,-0.597228437912,-1.7459091680154528,-0.21041454441277194,0.22155442023304867
CERS2,-0.316564569669,-1.7445380566703708,-0.015090259799258833,0.1728103945437199
BAZ1B,-0.45415934118,-1.7444061161713555,-0.16420069528444922,0.16622198420856013
PCDHB5,-0.10747277991800001,-1.7443684724670012,0.16027903040974734,0.1534949837456504
SLC22A5,-0.276850769544,-1.7442229706236234,0.024481290149258653,0.17276005692409924
PGAM1,-0.365207638379,-1.743716479060487,-0.09438434426708629,0.15531383534198923
NID1,-0.17866343148400002,-1.743704980418101,0.00887099124621353,0.10754939903036063
FMNL1,-0.24741278713000003,-1.7435787701651368,0.024313785581145515,0.15584416222583963
MRGPRX3,-0.434455342777,-1.7427356085192067,-0.16216484928252564,0.15624314564034078
COL8A1,-0.508754440061,-1.7416877576430245,-0.22308186209035735,0.1640205465744532
NAPEPLD,-0.17051699097399997,-1.7416640400742978,0.16393732910426626,0.19203147816268787
DECR1,-0.261977663282,-1.7409188432786695,-0.009500803543856283,0.14502506002097976
PRICKLE1,-0.284136025523,-1.7390989057806674,-0.03657785216078142,0.1423485303448522
ASGR1,-0.418280219278,-1.7386501223496778,-0.13139360752508802,0.1650053728838799
FCRL2,-0.48343525426899997,-1.7382921959734763,-0.1650366005352834,0.18316751031342424
TSHB,-0.194682025456,-1.7374547727511138,0.08798742532031642,0.1626916885604643
IL1RAPL1,-0.34525717435000003,-1.7369326135051213,-0.05112792594882147,0.16933831866259175
ACKR3,-0.429936158693,-1.7359737240434612,-0.13944232480966018,0.16733769057674236
CDC42SE2,-0.43579603593599997,-1.732997289905771,-0.16969836646906264,0.1535476547002598
SIAH2,-0.242369639824,-1.73294425427718,0.04778474167459068,0.1674343423237325
CACNA2D4,-0.263598874529,-1.7323650474321861,0.04823761269622884,0.18000622194926602
QTRT2,-0.328817086373,-1.7320952718245612,-0.02672232221312128,0.17441001605047798
MYOZ3,-0.47623971930200004,-1.7320307095237537,-0.15780924577572525,0.18384805291000397
TAB3,-0.6935413336049999,-1.7313676710136217,-0.2581851896204215,0.2514521619372164
CYP2D7,-0.31531914351999996,-1.7305914998601062,-0.00947156278087047,0.17673008376838378
ARL4C,-0.506170424483,-1.730563330340229,-0.17670295864900074,0.19038162895155408
NOS2,-0.256419178202,-1.7305297667568191,0.01044750500128182,0.1542109753497138
SERPINA1,-0.326439812673,-1.728487303813337,-0.024216183725109686,0.1748486253159821
UNC5B,-0.383508014617,-1.7268348481548594,-0.03332252502535591,0.2027903768364536
RNF212,-0.22753533083799998,-1.726472911326582,0.07575782038609591,0.17567211696999777
UBFD1,-0.22357675432100002,-1.7261483289376056,0.008009833475461562,0.1341637818222704
AXIN2,-0.197280187569,-1.7258730875509871,0.06194811007734046,0.15020125148030744
HPS5,-0.523738166955,-1.7251430995214831,-0.12214476117140413,0.23278846021236674
DCLK3,-0.329963196968,-1.724882973578089,-0.0545107790794798,0.15969339491891615
MECOM,-0.285951653251,-1.7246355275544056,-0.0015534679646025432,0.16490335537137182
PTP4A2,-0.381120024261,-1.7243485333410251,-0.11224875487290421,0.15592628995203317
ADCY7,-0.275744612895,-1.7231097355220895,-0.019474646482545266,0.14872527334122854
SSBP3,-0.27184695741500003,-1.721333079291481,-0.0031092209048297235,0.15612186841885686
THEM4,-0.254340746617,-1.7202389085287197,-0.015279756557151723,0.1389696447828352
MPRIP,-0.517733697414,-1.720141233888681,-0.24168400307378649,0.1604808308188478
ZNF18,-0.282484645587,-1.7197353104655533,0.02949188301477398,0.18140961966834193
PCYT2,-0.49076130673999996,-1.7193372005500926,-0.18051531237457719,0.18044511237595584
ST6GAL2,-0.317817980476,-1.7176930747204682,0.03712648696808057,0.20664021568687008
JAG1,-0.357235989362,-1.7172840076930114,0.004195656342288678,0.2104670189002888
GJB7,-0.239038979493,-1.7160117232344512,0.009757789216291161,0.1449854714514087
ARHGEF6,-0.22247801349100002,-1.7154664945899891,0.03709767986848207,0.15131493047407077
DRG2,-0.251612812252,-1.7153296750543152,-0.006430070774852141,0.14293622097418926
BHMT,-0.215897112754,-1.7144636719406892,-0.007719255980803833,0.12142447820871527
KCNIP2,-0.12153617079500001,-1.7115427065182607,0.08750978015996061,0.12213890436903935
CCDC126,-0.30433443864799997,-1.7087119559314112,-0.04720494770273778,0.15048147234687195
HSPA9,-1.33760629359,-1.708230951786969,-0.9237229864538469,0.24228767585740824
HOXA5,-0.281550409801,-1.7058842711583984,-0.03097461200300642,0.14688909560543487
HOXC10,-0.270448239007,-1.705032667699225,-0.04360031929184807,0.13304608410891097
PYCR3,-0.358326511588,-1.704477661684305,-0.03846806199723587,0.18765775391546713
ARSF,-0.254909140069,-1.7042266975622704,-0.003494427233186043,0.14752421916370523
CPD,-0.31588234074,-1.703078715622748,0.006450800926615638,0.18926496979251559
HMGN1,-0.236487845793,-1.702847667862843,-2.5695244732608694e-05,0.13886277381760104
IMPG2,-0.137039131587,-1.702792952741696,0.12484253759280399,0.15379536822615095
STX6,-0.298964465106,-1.700746268801944,0.009161353319805776,0.18117095070439798
ZNF253,-0.244634009949,-1.7001058913821345,0.037455012297712836,0.16592438369670198
TAS1R1,-0.5060715857060001,-1.7000304775517299,-0.19362425663913535,0.18378925154143735
SALL1,-0.25042795481999996,-1.6998847515194069,-0.028731689273523063,0.13041840945294572
GUCY1A2,-0.117126106419,-1.6993850196582396,0.11198448765827261,0.13481970914592895
THOC2,-0.76582760721,-1.6992771372325286,-0.4305779317577184,0.1972895816148476
TCEAL1,-0.32328254960499997,-1.6989009628484613,-0.04667481682085393,0.1628156901626401
FMO2,-0.101836815517,-1.6980363572149306,0.1580128058737142,0.15302948036808348
SLC4A2,-0.270188572236,-1.6970764492961856,0.003241555149288932,0.16111833235249146
IL1RL2,-0.484806389084,-1.6956383871063354,-0.18475636527970393,0.17695401689763676
NDUFB6,-0.262301762536,-1.6937545289908702,-0.03421383194602317,0.13466410078080818
CEBPA,-0.366856502113,-1.692133460851059,-0.09179835030013948,0.16255109787529404
KRTAP13-4,-0.270012889822,-1.6911489180562684,0.008834789327019022,0.16488653138217668
LSAMP,-0.34381682206200004,-1.6904805841541735,0.002952911713980048,0.2051308586602225
DHRS9,-0.225983648039,-1.6898428664332856,0.01195627631250648,0.1408059465633755
MTFMT,-0.36661483273,-1.6894094143205114,-0.05250490433305377,0.18592883745902575
CHRNA3,-0.198837424054,-1.6892634100020076,0.08648359727585679,0.16890262326200373
PSME2,-0.15762333267,-1.6885705387353034,0.05876521140050498,0.12814895149868866
SENP2,-0.304651407062,-1.6872630236644584,-0.033921995422922464,0.16045477666611677
APOC3,-0.303501374734,-1.6871244685543292,-0.010417128280409289,0.1737182122103475
GPRC5A,-0.158539032099,-1.686610833278256,0.07619820207105871,0.13917688036771428
ZNF26,-0.0493388343326,-1.6865494841064401,0.30149682766759717,0.20801978554816924
ROM1,-0.331481140886,-1.6863933197472172,-0.05634533163847363,0.16315043829085377
LYPLA2P2,-0.475048897267,-1.6862501566611903,-0.10199465224102629,0.22123303802362798
ZHX3,-0.504425227608,-1.6844313973130973,-0.19714159493085257,0.18242573319834077
FTH1,-0.285446908541,-1.6831870031857505,-0.013376188632090735,0.16164022143348533
IL22RA2,-0.321985963356,-1.6827787733657942,-0.0070490821827687644,0.18715287247373175
HTR1F,-0.32960241512899996,-1.682319748454207,-0.021633315878159504,0.1830621673042932
EPS8L1,-0.8725743504919999,-1.6821762221629109,-0.46349558438037003,0.24318425187680043
NEK10,-0.227450866686,-1.6818162646848076,0.029023294887668305,0.15249832396033738
TRPV1,-0.379931461594,-1.6811517108114769,-0.11119226072603397,0.15985422323262424
WDR44,-0.350604355875,-1.6804850624829806,-0.11073651243669236,0.1427372660390648
GTF2IRD2B,-0.366710082116,-1.6767429161505056,-0.08212174086518366,0.16972687852719784
SLC3A1,-0.374266113265,-1.676547685323199,-0.002964700496554207,0.22146785088123966
ADAM17,-0.331844441952,-1.6764778491314498,-0.05534100800734742,0.16493115855238027
RCHY1,-0.5846163030899999,-1.6759046954331063,-0.24142427066704444,0.20478016044597566
A4GALT,-0.238652875711,-1.675147278856545,0.046003326648102374,0.16992905994117044
RNF185,-0.33877422129199997,-1.6745933211987114,0.02277438828843803,0.21590233581108123
ZNF433,-0.236822901656,-1.674416889090587,-0.010656566263269739,0.13507169980563574
KCNB1,-0.23908203196699998,-1.674036825471593,0.034186960739405026,0.16323953484680506
PABPC1,-0.702355784056,-1.6717134522942738,-0.28334113833649105,0.2506498019409066
ZNF513,-0.220039613559,-1.6713148248420218,0.07507989366298741,0.17657924338096093
USP32,-0.322592019678,-1.6692418089814,-0.08669225520689348,0.14132150489032896
SEZ6L2,-0.554682179787,-1.6682470065045019,-0.25104080604266443,0.1820122395307389
OXNAD1,-0.285490907545,-1.6671624140577344,0.027994856505909386,0.18803552755721692
PDSS1,-0.32110283904,-1.666685116546396,-0.04934122745243435,0.1630551619436631
NSD2,-0.28240236135499996,-1.664695374801896,-0.03447326398728047,0.1489336133929151
PRH1,-0.5572753460109999,-1.6642031983784793,-0.19518054622664346,0.21757847847977005
PTPRF,-0.436751903406,-1.66373012824374,-0.16436955545801166,0.16371786705306554
EEF1E1-BLOC1S5,-0.27616625755199997,-1.663564083206922,0.05150850937330894,0.19697153252649968
ELK4,-0.396685176526,-1.6635249792099056,-0.11732944532081407,0.16792998884685606
RBMXL1,-0.480023391646,-1.6617718722066144,-0.133766198356117,0.20836626198883668
PCBP3,-0.272060342148,-1.6617490519074418,0.022536412219634937,0.17728113280972327
ACOXL,-0.300807208435,-1.6611290503778293,-0.08573426482136967,0.12947395240888193
ETNPPL,-0.144716408617,-1.6606238089208019,0.14084440165561934,0.1719599639235561
NFE2L2,-0.386797568788,-1.6604686838435738,-0.06865397544621984,0.19159867116876692
NAALADL1,-0.12189561817700001,-1.659585774889426,0.13647992154943706,0.1556867645142668
CST6,-0.281520834033,-1.6594170227972547,0.0434344025625943,0.19582493859670191
MRM3,-0.41170172524099996,-1.6592175551166213,-0.1266480736410028,0.1718000455823056
EYA1,-0.394793039102,-1.6586167627560784,-0.06178954440046054,0.20077181310298384
THAP12,-0.316212677105,-1.6566776369786764,-0.10120878320050526,0.12978016308387105
TLR1,-0.241258565594,-1.6566621020164727,-0.01989730187460408,0.1336188372088413
BIRC7,-0.345208749367,-1.6564784419743512,-0.11377745055027685,0.13971283474168306
PSAP,-0.273890859088,-1.6561093699057445,0.028737506261381583,0.18273452879902813
ATP1B4,-0.17611837445599998,-1.6560460071811827,0.06037022478205267,0.1428031577701085
SF3B4,-1.3290853491799999,-1.6546612162236765,-0.7916688930581358,0.32478941964227215
HSD3B2,-0.361607265588,-1.6545437338562385,-0.08341359146332446,0.16813920867252669
CD74,-0.33725695972400005,-1.6536785040381736,-0.07672185915108555,0.15754882217837687
RNF144B,-0.292767906857,-1.6533335084408827,-0.003437116148642468,0.17499844358758607
ADAM21,-0.270884125777,-1.6531592128269923,-0.07354146045011586,0.1193730548126804
CLSTN3,-0.190745766908,-1.65280674651226,0.22856643749251848,0.25369705519737734
ZNF684,-0.159618856459,-1.6520110119783302,0.06532723622023237,0.13616500801036008
ZFPL1,-0.181292967713,-1.651881002439744,0.027992584337045275,0.1266952956907557
CD1E,-0.461602675189,-1.651712790615818,-0.2032645652696344,0.15640619324806937
KRT85,-0.29545132988,-1.6512079091670562,0.0013929841499612811,0.17977403837636835
MKNK2,-0.446331410381,-1.6502587147671954,-0.1574453073264121,0.17505503862486282
ACO1,-0.303450700289,-1.649917483452286,-0.032229050040675125,0.1643849786237921
DCT,-0.404755901375,-1.6493589555948283,-0.11528401830986315,0.17550569091295296
RGS16,-0.238119232471,-1.6483997349885728,0.03406320740095193,0.16511919657269225
SGTA,-0.202893295286,-1.6483082824177744,0.12149007549128595,0.19679775575808756
KDR,-0.22999009744100002,-1.6480669996139543,-0.004050284358163966,0.1370938275784665
CD248,-0.07962813343019999,-1.6480324678589904,0.12595436572667157,0.12474420447793125
RNF186,-0.249217795082,-1.6478670011263352,0.08243983522177012,0.20126480479133238
ZNF141,-0.327531426154,-1.647471219967381,-0.07739985925548319,0.15182757905990565
MTMR10,-0.307671959574,-1.6470047485100037,-0.01321560111019906,0.17878294445124515
RHOT1,-0.275123301792,-1.646020628235366,-0.03824139506033862,0.1439118700387207
BMP6,-0.43245413273100003,-1.6455814719581257,-0.16147693475492675,0.16466957278853508
NPR2,-0.42118448944799997,-1.6454071540867075,-0.16060758868550662,0.15836621356318828
PTAR1,-0.426008290718,-1.6452191335988042,-0.10753727244009241,0.1935736168964155
GRK1,-0.261587510653,-1.6445599237822595,0.02654292634126417,0.1752021515467823
ZNF133,-0.342089747436,-1.6441766444674846,-0.03148298015702985,0.1889132583923605
ADGRE3,-0.408340374133,-1.6433998150238294,-0.12183007734445754,0.17433998359333394
LDLR,-0.32297755004900003,-1.6420340377382456,-0.07684895520471319,0.14989250477615365
DNM2,-0.780936316627,-1.6418579676813565,-0.38415582970001827,0.24166553668909496
MBIP,-0.277611929771,-1.6409504839345472,-0.0157077306696519,0.15960518106151136
RAP2A,-0.21137838461199998,-1.6397364193973678,0.023855039906134242,0.14345807151407095
CAMKV,-0.341691687339,-1.6396212194864506,-0.08503820723712892,0.15653217770764039
SOX5,-0.154055045868,-1.639228448958131,0.0857010675156513,0.14626156197815912
GLIPR1L1,-0.510419633971,-1.63784818144024,-0.14630763912500588,0.22231120012955818
OGFR,-0.296302174628,-1.636642578503993,0.003491995818888563,0.18317632352014304
PRSS35,-0.210122945405,-1.6358196253331379,0.10579402527397909,0.19312457546451187
PCDHA1,-0.343468462195,-1.6355771424679024,-0.06871910932987355,0.16798312090040615
NPY,-0.256016173787,-1.6345719641724532,0.04735259486591535,0.18559523551262186
SGIP1,-0.327399851344,-1.6337874043597895,-0.05283448089085019,0.16805452760895784
ALX1,-0.279219882271,-1.6336699407828672,-0.05489644867867063,0.13731257948275147
CERS4,-0.17808411959000003,-1.633022583790577,0.10529661498373345,0.17353142411291658
HSP90B1,-0.561408804563,-1.6327996143001064,-0.24045152986952822,0.19656868600563024
CARM1,-0.379692970827,-1.6314065456894844,-0.07588777372416808,0.18622286266139393
SUCLG2,-0.4349348058,-1.6290661717072414,-0.08737759108237322,0.21334751206170532
NACAD,-0.45381758138000006,-1.6285131763848786,-0.05165139925915563,0.24695298014942035
MOV10L1,-0.205347359747,-1.6279500696654106,0.06749264318069921,0.16759727955524797
DOCK2,-0.176050796871,-1.6266718504870645,0.05753411514701512,0.14359682436754173
BFSP1,-0.369024336419,-1.6258000887090094,-0.08945076352581548,0.17196060870877677
CLEC10A,-0.535288159095,-1.6255418779546817,-0.16419992764613592,0.22828586361354244
PPP1R3F,-0.33314258743,-1.624231953847777,-0.023638835646276276,0.19055391137362787
RAB10,-0.353446145864,-1.6237865086369296,-0.07841345793778004,0.1693773697855719
CDSN,-0.232752212196,-1.623130886959219,0.02320598049203643,0.15769411742730724
ADPGK,-0.35294591348800003,-1.6212801051576722,-0.09091401973782035,0.16162037202368348
LAMC3,-0.266046144205,-1.6212015272359577,0.04445694223268371,0.1915265198195755
CLOCK,-0.236197258551,-1.6203743429350472,-0.019211966648478324,0.1339105947021401
GABRG3,-0.28575472162,-1.6150866339507368,-0.02692702866718776,0.16025622868271905
KTN1,-0.19440398221000002,-1.6147634854452158,0.0721926969819178,0.16509952175343678
TMX2-CTNND1,-0.257342593174,-1.6146837390794482,0.02536501147862934,0.1750854348813871
NPL,-0.317698599122,-1.6146712789794022,-0.05571543131084807,0.16225170486512008
RARRES2,-0.514643524129,-1.6145795398895295,-0.19981382263818612,0.19499175711860856
RNF183,-0.378795307422,-1.6143018581279927,-0.0795471994884468,0.18537308027420163
H2AC12,-0.13255261562100001,-1.6123905344173424,0.10191366334029878,0.14541531592780413
IP6K1,-0.505441913482,-1.6111621030445047,-0.10117517756960091,0.2509162393706278
ATP1A3,-0.26882693790999995,-1.6109864214574572,-0.007237032655720903,0.16237871515864113
CRIPTO,-0.227436202445,-1.6109493279584581,0.028640990448236474,0.158960426904154
ATG4B,-0.15194811829000002,-1.6109391134544777,0.06231141106708978,0.1330028724038082
CAV3,-0.293555928617,-1.6108542006705142,0.026432875000257247,0.19864541650266215
BRMS1,-0.37875250488799994,-1.6106939466943817,-0.06495568583586221,0.1948208843127158
PNMT,-0.287137368013,-1.6103283439363358,0.009459918428151939,0.18418435442559525
CNKSR2,-0.172930354586,-1.608969798238517,0.04552445555583392,0.13577309554287217
C8A,-0.33886726378,-1.6088537969119479,-0.06597737696678672,0.16961757950722506
HPGD,-0.273116654812,-1.608760270149347,-0.0064852082135949075,0.16573721488886142
MST1,-0.33513663431999996,-1.6085573394085666,-0.0960177242031554,0.14865426569422988
COQ3,-0.0716740612513,-1.6061246989998357,0.12290840689380293,0.12115028693990768
ANTXR2,-0.207282042379,-1.603476132111529,0.016867130771838063,0.13978952892530333
ZNF45,-0.43730753267,-1.6032415310458183,-0.15354710331177848,0.17699169081100363
NMI,-0.42423059590000006,-1.6027400483008383,-0.1347764851472907,0.18059953706128273
ACYP2,-0.298857210102,-1.6023630721026794,-0.06072130973109748,0.14861544459983833
SNX29,-0.20142677253,-1.601979258020385,0.04075342521842538,0.15117561387635872
SLC22A4,-0.18603588761700002,-1.601769899093759,0.045774079022764196,0.14472114051519913
REXO2,-0.5448055900159999,-1.6016320443502194,-0.2752230451608975,0.16831740211870685
CLIP1,-0.17438450733600003,-1.6013880376286314,0.033050524755018046,0.1295345208137012
SYNM,-0.166366575518,-1.6009413448834866,0.07090102856241091,0.14820505750488866
KCNJ8,-0.276799062187,-1.6004536121258477,-0.026391362844547076,0.156460454364461
ZNF407,-0.27085024573100003,-1.6002688226706197,-0.028437163385236205,0.15148272522188558
RORA,-0.497235238161,-1.599474285407206,-0.09563511725096781,0.2510825741770459
ERCC6L2,-0.22290705295000002,-1.5990908265358936,0.012160191547573983,0.14700055844032298
SNED1,-0.192442847813,-1.5983656672670339,0.03281016566869487,0.14092708451805264
KIF21A,-0.339623911827,-1.5977809220318464,-0.06361750491347087,0.1727435865002949
ENTPD6,-0.440236714388,-1.5974675591721765,-0.04838201640128037,0.24529743701949266
AP2M1,-1.41140634045,-1.5933922294238467,-0.7612323469549361,0.40804390876825075
SPTBN4,-0.0825460684954,-1.5931924426061894,0.1395795608659145,0.13942171919793636
BMP3,-0.285479789494,-1.5931287822119689,-0.034944868153892895,0.15725967927856627
AHSG,-0.18310199587900003,-1.5931031995642846,0.0882753970754403,0.17034514338346837
ZNF559,-0.263391796793,-1.5917222274994918,0.04903112597609666,0.19627980144493926
PCDHGB2,-0.170207765796,-1.588250606356997,0.07672146355904824,0.1554724603074038
PPM1J,-0.257607562098,-1.588058385633956,-0.02492395428740482,0.1465208142946882
ARHGAP1,-0.220359493321,-1.5874662277087623,0.03293845016598435,0.15956115416236408
LILRB2,-0.22656736743,-1.5867708215031524,0.0965523907591448,0.20363353914149526
CSNK2A1,-0.22845781363,-1.5865959907299574,0.005664325673477059,0.14756254312464429
CD99,-0.270590276114,-1.5855010027270748,-0.047679505918860596,0.1405932697688182
STX17,-0.146487774854,-1.5853291007694246,0.0646990457918753,0.13321323663545806
DIAPH2,-0.268379946491,-1.5851051334155073,0.053452647326381525,0.20303548769911073
TRIM22,-0.153779772045,-1.585018237277806,0.061116813109742825,0.1355798817329809
GDE1,-0.17647012700999998,-1.5850078788701205,0.08195249134387764,0.1630418509579241
ELL2,-0.44342748715400004,-1.5845784023530198,-0.04102444283023573,0.25394959550516144
PCDHGA4,-0.23650506644400002,-1.5816129406957367,0.03204922325763734,0.16979773166467824
KDM1A,-0.707932960152,-1.5811973221181088,-0.29861859290921894,0.25886355960588137
DHRS4L2,-0.183033156173,-1.5808373029091494,0.022969590813448744,0.13031242785538424
ZNF93,-0.138989256485,-1.579532378248666,0.08723786085073724,0.14322410888884118
COLGALT1,-0.22555285125,-1.5779983504141968,-0.012939083487327445,0.13473636883515447
CLPTM1,-0.297934927333,-1.5760397292988024,-0.07783911421575271,0.13965118329546827
TARBP1,-0.358897865837,-1.5759425268288347,-0.016058884360047893,0.21754535818436502
RFPL3,-0.135674026747,-1.5750415068149541,0.12417772417343823,0.16498089085024173
HMGCL,-0.298009118447,-1.574450461482164,-0.018956070999608197,0.1772383788974189
FN1,-0.34039057801600003,-1.5739493239269426,-0.07819207219382322,0.1665863708801003
IQCD,-0.178055450811,-1.5734434183890247,0.02427115827438893,0.12858842378491225
AACS,-0.283153400578,-1.5724616672085332,0.017116281136271106,0.19095516792299053
PDP1,-0.164086086089,-1.571965331165692,0.1341519884904689,0.18972306110485923
ABHD14B,-0.17874696563900003,-1.5707013317925365,0.05160487584427471,0.14665540597739837
GLT8D1,-0.126819373377,-1.5706292184043464,0.11170376589459201,0.1518647026787872
SKAP1,-0.318101867943,-1.5694783905596268,-0.11081905768943162,0.13207114637599937
UGGT2,-0.21065701952399998,-1.5689338742361927,0.03890232316044801,0.15906300882562147
ADGRV1,-0.152301321395,-1.5688994994222725,0.05334332070941404,0.13107572676270218
ACVR1C,-0.195444060211,-1.56864794378831,0.0016288591843773596,0.12563234483286484
HDAC3,-0.592972327085,-1.567421804103514,-0.2879563976237208,0.19459722243415706
MLLT10,-0.205726923417,-1.5671767344717074,0.045518195578050064,0.1603170296423169
LIPE,-0.415209780757,-1.566954948213408,-0.11394808178318995,0.19225932393097775
CACNG2,-0.404450027804,-1.5668537561402094,-0.09131221720693788,0.19985133224459087
ZNF443,-0.123102214938,-1.5668106302022882,0.09722172811053144,0.1406193823308984
SFN,-0.405719687208,-1.566426444311509,-0.14208127929466505,0.1683056417176434
CYP2A6,-0.153025795678,-1.5659049432910177,0.0531637409773437,0.13167436346551217
ATP6V1F,-0.20509578715799998,-1.5658492294855524,0.03581684329820478,0.15385429575193182
PTTG2,-0.273181838588,-1.5654413732098085,0.028096873581294105,0.1924560812849522
PCDHB13,-0.2495665774,-1.5652965130710763,0.0068046893821167185,0.16378447446939115
GJD4,-0.218174457066,-1.5650990830941884,-0.03216624298973392,0.11884756440373687
MEX3C,-0.17764557663,-1.5650755974732569,0.08355257915559185,0.166891718334427
KPNA5,-0.36255971064099995,-1.563259986806701,-0.13610491065496086,0.14486061301205716
ZNF277,-0.448993185213,-1.5630470052954122,-0.11556241902396756,0.21332101021876487
ARHGAP5,-0.361683956097,-1.562732524321069,-0.11429162133693206,0.15830753562100963
ELAVL4,-0.329214240089,-1.5621097247565483,-0.07127984217953413,0.16511925751545042
MGAT4B,-0.198587775893,-1.5602935549032688,0.10973441424654388,0.1976052449685716
SCARB1,-0.187089483334,-1.5602528687827582,0.03710382171084874,0.1436903655365522
PPP1R3E,-0.123880687065,-1.5591024300411895,0.13626776081248682,0.16685782977749192
TEX101,-0.216369277334,-1.557309337020372,0.02347695998320545,0.15401322756858798
CYB561D2,-0.221841165131,-1.557264538535368,0.045295554069283414,0.17154228622680237
IL23A,-0.429157577082,-1.5572538882877618,-0.13265021388017081,0.190403996054777
ZNF76,-0.303927880059,-1.5557488699657271,-0.01898959015684557,0.18315185400612347
CYP4F2,-0.363850047319,-1.555046971694392,-0.09967308844160533,0.16988358788258678
RNF13,-0.18063369513099997,-1.5534573317997076,0.02828047772972829,0.13448336725071008
PPIB,-0.171799116894,-1.5533861470281707,0.07921987658402155,0.16159471613561988
IL6ST,-0.21856890368700002,-1.552798865247789,0.03024637092070659,0.1602366411879118
JADE2,-0.292980651178,-1.552797120831653,-0.05977487270697038,0.1501843192149457
AMFR,-0.192850544786,-1.5508366428723273,0.042294383123304205,0.1516245627739288
LGALS3BP,-0.275417735215,-1.5506741352333258,-0.00413870239583533,0.17494264375432178
TRIM41,-0.316657123114,-1.5505187045590558,-0.048485885253458094,0.17295582250767222
PCDHGB4,-0.151810693894,-1.550269674861757,0.10222397576462082,0.1638648254415955
DHRS4,-0.10192550354699999,-1.5493404421426848,0.1063137698261578,0.13440511052894868
PPP1CA,-0.397298805829,-1.5486047177502111,-0.08689564604902485,0.20044053606586196
ZNF439,-0.17746396005999998,-1.5481879908378793,0.04129179014698405,0.1412979247362547
HMG20A,-0.426860906245,-1.5473996302790087,-0.12007050853741841,0.1982619044908682
GSTM4,-0.211662846839,-1.546469251437427,0.008136995850476333,0.14213010862335262
TEKT3,-0.17405944166600001,-1.5436732586518953,0.057871455283337335,0.15024610658338725
POM121C,-0.377001699856,-1.5420399092902657,-0.10566908109782053,0.1759569367326311
KLF3,-0.19588781905699998,-1.541882602978666,0.01860395866551817,0.13911031702942556
SRPK2,-0.38478449076300003,-1.5414705567022977,-0.07281122677423629,0.20238678100746543
MPG,-0.341338469164,-1.5407110386238259,0.020229233750194767,0.23467586967972245
CDON,-0.452829478158,-1.5405647441941135,-0.1921752701430871,0.1691939329374073
TJP2,-0.36520773302000004,-1.540462636477645,-0.10570021013430218,0.16846077064165377
SLC36A3,-0.22819547722300002,-1.5400508472455519,0.062355310180644816,0.1886631132493499
SEMA3A,-0.152600808884,-1.5386970438667256,0.0539887654426174,0.13426267058228727
RPL22,-0.300953938476,-1.5377886360334918,0.03503715368616233,0.21848977440020872
H1-6,-0.219026205442,-1.5377641951015946,-0.03564483583505296,0.11925194395284493
TAS1R2,-0.173654185517,-1.5377140049443534,0.04468385898935144,0.1419887207922338
OTX2,-0.174433460671,-1.537598182303569,0.05012584023362813,0.14604550362319121
MYO18A,-0.575937927571,-1.537416106007566,-0.3040089181970125,0.17687404750828684
TGIF2LY,-0.26218256738,-1.5351656375531997,-0.009666453919205531,0.16448786195036483
EP300,-0.401384511149,-1.5345546044080554,0.013285256911561264,0.2702215788668644
DUSP14,-0.328451458013,-1.5336979512470983,-0.08762542783744477,0.15702311526186236
STK17B,-0.13618614512,-1.5334745404644257,0.08492633332858018,0.14419051155659512
ALDH4A1,-0.240141622421,-1.5300144496152812,-0.013613649026670211,0.14805610068015357
DDX56,-0.89415366472,-1.5299195589744534,-0.5278259361838818,0.23944247681994313
HAND2,-0.258720732938,-1.5295127332412846,-0.0026749479575841123,0.16740350009235525
BDH1,-0.794910306458,-1.5291351702004716,-0.44183214449773617,0.23090055662899625
ZNF74,-0.299856291327,-1.528943660589283,-0.0536367481798466,0.16103899018244783
DNAJC16,-0.372369163275,-1.5283551614909237,-0.06662403605103157,0.20004848017506052
ADGRD1,-0.5355321482509999,-1.5266367701447436,-0.24325009005345144,0.19145487906061415
SNX1,-0.11101797490700001,-1.5266147523827245,0.08443064386380658,0.12802746630461445
NUDT7,-0.166218113179,-1.5262537870687143,0.05038900943203492,0.14192077650928897
CDH8,-0.349086095212,-1.5260763905098007,0.02196542652863954,0.2431408571996099
PCDHGA12,-0.09669109949380002,-1.526026555202359,0.13237974871133346,0.1501093460164312
PPARA,-0.699216969136,-1.5249358912184319,-0.2965380542670352,0.26406284827306553
TESC,-0.398753392856,-1.5246036308040471,-0.157982038382069,0.1579239020616478
FOXK1,-0.26719576311099996,-1.523903577110869,0.023613886305301812,0.1908320538020132
TRAPPC1,-0.24825442914299997,-1.523561673272027,0.007263063560255903,0.16771063304218078
OR5V1,-0.321979479492,-1.5235035837131226,-0.07057477439096366,0.1650174688058864
TALDO1,-0.251671412858,-1.5227403339547971,-0.008146596057488735,0.15992537359803088
CPSF2,-0.6422960991459999,-1.5220645982531136,-0.37493051485754003,0.1756598140416101
ADAMTS8,-0.19868133715999997,-1.5219976762658407,0.012606494523496931,0.13882270320010145
GNPNAT1,-0.33641168103299995,-1.521780645585705,-0.07147196651516789,0.17409849132091024
PSMB6,-1.75671510692,-1.521635556163738,-1.2535804658827647,0.3306538408616778
RPP40,-1.15647122989,-1.5212439285356176,-0.7152253503313736,0.29005596754189134
RWDD2A,-0.0880659077346,-1.5210811762226635,0.1397801693824258,0.1497921877403291
ACVR1,-0.285842894538,-1.5201462967160992,-0.0838182013555672,0.13289819119308272
SSTR5,-0.297835000633,-1.5196174963532068,-0.0642845453175407,0.1536902910607018
PREP,-0.126831908884,-1.5191330492085269,0.08746944662055739,0.14106819387295214
RAB38,-0.360708901147,-1.5181948934382374,-0.13550757382438208,0.14833492609938057
ALDH18A1,-0.444287480333,-1.5179081001057162,-0.1365885009415017,0.202712522167889
BOP1,-1.1690190756799999,-1.5173959486772763,-0.7523399257339358,0.2746014646403174
KDM5D,-0.426242086457,-1.5168575233639632,-0.1558015247768364,0.17829002230901855
PRSS2,-0.27007917971900003,-1.5158856065844248,-0.004854759069252426,0.17496334782632317
E2F1,-0.32255177287799996,-1.5146722043247685,-0.07219755582870142,0.1652860706986466
CD72,-0.332390189633,-1.514658695298781,0.006839813568693164,0.22396464910187358
CD200,-0.317169643957,-1.5146385203564203,-0.0942719964287036,0.1471622730655528
BPGM,-0.12697623762399998,-1.5145532915341984,0.10878559997886578,0.15566427336739394
CDX2,-0.135863025499,-1.5143424306844881,0.07045875539751738,0.13624512971168562
RECK,-0.167936295262,-1.513906869325606,0.03987213155395094,0.13726632134810415
PTGR2,-0.260832170745,-1.5120227803032034,-0.023173917211381092,0.1571790164999774
VTI1B,-0.446102376681,-1.5095086220789156,-0.17297368744732655,0.1809388069990067
FZD4,-0.365793923113,-1.5094843333827497,-0.09604457588627888,0.17870297906452182
CTSZ,-0.230361583182,-1.5085068886895439,-0.012836902405335476,0.14419866585139068
SMIM3,-0.192455136063,-1.5082242978300286,0.010009647470838375,0.13424049978848399
RPN1,-0.666301504758,-1.5081643254942254,-0.2918030072628739,0.24831412012905354
TRIM13,-0.305851555788,-1.5066420591257943,-0.08760040038427654,0.14485932745721988
SENP8,-0.34022425844099996,-1.5066086784580253,-0.06959736992404751,0.1796265296931198
GALR1,-0.26646375984799997,-1.5065208108957648,-0.05199994652094299,0.14235702007962212
PZP,-0.20410557567200002,-1.506464361920744,0.02329990130080227,0.15095310763466052
GPRC5B,-0.313818074144,-1.506152480077475,-0.06424921089240568,0.16569959984314253
ADAMTS7,-0.121118590197,-1.5056923959243547,0.0765183943351158,0.131259867597847
SHANK2,-0.0974752434527,-1.5052729604693649,0.08874323342467347,0.12371076991863854
DHCR7,-0.45653519388499997,-1.5050817916041608,-0.18644200970956903,0.17945415703126513
TG,-0.223983428323,-1.5050527906147606,0.018183723631431083,0.16090276265692607
BACH1,-0.288419349035,-1.5049891471363177,-0.04711774086912655,0.16033445066698346
NELL2,-0.184613483479,-1.5048647492914464,0.014237984839241208,0.1321390964947972
CPA1,-0.224794687735,-1.5046029897274023,-0.040066951236877243,0.12277506940989859
USP11,-0.240348569337,-1.5033836997272763,0.04902599855250293,0.1924821773323719
CRYGD,-0.302717307214,-1.503005686594943,-0.028439864326754487,0.18248596484596183
ZNF875,-0.205475654272,-1.5026955891429423,0.014977240977269777,0.14670495930250543
PEX13,-0.45349937285400005,-1.5025668383663815,-0.1539477790841306,0.19935991273143464
RAB23,-0.22709174338500002,-1.5001808037643996,-0.03206259976343854,0.13000375896836927
PRRG1,-0.407153181838,-1.499913365466714,-0.10228765292014023,0.20325542523784204
SLC25A1,-0.28350866280000003,-1.4995501881561464,0.01578806847266011,0.19959100644752462
SPINT1,-0.17338299929200002,-1.4991647651147817,0.03811525064986275,0.1410773884654831
TBX4,-0.355602558749,-1.4967356413757882,-0.1056164458792009,0.1670208859595364
SLC25A51,-0.220600834241,-1.4962899918637989,-0.008049745726786912,0.1420520685628971
CYP2C19,-0.160147816454,-1.4940379385547689,0.08815897418668957,0.16619845067715264
TPTE,-0.333046311085,-1.4927018787187134,-0.08496430981662019,0.16619661622006218
NEUROD2,-0.182207418764,-1.4924636771480448,0.06420430679026261,0.16510400174370193
CHRFAM7A,-0.118781335428,-1.4887301912370245,0.06992276370049333,0.1267550696823675
ARHGAP27,-0.34063091261600004,-1.4856272583633006,-0.01495841446757826,0.21921548377296982
KLK15,-0.342087205901,-1.4852554205122521,-0.1270370149898581,0.14479003943777757
RAB15,-0.160003205761,-1.4841398681488454,0.06096525798466918,0.14888654936632165
WBP11,-1.1396000526999999,-1.4840653916654807,-0.7965455472852674,0.23115861830706952
RCN1,-0.279945901213,-1.4839841979321888,-0.012315743443174713,0.1803456924559885
RABEP1,-0.324927123802,-1.4832840938762295,-0.11163566819872171,0.1437967658952568
KCNH6,-0.292928818007,-1.4808042334919644,-0.050616243035209854,0.1636357929639219
TRIT1,-0.11332494170299999,-1.4807693894376646,0.09138769906558708,0.13824748284831073
LTB4R,-0.37113164543399996,-1.479967826540921,-0.13065017381613794,0.16249101318636855
OR52K2,-0.16205460563500002,-1.4789363490454956,0.10485507350133642,0.18047408146307295
CDK17,-0.150595283159,-1.4787887926506136,0.061252837759859485,0.14325786209073052
IGLL1,-0.37553362505800003,-1.477915815722122,-0.12498926725525633,0.1695254595271556
ZNF483,-0.266773569991,-1.4778132990763333,-0.09608415198867001,0.11550134114303527
ZNF112,-0.316142159629,-1.4773051039114302,-0.07007391271190111,0.16656562430170252
ADCY4,-0.338629791888,-1.476942398655342,-0.11317112748440135,0.15265230696123547
ABCC13,-0.25761169388599997,-1.4759767061540396,-0.002448387470061529,0.17287759715450984
WDR77,-0.652285158717,-1.4733357496410362,-0.30626771840057454,0.2348530811125225
CYBRD1,-0.290448162088,-1.4722360702785247,-0.055401030174943695,0.1596531539052626
ZNF214,-0.34027508855800004,-1.4721649290249144,-0.03915657172049103,0.2045412921478535
TRIO,-0.318697331027,-1.471805795466346,-0.0552347694861462,0.17900633517846348
SMARCC1,-0.418972070611,-1.471637134610323,-0.16731797664132964,0.17100281587845786
TVP23A,-0.374205574566,-1.471276338060769,-0.09099955228008105,0.19249002716865657
SFXN4,-0.377928407021,-1.4702910048323126,-0.12392217155338875,0.17275915763123423
ENAH,-0.42945581736500005,-1.4695101727179567,-0.1456875658647536,0.19310397217284872
DHFR,-0.23231498344700002,-1.4694355896842188,-0.017553582971490143,0.14615230635707008
TCEA1,-0.26595373301999997,-1.469431698787758,0.02016078389918292,0.19471100096399155
FXYD3,-0.26951104402,-1.469249973841514,-0.017873126993417646,0.1712696419988
RNF103,-0.120419444715,-1.4691438215938455,0.05677869935536082,0.12061320441597204
SLC11A2,-0.174957517985,-1.468783786634965,0.05881497310629771,0.1591605879765862
DLG1,-0.312299830507,-1.4677919096405845,0.016918931525805286,0.2242952559354415
TUBD1,-0.228347187911,-1.4675690089290159,0.055442132605233174,0.19337374855260359
CYP27C1,-0.32740865838100003,-1.4666699956536988,-0.11263185521513147,0.14643839705068892
DHX58,-0.339759700638,-1.4658989877624065,-0.07451383175207733,0.18094416538945984
SOD2,-0.670471099563,-1.4652122283360651,-0.2592536180004012,0.2806538695282311
ARL8A,-0.238965032154,-1.4632800883680608,0.0033639592042457303,0.16560670324469856
HNRNPLL,-0.171393032863,-1.4629264060812401,0.05114747609321918,0.1521200984760001
PDGFRL,-0.38014178617,-1.4616276741047878,-0.09611179442602816,0.19432444854188563
PDE4D,-0.117157311843,-1.4616132983909094,0.07875140393603089,0.13403594233488905
MTR,-0.22575791175,-1.4615574517845606,-0.01700376690364324,0.14282992748007825
TXNL4B,-0.0961018524436,-1.4613203355845403,0.1257375557329061,0.15180751459793276
RAD1,-0.33756392915600003,-1.461202487128421,-0.11506428364981747,0.15227160333092676
GLRX3,-0.18810113835499997,-1.4611490914798302,0.05797895194382995,0.16841545584482667
AGTRAP,-0.0977154956976,-1.4608869731545195,0.10652664666331323,0.1398069433940461
SP5,-0.213138944654,-1.4602294857610225,-0.008564377637511231,0.1400975456332957
LYPLA1,-0.257062110987,-1.459786085440752,-0.029701915745870455,0.15574898096968973
CDK18,-0.316908312829,-1.4594705856799488,-0.12189393596491326,0.13361994327088958
UBE2Q1,-0.38816650922300006,-1.4585809687791467,-0.08994256025689659,0.204461703086474
HAT1,-0.236078569912,-1.4576759037943805,-0.032230806658401466,0.13984436644865691
TNS1,-0.308791603566,-1.4569035786068634,-0.10120860940108774,0.14248231469333722
RNASE2,-0.318507447063,-1.4565317118485093,-0.09815459955170121,0.15128599378838462
MEIS3,-0.23523521999699998,-1.4552924926210673,0.08320012449121977,0.21881192001114427
SEMA6A,-0.288112282336,-1.4539689980620805,-0.08740265561062467,0.13804257655623384
GDF10,-0.292861498885,-1.451854045543911,-0.06358932471231903,0.15791682013517294
AKR7A2P1,-0.188527859499,-1.4510263992882748,0.11842689069274827,0.21154318787191528
TAS2R5,-0.229005668252,-1.4508091303927206,0.05627098710102458,0.19663279571159223
SLC5A5,-0.19168080350000002,-1.449857580265676,0.019191519425985657,0.14544347375646707
CTSL,-0.27002176912799997,-1.449407301758997,-0.06754904393653982,0.13969346293877488
PHOX2B,-0.385426584667,-1.448755135008289,-0.16408241836118564,0.1527823170093875
ADAMTS20,-0.39395899959700004,-1.4475106754694456,-0.08278948962852707,0.21496871507877266
FCGR2C,-0.21959739252399998,-1.4466895281063874,0.008032949906891847,0.15734567646234612
OR11A1,-0.28996384073000003,-1.4457094297253668,-0.06545201617576399,0.15529526192333495
CELF3,-0.284503461664,-1.4451585750378377,-0.05041507768653578,0.1619811057560484
SRY,-0.137755626942,-1.4448879081279924,0.03975806445194879,0.12285637549831589
PMVK,-0.288948581653,-1.444834231725487,-0.049195191193185675,0.16593833755827472
DDX31,-0.234813935049,-1.4448290149241878,-0.03957519754109088,0.13512930283875396
UROD,-0.839022140785,-1.4443456641024304,-0.43220648895084124,0.28166086688602276
LAMC2,-0.25743560019,-1.4441385209768467,-0.03233364320746193,0.15587282917311437
OR2D2,-0.231269624175,-1.4438088946139835,-0.038050298876271836,0.13382610816398055
PRMT7,-0.3796998595,-1.4435447507475703,-0.14504947894879605,0.16255151108386856
SYF2,-0.502595902486,-1.44349444651618,-0.2376708880813716,0.18353033158112592
SEC13,-1.5712033382700001,-1.443331676634577,-1.066812425084832,0.3494629275796528
ABHD10,-0.398798421003,-1.4432444437719867,-0.08309365649721549,0.21874656498290432
TRIM27,-0.39710175797700004,-1.4429484872633278,-0.12724273464108696,0.1870191664622229
UBE2Q2,-0.343734953936,-1.4429240808250972,-0.1311709648408477,0.14731474227916644
DBH,-0.146676835784,-1.4416025899227065,0.07140206751507557,0.15127532707246882
RAB22A,-0.249952519103,-1.441299844314631,-0.017784263226146218,0.1610825511378965
PNLIPRP1,-0.166454880222,-1.4412633349700745,0.07234364053823733,0.16568694628257896
KCNK16,-0.26660124634,-1.4406249925061165,-0.052261299238517,0.14878261047562172
DLL4,-0.198142710024,-1.4400314672448755,0.021341596776338095,0.1524163268600401
ACSL4,-0.39719058153700004,-1.4400247524999192,-0.10665098924182968,0.20176013765790227
ACP6,-0.29140479604499997,-1.4398490387799683,-0.007490021532543578,0.19718370944847577
HNRNPH3,-0.19020125421300002,-1.439828034238293,0.02840904597739622,0.15183084020589088
SERPINA13P,-0.37323809369000005,-1.4378986674890586,-0.1326755417106964,0.1673014638781103
AMT,-0.321491956489,-1.4377144003269617,-0.1155127460648094,0.14326851729199294
PRKAR1B,-0.43458374210699996,-1.4372269761400303,-0.12968990216964385,0.21214035430660466
PHKG2,-0.43957203719300003,-1.4369046978183264,-0.1756472522974292,0.18367591483018442
CASK,-0.308872259609,-1.4350522595211737,-0.09681371017318792,0.14777061115988108
GNB2,-0.270517274279,-1.4349869762763423,-0.023999316555543108,0.17179107671286892
HLA-DQB2,-0.295571150893,-1.433715630871148,-0.06338263508083633,0.16194879292142633
AOAH,-0.29487487005699997,-1.432585350538174,-0.03464393169854933,0.18165126305437274
CDK19,-0.2347073476,-1.4323624209554173,-0.04852738132477316,0.12998104638282865
SLC35A2,-0.216884455588,-1.432246162774842,0.05817000758765186,0.19204412643896338
ZNF775,-0.241540119597,-1.4306017982568004,-0.006365218296241608,0.16438879189675343
RARB,-0.17938069931899997,-1.4301148163824762,0.019075120323929513,0.13876915151814886
SEC22A,-0.366593514387,-1.4298489902931937,-0.08592876733048574,0.19628978232097313
PCDHB7,-0.0934741947663,-1.429476284887928,0.06907135445904782,0.11370986069775302
IRF2BP2,-0.444951391962,-1.4289056480850297,-0.1847753010753502,0.1820806651827074
NOCT,-0.641364172481,-1.4288755684826637,-0.2894077621472787,0.24631704684227126
PKIA,-0.3543369209,-1.4285406969592558,-0.055843272176789936,0.20895004906655704
GPR20,-0.21059359849599998,-1.4282637930714472,-0.016486675876648968,0.1359041120841751
FRAT2,-0.327658067037,-1.427027518463859,-0.04549472936862236,0.1977280283789592
IL17B,-0.399162013606,-1.4248823966528392,-0.1813330877564786,0.15287502067624575
OR3A2,-0.35695623368199997,-1.4248596647742071,-0.06246408319172596,0.20668151241191968
SNAPC2,-0.46597962212899996,-1.4242828433612003,-0.161531003733842,0.2137557296391229
SPOCK1,-0.174667944723,-1.424236574868538,0.07176304199509241,0.17302672257299592
CPA6,-0.26880241143000005,-1.423397706176374,0.0017565942899437036,0.19007969771620428
GLB1,-0.0958314431302,-1.423298741120766,0.15044643550158984,0.17303315988171264
ZNF702P,-0.07596116776060001,-1.4221686044106248,0.11902185708651393,0.13710260811721323
FMO9P,-0.321021502976,-1.4209547441014092,-0.08382499672303935,0.1669275585570885
KRTAP10-5,-0.245832917181,-1.4208996440192705,-0.005974158153370934,0.16880767057492208
TMEFF1,-0.0826590321683,-1.4206932617481405,0.11814896949540779,0.14134507924435197
SPINK2,-0.389756087074,-1.4192082339935383,-0.08669684060210156,0.21354107115001295
OLIG3,-0.303018463194,-1.4190090002735143,-0.096098322716854,0.14582017481021056
STRN,-0.254666703165,-1.4173455941156874,0.021635030005110134,0.19494309243787558
CSTL1,-0.39616556642899997,-1.4172683509174537,-0.16133940707077848,0.1656892706354511
CPNE6,-0.265803866065,-1.4169945363289844,0.006500653471611204,0.1921704795292098
NDUFB9,-0.450621487892,-1.4169406237657427,-0.16334916172552852,0.20274125912418267
PCK2,-0.170132456039,-1.4165506317490801,-0.0008116889573053911,0.11953033184039917
RFXAP,-0.143957699715,-1.4164662293214079,0.054110324464067515,0.13983250717806153
THBS2,-0.17072813558699998,-1.4148958206751825,0.02141732502958728,0.13580184336462048
FBXL21P,-0.290591583517,-1.4146532251374508,0.011086386884068175,0.21325224093116985
KAT14,-0.28728211188700004,-1.4146026762003736,-0.06942520852487362,0.15400571978789876
CDC42EP4,-0.399936657844,-1.4136283722955638,-0.016426291380915163,0.2712950404640717
RASGRP3,-0.125317305003,-1.4132406438812866,0.09143157756976077,0.1533701167675785
FBXO4,-0.145057561191,-1.412532003088202,0.10835261820538843,0.1794013720343049
HSF4,-0.22424930808200003,-1.4124771609949074,0.016101397687199988,0.1701625430884164
SRR,-0.309754824424,-1.4120363946666115,-0.06947765233191866,0.17016358289320999
SMOX,-0.345769853859,-1.41184585705554,-0.10689577906334902,0.16919274409589743
ADRA2B,-0.234718699372,-1.4110710501310046,-0.03888072139138331,0.13878675915180527
OAS3,-0.105481933944,-1.4109607102079804,0.09326175916089167,0.14085700024602116
HMMR,-0.28538418582499997,-1.4106911338076817,-0.02827723978878106,0.1822560161289495
SCN1B,-0.21572820474399998,-1.4102904744825242,0.003064958687202725,0.1551404957985582
COL5A1,-0.177137576591,-1.4101818517388016,0.05663042545782119,0.16577152922552318
MAPK8IP1,-0.336371539048,-1.4095591249409223,-0.03557417578123156,0.21339818808904204
SLC39A2,-0.27638587294100003,-1.4090636584769511,-0.05292138205980787,0.15859077021596998
CNNM1,-0.165091582198,-1.4077243196381866,0.008420433921441348,0.12325709920535961
REG1A,-0.129597314366,-1.4070937487096495,0.10628424047836525,0.16763741226245674
CHGA,-0.184349014822,-1.4065115326746482,0.07482120431901637,0.18426455320147533
FKBP9P1,-0.14508757698,-1.4034785651847843,0.09434914804724961,0.17060233833761826
CNOT4,-0.26592559714200004,-1.403387655965827,-0.05493860599964384,0.15034120490190048
APC,-0.30293577236499997,-1.401719323364481,0.005429994239109669,0.21999109341230583
FGF7,-0.201198789895,-1.4011289154537723,0.015121462301402442,0.1543899706946984
EN2,-0.226716304349,-1.3993979260270268,-0.016045305873365116,0.15054402651127421
NR0B1,-0.25883154516999995,-1.3990321947453808,-0.04447105010145646,0.1532205590933927
PLCB4,-0.0783629951809,-1.3963684828491665,0.10550466366984747,0.1316756007523041
WNT9B,-0.28655705820099997,-1.3948389506496273,-0.056780261179571384,0.16473356792510932
CBLL1,-0.46195980127700004,-1.3945094739374095,-0.11852727297167151,0.24627479032870522
PDE3A,-0.20871147558699998,-1.3939368680491286,-0.026194734263374254,0.13093616038656422
ARHGAP15,-0.11659554847100001,-1.3939088493665546,0.11427064671117186,0.16562503013528201
ADGRF1,-0.270501363235,-1.3936995115757864,-0.085888231221335,0.13246265100927831
PLCH1,-0.155999568125,-1.3928020927775304,0.0232206299300001,0.1286759971027891
TAAR2,-0.263439444091,-1.391722271013197,-0.0329871902713393,0.16558781778485707
FFAR2,-0.178471806812,-1.3912331240951104,0.04114127095485831,0.15785498056603536
DMAP1,-0.600120234373,-1.3910956633191673,-0.3252683056282058,0.19757945912144886
NPHS1,-0.0716441546194,-1.3910160345785034,0.18774704114744878,0.18647606448724208
METRN,-0.181063809393,-1.3902303011126798,0.036743820513872726,0.15667017884198683
IVD,-0.284312179544,-1.3886186093246793,-0.11829373668530152,0.11955654471564191
MAN2A2,-0.07050308726969999,-1.3882520128348663,0.11976330337525644,0.1370546477771171
MSH6,-0.21992847476,-1.387247372334905,0.048564603722575206,0.1935437643184495
PLSCR2,-0.090289291047,-1.3867012800107414,0.13826249749384042,0.16481688726722027
ZNF768,-0.0579230940271,-1.3866151665713773,0.12977258923592977,0.1353624911857388
TPR,-0.919136467098,-1.386534938747394,-0.6244665097132991,0.2125225619275833
ITGA5,-0.135037609813,-1.3864708669710772,0.035380665291264504,0.12291515037496965
USP32P2,-0.344078291804,-1.3862746945655176,-0.11355034809100961,0.16629311969460847
IRF6,-0.216674962705,-1.3859185373312404,-0.030602945784136273,0.13425898558162638
OR1E2,-0.367948226961,-1.3858606068642947,-0.11136897263448489,0.18514073713882515
HBEGF,-0.30804019645799996,-1.3856857980606054,0.009706582995775034,0.22930651371219277
AVP,-0.266179296039,-1.3855356153598335,-0.0338523589402304,0.1676802346494952
GUK1,-0.406715229747,-1.3847182484715421,-0.1679641597275676,0.17241851927853685
CAPN1,-0.22935277845600002,-1.3846922068332173,-0.025672545507118335,0.14709422927619212
CALCA,-0.166826088605,-1.3837176004652483,0.021276811391857425,0.13594023804684674
GULP1,-0.32957796032,-1.3828098643032853,-0.11347993944986984,0.1562745728452038
WEE2-AS1,-0.198975902818,-1.382510123242648,-0.023519514330299075,0.12691146743733905
LAMA2,-0.136091429123,-1.3824607607631356,0.07443420569734654,0.1522832624226772
MAFK,-0.21698440375599998,-1.3815192637085332,-0.023086372669445725,0.14035130466878673
MUC7,-0.118527951677,-1.381346910684517,0.11854086463512115,0.17162149093643922
FGA,-0.21727115186700002,-1.381075959874621,0.06290135674413276,0.20286538666314044
ABCB5,-0.356847044225,-1.3802463462238757,-0.029870868890374273,0.23689696859490203
PLA2G2F,-0.18286249483199998,-1.3791306100284473,0.04435771381213905,0.16475612026293301
KIR3DL1,-0.07725752197460001,-1.379027869632612,0.14978265376999358,0.16463784434253645
DPYS,-0.143420520573,-1.3785644438406395,0.015344904290536457,0.11516721294596914
TBX21,-0.170691826578,-1.3782831812089247,-0.00657993801976373,0.11906978971787922
TNRC6C,-0.159404806155,-1.3773829519404968,0.06417507010411604,0.16232223285770325
UBE4A,-0.24178138279800002,-1.3773034833060356,-0.02033795931672888,0.16078041344215974
SH3KBP1,-0.266439965424,-1.3767553879965058,0.003461000176161347,0.19604133599428222
CYP2F1,-0.265677891881,-1.3764239743648186,-0.013931738805218441,0.18289869819504956
MED1,-0.847931150086,-1.3763188966157682,-0.3335339594113699,0.3737485490749868
ZNF528,-0.255012637126,-1.376315131793654,-0.04836103636899897,0.15014846235664547
NCOA6,-0.486039563407,-1.3749199077292948,-0.23779849431625505,0.18054947615146513
IL17RE,-0.202884708297,-1.374702067782938,0.012634956263423307,0.15677554403333693
PPP2R3A,-0.310292952255,-1.374447044976951,-0.08482432659301865,0.16404315210686227
IKBKG,-0.23331315880999998,-1.3724184179944465,-0.022533149799983006,0.15358290609217828
RARRES1,-0.131660866987,-1.3722866197004715,0.013243980571832155,0.10559371889121857
CD5,-0.051814246818199995,-1.3717657292044512,0.13156084971429796,0.13367814389038968
SLC26A6,-0.49942805465400003,-1.3717234968466503,-0.274997272950616,0.16361226021083017
OR10R2,-0.149284331367,-1.371243984848966,0.05921567946620697,0.15205172320677268
YME1L1,-0.5262432380600001,-1.3711829335118424,-0.19796729571640803,0.23941075572084258
MFSD9,-0.20539936167,-1.3708567579480686,0.050703536101095625,0.1868195902206709
CFP,-0.058113712543900006,-1.3706380566078584,0.12410528443081242,0.1329446501913711
EPHB6,-0.348160290154,-1.3701477701175044,-0.10317515726310222,0.17880197905214834
LTK,-0.374253862185,-1.3700923958701463,-0.14287262989214833,0.16888002078567946
TRIM33,-0.265784675146,-1.3693344151691822,-0.07318421520482207,0.1406526103540471
TRIM49D2,-0.30730138201900004,-1.3684850079678443,-0.10105097355179762,0.15071440846361742
CD180,-0.172589143417,-1.3670884625690838,0.09697120183495052,0.19717842161097798
FTCD,-0.38269884501199997,-1.3666053004682104,-0.12151760602989563,0.19111680519065852
DGKD,-0.201371006302,-1.3665817774300957,-0.008697208707290774,0.1409895849460535
BIRC8,-0.379445801972,-1.3657669763058804,-0.1009149774482493,0.20393729630007565
TAS2R19,-0.10064438699999999,-1.365603738088897,0.11965547288577058,0.16132048685958536
MOCS1,-0.167111724133,-1.3653294525397646,0.0310729114739804,0.14515517499334715
OAF,-0.201479529091,-1.3647151980293595,0.008411725983951606,0.15379857671258684
UBE2V1,-0.553435951184,-1.364253428733839,-0.2799410655366197,0.2004721995833358
TNFRSF21,-0.17723413738899998,-1.3627217343497977,0.001115253265643935,0.13087733625951203
NFIX,-0.23074055387400003,-1.362454434301726,0.06482704913838955,0.21693760581716004
RNF10,-0.126910735548,-1.3614086701187675,0.07517718061559918,0.1484403034879815
SHC4,-0.179454384725,-1.3602049473301288,0.008688178669510965,0.13831927590309506
SERPINB10,-0.198723303735,-1.358725932366977,-0.010415178478974513,0.13859169150321737
GPR21,-0.18282357351300002,-1.3577359696031635,-0.007649799319971545,0.1290190273475836
ATP2B4,-0.285275565461,-1.3573613289494162,-0.10567525175255252,0.132315773168119
FHDC1,-0.248324070348,-1.3570484626943207,0.002014841868088838,0.1844730819112084
HAS2,-0.396115868852,-1.3561374058639937,-0.1304307861694619,0.19591309961196035
ZNF544,-0.122235883758,-1.3553533413885996,0.11582564359226928,0.17564536130952257
PDPK1,-0.538315140048,-1.3551984883548327,-0.2527150742349433,0.21074408528876526
PDZK1,-0.142007595272,-1.3549308238345104,0.029766653984629354,0.12677713595038093
PLXNB3,-0.21364253593899998,-1.3546752333458716,-0.0378306467344049,0.12978157781061855
POFUT1,-0.24627788498000003,-1.3546712277580482,-0.0003565922436487461,0.18153577613318453
NT5C1B,-0.302355153315,-1.3542130291602485,-0.05336794995014366,0.183861178413897
ATP6V1D,-0.388484674068,-1.353911984771463,-0.15801926206719605,0.17022185680681892
SPP1,-0.304091512064,-1.3529999531699912,-0.043324915270692224,0.19273215507683392
ICAM4,-0.348655187038,-1.3524362019530256,-0.09938956740175256,0.18430859753405598
CD79A,-0.16335666108799998,-1.351218703445492,0.03456272217789276,0.14647472149491067
GNRHR2,-0.152190920706,-1.3498625889756417,0.034875656744416686,0.13858194084212247
SRD5A1,-0.149363030404,-1.3495320416670873,0.08396501713503123,0.17289552254780058
MTHFD1,-0.430248213727,-1.349289687698098,-0.1537219644188027,0.20494209051575418
SATB1,-0.262229170755,-1.3485223382464897,-0.03377311619307774,0.16941213955638895
ZNF30,-0.258848965872,-1.3485222696516908,-0.0709416682665654,0.13934311789598336
SLC35C2,-0.09759856943330002,-1.3449567653555512,0.07244529612971409,0.1264307299261486
POLDIP3,-0.228472239423,-1.343278527669983,-0.031019805766304094,0.14699292037310527
CTPS2,-0.434547047307,-1.343276277942849,-0.200594470763567,0.17416564290238043
THOC1,-0.220195502699,-1.3428470276820172,-0.004596248293505182,0.16055384564365152
AQP5,-0.11397915975,-1.342562461159529,0.10489296955611395,0.16302565849866005
POLH,-0.223863200503,-1.3410596921704039,-0.020427643045744605,0.15169761543426177
C1orf141,-0.198467829806,-1.3409084618868723,-0.00487725988318422,0.14437269614243686
MYO1B,-0.157303987507,-1.3386235107468494,0.16635847489458605,0.24178752263286274
NFX1,-0.201170428403,-1.3371139932849478,0.01236695477548909,0.15970020824767697
PKNOX1,-0.27221463643800003,-1.3361805098719128,-0.07439882830413437,0.14804572187093826
PHB1,-1.1998139292799999,-1.3359804752034927,-0.8724042340640322,0.2450707186915269
H1-7,-0.164661000216,-1.3337148054156989,0.018360630531784765,0.13722696186966274
CRX,-0.264173499779,-1.3323758568645248,-0.026724478081414114,0.17821474359072656
GUCA2A,-0.226618783348,-1.332182954161101,-0.0043646873770083125,0.16683451419099488
GCLC,-0.416527654827,-1.3318654730810346,-0.1955233541186133,0.16593590356924895
GDA,-0.0663245824765,-1.3316367658702208,0.149015178118407,0.16171058513406475
IGFBP7,-0.293208399047,-1.3305527442385359,-0.02493571206695779,0.20162499242641632
RAD50,-0.18370433305,-1.330482040449644,0.01367085548780196,0.14834863044907984
KCNJ11,-0.292404461243,-1.3301027408575032,-0.07499556181192983,0.16345271139799994
EPC1,-0.255213091791,-1.3296666297762427,-0.0393168421177049,0.16236870568800113
SPINK1,-0.26818438499,-1.3288279107687637,-0.049973928414602915,0.16421272822991528
HLA-E,-0.20718119782000002,-1.327210326435287,-0.00703154052805442,0.15080477698626815
TOB2,-0.157125599712,-1.3266658314598085,0.07863978806998656,0.17771271573532577
PLXNB1,-0.262384308483,-1.326578018073444,-0.04249486336697203,0.16575688886762036
NTRK1,-0.19088550094700002,-1.3265397723244077,-0.014226026884094913,0.13317314546352155
ACADS,-0.33822310816,-1.325213701661872,-0.11831422317499177,0.16594220593194406
HYAL1,-0.144561857673,-1.3250139729291217,0.054551302704659035,0.15027249858919797
REST,-0.212718715073,-1.3249308137925215,-0.018029477780060466,0.14694294620234186
GYS2,-0.0797749306639,-1.3241281659730488,0.09948762460401975,0.13538157398546602
SLC6A12,-0.153792808979,-1.3241254290983266,0.011492191417696413,0.1248257882255524
TRIM49D1,-0.19102719895,-1.3240558668687974,0.0170261177307599,0.15713333695864073
PAQR5,-0.40000638688600004,-1.3237738047736836,-0.17870557222403108,0.16717419083527132
PPIL3,-0.391005770362,-1.3236228499280975,-0.06630932446181129,0.24530888532018547
SKAP2,-0.37501808494499994,-1.3229606035747346,-0.09712193244766788,0.2100562569636894
NDUFB3,-0.135316144267,-1.3226068131217774,0.05954558806251356,0.14733156550855595
MSH5-SAPCD1,-0.274025660485,-1.3222537775798628,-0.06650325389774148,0.15694597368977783
ARSJ,-0.270334962176,-1.3216236401725032,-0.013093840757766692,0.1946402240388627
MST1P2,-0.0681955625332,-1.3209922345984748,0.17034046913347886,0.18057337917598254
PTPRM,-0.23109831430799999,-1.3209402645906563,-0.0551463604306078,0.13320205204882418
PANK3,-0.7480055475380001,-1.3208784401820144,-0.3711572822291232,0.2853012463864184
PLPP4,-0.356796112927,-1.3207125072776544,-0.1252744476671576,0.1753005775171094
KHDRBS2,-0.265778648417,-1.320653444747335,-0.034168121337821954,0.17537570359610075
ZNF598,-0.234940831649,-1.3202069490639097,0.007047588356092203,0.18329582356514157
MAOA,-0.16981078069400002,-1.3197670582762329,0.012213911980839312,0.1379218336549364
KCNS2,-0.160223549465,-1.319662392865515,0.013669877004599758,0.1317711464763405
PPP3CC,-0.32683123845,-1.3195116346753435,-0.10670788568659695,0.16682183542668258
PTGES3,-0.11873553211200001,-1.3193175066857847,0.07668954141954114,0.14812588519534028
NDUFV3,-0.275818720051,-1.31892752139659,-0.052676931418426706,0.16918426904633257
OR52W1,-0.325663837276,-1.3186938917849351,-0.07524348301513407,0.18990029135715966
GPRC6A,-0.384420130985,-1.3182537035083397,-0.1379760853613058,0.18694735692213066
NFAT5,-0.171456835162,-1.3181971426055077,0.0032645292572761834,0.1325457010731546
MAP3K1,-0.157691332846,-1.3179907083198468,0.004748007127054318,0.12324771255795071
SMARCAL1,-0.18316116380800002,-1.31775895149574,0.012013189734370835,0.14811081595828704
TAOK2,-0.215297575602,-1.3176483927096976,0.0021707183478963804,0.16504273458162877
APBB1,-0.191199677298,-1.3174301787000995,0.08822873617577097,0.21210111776054902
CLEC4D,-0.14890447913,-1.3170208451968182,0.07680938324530183,0.1713821487324832
NUP93,-1.64300665419,-1.315712092282245,-1.3218252218814779,0.24411224476275664
GPR63,-0.26676929180799996,-1.3156588634929909,-0.07723133717453028,0.14406314576884954
RRN3P1,-0.434819615783,-1.3153197601580617,-0.1671040112887226,0.20353651834600742
TRIM68,-0.171404758592,-1.3151071123861555,0.028487258542575666,0.15199675771799892
PRKCE,-0.0451309903845,-1.3142992202188712,0.14170381621256078,0.14215545723746761
MED29,-0.34640403992200003,-1.3139445464958055,-0.1257850768132461,0.1679058402404642
RHOQ,-0.314445154336,-1.313054202091821,-0.06402970532311843,0.19071219498322753
PLXNA4,-0.360014680019,-1.3114657873445643,-0.09361592497985574,0.20313054111655043
AGBL2,-0.28217869461899997,-1.3109240307333843,-0.0663289248749955,0.16465467462919978
STX16-NPEPL1,-0.118015882106,-1.3108185276592825,0.019100425732743596,0.1046035777992786
MAGT1,-0.158051955684,-1.310803768420763,0.05359240522968157,0.16146151392947822
SLC18A1,-0.60947165067,-1.309687404115164,-0.3722766368554776,0.18110811256887158
GRIN2D,-0.185233367437,-1.309148853335107,0.037178969192369675,0.16989079283288963
MAST3,-0.308114431362,-1.3091209531688517,-0.12283014625930024,0.14153335843735568
PAX9,-0.318708784282,-1.3082763194865654,-0.07556415479741456,0.1858511278259686
PYCARD,-0.102892013278,-1.3078650869865809,0.10798189262710178,0.16123521302259936
FABP2,-0.204965979335,-1.307303487338582,0.01099057220905433,0.16519236247407268
ABCB10,-0.311791501057,-1.3071858233282687,-0.0718209957973082,0.18357795883120503
CLPB,-0.289593493975,-1.306712186648662,-0.07187137850503107,0.1666182635277651
ZNF589,-0.07638219008330001,-1.306518785682585,0.15603895658373326,0.17789345948485988
IDI2,-0.21257341252099998,-1.3058830358400453,-0.028259405938559023,0.1411412825834558
KLRB1,-0.106127616363,-1.3058757094501394,0.07201960967688074,0.1364197409835371
MPI,-0.295301120323,-1.3056148223073696,-0.08020076741323111,0.16475023815188403
CACNB3,-0.36141351268700006,-1.30461200769059,-0.13340817891361362,0.17476869171011158
DEK,-0.21217099132800002,-1.3037008030163473,-0.040687769275106145,0.13153571866806898
F13A1,-0.18804784573,-1.3031572026059868,-0.021021533179202793,0.1281705017758307
MKX,-0.427544277352,-1.3025026323877442,-0.12633289266892103,0.23125587403297534
ADAMTS17,-0.05218164564069999,-1.3023783641200206,0.20721238190820526,0.19916948460992773
ABCC8,-0.195701461985,-1.3017761309452769,0.016817962614964325,0.16325343470973355
NR5A1,-0.243084880919,-1.301716269446661,-0.007184942152520074,0.1812222404401208
SLC39A4,-0.348625076964,-1.3008027165412777,-0.09762166398446002,0.19296040036488887
NAA80,-0.232290700216,-1.300540787294691,-0.025095469911320275,0.15931467304126243
KIR3DS1,-0.25054514991099996,-1.3002500837143458,-0.023253455551205754,0.1748061370705732
USF1,-0.242374975941,-1.2998952925192542,-0.051487954749563185,0.14684799790411532
TRIM29,-0.226170158737,-1.2998641225446868,-0.027142561098945913,0.1531141556922323
MARCHF10,-0.42718858497100004,-1.2996834729402926,-0.1876285886806989,0.18432179932883283
ZNF354B,-0.0492536206254,-1.2992815574805687,0.12798204444106293,0.1364105139844668
GRIK5,-0.18796683266199998,-1.297667862473552,0.008588657251689426,0.1514682574777068
CCL13,-0.206400115853,-1.2967825203284142,-0.012842996258203123,0.14925950694167125
NOLC1,-0.595695670083,-1.296715266613925,-0.2884969289207016,0.23690531689696037
RCCD1,-0.690552193654,-1.2955469989162172,-0.31075408512469666,0.29315656540983953
RPS6KL1,-0.338321336131,-1.2951143778040999,-0.11940873120296266,0.1690295534354343
ST6GALNAC5,-0.080705026613,-1.2948712453119704,0.11480753429247256,0.15098996260309122
RASAL2,-0.131069931254,-1.2945050051360285,0.069641482730984,0.15504877400137432
DAPK1,-0.3226482835,-1.2939964730021345,-0.09670650122944474,0.17460772651594592
AWAT1,-0.14531194048499999,-1.2937541148106508,0.07789633142033797,0.17252758414453886
KIF27,-0.245659602108,-1.2936176461691957,-0.0529826877024254,0.14894425333184877
SOX12,-0.159812952861,-1.2933414060742556,0.044049608665984084,0.15762470803882975
SLC26A2,-0.18699583760699998,-1.2932513658815383,-0.002680790151214317,0.1425206671482216
GABRR3,-0.258252042585,-1.2918069377567227,-0.07476633492070804,0.14203802619524758
ME3,-0.174006237782,-1.2917253226435415,0.03578023447397574,0.16240795823886425
NDUFA11,-0.454120718828,-1.2913176721234139,-0.22641909318620357,0.1763327727617705
ZNF208,-0.0649316617189,-1.290980887952761,0.08446519900154459,0.11572352628500822
KCNQ2,-0.311408004749,-1.2901610094870095,-0.09320643583122806,0.1691273936456448
CRABP1,-0.33808751724799996,-1.2899945549693714,-0.07005127647425886,0.20778090864120363
ABCB8,-0.142316475872,-1.289356076102815,0.0631653299937482,0.15936777254490775
ARHGEF9,-0.149970437893,-1.289264496841674,0.06808813521703881,0.16913408663949048
RTCA,-0.123479885189,-1.2884391622832656,0.05960829354548374,0.1421007557780454
CYB5R1,-0.08931374741520001,-1.2883593163987692,0.10002313125241113,0.14695968450544286
EFCAB7,-0.160398490565,-1.287656202189232,0.06068584005633616,0.1716951545338388
STK11,-0.249248816498,-1.287521515023918,-0.053720479007586246,0.15186413213978908
ADAM12,-0.180079158479,-1.2874055156528066,0.007724671962424319,0.14587775814071632
CTNNBIP1,-0.44668030658200003,-1.2871002298977872,-0.20064405738914873,0.19115546985209525
CLEC11A,-0.38996156831100004,-1.2865072193747715,-0.17141528642687218,0.16987567468944245
PSMA8,-0.212618615748,-1.2860754016466045,-0.039777491334674626,0.1343942386208703
RTCB,-0.153042683401,-1.285075667205033,0.016036439095209132,0.1315713360785569
NHLH1,-0.23256673051100002,-1.2848366440146337,-0.010962131561651727,0.17247686698669867
GADD45A,-0.23469479684,-1.2845529198894774,-0.08634172089037837,0.1154900461106623
MEX3B,-0.26557623796700003,-1.2844996399608888,-0.08872719767633183,0.13767932258513751
ZNF207,-1.2476673552500002,-1.2839502747785676,-0.9089526787440844,0.2638066934206865
TRH,-0.24395993196899998,-1.2834951706427293,-0.057331990385480154,0.14540603334725685
RALGDS,-0.257356235333,-1.2826830181365523,-0.020913322331420136,0.18433464048278883
GNAT1,-0.11355497340999998,-1.282446567209571,0.05333944596727379,0.13013752279786073
AGAP12P,-0.257938700825,-1.2816980696319007,-0.0638663013800163,0.15141818813905258
SLC35B1,-0.23266685186500002,-1.2803735015756157,-0.012381619551136494,0.17204763457130484
HDHD5,-0.286801260013,-1.2802201238552353,-0.04596085730086282,0.18812421256656556
CCL4L2,-0.344076524248,-1.2801745083255314,-0.11897793891349646,0.17583429748881077
CENPO,-0.562640489392,-1.2791797021429863,-0.30466662404450756,0.20167132492433512
MNDA,-0.014083015850799999,-1.278754085797516,0.1727844214688423,0.14613242639463345
MAP3K21,-0.31748412535799997,-1.2772189656116901,-0.07684118879489442,0.18841165300724766
NEK7,-0.288644848289,-1.2758670795088476,-0.07943875518351425,0.16397169929803412
SPART,-0.370091199102,-1.2751642863913826,-0.08378047931844403,0.2245284963193201
TXNRD3,-0.195767751778,-1.2750536097323977,-0.0046979526745085706,0.14985236514376227
AFP,-0.137589816423,-1.2750264729550316,0.0609034661086991,0.1556777735537258
PLXNA2,-0.24412398569000002,-1.2739421663209487,-0.0670937536598294,0.13896253433656325
MAPK1,-0.320013975351,-1.2735386670215676,-0.04057724877733347,0.21941754405242117
SLC24A4,-0.165176408458,-1.273243019939586,0.011589516583595643,0.13883125395023407
ZNF319,-0.20764449754099998,-1.2724143976307998,0.05169227978285633,0.20381471461399223
APRT,-0.38851473971100003,-1.2719365850080764,-0.11015074262780561,0.21885053104390964
ZNF157,-0.265936659237,-1.270316940195486,-0.030766049617444932,0.1851275080873638
ART3,-0.133268532555,-1.2690347151165413,0.05957789813589064,0.15196308532283193
IL11RA,-0.266896058354,-1.268408441845433,-0.07563781877504931,0.1507860033639363
ZNF398,-0.128525443853,-1.2672193393288596,0.05602466197406901,0.14563390890546998
DHRS2,-0.115314300866,-1.2670634826863028,0.06347956588099711,0.14110884670745621
COX10,-0.252362370416,-1.2668411923803844,-0.02521579419649658,0.17930153959763248
PLRG1,-1.33940095961,-1.2659342353388001,-0.9703854977398938,0.29149654979616474
GNPTAB,-0.109580894833,-1.2658836887510811,0.07856232967014957,0.14862599634945245
SP140L,-0.109395704691,-1.2658518593881858,0.04719024840044097,0.12370006168582984
ZCCHC3,-0.364125595053,-1.2651174248620816,-0.08713968977558728,0.21894086654257308
AK4,-0.285605107002,-1.264472286171217,-0.08194574470057513,0.1610627330695393
PITPNC1,-0.385473516924,-1.2634196739843624,-0.14773463114687757,0.1881709543333144
FANCG,-0.23084542436500002,-1.2628309981983135,-0.032967136133544656,0.15669419622559883
LCN12,-0.199011887552,-1.2624924194943268,-0.0011247861233785429,0.15674319970006814
HOXC6,-0.29681603953,-1.2624870774808399,-0.0031446690128532208,0.23261336749928335
NEUROD6,-0.329878126881,-1.2622044723785881,-0.1342623047289083,0.15497950326816645
HIF1AN,-0.21068264173300003,-1.261382748054657,-0.05008969527593658,0.12731500149715444
RPGR,-0.0741318755246,-1.2601255777517046,0.12563391208747307,0.1585284761606791
ARSG,-0.278677781521,-1.2596648289333412,-0.06543827008374499,0.16928273818506304
CALB2,-0.286572093188,-1.2594507019779335,-0.0898953335118015,0.15616074481305453
ADAD2,-0.223044843796,-1.2591105071592588,0.0062478841394567825,0.1821069132786251
PLEKHG3,-0.165660277339,-1.2590501981466458,0.021533164708541434,0.148678299183857
CALM3,-0.278263851661,-1.2578878557277249,-0.10109407103093318,0.1408470396016097
LONRF2,-0.182234314058,-1.2578434129453837,0.05917523253488675,0.19192336987924338
RAVER1,-0.162929278936,-1.2570212455342378,0.004901007534865545,0.13351427994324566
MYF5,-0.21345719025600002,-1.256826109372098,0.020083059798182756,0.1858174717350978
MSANTD3-TMEFF1,-0.28978852413899997,-1.2563716794121587,-0.08884957270631412,0.1599359128555833
SLC16A5,-0.215927776459,-1.2553251895326618,0.02874954979406215,0.1949115084228906
IFNA10,-0.250264558765,-1.2551606691816735,-0.06294721980389206,0.14923773789313613
RASL11B,-0.371282526746,-1.2550197391144793,-0.12561502953360862,0.19574791499752045
GDPD2,-0.177856551404,-1.254748668310795,0.027410396507390206,0.16359208269790856
KRT8,-0.109998515128,-1.2546501767517921,0.05743887127402614,0.13345344344151028
CYP11B1,-0.150205516186,-1.254561224435581,0.04289767692157122,0.1539209002688945
IMPA2,-0.11369367956599999,-1.2541938138172537,0.08836265802363155,0.16110455606111992
PCGF3,-0.152808439279,-1.2537713552928749,0.050092883776681946,0.16183279526934574
RNF14,-0.238617538829,-1.2536087090995762,-0.026195420183048122,0.16944850263406938
IL1F10,-0.620947491835,-1.2535677606489746,-0.36532560907526673,0.20391548888222624
SLC22A17,-0.254368110412,-1.2535238500570773,-0.04964247543907272,0.1633200955559046
SLC25A21,-0.0224908934724,-1.253295087091624,0.13658704296359292,0.12692775873329765
PSMD5,-0.137337077468,-1.2521543103529829,0.06377336210094282,0.1606115459621344
FUT9,-0.40988319311,-1.251406015997667,-0.19378844161128572,0.172681566762675
TPSD1,-0.350499924933,-1.250425234206909,-0.1771587340104267,0.13862579399440553
CALM2,-0.415029491879,-1.2498824113541471,-0.19968227884903336,0.17229397827644863
RELN,-0.182642944723,-1.2496141561192164,0.042703733833483054,0.1803330071550377
RUNX1,-0.306499137365,-1.2478893014447932,-0.034391174308216664,0.21805456841543527
SSTR2,-0.16097112887599999,-1.2475830577080724,0.029506058371091676,0.15267695891688063
PBX1,-0.303894470654,-1.246978122280533,-0.08854169541784214,0.17269972214292778
PDXP,-0.215119297417,-1.2469572645431117,0.009972186685831465,0.18051258892605718
PTGER3,-0.487485812732,-1.2467581262477336,-0.22283519152163778,0.21227102165105563
MAN2C1,-0.213791009546,-1.2465696948483131,-0.02448921005369682,0.1518581754992352
CST4,-0.0565971023257,-1.2464823604904032,0.1255710649898689,0.14614580445719147
HOMEZ,-0.35795798929399997,-1.246219844059929,-0.14170414680200524,0.17352784384132738
ZNF37A,-0.23802306208500001,-1.2449174113363883,-0.067900168808573,0.1366539593126939
HOXA3,-0.339331784392,-1.2446147399128402,-0.1435793238089153,0.15727956154270933
DLGAP2,-0.267809306206,-1.244398708189391,-0.0431866147321963,0.18050701113361917
DFFA,-0.15756293457,-1.2437462285988787,0.05748119495228539,0.17290032691358567
GAL3ST1,-0.15833889437999998,-1.2436183362963817,0.024958624258775736,0.14739049215425196
H2BW2,-0.315221557123,-1.2434008697984136,-0.10846493197795956,0.16628315949188682
DHX29,-0.158013648348,-1.242687508039035,0.017586854320283188,0.1413070474534514
FBLN5,-0.310714308797,-1.2425763423339642,-0.09847885737500929,0.17080274602954637
ATP6V0A4,-0.35978357019,-1.2425263193834553,-0.12702093740440476,0.18733014275391177
SLC24A3,-0.138907055788,-1.2419096727335144,0.0334113181006014,0.1387527431921186
MC2R,-0.322092562214,-1.2407112247472483,-0.11507706994947303,0.16685227644869513
ZNF304,-0.222542494603,-1.2404431424609996,0.018930012634067298,0.19466632445401208
MEOX2,-0.22104083822099999,-1.2403889989833594,-0.06421825860869543,0.12643016000693216
ZNF100,-0.146960832461,-1.2401703839415805,0.019502892008685793,0.1342264955083198
SAR1A,-0.229152306541,-1.2386394153870126,-0.02817872521318695,0.16225350076157466
TTLL1,-0.144941508881,-1.2383761572292458,0.07029127809698517,0.17380243128997974
APOL2,-0.7596692259800001,-1.2378803836305672,-0.520160627156229,0.1934828291901021
LIN54,-0.198590430909,-1.2378238472762926,0.0032851517375327845,0.1630891043913395
DCP1B,-0.126984055721,-1.2378226973334752,0.06087583812125931,0.15176639937767195
TSSC4,-0.161605820592,-1.2378221724648528,0.07247323783035399,0.1891055626804912
CCN6,-0.307459496075,-1.2377645603087248,-0.12589609391741158,0.1466865411886592
ADRA1A,-0.254376723147,-1.237258056701884,-0.031435864507650325,0.18018945799685104
PROKR2,-0.165418770824,-1.2361987995536334,0.011141582811003135,0.14282521039395568
SIK2,-0.131331384575,-1.235946935368732,0.04079184945027461,0.13926425892542338
RC3H2,-0.0323023787405,-1.2359329892282553,0.14250111787460304,0.1414344451831926
F12,-0.276087746391,-1.235611138617626,-0.060778064698011315,0.1742535940019708
GPR32,-0.29754595914,-1.235388474659336,-0.059046327233388825,0.1930563841243367
UGT1A7,-0.28446001029,-1.2347304765204197,0.0025934490329372383,0.23248268734070565
TLE3,-0.250054884669,-1.233515845757792,-0.029925288283692383,0.17845704791094458
ZNF90,-0.3394515617,-1.2327003255915205,-0.09208879654612127,0.20066739662389546
SFXN1,-0.159812615183,-1.232383857030971,0.02330993884938866,0.14859213952506892
H3-5,-0.0513518473197,-1.2321990997422567,0.12733092622416736,0.14501128395666174
IL21,-0.0234600545918,-1.2321567703399925,0.1679424577458435,0.1553394153609441
TMEM86B,-0.44020349237899997,-1.2318903318871532,-0.14193713514446743,0.24212086864714114
SERGEF,-0.214330998708,-1.2314917752688548,-0.04009679742453519,0.14148222893768544
RFWD3,-0.399056705436,-1.2311334840338222,-0.1891880339701144,0.17046784462254136
ZNF569,-0.404745002748,-1.2304690893483543,-0.08257596868921806,0.2618261903916659
FOXR1,-0.0780075267167,-1.2298852471059643,0.08900029922921718,0.1357913889437265
ITGB3BP,-0.0343410176553,-1.229387170940871,0.16242497439320094,0.1600520948155922
RECQL5,-0.130245099058,-1.2285782294219068,0.03187366980407162,0.13195640699115652
FANCM,-0.337703290292,-1.2281363867161723,-0.11450851713802382,0.1817345170846709
POU6F1,-0.358401210892,-1.2275211264462285,-0.14652736886120452,0.17260301062531375
TNFSF8,-0.0682874499168,-1.2271887211226962,0.11011787977641502,0.14537725667002588
RNF39,-0.19176184809900002,-1.2270710106591605,0.04739419066946822,0.19489991751984911
ARPP21,-0.34122421274899994,-1.2270003291799674,-0.12932023123183498,0.1727008350998449
FCER1A,-0.0857591413792,-1.225461451108878,0.10968076226788696,0.15948270218556457
LILRP2,-0.19268005999899998,-1.2250221592355488,-0.01425518575070128,0.14565032387629728
FXR2,-0.166880219989,-1.2245195813848684,0.011461252366364359,0.14564199304487183
TRDMT1,-0.364161487315,-1.223739884921744,-0.10290353091607678,0.2134914123646711
CIB1,-0.105884063912,-1.2230928550785536,0.08469946865592612,0.1558209842994184
UVRAG,-0.202870309856,-1.2230619179685838,-0.015997531786016525,0.1527909383200856
BIRC5,-1.1320564687299999,-1.2228683742672488,-0.7074565864403303,0.3472163408789542
PACSIN3,-0.295247959632,-1.2228363969748486,-0.1085750820012668,0.15265564395412146
FBXO9,-0.150769832083,-1.2228250661607822,0.065486228868327,0.17684954858693805
HOMER2,-0.186810170278,-1.2227569350733096,0.038271835016229716,0.18407747184908427
RBP4,-0.14855402627,-1.2217089676839257,0.07982999830172698,0.18693815844266873
AP3B1,-0.256814035228,-1.221646303398474,0.02454848815789295,0.23031422646896738
OR51F2,-0.201794981004,-1.220252668097604,0.008818931531332223,0.1725986085026826
ITK,-0.14994907181199998,-1.219861075652798,0.027461312437671002,0.1454349087700264
PCLO,-0.0355267726139,-1.2195980200914964,0.14229248106938436,0.14580152702276775
ERH,-0.934867182807,-1.2191876124123244,-0.6528652574727964,0.2313031419144961
TRAF7,-0.282625866204,-1.2187870432621717,-0.07429839224037402,0.17093016792008422
RSKR,-0.284907870741,-1.2180090740082035,-0.06762190250931271,0.17839437559906374
MYL6,-0.18659483597100002,-1.2174463945237413,0.0038544722599024605,0.15643342416353803
ZNF225,-0.321689452817,-1.2173499492275441,-0.11577453172506615,0.16915014554573637
GALNT3,-0.166195903601,-1.217086043623358,0.022185352093716627,0.1547805569554403
CYP4X1,-0.132279297841,-1.2169160901628273,0.0015860194367339703,0.11000373678995597
IFNW1,-0.20760530437199998,-1.2162584005845454,-0.02072390888735831,0.15365270685474788
NT5DC1,-0.11094766984400001,-1.2160373352536196,0.060877235452474164,0.14129903771469152
SMPD2,-0.16526945665200002,-1.2159866299290758,0.009047638926533602,0.14335445085337897
PNP,-0.132376446743,-1.2154253082831041,0.04555822519198996,0.1463970436705308
RCVRN,-0.0802260060244,-1.214421320355094,0.12383220350203396,0.16802917250066707
SERPINF1,-0.349529825131,-1.2142942166959851,-0.06802230404825794,0.2318280999877489
SERPINB3,-0.34376902187799996,-1.2142726666164148,-0.1484543351277963,0.16084911743459596
GNG8,-0.21611234316,-1.2138095996488503,-0.042925455120732606,0.1426804402349179
TWIST2,-0.332506199031,-1.2137882720490059,-0.15671349907207194,0.14482978951689074
AKAP13,-0.280847852046,-1.2132974785434474,-0.0584745544641386,0.183280111855848
UBN1,-0.39383786716799996,-1.2130067014563692,-0.15864812848125118,0.19388989228532166
ARF5,-0.184445794146,-1.2118900208057723,-0.008134801440231152,0.14548431761864133
SMARCD2,-0.25298898032699996,-1.2115749559108897,-0.05728882105471562,0.16152542466937383
S100A9,-0.20807325894099998,-1.2114882009272436,-0.037656231908314595,0.14066750869075928
LBH,-0.143945538303,-1.2114411493109551,0.037388215261166216,0.1496843273544946
ROBO4,-0.132702915545,-1.2113323503772413,0.06975348731239189,0.16713530584264635
CPO,-0.180109171577,-1.2110035388897795,0.056955051411363984,0.1957584890343913
PHYH,-0.09531845518110002,-1.2104488539788874,0.07383114693789157,0.13974122207888176
MALT1,-0.267783313708,-1.2097496723442063,-0.09256823561827086,0.14483581363589387
PPM1H,-0.14270070090700002,-1.2096893928425918,0.037447261778346,0.14892084178900244
PNPLA1,-0.220200520277,-1.2096110608816564,0.021349399869164693,0.1996922217048055
METAP1,-0.14948896779100002,-1.2088652446630406,0.053627169437262624,0.16802214980122063
ZFHX2,-0.15221829408,-1.2074109285467443,0.002741593578014044,0.1283406369731354
OVGP1,-0.20710867341800002,-1.207289281600327,-0.044030185239274267,0.13507822082422238
HGF,-0.17084535048900001,-1.207227551530616,0.01021771580302814,0.1499825497375888
SEC24B,-0.274221620765,-1.2067451985104185,-0.08434221874440313,0.15734837996867948
BORCS7-ASMT,-0.24182891068000004,-1.2063119877991382,-0.05816820196168285,0.15224975841730454
ATP1A1,-0.81696289504,-1.2062933313877016,-0.4565783602605296,0.2987536492180467
DRD3,-0.280856698249,-1.2058685007302261,-0.049830491796193005,0.1915849085641649
LRFN1,-0.19893635019900002,-1.2057674963542837,-0.023935414518024674,0.14513655096036512
PADI3,-0.0762867798876,-1.2054356110572697,0.16184830203307035,0.19755105933182576
SLC24A1,-0.133347132267,-1.2050224410093284,0.06716659440502705,0.1663983340460253
HEXB,-0.17666534285,-1.2047906224722678,0.013031675640051294,0.15745227008887827
CDK13,-0.47662643623000006,-1.2046603638025353,-0.20225850244462618,0.2277554255369753
IRAK1BP1,-0.06922312913989999,-1.2037725944204454,0.13035263202616157,0.1657919129336443
MMP13,-0.126270664645,-1.2028040785559477,0.08758693836705263,0.1777992000732189
CYP2E1,-0.16748118989299998,-1.2027370833934077,-0.011706799097371346,0.12951657760158694
GOPC,-0.334149363433,-1.2012408015393794,-0.12199657047770307,0.1766113777382728
OTUB1,-0.25167460851999995,-1.2012302145202656,-0.01860346927709762,0.19402703697058088
BCO2,-0.287274110818,-1.201221428701394,-0.04572504630281445,0.20108621003899113
CASQ2,-0.11626025676799999,-1.2011913055167116,0.07296905706390618,0.15753470156071947
NPEPL1,-0.338663551276,-1.201100593067208,-0.20201034503902365,0.11377332342165439
TRARG1,-0.243667987514,-1.2007683984546813,-0.06722188287843958,0.14694432736790564
ZNF24,-0.208002442546,-1.2001257440160142,-0.039542490722824196,0.14036858442803965
BPHL,-0.23674383898499998,-1.2000880586404667,-0.05648418897238385,0.15020535261122864
RHOD,-0.276011054248,-1.1996823812090607,-0.08136697636974502,0.16224634197102178
NAB1,-0.37544670045100004,-1.199504432435772,-0.16376018388899696,0.1764783112407031
DRD1,-0.398223568834,-1.1994810398258242,-0.18981933009428137,0.17374533804217604
TM4SF1,-0.40583929127999996,-1.198507488890391,-0.12203850880094856,0.23679516824863683
FAH,-0.256779275508,-1.1984824597834725,-0.024110518949754564,0.19413613829632623
FRMPD2,-0.025549552732199998,-1.198337957110989,0.11872255343107331,0.12039350444267949
CLTB,-0.307447093654,-1.1969911020537598,0.0028870955592129924,0.2592619015135128
EHHADH,-0.226835125154,-1.1969431400502248,-0.050644059090489364,0.1472008654112989
FOXN3,-0.379944426836,-1.1965604395885379,-0.14325454076464217,0.19780855044208928
TNNI3,-0.122594441189,-1.1963403611061578,0.03489087664777206,0.1316392248867691
MED25,-0.327066772229,-1.1962433265800085,-0.1476983737178371,0.14994307138495555
RIMS4,-0.28996017187600004,-1.1961429138875799,-0.0021289587544585545,0.24063279544587382
UBXN8,-0.0120282243402,-1.1959236621353904,0.1500424598791459,0.13551925540962992
DHRS7,-0.162751240561,-1.1958058087509982,0.001150326921338154,0.13706369904117705
SACM1L,-0.478991917148,-1.195226993886916,-0.19302660221292398,0.23925607135520577
PARGP1,-0.191470919823,-1.1941515956303899,0.031202232684532878,0.18646975251913828
PRPF8,-1.3843269488499998,-1.194031724654785,-1.0398022276420686,0.28853900117900066
MAS1L,-0.334161179457,-1.1937739318432656,-0.13641484550356836,0.16564805837910893
B3GNT2,-0.278729558341,-1.193585561725466,-0.05582061034650948,0.18675573427031894
NTSR1,-0.22828489068500002,-1.1933902619631322,-0.03991680182455637,0.15784282381404496
PLXNA3,-0.18779509340199999,-1.192734550031171,0.0023736090037171933,0.15943925025123762
FAM171B,-0.444269240229,-1.1917728476877385,-0.20206866095472129,0.2032271332109915
BLOC1S5-TXNDC5,-0.278433234496,-1.1915360562899908,-0.08446778466042208,0.16278605151027964
FAAH,-0.15095599130999998,-1.1904150334863404,0.03332891121196669,0.15480727085767376
STAT6,-0.316768115454,-1.1904116816543553,-0.09977536491838898,0.1822837879363288
TUBA3C,-0.23386895799000001,-1.1896223557696088,-0.02628880097541947,0.17449248159117656
CD3G,-0.24539422487100002,-1.188702984586331,-0.0009114226274687311,0.2056719007301991
ZNF180,-0.14833172480100001,-1.1886386285912576,0.02200470362995949,0.14330379674168728
TAP1,-0.210448061054,-1.1878549563914969,-0.03921827113756901,0.14415041920319818
ICOS,0.00141386288427,-1.187210053572833,0.17593676952067017,0.14700255115864677
ITGA10,-0.221871971831,-1.185978979603481,-0.04463649223391237,0.14944234480137614
DDX60,-0.092357024285,-1.185816329554657,0.05611326501286769,0.12520513134915837
ZNF445,-0.427431857085,-1.1851718137375646,-0.1750649993117734,0.2129369386345436
SDHAP3,-0.148926762663,-1.1851456409881058,0.026432558680060524,0.14796436427581683
TPCN1,-0.19569690531700001,-1.184986799480329,0.020763441692781485,0.18266899437589457
BAIAP2L1,-0.0772787320953,-1.1839121844825273,0.06494205871999863,0.12012782086321842
PMM1,-0.37554937763499996,-1.1839088152792934,-0.1440482774632798,0.1955396371612515
OR51T1,-0.34029448208,-1.1837305774183402,-0.08295333890676579,0.21739840811959332
CES3,-0.43721961696,-1.1826676644119711,-0.23935482373063552,0.16730379901588324
CELF6,-0.101434133685,-1.1818078725247303,0.05661208200254597,0.1337325798565779
ZNF514,-0.279023448865,-1.1817937417711646,-0.05220036191779955,0.19193119656164256
KLF8,-0.302280600878,-1.1817389319843061,-0.10872251305074822,0.1637909038862251
FZD5,-0.34416749984399997,-1.181017565552706,-0.15983243607017666,0.1560815597925134
ZNF217,-0.34163768277400003,-1.1800879211072517,-0.12179532831142273,0.1862931994561082
SLC6A5,-0.117111924524,-1.1797925149952755,0.052034515764126654,0.14336965028872387
PRDM2,-0.296544577115,-1.1787216178929705,-0.1253415760802136,0.1452446433796821
FANCC,-0.09657024920299999,-1.1783656370063347,0.059970346737363366,0.13284552012061246
MAP3K19,-0.522362490651,-1.175740789609346,-0.2646976401671696,0.2191510686377077
POLR2J,-1.2355439209299999,-1.175677800629445,-0.9097806458306842,0.27708550329427467
MDFIC,-0.10242980426,-1.1754695969512066,0.11890973914830497,0.18829882455691682
SFTPD,-0.188530385885,-1.1751166351116231,-0.021551107514732246,0.14209591914627825
FIGN,-0.11274265107899999,-1.1740796286265653,0.08706085774997085,0.17017883962666175
ZNF383,-0.19840336108399997,-1.1731802503521604,0.01769068201634381,0.1841950911085296
TMC4,-0.240092972265,-1.172410635659893,-0.06612100947085221,0.14838825024495572
SNW1,-0.893476732767,-1.1719947451438248,-0.5607405573476822,0.2839058594742121
CYP4F22,-0.28942294357500004,-1.1715613600383428,-0.10839227550662388,0.15452085929366208
MBOAT7,-0.25601527439,-1.1709098029539717,-0.016193664117748818,0.204816468072288
HARS2,-0.596946417776,-1.1707252779602118,-0.3695951670739666,0.19419692645413278
PDE9A,-0.27384422435600003,-1.1705588509283416,-0.02174053829192713,0.21537036421888198
ICAM2,-0.20545318324,-1.1701908665136618,-0.004703388880134188,0.17155303472668326
SLC15A3,-0.167635301915,-1.169252478676407,0.024156749372907668,0.1640296298580578
ACLY,-0.689950223375,-1.1691061734546324,-0.35836270123864006,0.2836248149785579
BNC1,-0.174708563192,-1.1687689815386517,-0.0231499758045223,0.12967369067919227
PTGDR,-0.257302197399,-1.1682138655524799,-0.0779728479487767,0.1535072941164019
CSK,-0.143277157147,-1.1679103258972912,0.06288611817880291,0.17652320623795342
RBM15,-0.44555764579499996,-1.1676619543162563,-0.22372566641170608,0.18997962429390897
ANKRD60,-0.134059676204,-1.1674242477974042,0.0788055997045743,0.18233754893320933
KCTD3,-0.216371806171,-1.1670752646710167,-0.03619671950747624,0.15438171994358285
CD160,-0.310345848059,-1.1667349886889402,-0.12123747502509027,0.1620833992871087
POMC,-0.21943747765799998,-1.1660834865399803,-0.05109281783982158,0.14436758753671497
PLEKHG1,-0.131102744086,-1.1655478989901813,0.011038266656257255,0.12195209726293255
OGFOD1,-0.182675280464,-1.1653156776821205,-0.02494093272513012,0.13535761232751328
GPR151,-0.298633295073,-1.164908081156906,-0.1271798564679577,0.14718194626546555
RTN4RL1,-0.257875989692,-1.1636645644361774,-0.09426361126313727,0.14060098023878276
HLA-DRB5,-0.29192541436299996,-1.1635035339648827,-0.10866694557543936,0.1575057259715137
IGF1R,-0.36321166114299996,-1.163480191278308,-0.09266963961265397,0.2325282575142971
OR3A1,-0.133403130323,-1.1631879594578565,0.062271531592070065,0.1682227367675564
CDK15,-0.154758225031,-1.163084036575156,0.027047106560904633,0.1563131518228492
SPTA1,-0.194221654166,-1.162836969169725,-0.026240410056365505,0.14445812144205777
ST6GAL1,-0.154821997301,-1.1625672142290822,0.051916349120582336,0.17782915593286708
LRR1,-0.242079693321,-1.1622880955689938,-0.03928573967112313,0.17447821622108228
ERF,-0.316117082088,-1.1618874760325526,-0.12158028134968418,0.1674317046626514
TLR2,-0.204533399175,-1.1617501034753763,-0.03540081158826873,0.145584310326955
ZIC1,-0.188013786382,-1.1605237109419189,-0.017555808747014155,0.1468802197041167
ZNF132,-0.468363860448,-1.1602400310684726,-0.2706879001166595,0.1703750560556848
PPP1R2,-0.29019498706700003,-1.1598992929823624,-0.13684492932064357,0.13220980362188076
DHRS11,-0.196583221596,-1.1598452667385968,-0.03489314364999106,0.13940659377838394
CTDP1,-0.6372016724490001,-1.1589383259755546,-0.34172687658741785,0.25495299382118686
ABHD2,-0.28612070861600003,-1.1576570430114939,-0.10747784583555911,0.15431415016983338
ABCD1,-0.575667814893,-1.1573972502495342,-0.2649954485653135,0.2684232801319562
MED20,-0.634780884419,-1.1572292057313984,-0.3274572271843438,0.26556852844067297
NANOGNB,-0.388352851061,-1.1567312889943526,-0.17871526828636278,0.18123274157898284
TCF7L1,-0.345530696128,-1.156702962686096,-0.12517678794673345,0.1905017236832874
RIMS1,-0.384755854702,-1.156560901496333,-0.14118851751576014,0.21059620541479296
AGAP5,-0.0994952428621,-1.1557930616999177,0.067456863028233,0.14444809492521363
RLIM,-0.323315292024,-1.155504859735227,-0.052997840859316796,0.2339388267277594
SFTPC,-0.0546617908358,-1.1549997976561568,0.13034371840152204,0.16017795813709584
DNAJA3,-0.92219686126,-1.1549618822220937,-0.6605741108078627,0.22652067958189856
GZMH,-0.0913442797627,-1.1548490469748551,0.12010664286736707,0.18309832197027484
IL10,-0.13921610055,-1.1544879539150061,0.03554695616390191,0.15137711582113922
TGFBR3,-0.12427754329099999,-1.1543072782254327,0.020958486892804523,0.1258209429356473
ARHGEF11,-0.0970308501118,-1.1529768842353647,0.0461777079151266,0.12420765757320466
HRH3,-0.454767493825,-1.152809488653252,-0.13664037457746178,0.27595810268632004
PCCB,-0.12964683592,-1.1526304460285333,0.015183584710717572,0.12565208660741234
TRIM3,-0.059236495260100004,-1.1522819965076132,0.11098400114850576,0.14772468625259919
PPAN-P2RY11,-0.391797301936,-1.1522581513040033,-0.22283785852415938,0.14663332450339384
EVC2,-0.0576316207914,-1.151895576434303,0.10023416001085614,0.1370486908986405
EIF6,-1.1189327814299999,-1.1518784707942487,-0.834918751279356,0.2465659679834186
NFE2L3,-0.273582531063,-1.1516684806178599,-0.05067186594683265,0.1935545418387918
TTF2,-0.20378894367,-1.1514357290846153,-0.04766468947918412,0.13559094115911596
CAPN3,-0.156923673599,-1.151283214260605,0.02917811598377821,0.1616472708692269
PFKM,-0.20315052062,-1.151038793526675,-0.034973562564138465,0.1461088531521888
PRKACG,-0.231103644387,-1.1509133246435843,-0.03850012773423711,0.16734841149954408
PTGR1,-0.17842644779,-1.150649516776622,-0.017231660442398065,0.140090257717368
SYT12,-0.0978548407438,-1.1494889741785452,0.056954278237839905,0.13467647142267766
AZIN1,-0.41800985487899994,-1.14942636718155,-0.20949773910489644,0.1814053703025671
RNF114,-0.209823046816,-1.1492684054050986,0.0011126212202441136,0.18353908194482446
PGK2,-0.295426828074,-1.1483483987174843,-0.10671947317041712,0.1643293578101714
PITX2,-0.10367151229,-1.1483426423571674,0.082090806774318,0.16176558477616876
TEF,-0.283672494106,-1.148294297770057,-0.05831827062160541,0.1962512780234333
OLIG1,-0.189646675798,-1.1478037711177633,-0.008435980247165404,0.15787602385586044
NUB1,-0.16813019920400002,-1.147293929722435,0.03605157826466402,0.17796814938091912
GMDS,-0.302542661617,-1.1469704095088304,-0.11754616578387374,0.16129142853157624
OTUD7A,-0.510498554174,-1.1463617912623363,-0.2009657790704222,0.2700131646595883
SLC25A19,-0.140798098459,-1.143764633901639,0.04593963850876011,0.16326587781504973
CCBE1,-0.18381594686299998,-1.1435223401642405,0.04204826065780068,0.19751621773157532
EIF4G1,-0.923356504999,-1.1427609072894753,-0.5848181034362342,0.29624604709811786
CIR1,-0.15387811281400002,-1.1427482973809324,0.05403580803171575,0.18194200885902362
A2ML1,-0.0961901708746,-1.142721517124517,0.17734317731343693,0.2393700863149418
NAT2,-0.31166845014600003,-1.1420024226018677,-0.06745379114896456,0.21384775913227216
VCX2,-0.252923571051,-1.1417776658453835,-0.026180575870005184,0.1985876952787582
KRT6C,-0.129282138754,-1.1409194917217471,0.10271029590922971,0.2033381288921034
PANK2,-0.260075916318,-1.1404554239629945,-0.038187018949436484,0.19456165730486571
EOMES,-0.08973375850269999,-1.140305930436033,0.08285914415629496,0.15135666495481476
RAB4A,-0.268905198577,-1.1397261818251592,-0.060596511140643385,0.182770818779271
RPS6KA2,-0.234398334779,-1.1387737547011745,-0.06025951124229798,0.15291784063147623
HS3ST5,-0.220986267029,-1.137751740644634,-0.05090753204223416,0.14948668405499574
CD69,-0.17581590156399998,-1.1375077947270291,0.02873150398590146,0.17982066276652395
ZNF419,-0.119598736231,-1.1366931874345725,0.0513786357081931,0.1504164657879895
UBD,-0.22476641652899998,-1.1341482612158669,-0.043248492003484275,0.160047791574374
SUCO,0.014442595021299999,-1.1336270960626655,0.14278026183715795,0.11320977353276283
TP63,-0.36951045156499995,-1.1334760417735765,-0.14565193376141847,0.19749735288035272
ATP2A2,-0.7974278289390001,-1.1327019795176498,-0.4858052258336818,0.275114380252094
ARL4A,-0.094353180089,-1.1322167225036188,0.0615348465357577,0.13768391115090553
NPFFR1,-0.129331234624,-1.1320610545676464,0.04527203939066538,0.15423485624752756
CELA3B,-0.20113570474,-1.1319365206572929,0.041030577959957557,0.21393980870882798
S100A7A,-0.0956400977517,-1.1318544277818143,0.06956380244859946,0.14595861105925323
FAM216A,-0.518869619292,-1.1310975380497927,-0.2865691632863306,0.20537614855584915
NCOA2,-0.27986075565900004,-1.1309431116952318,-0.08932745679077056,0.16847292927283392
CRHR2,-0.20089639060400002,-1.130609296550162,-0.013717713362642988,0.16555557946719257
KLF2,-0.265455537157,-1.1301426936059717,-0.04474939080889189,0.19529051295628522
EIF2AK2,-0.131404295572,-1.130052677136029,0.0229401491990677,0.13658163720494298
ZNF672,-0.174971771409,-1.1294319826189303,0.014090660352206467,0.16739603151914287
PSMA7,-1.09758382625,-1.1293388821507724,-0.7582402678428073,0.30047983273269485
BCL6B,-0.166475440753,-1.129295456964246,-0.042084516889405205,0.11014914041891259
UBE2E3,-0.125422612626,-1.1292340968473873,0.05937502846005834,0.16364865496178266
ATG4A,-0.08278219639949999,-1.1290952812981665,0.07723412001443547,0.14172082645669923
DOCK5,-0.287537234355,-1.1286757857942125,-0.08589066522965776,0.17865765498233854
STX1A,-0.525964435091,-1.1286047974584303,-0.2228006428978401,0.26861820264797015
ASNSD1,-0.232250875591,-1.127874592512211,0.018898315287081056,0.22267474819046604
DDX43,-0.217809223079,-1.1270736069987917,-0.05118613650828062,0.14783691636113172
RBL2,-0.252531165148,-1.1270036906823528,-0.08311797249444805,0.15032177272727426
UBAP1,-0.252409558877,-1.1269100436700012,-0.09360479706522322,0.14092053106084515
NAPB,-0.0906838186907,-1.1268810892706898,0.04555830957558821,0.12090195634968302
CYLD,-0.166787610845,-1.126683442358432,0.0073294006173700915,0.15453942510941615
ATP10D,-0.337396229513,-1.1256082355114831,-0.10316262399223115,0.2080951419250515
TRIM73,-0.143561455826,-1.125132279944259,0.0558833318973371,0.1772634127368721
SYT1,-0.283309730953,-1.124464808060226,-0.09891635635419273,0.16398323298076148
CTSW,-0.0691784932295,-1.1236687731211588,0.09670765551049855,0.14762904577229183
CD209,-0.39317754044200004,-1.1235394310785836,-0.15106620921385938,0.21548983910223501
ATP6AP2,-0.589382463595,-1.1234753614350532,-0.37562578420814513,0.19026378924217457
CHRNB1,-0.450273123001,-1.1233019537792213,-0.22928600591536666,0.1967299320918542
SREBF2,-0.177755592047,-1.1225594886552166,-0.004060537281864866,0.15473126949665286
ADAMTS18,-0.202141921423,-1.1225230988036148,-0.06548458399684289,0.12174122525568205
ZWILCH,-0.0694653426555,-1.1222055760499108,0.13312556307012693,0.1805292274867618
TYMP,-0.227392754246,-1.1220345528219902,-0.03652016212156003,0.17011293604495775
AEBP1,-0.268984544304,-1.1218493311611506,-0.0259458102463929,0.21664115430371927
OR2AT4,-0.019692790200900003,-1.121477502022478,0.13910104219492686,0.14159341770963507
FBXW4,-0.441533132768,-1.1214192463205386,-0.21913061229517,0.19832236801940886
RPP21,-0.312439195368,-1.1213544473841754,-0.05350142425799848,0.23091518628568794
CXCL6,-0.145479847174,-1.1213147028079928,0.02502173255650363,0.15205506474099922
TOM1L2,-0.171045279208,-1.1210972129122583,0.039298700763713536,0.18762331896741227
CETN3,-0.170879513576,-1.1209046700026701,0.0035860581639380576,0.15564710934741888
FAM239A,-0.17085091972199998,-1.1208055316024879,-0.020817842539942868,0.13386182790117493
IFNA7,-0.17664859951499998,-1.1198590452571655,-0.012438097329806188,0.14663497417881224
PPP2R3C,-0.192525759251,-1.1196530816286578,-0.01153629936186094,0.16164780221554886
ZNF547,-0.134596036231,-1.1196374396821964,0.05284117265160519,0.1674088434697292
HTR1E,-0.19520644618799998,-1.1193869770389075,-0.031228092189340938,0.14648942444589427
TRIM6,-0.0967091371006,-1.1160396521042535,0.02411575707552536,0.1082621875919142
UBA6,-0.388088922447,-1.1155229615239735,-0.16303785736884932,0.20174489709355406
NR5A2,-0.20653684821899998,-1.1151469611149742,-0.01354912557655979,0.17306034932784317
CP,-0.144413698194,-1.114973161985449,0.08685525434765476,0.2074210935533468
GPD1L,-0.162372769229,-1.1145308444343343,0.0004046002838181899,0.14605012532913234
CYP2R1,-0.144557646088,-1.1141769206495624,0.025155742907827364,0.1523217595432554
SLC29A1,-0.0713373640376,-1.114073050637818,0.06353162170450291,0.12105937367831407
TAF9B,-0.12016321894000001,-1.1139277069605498,0.06319958275543638,0.16460924757474435
VPS26B,-0.226655318006,-1.1127643722013298,-0.0503745158609149,0.15841700772316875
MAN2A1,-0.123914924682,-1.1126840931532116,0.055137798311823624,0.16091963936179762
LCORL,-0.184317819426,-1.1125925656450342,-0.035754403500454536,0.1335290388529737
ZBTB14,-0.202022059845,-1.112369497078084,-0.0626772541415452,0.12526845267645212
OR2AK2,-0.129153371523,-1.112250871689068,0.07005432751623572,0.17910320783720154
PARP14,-0.189782542198,-1.1121628099589362,-0.0004647050079367071,0.1702249306439705
DLGAP1,-0.19100964399599998,-1.1121531123534782,0.017814029237892676,0.1877652194777312
NPBWR2,-0.332725827584,-1.1119050687786753,-0.1279416178159258,0.18417418493559945
ITCH,-0.32952840996599997,-1.1116286959844746,-0.13991562097829965,0.17057205312586543
OXSR1,-0.104697705418,-1.111509954163587,0.04577610045477327,0.13537783022915437
REEP6,-0.159837332632,-1.1112757058237521,5.2114887531397276e-05,0.14387918918915862
MMP9,-0.211619523615,-1.1111614682769324,-0.024994719907291265,0.1679547113860113
FEM1A,-0.139901816201,-1.111149959212216,0.003589160918507885,0.12913736434030942
POLR3K,-0.210937458534,-1.1105735976479154,-0.013463323126693403,0.17781274093453797
RNF122,-0.213148343511,-1.110354040317541,-0.025063056758908357,0.16939217575891624
GNAL,-0.15561089115,-1.1100756945955415,0.07224813658824206,0.20526440570457047
SERPINB1,-0.188936639438,-1.1094669413532698,0.009284202030001134,0.17866313459166408
DLL1,-0.189906290045,-1.1090073398063556,0.026062585138969536,0.1947407085887096
VSX2,-0.26253611178,-1.1088982648479657,-0.06003631865489581,0.182613499853269
ATP8B4,-0.20792701284499998,-1.1087311890554863,-0.024236496572741822,0.16567633172540383
ACTR6,-0.525343982672,-1.1082192240352198,-0.2899676995602001,0.21239144566970583
CAPS,-0.121614971898,-1.108211233156312,0.030025086925626145,0.1368331724916178
CTNNBL1,-0.949472526078,-1.1081376908684364,-0.6595030081347584,0.2616728230911408
IGF2R,-0.10819838906899999,-1.107565645710923,0.07376591622422042,0.164292117580463
CDC37L1,-0.24115736414299999,-1.1074820642204921,-0.04071676699841259,0.18098766889346304
KAT2B,-0.189144798896,-1.1074527299360302,-0.014635990277626425,0.15757675601057367
STAT5B,-0.261721743348,-1.1074269181866425,-0.07911172155898516,0.16489577667845554
SLC51B,-0.124962748601,-1.1072383659722906,0.05855963765245594,0.16574785691453245
TFRC,-1.07204594768,-1.1069488712256246,-0.614376461394967,0.41345133292226655
HOXD8,-0.264098469335,-1.1068882833430465,-0.05152733344318451,0.19204389376116965
RHOB,-0.325807760276,-1.1054484493058532,-0.12563778451562863,0.18107581216117727
ADNP2,-0.202120611503,-1.105271964724373,-0.037532907105639154,0.14891149839162426
SIRT7,-0.176196166804,-1.1048307162881474,-0.022546245038163593,0.1390710083460093
HLA-DMA,-0.0771168732245,-1.1042031940661705,0.07941078350388876,0.14175620716327023
NTN1,-0.161376273992,-1.1027648090580247,0.0018638900851642604,0.14802808607630769
PHTF2,-0.24629039864900001,-1.1024966194628454,-0.10124192701227751,0.13156364298639986
HNMT,-0.139519432872,-1.1023762281683698,0.07061520107891193,0.19061970730270258
P2RY11,-0.11606207869200001,-1.1019390902642978,0.05431564575319055,0.15461628138114766
SLC6A1,-0.23080192109099998,-1.101365471107796,-0.07018547847496541,0.14583391873950827
ZNF596,-0.103212320568,-1.100970906458839,0.05494714121091182,0.14365453333150796
B3GNT3,-0.18759378481199998,-1.1004696329529882,-0.02180296802136185,0.15065460402188188
NBEA,-0.55762556155,-1.0994003276191724,-0.31778822036680177,0.21815287403323103
TGIF1,-0.137067832728,-1.0990452827295343,0.013864135598832109,0.1373300724716137
VPS26C,-0.19134993688700003,-1.0989821052243773,-0.016526498502776127,0.15907760240420885
TNK2,-0.223001970866,-1.09833079584511,-0.05917918337610728,0.14915614504265934
KDM2A,-0.379753153549,-1.0976255904509815,-0.16143817899583668,0.1988974896835853
TFB1M,-0.0714642420532,-1.0974012629860295,0.060797423191180894,0.12052261073993738
PLD6,-0.136485266556,-1.0962978017615452,0.05117990670211827,0.17118083513127133
RPGRIP1L,-0.19584570681299998,-1.0962505476219797,-0.011151597166899086,0.16847800901604565
PIGZ,-0.046978973199599997,-1.0955193912761547,0.12778472159173107,0.15952587985480693
LZTFL1,-0.136109485582,-1.0946357103913529,0.029783179700074054,0.15155056947919623
RPS4X,-1.3181632500700002,-1.094496004697911,-1.0437772607150473,0.25069620005665116
TAMALIN,-0.141599133726,-1.0942154488896088,0.024115420399629033,0.151446001145198
DPM1,-0.062169370270999995,-1.0941962299288808,0.09584529065689244,0.14441162983915862
NAGS,-0.173116372353,-1.0932108591411265,0.061407571690609945,0.21452763854528675
ABHD17A,-0.17871744527800001,-1.0911053994008313,-0.016036387196609037,0.1490974732328568
IFNA5,-0.539644855479,-1.0910868892430297,-0.3416357847968903,0.18147873705959727
SS18L1,-0.155984201779,-1.0905887684384756,0.017173637342064157,0.1587746400221915
CRIM1,-0.27760580488000003,-1.0904820456463302,-0.08518863746279154,0.17645147683579016
ARIH2,-0.099904698586,-1.0904678448860758,0.07049703804435732,0.15626479719643604
CHRM3,-0.240199075522,-1.089889846623763,-0.0812718158478864,0.1458195616432569
GLIS3,-0.08722900383719999,-1.0895940558762454,0.06561179974443372,0.1402731620619204
PDS5B,-0.236495083017,-1.0892351363620438,-0.03667912088894138,0.18344612238219526
TAF6,-0.175253842249,-1.0879021589920834,0.0048109812030607026,0.16551564124009704
RNASE8,-0.135739884738,-1.0876126262900578,0.048126051514534994,0.16905461724889848
CLASRP,-0.117870793582,-1.0875526668336775,0.014861693267867885,0.1220469508261222
FBLN7,-0.201832253596,-1.0867195857128893,-0.034481921636342144,0.1539958735996056
ING2,-0.369896038222,-1.0863655261982532,-0.13361492417026485,0.21749688143971507
ATP6V1G2-DDX39B,-0.0187697950601,-1.0863164398976421,0.19883347784069488,0.20031297042811808
HNRNPF,-0.286076023519,-1.0859595997100007,-0.11796128959518949,0.15480753977284664
NUDT2,-0.115526187844,-1.0855329752167457,0.04231456859812567,0.1454039260397502
SYT11,-0.146521139041,-1.0846672060558356,0.030675821572298607,0.16336527888368466
GRIK4,-0.20246448760400002,-1.0839947767533624,-0.03628658284664245,0.15330138882686464
PUF60,-1.33741184848,-1.0838174768993567,-0.9281296914427499,0.3776301506118414
SERPINA12,-0.208687265276,-1.0837826159222848,-0.007167792248395669,0.18594086126405887
GRINA,-0.09444859614369999,-1.083186684280314,0.0398102856238108,0.12394805412209668
OR56B1,-0.316615685614,-1.0830976086555908,-0.07182509347705715,0.22600972449823095
SEC11A,-0.21200737679499998,-1.0825218793523048,0.06743441109021282,0.258139621207849
DGAT1,-0.22953861239999998,-1.0822996253849841,-0.010248908322904876,0.20261459852126595
TRPC7,-0.0030645404019000004,-1.0817858392013193,0.11671144090983006,0.11072060381208214
MTCH1,-0.16858924151500002,-1.081765211833688,0.0013433433060690272,0.15708823223573462
TRPC6,-0.0809796759058,-1.0816523159586702,0.05626856739477056,0.12688757863836053
TMED2,-0.534268730303,-1.081558742779409,-0.22654103060468472,0.2845224096728312
DSG2,-0.0866633032959,-1.080046621136715,0.0947594666325628,0.16797679505494034
ABHD16A,-0.219610115462,-1.0793554885095218,-0.08757022652027768,0.12233216057858355
RDH5,-0.156878397004,-1.0793145079832691,0.0075650450909208,0.1523591509968565
EFNB1,-0.30594314268399997,-1.0792488322049258,-0.01253283160642987,0.2718653032759158
PALS2,-0.18955441041999999,-1.0790898461623941,0.00851183020801124,0.18354935071662595
SSTR1,-0.162406796294,-1.0789231980037481,0.003832001600606727,0.1540784350565324
CNBP,-0.19438445299499998,-1.0786163821000432,-0.015911311927443005,0.16546489004744538
CWC15,-0.33894532506499997,-1.078226691188106,-0.12591012086472067,0.19757923444237338
INHA,-0.533309590958,-1.077410700846327,-0.24602850452528247,0.26664027580852195
ATF3,-0.293646783827,-1.0771407951228194,-0.13321191103903185,0.14894512724278983
FMO3,-0.0308425814172,-1.0759035296670156,0.11432710970815757,0.13492816699865884
KAT6B,-0.251026758874,-1.074543631376526,-0.0998337490118723,0.1407043934255554
PDCL2,-0.0287952719416,-1.0742835467132081,0.11293449809790804,0.1319295734102352
SLC23A2,-0.218668760733,-1.0730870715714689,-0.023594393500133704,0.18178801366714084
KRT14,-0.11539949221200001,-1.071266597520217,0.02370524337433388,0.1298507168134762
POLB,-0.169733354894,-1.0712478308325273,-0.041040545578713096,0.12013355417044107
IFT57,-0.16748903602499998,-1.0711377246746607,0.019460505541699858,0.17453361716251986
ANP32AP1,-0.155720454893,-1.0710328134474472,0.018352985848243308,0.16252857854180452
TMEM9,-0.024072729651799997,-1.0708343376004006,0.1100121251671428,0.12521531119314813
VAV3,-0.14202740573699998,-1.0708161195471626,0.0322757949973889,0.1627760336742969
H1-9P,-0.12116965292099999,-1.070660170972344,0.04746338236640403,0.15750379052043764
NR4A2,-0.17962144897500001,-1.0701178586591904,-0.032238785928111864,0.1377256363439743
FZD2,-0.235000078644,-1.0698264445720709,-0.053844822942186045,0.16933144307745712
DPF2,-0.42452394285899997,-1.0695444996109646,-0.14854462632614204,0.2580344404868076
CABYR,-0.19326315267000002,-1.0693357897117177,-0.026027707059424098,0.15639189038614423
LGALS1,-0.154848632855,-1.069144562099845,-0.013974014881469784,0.1317638633421532
KLRC2,-0.10677753380100001,-1.0689068667848511,0.06751135081425268,0.16305338662431237
TM9SF4,-0.253569454333,-1.068538181649643,-0.07220667453994309,0.16972980742069815
ZNF195,-0.304956976289,-1.0682047630636902,-0.1000131154380466,0.19185821664299574
THEM5,-0.19946549447700002,-1.0679896236864534,-0.033688324933329974,0.1552235769589648
ADAM7,-0.207456333939,-1.0672528017402514,-0.022709562153629983,0.17310497708145986
CCNDBP1,-0.216149893698,-1.0670836026434025,-0.018166502147352194,0.18553690738026438
LRP12,-0.214505144437,-1.0670388685926728,-0.0322503414964882,0.17080427743076437
LIPT1,0.0312857991693,-1.066821537984815,0.1750557576033585,0.13476476928431202
BLVRB,-0.0866657644682,-1.065971769613091,0.1841655496908949,0.2540698749061589
HSD17B12,-0.172233161869,-1.0656885241452496,-0.00522439543267055,0.15671442701354146
RTN4RL2,-0.446722325937,-1.065488350784796,-0.23722813539544488,0.19661800186482573
NKX3-1,-0.17242421594000001,-1.0651133130165449,0.0009374446958702778,0.16276358441609057
AREL1,-0.433224466375,-1.0640839931182107,-0.20752150042144268,0.21211010353811763
SLC2A10,-0.310230590303,-1.0628002204167974,-0.1299103329246535,0.1696652427373702
P4HA1,-0.12277331626900001,-1.062369781295392,0.07184839121106215,0.18319582400277964
C2,-0.18965471456799998,-1.0619205663853473,-0.05143163049727946,0.13016329888139908
OR7G2,-0.34120825539000005,-1.0603442925758229,-0.08023310699730478,0.24612302835970942
ATCAY,-0.178456763868,-1.06014819063497,0.00805526711335875,0.17593015073642526
SLC4A10,-0.238955863778,-1.060141024690604,-0.04779304501797665,0.1803182919138641
BCL7A,-0.261905902917,-1.0599289946043164,-0.06917491302083766,0.18183386894525985
COQ8A,-0.327908969409,-1.0591021544633736,-0.14662572656055578,0.17116690971164808
P2RY10,-0.112451909814,-1.0585322336885776,0.010802683341285695,0.11643914963816535
HNRNPA2B1,-0.530982243153,-1.0584811023663765,-0.28662973709903766,0.23085202514025008
GNA13,-0.0981643875362,-1.058434156366226,0.06995545747654423,0.15883826499886075
ZNF367,-0.247930022632,-1.0583218721380143,-0.06646203555220172,0.17146767146860334
ZNF350,-0.102717874685,-1.058141766684987,0.0557840288379766,0.14979269178603669
SEMA3G,-0.356554389009,-1.0577488332964198,-0.17112100557540005,0.17530946628955982
PLA2G12B,-0.160513034404,-1.0568751189956584,0.04842095586378493,0.1976903292664639
KRT15,-0.125663148894,-1.0557484362387748,0.04935570803349063,0.16577704585669614
GOSR2,-0.04312137305219999,-1.0553858625243702,0.07755924462865113,0.11434738891820664
BMPR1A,-0.28702084948,-1.054856763810392,-0.09250151119826862,0.1844035559662921
PCDHGA1,-0.204102104448,-1.054658724262691,0.007107441203678123,0.20026340349987065
PHOX2A,-0.21947545953000003,-1.053899225974442,-0.04030244684081218,0.1700096254682447
S100A5,-0.215555904241,-1.0537793926640528,-0.04079166794716323,0.16584518307196766
MARCHF2,-0.0674151554521,-1.0525430144624357,0.09091518286879878,0.15042647772619788
AKAP12,-0.200711664628,-1.0516107230535587,-0.04062773768681371,0.15222736268450276
DNTTIP1,-0.297456716444,-1.0513509812189632,-0.07688182902572886,0.2098013806602729
GNB1,-0.233175374799,-1.0510648065540968,-0.04254259633360306,0.18137109841055776
NCR1,-0.234825514534,-1.0510079561625993,0.0009251194606017317,0.2243090859705435
GPR55,-0.23789514548500001,-1.050976477601108,-0.09250725456631442,0.13833600848093075
ZNF540,-0.278564052612,-1.0492506865414981,-0.051638171686996755,0.21627422677509803
FOXO4,-0.23311516568000004,-1.0487974803621727,-0.04549869887103194,0.17888722114795702
MAFG,-0.148228173543,-1.0483281366858563,0.013082506676278121,0.15387422561149547
TXNL1,-0.104739765012,-1.0473288172337614,0.0757706687374604,0.17235316242536933
KIR2DS5,0.0450338048307,-1.0471007890052477,0.21532591308980223,0.16263201216845688
MAP2K7,-0.294820240285,-1.0470541268518991,-0.1299555030149304,0.15745579243907507
HNRNPA1L2,-0.0360901558587,-1.0467805628140368,0.14164631460180402,0.16979343787460002
GAS6,-0.13460752418,-1.046000003374432,0.024111495957006842,0.15173902449806292
RNF135,-0.407345808732,-1.0455282015973044,-0.22530275599791033,0.17411587029022613
SH2D1A,-0.249643477354,-1.0455028167533549,-0.09367292596143839,0.14918233494282082
PAPOLB,-0.222957672267,-1.0454980753387146,-0.04299471672559302,0.17213131213379193
H2AC8,-0.0903753819771,-1.0442305483290215,0.0660004227628259,0.1497521835481241
PRDM12,-0.389118266821,-1.0432882009126745,-0.2198816286322355,0.162214657503761
HSBP1,-0.222827808252,-1.0423524811409284,-0.04903076584450314,0.1667353851523083
CAMK2G,-0.270083786411,-1.0421904553831625,-0.08979352662460008,0.17299166275718386
HS3ST3B1,-0.20076060819000002,-1.0396277296995826,-0.03743076263250785,0.15710416420374723
GABRB1,-0.181393561693,-1.0395724216426805,-0.009269203616508332,0.16557226268518105
ZNF175,-0.163427073812,-1.0391860719456936,0.00043326017836271276,0.1576814185774863
PAF1,-1.0171168451100001,-1.0381920970587197,-0.740968986264967,0.2659891744768447
TXNDC5,-0.21968601472399998,-1.0373394384575088,-0.03038567033663991,0.18248640451658113
TUBB3,-0.214803663301,-1.0371996034233253,-0.03662319392911456,0.17178995131100375
IGFBP1,-0.248411444487,-1.0366208587592844,-0.05900032119683753,0.18271976845697058
POLN,-0.16162870842399998,-1.035914582111995,0.014404977111789924,0.1699306956147843
UMPS,-0.0814301908745,-1.035696160105728,0.084103371217592,0.1598283053161013
MAP3K15,-0.0835895724292,-1.0347088649800722,0.03879118225465687,0.11827554476999078
ARFGAP3,-0.213352652216,-1.0333070672212825,-0.039685148745417696,0.16806959806981697
FGF9,-0.110825177885,-1.03322702786624,0.031121879114797454,0.13738225304939825
JAZF1,-0.251419284848,-1.0320964589317645,-0.06491281071410276,0.1807064373875813
INCENP,-0.92047597831,-1.0319778675222582,-0.6556025564877168,0.256665796969304
ZNF85,-0.175203974353,-1.0316470248098701,-0.04549442469039738,0.12573055177133646
OXTR,-0.309378339736,-1.030635960344538,-0.11644447611010077,0.18719884716753146
BCKDHA,-0.17798392012400002,-1.0301630707153822,-0.02639522251426382,0.14715019584663191
TLL1,-0.0455840384298,-1.029468775155422,0.09151828935928245,0.13317774282992093
HLA-C,-0.17292942223700003,-1.0292654781725081,-0.022287813560708178,0.14635836124977256
MEF2A,-0.204655656284,-1.0292402651691435,-0.007249793634648168,0.1917976485470188
CHRM4,-0.24934096057500002,-1.029034470341034,-0.10482758116536085,0.14043589750860896
SLC39A9,-0.202303016405,-1.028846399104729,-0.024804818061979584,0.17252157221668266
CST8,-0.170123364537,-1.0287901640933146,0.03260644634401905,0.1970565212972145
ATXN7,-0.35229578260300004,-1.028786017977002,-0.17058448890093839,0.17662690834327
CHI3L1,-0.294739923394,-1.0283174919499871,-0.07128468081685321,0.21730180058827075
FARSA,-0.28017475657499996,-1.0273553359243852,-0.0786420649570339,0.19616649134997935
TAF3,-0.43078430713699994,-1.027175964875152,-0.22455731279917562,0.20077085269697698
MACROH2A2,-0.08920229537249999,-1.0270718898621458,0.09582592735274868,0.18015118956286813
COL13A1,-0.137485384569,-1.0258926106374906,0.03281204643811066,0.16599927637775624
SRSF4,-0.185508039727,-1.0256294622439293,-0.050257342795625375,0.1318709162619662
CHRNA5,-0.31999247435899997,-1.0250766710566077,-0.15546941499363484,0.1604982963818515
BRF1,-0.340464460566,-1.0247508523777664,-0.17561824142016055,0.16086468116941868
MOCS3,-0.0755916763089,-1.0247274526633026,0.08815369921036575,0.15979407509156293
KRT1,-0.30927016581,-1.0245410135948114,-0.10789224580343851,0.19655427877892942
UIMC1,-0.161696496196,-1.024346411728229,-0.011924394597093135,0.14621235539471303
KCND3,-0.228055903628,-1.0241438637083693,-0.08793943583574115,0.13681326692219267
SPTB,-0.15410205553,-1.0234635845721225,-0.019464191423585117,0.13155120136756274
RFPL1,-0.145182815352,-1.0234571649778,-0.019970815688292922,0.12234219852906408
NME1,-0.28436030448399996,-1.0230733821720086,-0.09652829703527216,0.18359583068220978
DBI,-0.192316684989,-1.0229572568943566,0.021441748061411383,0.2089612558195936
HYAL3,-0.08430743474880001,-1.0227518714916675,0.09253618558784812,0.17290960326352128
TRIM35,-0.316370057421,-1.022308764875737,-0.0689369775747887,0.24203360897163698
PDK3,-0.198034392354,-1.0222771056903621,-0.06844309545139829,0.12676728861602196
S1PR3,-0.121123417304,-1.020802708866998,0.029544019553938573,0.147597019041188
LINC00467,0.010894756097500001,-1.0206515089434212,0.1551800732903546,0.14136589808427247
CATSPER3,-0.09092013497410001,-1.0204659093798758,0.05054707169181505,0.1386300172946325
EDARADD,-0.404940181267,-1.0203663678290549,-0.19715766312458302,0.20363520858149983
PRPH2,-0.239843790874,-1.0203186646401357,-0.08001520553068106,0.15664575282437881
B3GALT6,-0.22826199436099998,-1.0195137640632586,-0.05043645480714533,0.17442191152489528
ZBTB40,-0.220149311243,-1.0191001638496064,-0.06361448731136093,0.15360101929562603
SURF1,-0.06663479574680001,-1.0190128483527352,0.07930908666358547,0.1432208461809958
ANOS1,-0.106571407423,-1.0184872714347877,0.036292643235138006,0.14027082582669803
AS3MT,-0.060514939107300006,-1.0181082671519008,0.12358791979251826,0.1808283704589055
PPBP,-0.167673007721,-1.017306988835224,-0.01748198719501379,0.1476358878630618
PPT1,-0.09625973865080001,-1.017016434587144,0.08916281558057627,0.18232011590515568
UBQLN4,-0.29501351316,-1.016952003803834,-0.14000316253145523,0.15242641742062554
BARD1,-0.301531606411,-1.0166283624724157,-0.10230878631785918,0.1959642554223411
EIF2AK1,-0.17057732338,-1.016572959724831,-0.0037500434446781803,0.16410753241014706
JPT2,-0.409751711118,-1.0165243986850112,-0.09673711801757123,0.3079262962161542
CALM1,-0.303813317535,-1.0157580086355227,-0.13083653293530895,0.17029330128743206
MAD1L1,-0.146589988979,-1.0157408718348244,0.0006104632001463783,0.14491929611264426
TREML2,-0.147550075294,-1.0153688627033233,0.018113110371423626,0.1631556685955103
EXD2,0.025129087050799997,-1.0142120520199076,0.1550231419486343,0.1280738625015715
GCAT,-0.07640321089180001,-1.013764184758443,0.06972663196629217,0.14414579352387713
ADCY3,-0.156598267129,-1.0133625401336024,-0.004402611182432896,0.15018875271085264
GGPS1,-0.829955883027,-1.0129143488559902,-0.620111209173243,0.20716921829645374
NEK5,-0.152161772389,-1.0120207769546272,-0.020327923296606876,0.13026792739286197
RANBP2,-0.977842309507,-1.0118745735008847,-0.6586890959585296,0.3154078795005825
HNRNPDL,-0.2732977564,-1.0111806489631137,-0.09523378957173927,0.1760951092278628
REEP4,-0.105282793395,-1.0110200850525182,0.07063483595958495,0.17400013308879692
GAL3ST4,-0.110362292959,-1.0107983395551141,0.02781485122177942,0.13670100036135374
FIG4,-0.217973811611,-1.0102201053248092,-0.04947210742504953,0.16679702106282396
PCDHGA6,-0.35458568329,-1.010191687303357,-0.15150201581224654,0.2010347838239221
RETREG1,-0.0458713885451,-1.009860833555908,0.07963059302758774,0.12427651157711692
SLC16A9,-0.0135772171739,-1.0093348950477192,0.14387548442926648,0.15599649073434885
THBS1,-0.0644272155224,-1.0081185843495308,0.05133576069445532,0.11483071338432786
CRB1,-0.0849192542313,-1.007487505006819,0.047378761424150706,0.1313147954669227
STRADB,-0.129245243409,-1.007029363452614,0.0024088070437026906,0.13073506615668584
DAD1,-0.371649432752,-1.006860046906698,-0.18971875737174806,0.180691125781765
HMGA2,-0.24372078755600002,-1.0067603269143648,-0.013472066319645534,0.22870261678074597
BNIPL,-0.148107683968,-1.006464496671502,0.0193600119713189,0.1663920550532627
ZNF747,-0.133383667846,-1.0064523902977711,-0.0059537800671561995,0.12661293172659877
MGAT3,-0.22194263461999997,-1.006412490193744,-0.08082558242185607,0.14021790624933275
ACE2,-0.12393953460999999,-1.0043032595720511,0.0282822495112733,0.1515695410429488
CUL9,-0.251871646164,-1.0042885186180497,-0.06248183860150219,0.1885810741151432
PPIG,-0.18831025716299998,-1.0032815239396946,-0.03552228793843816,0.15228823174635242
PRKCA,-0.230309098707,-1.0032347567507405,-0.04985491523172746,0.17987234020851156
PGM2,-0.034589019556900004,-1.0030384668723655,0.11149856524969157,0.1456450471556849
BMP5,-0.06380515599349999,-1.0030109925580997,0.06830689889083566,0.1317154606126443
SKI,-0.171015529562,-1.0020331386588472,-0.007989066471507137,0.1626956802134235
ADCYAP1,-0.23036967673,-1.0017589985295443,-0.07109203345150443,0.15899796608994282
EFHD1,-0.37640710078699996,-1.0016716680956852,-0.18793728938372295,0.1881552782276291
ACOT4,-0.0145741982815,-1.0004748852549454,0.11953918161420818,0.13404972165946255
LTB,-0.249818834934,-1.0000834206467637,-0.035149073724309476,0.214651854813133
OR7A17,-0.26202725823,-1.0000202954104687,-0.09439558385874462,0.16762827228666316
RHPN2,-0.192034716365,-0.9998785631756116,-0.019466279190065206,0.17258939588309394
CPNE1,-0.291619107557,-0.99933291116362,-0.12067513411397218,0.17105808438149125
H2BC11,-0.021970009338099998,-0.9992322794735627,0.09380368604549491,0.11586264551480395
TRIM56,-0.07311748856519999,-0.9992213177223349,0.08808529853008622,0.16132841066955847
WDR11,-0.208062217636,-0.9989578239578742,-0.035941093327287676,0.17230069196191672
DACH2,-0.163194944556,-0.9987989861489646,0.024388573193645475,0.18780907905494068
MS4A1,-0.0659474355087,-0.9985017941242661,0.06932881481696586,0.13547922609824614
PTPN22,-0.5542914499620001,-0.9984003987241189,-0.3064297256501032,0.24825883946825908
MYH6,-0.12687935906199999,-0.9974001014001447,0.002560111064697814,0.12977687684710618
TAGAP,-0.214961925668,-0.997080457581538,-0.04639227605298467,0.16906323690656652
NDUFA12,-0.323257135144,-0.996774340417055,-0.17479225554248737,0.14894532652134107
NFATC2,-0.15620547129100001,-0.9965904746233871,-0.015334971543103617,0.14135244449444648
MGAT4C,-0.150594465378,-0.9964618711875377,-0.017002407025783643,0.1340664025538754
GJA5,-0.15164723332900001,-0.9961073759358995,-0.014979965786629608,0.13720134078312968
NEK3,-0.031410368684000003,-0.995931912712891,0.10535968971245815,0.13732872363121723
SH3TC1,0.0196609224442,-0.995650881115669,0.13666678705975113,0.11751695984484149
LDB2,-0.0677595128505,-0.9953956797066705,0.08400524058052758,0.1524667592245835
SLC39A12,0.00477149315054,-0.9950636599242516,0.13823477075595286,0.13412536602489597
OPN1MW,-0.112015639075,-0.9941553230700381,0.011475213810280466,0.12421686030300576
ACAA2,-0.017467721375299998,-0.9940659371178857,0.1376754342251953,0.15606928052509755
ADAMTSL4,-0.061157029762699995,-0.9932145555232808,0.0908114125154188,0.15300666047735612
PARP16,-0.165869508903,-0.9924630758958148,-0.03173155058552791,0.13515662353120472
TBR1,-0.137055912803,-0.9921236135675703,0.007373210205028681,0.14557573374216648
UBR3,-0.134473998437,-0.9919664531460584,0.04110207019797109,0.17699799028296279
COPZ2,-0.158094910902,-0.9917289570420402,-0.015872374004991845,0.143408676218556
LMO1,-0.10119573231699999,-0.990594371675947,0.044957424798223296,0.14754087171720207
ZMIZ1,-0.212954174558,-0.989939829791479,-0.036536593252415685,0.17821040834647994
CNKSR3,-0.143564535188,-0.9897403042948583,0.009911699779751329,0.1550671770178094
UBE2D4,-0.237888416034,-0.9895173602373971,-0.09216333047580877,0.14726885188070882
GABBR2,-0.230058599578,-0.9875340114727242,-0.0743417378916073,0.15768253030006513
ZNRF1,-0.111877253715,-0.9872314081588527,0.06778930021970968,0.18199031397287152
GOSR1,-0.118488237491,-0.9868504382596617,0.01046778195675628,0.13067432961287814
CASR,-0.479094648429,-0.98683873899204,-0.28289975925821126,0.19881149920318572
RASA4B,-0.08597268114399999,-0.9867135384852501,0.009307640173826154,0.0965633059662842
CDC34,-0.182372475562,-0.9866288433225048,-0.041248078061187354,0.1430369671999165
ARHGEF15,-0.123764531205,-0.9865969649849526,0.05811674028569396,0.18435214980969253
APOBEC3C,-0.11529766822200001,-0.9862135448759547,0.026941509554087154,0.14422756462341826
TAF4B,-0.281417416957,-0.9858412662571715,-0.13149806341414502,0.1520725076888253
ZNF784,-0.10889779321799999,-0.9851487774609832,0.03077942979708096,0.14178287199936446
FGF17,-0.16477429805,-0.9848469768411403,-0.00041142281601272147,0.16689179039892574
SLC22A12,-0.048779792772199994,-0.9839226727611647,0.10024690020199205,0.15146179379725144
PRSS16,-0.600798536082,-0.9835462486040829,-0.400855960847296,0.20328741583680107
ARL6IP5,-0.0037403520557500003,-0.9833091315357015,0.14504020024013983,0.15130598051451938
CYP2W1,-0.33181265666,-0.9831092018767056,-0.14230346053776047,0.19276515341375716
PAFAH1B3,-0.13522687681,-0.9830540967324587,0.019156721408748797,0.15704486531504155
GPR183,-0.27968334190099997,-0.9827246023534165,-0.0903892365735457,0.19262172217336895
PARP12,-0.22231515995499998,-0.981688689585487,-0.05637285926799532,0.16903760066449675
PTGDR2,-0.35005789678000004,-0.9812928010811148,-0.19374424805765025,0.15929358551304476
PROS1,-0.20064991625599998,-0.9810096144463943,-0.022286789663495225,0.18181588025837958
GH2,-0.197657770548,-0.9801284299024321,-0.01914699645729593,0.18212998281100173
LINC02693,-0.0145855409164,-0.9798037539408503,0.09831042298421844,0.11522303670152488
RIPPLY3,-0.15671938542400002,-0.9797793156069358,-0.011886473466845232,0.14782197342820647
PPP1R15B,-0.468134543722,-0.9791950317982506,-0.266189547449068,0.20623572395181425
B3GNT4,-0.187560262605,-0.9791916018298453,-0.049409122524607156,0.1410869331622387
TAS2R41,-0.16116291211300002,-0.9790642773518463,0.01666470747478861,0.18163017863216627
INS,-0.31454721836599997,-0.9789619292013122,-0.13645065858681396,0.1819238874023287
ARNT2,-0.202857903757,-0.9788420684649849,-0.04075047190363629,0.1656114270891317
LIMS1,-0.293294897991,-0.9786886134079554,-0.1418962754401104,0.1546953959377279
AKAP10,-0.25090224234499997,-0.9785431410394962,-0.07815688007425271,0.17653321046963924
SLC25A10,-0.205489847386,-0.978224027204824,-0.022680390675764987,0.18687892714370807
WNT3,-0.229774749613,-0.9780045931758727,-0.10207420153173725,0.13057254431349954
TAS2R46,-0.0736583862285,-0.9777392965080832,0.05481401555250191,0.13139740034979744
RNASE7,-0.236820414716,-0.9774530459650408,-0.07779798910324726,0.1626906031642161
PLAU,-0.141067244575,-0.9769479352440145,0.0030742235858734986,0.1475426304318571
PRKCZ,-0.22351976325999998,-0.9764880156529919,-0.07037535877654981,0.1568318320640528
RIC8B,-0.125032015446,-0.9764600794442077,0.0642984633705005,0.19389474572710205
DLX6,-0.178941429498,-0.9762010677069469,-0.041437272962554235,0.14085638818080473
ALKBH5,-0.17441044660100002,-0.976004636180655,-0.023830307020099098,0.15428219702947096
GZF1,-0.21759776225299998,-0.975466560141212,-0.06582939491122775,0.15558541270733228
SLC4A3,-0.155734169793,-0.9753745625447391,0.05915278494490053,0.22031224002527128
XRN1,-0.256875301,-0.9751900459187016,-0.08216205880603858,0.17915814760944215
SLC36A1,-0.314714704117,-0.9746848984714259,-0.11741985196617226,0.20241911253600042
CHERP,-0.5865798612349999,-0.9744925804323352,-0.41402685747672124,0.17706959213760795
PIN4,-0.134425316944,-0.974211752474595,-0.020458278053534514,0.11698384730114152
SP140,-0.258631510088,-0.9740807511621358,-0.12102667197800024,0.14126635594208087
SENP1,-0.309723469103,-0.9740072302290442,-0.06317823742615308,0.2531246422255718
PLA2G6,-0.16547790430099998,-0.9738206276984468,0.05776501590603867,0.2292443945602763
DNAJB9,-0.0827502137934,-0.9727719892303685,0.09947160257463651,0.18732222800967535
LIPG,-0.10574990637599999,-0.9725429422564991,0.021176018410938358,0.13050932691202732
NPTN,-0.288049411305,-0.972107236392404,-0.06911812687172748,0.22521310019844148
FCRL1,-0.039709154338699995,-0.9717322734098296,0.10614061360801803,0.1500925429130063
KIR3DL3,-0.0318833027283,-0.9716715124443145,0.13366286463186922,0.17037256443149712
DCPS,-0.533548770035,-0.9716604337664672,-0.27487748055371486,0.2662157277296888
KLF4,-0.35316314010899996,-0.9716319579079074,-0.12181369416385716,0.2381039899544663
CA5A,-0.16158905718,-0.9715400426755902,0.008796108819907302,0.1753763700059876
NUDT18,-0.286935291373,-0.9711810854373187,-0.08439290131606404,0.20855265109053478
GAPVD1,-0.273563489149,-0.9688561066335735,-0.11636105051396732,0.16225571326711727
GREB1,-0.159705015551,-0.9687887016097221,-0.031293356843253094,0.13254867495293904
ABCD3,-0.12224324915,-0.968232460353679,0.051644896115384385,0.17959338525158097
CD9,-0.138243479716,-0.9681240239290549,0.005245207131379295,0.14821312486910695
TRIP4,-0.278561747196,-0.9681017193009406,-0.07150843830599113,0.21387557191771195
PTGS2,-0.139957450131,-0.9674443395076513,0.008287202026413566,0.1532332622183285
IL32,-0.397532192931,-0.9666236975746737,-0.2236912325908257,0.1798434703973774
GUSB,-0.0673104278491,-0.9665879156416414,0.05328072131599315,0.12475962839349405
TGM4,-0.025100756274599997,-0.9664710814309218,0.09897976621079853,0.1283851372993897
EXOSC9,-0.8899221869059999,-0.9660756609160368,-0.6741451968214809,0.22335413137302146
NCEH1,-0.462865317139,-0.9659250499032986,-0.2388156749916425,0.2319534441826389
SEC61G,-0.45563709188999996,-0.9656160206570384,-0.22493865967629556,0.23891321941482416
ANKHD1-EIF4EBP3,-0.20214675819000003,-0.9654073991370243,-0.07012908032630337,0.1367481521083296
RGS5,-0.11938016649199999,-0.965286008466228,0.0020453045456163468,0.12579222113718702
DUS1L,-0.199639586146,-0.9650102719822503,-9.353550249076165e-05,0.2067812710776819
RAD52,-0.473946014745,-0.9649294815984295,-0.24581179217289226,0.23642579786680137
ATP6V0E2,-0.00580415602219,-0.9641425605540477,0.1252558385457947,0.13593424865786513
DNM1,-0.07130778227489999,-0.9635919246311211,0.06529408961009736,0.1417631970476411
AGPS,-0.23547643154,-0.9633901728717351,-0.030175246893345723,0.21310284288522413
SHBG,-0.14299736699899998,-0.963313684519198,0.04421431761375418,0.19434135279225676
PRL,-0.248437430973,-0.962764369876435,-0.10469030876580752,0.14930664937843677
TRIM15,-0.136012767619,-0.9617379870267949,0.04569186338501792,0.18893361129028113
SPTLC1,-0.253485705327,-0.9608853160955714,-0.09591845401431821,0.16398132916936975
BAIAP2,-0.152155715837,-0.9608589183288191,0.005757410052410143,0.16434579819903394
TRMT5,-0.12409352566,-0.960400840128021,0.022312087024762645,0.15244219555789523
LAMP1,-0.191934439307,-0.9603517730284755,-0.017720598569126857,0.18140627802298803
PRKCG,-0.206525086946,-0.9603463106491921,-0.041834310878139665,0.171491028019392
PLEK2,-0.15263483389799998,-0.9590125729934078,0.01142540600874828,0.1710720427727656
GTF2IRD2,-0.10666373749,-0.9589240828830234,0.04242884172805322,0.1554790226665322
SPRY2,-0.178882829837,-0.9587916730368783,-0.01419454974559088,0.17176648976286496
PCMT1,-0.145443938313,-0.9584136403591212,-0.0060195846610039405,0.14547409154126106
KLHL4,-0.245505881374,-0.958069591871966,-0.06834994156733011,0.1849092605689802
PLPPR4,-0.144189083198,-0.9560992625088065,-0.020662254616734675,0.1291987489427935
MTHFD1L,-0.179160542667,-0.9560382429965063,-0.050648213899119277,0.13442174485100628
RNF216,-0.0863107593534,-0.9553805315219204,0.0819833072526725,0.17615396279635318
AGXT2,-0.164113144873,-0.9552631618527921,-0.04558045370518676,0.12408380842187165
PRKCH,-0.23166817206300003,-0.9548008046245202,-0.06547699421598714,0.17405848114295244
ADGRA1,-0.216550400911,-0.954712783248842,-0.07069327894987906,0.15277591807745164
ZNF662,-0.275494682963,-0.9540244050680452,-0.09375513529737585,0.19049779722633164
MMP11,-0.0636688602113,-0.9537267821605918,0.07204727489400102,0.14230085349794513
NEFL,-0.138000374768,-0.952961791990405,0.02154226876218408,0.1674176707514738
SP2,-0.12279930087400001,-0.9525932546097812,0.03548222883986919,0.16615856657383893
SMPD3,-0.0552325231282,-0.9524500120638469,0.07178142769592466,0.1333549784401812
SLC5A8,-0.14408424111999998,-0.9518921498516879,-0.029022320092342287,0.1208770563404533
SCRT1,-0.177926144508,-0.9517668332007523,-0.02409810409962151,0.16162366142877788
FXYD2,-0.25295592603399997,-0.9515166984514515,-0.09411142394972757,0.16693821804996625
EGF,-0.0601054835974,-0.9511061854589622,0.07020813673212326,0.13701269355812212
MN1,-0.116680759846,-0.9510380718953861,0.030049813027713566,0.1542846466506694
NONO,-0.321610817374,-0.9509967758128393,-0.12510911901123178,0.20662709207905947
SLC39A1,-0.17090836194000003,-0.9507655879805916,-0.01785864426266906,0.16097523891499452
IL1R1,-0.25361348463399996,-0.9498844463911047,-0.09406784777385221,0.1679632059102656
OR12D2,-0.255754839768,-0.949800471839195,-0.13082886556532014,0.131528650391985
PFKFB1,-0.229071263884,-0.9497219642382044,-0.09747597901003816,0.138561905304062
SDE2,-0.0540443764198,-0.9493958098111089,0.17375404968584734,0.23994041658027745
SMG1,-1.02649056145,-0.9492207045055004,-0.7775513723226761,0.26225638352147984
HMGCLL1,-0.315200899558,-0.9489379226935539,-0.1414901153081479,0.18305811170110603
SNAPC5,-0.09284802740739999,-0.9484100962143571,0.061718568404507755,0.16297443102817097
PCDH17,-0.263153471071,-0.9483950606827727,-0.10979715710027842,0.16170087796568303
MAP3K2,-0.247317735374,-0.9469667050723954,-0.0678567015695769,0.18951145044820064
GNAZ,-0.09495095330900001,-0.9467004252158439,0.055976473868664056,0.15942469566679787
OXCT1,-0.17057294166200002,-0.9464035343631374,-0.02466746449198378,0.15416835617398691
HCFC1,-0.998857715507,-0.9461653058899406,-0.7005319197692809,0.3152998676664866
TPI1,-0.240457656758,-0.9457465923313882,-0.09855419665297008,0.1500438502825788
ATP11B,-0.102652710892,-0.9456908579817385,0.050753280513765466,0.16221579188484422
CXCR5,-0.223280153001,-0.9452043048210501,-0.07441987602629827,0.1574900539655123
PTPRQ,-0.16651291089700002,-0.9447785004129341,-0.04293130605640505,0.13080484450755514
POU2F2,-0.28454594239799996,-0.9444937562564911,-0.11435875289010772,0.18018879254684603
RHAG,-0.0755390526668,-0.9439941887766019,0.07872160812921881,0.16341272290662892
MYEF2,-0.128247074211,-0.9437710854960714,0.015731641466314575,0.15255682007002314
ZNF146,-0.178964108204,-0.9436823641520876,0.003228089033215953,0.19306517124638467
TRAF3,-0.15060707582900001,-0.9436014628447604,-2.0609732625737103e-06,0.15960659323449428
TAOK1,-0.0595655841426,-0.9434778537059203,0.12126274141333046,0.19166144159679893
CD63,-0.24813154578000002,-0.9427285837864217,-0.07964236205943132,0.17872501865154064
TMED7,-0.07337081178989999,-0.941954029084545,0.09578000466575533,0.17957438604519543
TAB2,-0.153431590971,-0.9410410777948894,-0.028763353132152857,0.1324790604582088
RRAGB,-0.265553275825,-0.9398140390117546,-0.11173266013370318,0.16367133209995907
PAK4,-0.18757864728100002,-0.939744227941645,-0.02600743097942618,0.17193105474610787
TIGAR,-0.124353092202,-0.939311689932482,-0.005698333298389841,0.1263209647823494
HTR1D,-0.150779877285,-0.9392645471356602,-0.007460274334463888,0.15258704630936754
E2F2,-0.20214423654199998,-0.9391325183188486,-0.0589334565530022,0.1524926218563499
NPTX1,-0.336618435673,-0.9390271139269112,-0.13821846098930465,0.21128247708844936
ARHGAP39,-0.20157915495,-0.9387459413413543,-0.06613054022516913,0.14428676467169724
TGIF2,-0.202416554641,-0.9386434720748251,-0.06397344684225226,0.14749275088732688
PPARGC1A,-0.31595021842099996,-0.938479144493035,-0.14706495475857603,0.17995633110595705
PAQR7,-0.252963970214,-0.9383388431903916,-0.09277547367319727,0.17071497967211408
TRAF6,-0.00292860964375,-0.9381599254049406,0.15024960673189863,0.1632751647428682
HLA-DRB3,-0.53049266607,-0.9377493250884041,-0.34250317293664634,0.20046881197769073
SAE1,-0.421537870111,-0.9374726907469977,-0.22684068004970062,0.2076830525123464
HIPK2,-0.21810536397100003,-0.9374475735715704,-0.06443834628864409,0.16392065222047755
CELA3A,-0.192013831289,-0.9368401242527049,-0.053834538999509324,0.14749506208405944
MYD88,-0.256121992345,-0.9367208321448891,-0.0838158670611746,0.18394608016700284
LRP6,-0.262649478704,-0.9362970150563971,-0.07233000855776431,0.2032682653962877
PAPOLG,0.0133880714445,-0.9356017801561501,0.14559304272873624,0.1413047453395947
REPS2,-0.0950078534348,-0.9350657771073287,0.030169623085119446,0.13387023628130423
LETM2,-0.29689360159600003,-0.9349358455822758,-0.0918429116885711,0.21932059924360248
HSD17B11,-0.118396605076,-0.9348367489928711,0.010517134325363905,0.13789973440843734
H2BC9,-0.269812047594,-0.9345077922790396,-0.11605140355021086,0.16453650286725158
RBCK1,-0.271654952137,-0.9341351711927842,-0.15163664556841136,0.12848066347329473
OR8U3,-0.104781978844,-0.9339749791237899,0.02625126552999156,0.1402963112533492
AK8,-0.252756856167,-0.9337268680625609,-0.11134586688740002,0.15144791706917582
MAPT,0.0689501114544,-0.933604549449565,0.23138363361106223,0.17398535841800458
SYTL1,-0.183968845632,-0.9334436543894722,-0.03176600527842273,0.16305519849843214
CCND3,-0.227158485867,-0.9325854179812036,-0.013552243791210923,0.22904737513287424
MNAT1,-0.231087927714,-0.9318947145701407,-0.0683113575650036,0.17467270454911965
C5AR2,-0.18148949842599998,-0.9316864632533307,0.009920006587182806,0.2054441194141698
SLC15A1,-0.0942568501401,-0.9312202460822772,0.07346485944191873,0.18010960381031044
ZNF441,-0.155789589944,-0.9311609298297094,-0.0055247359563880645,0.16137366718671536
TIRAP,-0.54712472509,-0.9311588567850146,-0.3195199666480876,0.2444317172987612
PASD1,-0.315456910699,-0.9309552396594367,-0.09550920272542553,0.23626023959437195
NKX6-2,-0.134882375881,-0.9305140252899756,0.018976013751737544,0.16534773840167613
ACIN1,-0.36248313295100004,-0.9294947725345222,-0.18115553519216276,0.1950818908474309
MGAT1,-0.277403173511,-0.92944182474061,-0.08828134949620425,0.203478925717138
SLC25A6,-0.211851905869,-0.9292850045844309,-0.05163522721789345,0.1724085483578358
TNFRSF13C,-0.18889383258,-0.9281310900333255,-0.03940689373691837,0.16106231161560824
ENPEP,-0.222651634585,-0.9274615355210396,-0.006743236757722621,0.23279498885738908
HSD17B10,-0.5737335967530001,-0.9274582075165559,-0.36502289060412946,0.22503516002918647
RRH,-0.09292168739180001,-0.927415161406536,0.030118700097038313,0.13267023508892486
DBP,-0.205589277797,-0.9272787483698104,-0.06658294745641587,0.14990781421979343
MMAA,-0.250749307115,-0.9267046584738671,-0.05546164299023781,0.2107334438637326
ZBED1,-0.318430481024,-0.9262882332600652,-0.13006973216319406,0.20335003954208894
ALDH1L1,-0.1305531439,-0.9261433058284403,0.04553715580362639,0.19013288612620555
LBX1,-0.20089978722500001,-0.925952099662084,-0.05034535588265621,0.1625941896965156
MAP3K14,-0.122283250319,-0.925629278538264,-0.004083116891760184,0.12769705557920466
ATM,-0.10491133422900001,-0.9255998873910993,0.04862780629848707,0.16588068194374278
AMBP,-0.20366200893800002,-0.924932697596631,-0.06680558487470512,0.14796365661945585
UGT2A2,-0.022788717670200003,-0.9242726915906695,0.13226764167908747,0.16776040313647708
CTSD,-0.11192132527200001,-0.9234742540304254,0.023604548921297628,0.14675652688941399
FGF21,-0.323924261184,-0.9227094584817822,-0.16330877563675808,0.17406940404785398
CHRNA10,-0.38568566340899996,-0.9226368595313529,-0.2374551906759237,0.16065960426550585
SERPIND1,-0.181426076521,-0.9224636728058921,-0.03093060078543225,0.1631451515893304
TRAF1,-0.305032811993,-0.9223945404663604,-0.14776928146880447,0.17049486269149366
CENPU,-0.125646064504,-0.9223632760197452,0.03685949130885579,0.17618389634300338
OR56A1,-0.05700010074109999,-0.9222362472596356,0.08875146914278616,0.15804146748403933
MRRF,-0.132732888642,-0.921753368422307,-0.0015629051242881113,0.14230485942484297
CBFA2T3,-0.181294141928,-0.9208170349107794,-0.053643262338171696,0.13862784326334357
SLC35E4,-0.198339732119,-0.9207078210341967,-0.01608443733929565,0.19795128336694673
ASIC2,-0.329313549756,-0.9198066740728446,-0.12354081459833267,0.2237130268326049
SOX14,-0.130972521418,-0.9196181831552989,0.014656284521692087,0.158357901797924
CLEC1A,-0.173560821292,-0.9195984983668231,-0.016818634037805487,0.17044632797091724
CPVL,-0.276127911962,-0.9195299071375327,-0.10964674675956254,0.18105029962612962
GHRH,-0.152899693794,-0.9194572930984027,-0.0017611696744527713,0.1643779708465176
CX3CR1,-0.09436654074039999,-0.9194368982875076,0.02681675005024588,0.13180163969529085
USP51,-0.426449871228,-0.9192252888832946,-0.23131711046778491,0.21227958273131153
ZNF165,-0.239608406213,-0.9180416914262481,-0.11932294714282272,0.13102396132282904
ASAH2,-0.074081433987,-0.9177865843155318,0.07708092326869216,0.1647031672057249
ETV6,-0.19137450764000002,-0.9174822996841105,-0.05623879854130884,0.14728971789997305
DDI1,-0.21086363716200002,-0.9174054399453357,-0.05688837949625098,0.16783774213822383
AHCY,-0.396555793087,-0.9172656099056316,-0.19066614212061922,0.22446023130373627
SLC35B2,-0.14567365477299998,-0.9169138533672806,-0.014756506734361654,0.1427802050954485
LSS,-0.08920309576580002,-0.9166620535898368,0.04940003701498228,0.1512041785061179
SNRNP40,-0.57233116903,-0.916658018298274,-0.3765349376451644,0.21359790399076065
HLA-DRB4,-0.26218811496100003,-0.9158804965611934,-0.11245823996634717,0.16348189043967576
ACTN3,-0.0015879648771,-0.9157558954275434,0.11648507738787002,0.12893506102938565
IGFBP2,-0.355401197228,-0.9155410633680615,-0.21997292607892757,0.14792156962448358
LY75,-0.181525558258,-0.9147682286195076,-0.024916430203282602,0.17120088253508645
CCL1,-0.141524495976,-0.9142589545576112,-0.016121268669825634,0.13716379443814591
SLCO1A2,-0.136620315303,-0.9129585521442983,-0.021053233293137075,0.12658524501295967
KLK1,-0.30101008295299997,-0.9128592290554004,-0.11738607111130037,0.20115260491117373
REPIN1,-0.15678115685,-0.9126451531025235,-0.006083047702950325,0.16512234643963616
CARS1,-0.627251367699,-0.9123088968385159,-0.4102819891005069,0.23782446860966874
CD52,-0.159761369149,-0.9120419261283049,-0.03655242997040633,0.13509131066115132
GSC,-0.218101901821,-0.9118989916398323,-0.08676140624294111,0.14402965326441955
UTY,-0.27948724321199997,-0.9117402508372104,-0.10202983208345275,0.19463592943889008
HYAL2,-0.239164077551,-0.911603181494725,-0.06050336844481884,0.19598517505526605
COX7A2L,0.08534305332219999,-0.9114562802813443,0.201357566795577,0.12728478149008549
C1GALT1,-0.329678226964,-0.9114227605070666,-0.15475607180573372,0.19192208351363643
CHST10,-0.0758495267458,-0.9108215973278901,0.08214283278463108,0.1734613671809484
PKN2,-0.253884598549,-0.9098761541365492,-0.08009944564708653,0.19099868934012387
DUSP2,-0.197727429759,-0.9095783363176849,-0.025204046288455757,0.18967402430557412
PAOX,-0.181204173166,-0.9094200367445054,0.006894638044457662,0.20683381013222887
UFM1,-0.269275718204,-0.9091668179918612,-0.09221698944890756,0.19474834018488943
ELAC1,-0.11559209914799999,-0.9088080930851344,0.048842361730070775,0.18093419516089965
ANAPC11,-0.0935792974846,-0.9085232440642703,0.059331117895970564,0.16830655283680718
MGRN1,-0.221452177867,-0.90827860895977,-0.05004749709453454,0.18871377029210365
RNF149,-0.055221617545400004,-0.908207560298952,0.0852752389513713,0.15469685855788776
PLK4,-0.310857327129,-0.9069289941467857,-0.11860196222998043,0.21198502434017805
UGT2B11,-0.0711912114673,-0.9065289264544482,0.08416243206657409,0.1713719650860809
H2AJ,-0.114662617016,-0.9060422032704629,0.035348939709635555,0.1655679571924483
AGBL5,-0.0943562988483,-0.9055887697865863,0.03239425785234439,0.13996480624479785
CNTRL,-0.09352624185360002,-0.9044842787424523,0.024655922906343483,0.13066248638866096
NMT2,-0.053762593153800005,-0.9032894814149288,0.07447513400028481,0.14196747531390597
POLR2F,-1.03695203075,-0.9032429460664819,-0.8515998781888321,0.20520741774774437
MYH9,-0.35513173878,-0.9031120329830514,-0.11086688221460192,0.2704701605608904
PPFIA2,-0.21121364916700003,-0.9027841105986821,-0.06410464232961573,0.16295037219898437
HAGH,-0.244626378801,-0.9027826112534565,-0.07954534590308075,0.18285801126443352
FOXJ3,-0.272764203541,-0.9022813890482004,-0.12367775493198656,0.1652327648764671
CD1A,-0.137361306085,-0.9020968066746087,-0.01808640831293183,0.1322196208761121
ZSCAN32,-0.10959706568399999,-0.9020297501621403,0.00043047626274163086,0.12197773069786681
FLCN,-0.167663619023,-0.9020174161557737,0.010250431544595819,0.19724015011354393
EBPL,-0.0421195990601,-0.9015621043477833,0.06056797839632709,0.1138996159679031
PEA15,-0.220387769238,-0.9015317728828957,-0.05589775307771987,0.1824561497530787
ZNF670-ZNF695,-0.09421227820460001,-0.9012325028149082,0.10020139310575105,0.2157197734248595
LHB,-0.0246786754236,-0.9007869411443137,0.11582074750275802,0.1559740894421435
SLC22A3,-0.0836945742749,-0.9005273753253451,0.06814526647399803,0.16861213207876208
FUBP3,-0.29482970045400003,-0.9003656487258432,-0.0722874885722065,0.24716870551061693
ZSCAN18,-0.0220334004028,-0.900315468411063,0.14458095472754964,0.18506219317146888
E2F5,-0.401017755258,-0.900237115645042,-0.2112906183251179,0.21075240471166082
SELENBP1,-0.21274216801800003,-0.8995355801937194,-0.04747130425546652,0.18372910132908984
MSX2,-0.132812666956,-0.8995231295703728,-0.0035930059519760386,0.1436535167981077
BUD13,-0.374165799591,-0.8988320718943426,-0.1693362828892839,0.2278840765773139
PLA2G4D,-0.005875682811680001,-0.8986122222369854,0.11413527015951523,0.13355143631637084
BOK,-0.07708858593069999,-0.8983570906746697,0.05134472865524384,0.142964658396017
GK3,-0.0234686698881,-0.8976535913832172,0.1726864158914139,0.21851980280862415
SPRED1,-0.10225315965399999,-0.8975956182660434,0.015748840254219278,0.1314645453998239
ZNF549,-0.044779802011299996,-0.8975941265530549,0.08260871202994818,0.14192217871394294
GALNT2,-0.179810402106,-0.8975048689671862,-0.014146302927198953,0.18458295314814377
PKN1,-0.16303769544900001,-0.8973850794957959,-0.03161456141460587,0.14645121368435884
B3GALT2,-0.035446211887800005,-0.8972620204395994,0.09294381105867022,0.1430908920936691
GPX6,-0.160087376334,-0.8972547146561027,-0.020199223616505505,0.1559068461079198
ITGA8,-0.21211319082600003,-0.8967021025500654,-0.06737019628267546,0.16141703485661577
CD83,-0.122960594344,-0.8963240841734181,0.025194677622334995,0.16529207970905124
LEPR,-0.158868251583,-0.8962232974922387,-0.007554053564974266,0.16883537667613033
COL11A1,-0.21246262380800002,-0.8954514437505983,-0.07005699316328619,0.1590322196011521
CLPP,-0.492239140327,-0.8949938144961902,-0.28329647820669523,0.23345710186603105
INPP1,-0.109511494175,-0.8946038518792764,0.036859106325917185,0.16361499024785037
AQP10,0.020080162662799998,-0.8944003112436754,0.13886806574728297,0.13281290445807967
H2BC17,-0.341404839476,-0.8943343263868128,-0.1048824506497704,0.2644675283591096
GIMAP1-GIMAP5,-0.0929073852617,-0.8941436528597637,0.0684249565668594,0.18043223962119043
SLC2A4RG,-0.178519074582,-0.8938206813695467,-0.030548541616024116,0.16554834325297743
RDH13,-0.140681022765,-0.893744414267836,-0.01807636118072691,0.1371808982825498
GIMAP5,-0.187613868625,-0.8927924340508394,0.008423072471478995,0.21957728764233214
RIDA,-0.181927506302,-0.8924018435829442,-0.0652056567047919,0.13079516860764911
LUC7L3,-0.401045126491,-0.8918308616439206,-0.21160219843849573,0.2124202426716903
SLC2A5,-0.328764727755,-0.8901860129586164,-0.14867474794526378,0.2023060092925863
GABARAP,-0.23651844968400002,-0.8897061159677365,-0.05932704132829215,0.19915723313082562
COX7C,-0.341957794724,-0.8886155127117971,-0.20034478876275788,0.15936364370804226
IDH3B,-0.19728721951699998,-0.8884635209278438,-0.07759775820447556,0.13471511040490425
ARHGEF25,-0.105373905875,-0.8880274083342395,0.012387476536355238,0.13261007634015695
SLC1A6,-0.0340937666971,-0.8878048502776759,0.13509071758766092,0.1905649470509714
PSMD1,-1.5814513248500002,-0.8876085253656464,-1.3972256959383136,0.20755279342973373
SELE,-0.118445428227,-0.8874848846869614,0.023621673381481873,0.16007833379448774
PIK3C2G,-0.20038213844799999,-0.8873875646747985,-0.07247039688038953,0.14414416728330687
FGF1,-0.170493214162,-0.8867933298147906,-0.0030709192442013845,0.18879516713636676
QPCT,-0.17391092815900003,-0.8862675345623136,-0.01678180679706638,0.17729310308036098
KCNJ16,-0.273167402731,-0.8860794023638514,-0.10344856343747268,0.19153908649806933
SUSD1,-0.14874988306,-0.8853848329326109,-0.023703922075301018,0.14123345728717332
RAB29,-0.162120097785,-0.8852942249351001,-0.0278789104301003,0.1516345454131261
TNPO1,-0.335991133456,-0.8851485511199024,-0.18496448561950404,0.170622939669748
EPB41,-0.124302975691,-0.8848463565613138,0.03422563038539481,0.1791594720381378
KCNQ3,-0.019528090688599998,-0.8847722178453158,0.10983121464800344,0.14620633732333044
CREB5,-0.042450992660099995,-0.8847372325822728,0.09098061795468194,0.15081496030786062
OCM2,-0.121864903888,-0.8845172923797398,0.05641833501959492,0.20155992476747941
SLC9A1,-0.145653744399,-0.8840005076139006,-0.015856693710376134,0.14682915854762668
CFD,-0.11466312204199999,-0.8831020781683914,0.02394991563274037,0.15696151226620644
RNF145,-0.115867309628,-0.8823581136542823,0.04177273512548741,0.17865767007074015
SFTPA2,-0.170753167492,-0.8823087356892264,-0.04310782196933459,0.14467197292674847
ZAN,-0.37282191536200004,-0.881621434298326,-0.19479331713142406,0.20193315555249317
RNF19A,-0.232701822482,-0.8808707866242887,-0.08453557706462066,0.16820429019469296
PGLYRP2,-0.28277855388,-0.8807246010425407,-0.1229023316319342,0.18152805321756132
KEL,-0.053462704791199994,-0.8798556513114028,0.05821563881841949,0.1269280289819878
ADGRF5,-0.155908142809,-0.879826003565594,-0.01972521413482265,0.15478393241650132
USP21,-0.00340466026665,-0.8793430455973178,0.1379717919840788,0.1607750842615637
RASSF1,-0.34874610416699997,-0.8792778832771273,-0.2074019724782828,0.16075024105225777
RALY,-0.641148935083,-0.8791421446173294,-0.43982770580281044,0.2289973589740941
IL9R,-0.107814015187,-0.8789337900318482,0.031372448383102484,0.15835830314938631
TMOD1,-0.2760392106,-0.8783816639515689,-0.14310960672955117,0.15133467526227654
ALMS1,-0.12339457416300001,-0.8781410113555086,0.05936123650768423,0.2081167014265514
E2F6,-0.0384022750518,-0.8780219713650124,0.07067935643149109,0.12423565131713947
RPS19,-1.06973438257,-0.8774157362298832,-0.8982199843335056,0.19547677475385244
PPP1R11,-0.340430340647,-0.8755826531044021,-0.19787388041473455,0.16281325323980284
LTN1,-0.441172194563,-0.8754991475736181,-0.3018520910500119,0.15913219778580437
NECTIN2,-0.27209368212499996,-0.874151791067793,-0.10561999801165013,0.19044024826626402
ELF1,-0.148615537317,-0.8738777532663117,-0.027409100379138834,0.1386995337560949
SLC35E1,-0.164007939186,-0.8733024780558045,-0.04868824595543181,0.1320501156567189
PJA2,-0.5168798501899999,-0.8707984919876747,-0.3496503352179225,0.19204157622087892
MARCHF1,0.015065793484700002,-0.8706594457883756,0.1282638212263575,0.13001412698067902
PRPF18,-1.3788892992,-0.8701030519444533,-1.106226415968852,0.31336849425113217
SUPT6H,-1.20803610828,-0.8700724798392768,-0.937465595324532,0.31097468225342423
ADARB2,-0.08389952912389999,-0.870041842275781,0.03170712695634533,0.13287482332786585
ZNF599,-0.061520515865,-0.8698429064103467,0.06349554478488871,0.14372257304000205
FKBP5,-0.124692666165,-0.869174467679704,0.023512781090980046,0.17051288638473286
GSK3A,-0.17418339793600002,-0.86917006920679,-0.046486351030527416,0.14691836664602329
PIPSL,-0.26048000018,-0.8691560324333617,-0.11032528499134597,0.17275921651060555
DBNL,-0.129365773631,-0.8689373473047511,0.03471822526118267,0.18883294566764158
TRIM46,-0.195449428036,-0.8688913296239152,-0.06729243474130621,0.14749484650763442
MPPED1,-0.659207927733,-0.8685340459570722,-0.408557519816502,0.28859019296163146
TXNDC9,-0.107930908494,-0.8681744021328851,0.08744842366776556,0.22504617929504478
VPS16,-0.299133072603,-0.8680684540765523,-0.14699379518107883,0.1752618433574646
HDAC10,-0.252596351537,-0.8680353337039097,-0.0892659312635343,0.18816102747400182
P2RX6,-0.304689174515,-0.8676482256619812,-0.15184659825007596,0.17615730862390827
CORO1C,-0.19362714953,-0.8674368180929223,-0.016667686433404747,0.20400271167373812
RNF157,-0.127983520795,-0.8673973142127386,0.003972211329907137,0.1521283614356956
EIF4E,-0.985042712033,-0.8662562273947743,-0.7492630847747552,0.27218231719654257
RTF1,-1.3865025334299999,-0.8659345263225249,-1.1431369266849143,0.2810438888245021
DSG3,-0.07126032093330001,-0.8647822215838972,0.0588274471278462,0.15042835619687364
ASS1,-0.24525813372699998,-0.8646544247750727,-0.04472545877255924,0.23192233707311033
DVL3,-0.162898551083,-0.8637320657600794,0.014806403498081745,0.20574083286430075
KCNIP4,-0.0512175204636,-0.8635898054183433,0.08589153800036584,0.15876641618939327
MATN3,-0.0491321081235,-0.8633823777039055,0.09500184306222142,0.1669410389971519
NINL,-0.0727114987295,-0.8633549390623669,0.04236712995436972,0.13329237313317402
NT5M,-0.08319218014179999,-0.863306136486255,0.0903640056795696,0.2010366641522568
ZNF185,0.026861443003199998,-0.8630623851512053,0.13133933626166266,0.12105485658508745
MANF,-0.25079478050799997,-0.8628164478222514,-0.10437141103943169,0.16970396176167113
PAFAH2,-0.13721699951400002,-0.862728600925739,-0.026767603341764652,0.12802333903584415
TSC22D2,-0.150703422175,-0.8617654546765896,-0.017281979846522067,0.1548233821678886
FYN,-0.356996978194,-0.8615968276042675,-0.21793519171062326,0.1614000679065267
PLK3,-0.111453358568,-0.8606429276031583,-0.0011275694677703165,0.1281899677110933
CARD11,-0.236646485674,-0.8605814174901291,-0.077850246486132,0.18452204051883261
CAPS2,-0.209729270733,-0.8600339630297692,-0.0848425851359863,0.14521134160453017
PGR,-0.40899857711099996,-0.8595548681587494,-0.2298499944325083,0.20842018271881288
RXFP2,-0.214435734317,-0.8594965620297245,-0.08521853678332704,0.1503405635835506
CD22,-0.21309832009799998,-0.859087899767255,-0.056329839942010164,0.18248246797383796
CSNK2A2,-0.258517593488,-0.8590191743578298,-0.10487823738325516,0.17885439660831765
SLC8B1,-0.24342727243099999,-0.858973823243597,-0.09586235749921139,0.17179209766202683
NPC2,-0.230977251878,-0.8585813809019718,-0.08004871550194502,0.17578827090042287
BCL3,-0.19875740464299999,-0.8582311406909925,-0.0751366641401648,0.14404131316337895
CD80,-0.183452533014,-0.8579742260459611,-0.05080167123592321,0.1546093784068646
GPATCH1,-0.143150119168,-0.857140959100062,-0.021251710723183163,0.14221512477107806
CASQ1,-0.0843900832769,-0.8568125076012598,0.05075355305323068,0.1577283654605837
BCL2L2-PABPN1,-0.08402207425730002,-0.8566070925248066,0.07363282555263183,0.18404575584968824
GTF2E1,-0.259002446161,-0.8557398551065557,-0.12941883673030896,0.15142874164082895
PRRX2,-0.157807874495,-0.8550555918266354,0.007941194556416283,0.19384595649194036
AQR,-1.07567616339,-0.8548499593729961,-0.9111272444838323,0.1924886549995965
CDK5R2,-0.0714578994472,-0.8540787010017332,0.11230330114180384,0.2151572218970848
PDCL3P4,-0.124829720713,-0.8522138971250474,0.03260089281945962,0.18473133806378125
MED9,-0.504426384749,-0.8520959453331588,-0.3016321958524578,0.2379945474535174
CXCL5,-0.0707507380593,-0.8517691278118056,0.03112402924785659,0.11960373296091727
PARP10,-0.177997239758,-0.8517477521535691,-0.024488622750530122,0.18022779234736677
HOXA4,-0.101272518644,-0.8517239014309581,0.018030990856374888,0.14007298527132597
NXT2,-0.16183788296499999,-0.8515933672604086,-0.05162990642675749,0.12941385028958546
MOCS2,-0.43462799273999997,-0.8513327561611507,-0.24890338616365293,0.21815747747545944
DYRK1B,-0.139634143623,-0.8507850619495336,-0.009462825593305847,0.15300141463628045
ARPC3,-0.15103052284600002,-0.8504620245887895,-0.014439064456674712,0.16060853329150027
TRIM38,0.0127956886751,-0.8503940456284221,0.1390097500864232,0.14841832684523776
FHL2,-0.22269657356400002,-0.8497260011080662,-0.08417435213680792,0.16301986904785226
IRF5,-0.0798025907745,-0.849559011393828,0.051526669455452895,0.15458521240859738
ABCB9,-0.361325708068,-0.849263137825158,-0.2070540834145167,0.18165350382279746
KCTD1,-0.176614635301,-0.8490510784777453,-0.05812870744538435,0.1395510009457238
OTOF,-0.08595542665139999,-0.8488458956775721,0.06715164632810904,0.18037087033011426
QDPR,-0.0474925119321,-0.8482721661594173,0.04973606937424436,0.11461955865715866
MBD3L2B,-0.243985612709,-0.8473515963332967,-0.14162804368249401,0.1207970451338416
POLR2L,-1.08049080587,-0.8465086964171689,-0.8492220675409169,0.27320302710169836
RERE,-0.34219473418799995,-0.8464587950518649,-0.20926665647474266,0.15704022273773222
SRRT,-1.1138333708100001,-0.8459529168219412,-0.9065951914021826,0.24497602087166473
VRK2,-0.18132963417999998,-0.8451817459088391,-0.03241096107028513,0.17619721891837586
GPX7,-0.14636051063799999,-0.8449768535057537,-0.004665462825667067,0.16769104055862527
MAP3K7CL,-0.08775819189009999,-0.8449333481772802,0.08296318900549894,0.20205307467610917
CD19,-0.09240449455589998,-0.8446210155349638,0.03595368501318193,0.1519713305828446
PRIM2,-0.439270843193,-0.844212980716394,-0.27020480999204927,0.20026466906192603
PDE4C,-0.297105192117,-0.8435872910438863,-0.1342240355467694,0.1930815676095302
CDC42EP5,-0.130987104849,-0.843270046121609,0.00045685841608020077,0.15587410446940564
KCTD8,-0.07906898666130001,-0.8424902252499084,0.021886049667553992,0.11982932656448049
DHX16,-0.538680374366,-0.8421123886057079,-0.3497383054900911,0.22436680831728623
XYLB,-0.12685035694,-0.8418319718821324,-0.007000641730597987,0.14236773989641552
PKDREJ,-0.07460565257460001,-0.8415650744866736,0.053056917751776386,0.15169661170200804
POP5,-0.40862652721000003,-0.8415034787281229,-0.26697518893066885,0.1683312569229397
UCP2,-0.21861194208700002,-0.8412762516728586,-0.04378681692600037,0.20780941434322422
HMGA1,-0.128095983582,-0.841029954385455,-0.012880504370156188,0.13699331232028752
MAP3K8,-0.221170194062,-0.8406072107666811,-0.0824842954257131,0.16498299902733113
CPA4,-0.202683700658,-0.8405792521546805,-0.06356401366964849,0.165504545385509
SARS1,-0.69016355862,-0.8395401741812579,-0.523017533388098,0.19909234885025878
CLPS,-0.11624650454000002,-0.8393002261666086,0.006422015909475189,0.14615570998919808
HPD,-0.326264945094,-0.8392943024151565,-0.15008566482758548,0.20991359021435074
TNFRSF12A,-0.22668674516600001,-0.8391935811171974,-0.08023826960943711,0.17451095772396127
HSP90AA1,-0.34713773456200003,-0.8391521539610843,-0.1872305425735648,0.19055804270252868
ZC3H18,-1.0849775166700002,-0.8389310021444384,-0.8082129863939513,0.3299014216527886
TXNDC15,-0.13741675912999998,-0.8388307085116102,0.0008770954635444619,0.16486503556710255
SLC7A8,-0.18961356136100002,-0.8388032368461363,-0.05655260077088938,0.1586319112100879
CHST8,-0.0634216924033,-0.8384921351930168,0.07064373481353514,0.15988871164065713
GPAT4,-0.0775200300175,-0.8384493248488428,0.04970604478947314,0.1517397307582181
PKNOX2,-0.120715108553,-0.8381214666703473,-0.02323169936813301,0.11631179138287061
ATP6V0D2,-0.019195315191299998,-0.8380384061732338,0.09212372842940357,0.13283286637067612
CCL24,-0.16742977691400002,-0.8380226056701696,-0.038479128770803055,0.15387490417406421
ARHGAP19,-0.306463657806,-0.8378801063590304,-0.1507397183642784,0.18585468047261894
DOP1B,-0.21736111170400002,-0.8374366288075903,-0.053871365309013194,0.1952264097019218
P4HTM,-0.06993879542260001,-0.8372238963587878,0.06576914917001198,0.16209277492296406
CKM,-0.17130510723499998,-0.836655655409663,-0.024825603036669527,0.1750774087896504
CHRNG,-0.178629438635,-0.8364225465003771,-0.029948512407789257,0.1777581520838926
RTEL1,-0.135914359477,-0.8356383744784639,-0.03486093222743214,0.12092961541245283
NFIA,-0.227387734879,-0.8349232972508859,-0.08264172285726906,0.17336444257613792
PDE6D,-0.242973930763,-0.8339580959686426,-0.0991855419617129,0.17241680307003535
ERVFRD-1,-0.449770214275,-0.8339127667577307,-0.23107458786635815,0.26225240232133007
PRKAB2,-0.278722828806,-0.8335365448432354,-0.11682287498501759,0.19423258023009804
LRRK2,-0.226998370095,-0.8327307183933976,-0.09313515350164313,0.16075210585676675
H6PD,-0.0272715876102,-0.8326230395333857,0.0795426193460152,0.1282863935834342
GALM,0.041116442274,-0.832467594656064,0.14580389595415988,0.1257555901901644
OR4D1,-0.23613056543000002,-0.8320000177491504,-0.12241276472403353,0.13668004600962955
OR2T27,-0.082148647817,-0.8315137694686218,0.04338691703054869,0.15097232235585478
DHRS13,-0.36499289298500004,-0.8311384304281692,-0.21883653795057725,0.17585079655037597
MAPK14,-0.106474219834,-0.8311219213087182,0.011600524606374714,0.1420666949253961
RING1,-0.305248999244,-0.8311082533857124,-0.09890681645489868,0.24827353350002065
DCXR,-0.37026104900300005,-0.8310518986758874,-0.18609374670608153,0.22160746229008293
CPSF3,-0.9455230809299999,-0.830759141235,-0.7712458359890553,0.20978071295353484
FAM120A,-0.16999907972699999,-0.8307395991802903,-0.03359213680423336,0.1641993990142789
PHACTR3,-0.0352083578189,-0.8306344498471211,0.07529257655134562,0.1330319665775762
BCL2L11,-0.16255198605,-0.8302139679087254,-0.03618755490102107,0.15220706472487533
BHLHE23,-0.10297700968000001,-0.8298490712752716,0.03408205036659311,0.1651614309044986
HIPK3,-0.42607479508,-0.8294399684729168,-0.24995443092604896,0.2123364810574616
CHD4,-1.0096812397900001,-0.8286653951410488,-0.7788500581708347,0.27855776646721825
XRCC6,-1.14094312463,-0.8282955955655347,-0.9235829227306742,0.26241863781844554
METTL2A,-0.162480072937,-0.8276738871887102,-0.028036253327361888,0.16243573911252904
ITPKA,-0.0702860422953,-0.8259411493721139,0.061720243125903865,0.15982529205810356
RBBP7,-0.276050903402,-0.8255346750259738,-0.12977854952105153,0.17718499089859105
FOXG1,-0.11937271554500001,-0.8254632075712612,-0.00020899704573881325,0.14435981810730666
TNFAIP8,-0.0752165886128,-0.8253853321887784,0.06357371027970367,0.1681521266248528
AKR1C6P,-0.027725838712800002,-0.8252396286241649,0.09697859088019152,0.15111299223584074
MBD3L2,-0.125123434527,-0.8244607639417999,-0.022263566126417965,0.12476017404248856
ARL14,-0.082415048055,-0.8243249245986238,0.05019022949014888,0.16086530151895673
PGAP1,-0.060435323400400004,-0.823968736629142,0.0682175367874765,0.15613803590922107
SI,-0.0809516001007,-0.8234730321060671,0.039491050968221565,0.1462618038150981
PHF11,-0.416637584687,-0.8230212046442479,-0.2656997077463862,0.18339488228113995
PF4,-0.128281358169,-0.822615162902221,0.024102621451574047,0.1852433391611175
SLN,-0.0827723754071,-0.822567971776772,0.05039213565573509,0.16188876254833465
ELOB,-0.690567290966,-0.8222404926179103,-0.46283147483459325,0.27696983811430226
FUT1,-0.210107914208,-0.8216174104743779,-0.04198948964106146,0.20461886812971974
CCL23,-0.221710187952,-0.8206958505330374,-0.08574039435406425,0.16567622890943598
FLRT2,-0.135036569845,-0.8206190783124465,-0.023623761692987383,0.13576677790763325
TWNK,-0.176947978162,-0.8204595723588546,-0.007746066694406964,0.20622821302593944
CDC5L,-1.0329735577899999,-0.820031500883905,-0.8995114566855942,0.16275240763378973
RAB4B,-0.242955136256,-0.8193632147381881,-0.1172588902125081,0.15340723598832262
TPST1,-0.325727203446,-0.8182636573942417,-0.17112087318765584,0.18894439324201145
ASPH,-0.215551308557,-0.8173654504252167,-0.07409905371486417,0.17305876431227715
UST,-0.0201468541456,-0.8172598635990866,0.09350046904355339,0.13905898019837665
OR2L8,-0.12936562192099998,-0.8167420597826072,-0.022681668968438005,0.13062135306336264
SLC16A6,-0.278674236978,-0.8167243666835114,-0.12774006806927615,0.18480429269133372
ANXA2,-0.114433359029,-0.8166969302752424,0.014149052103118811,0.15744201596151963
RYR2,0.00124441883276,-0.8165537493303504,0.0866629966387751,0.10460864073683604
ETS1,-0.161369524141,-0.8164910654828815,-0.0012944564541725113,0.1960524425238596
TYROBP,-0.219595139591,-0.8161714477854943,-0.05626703590973587,0.20011494413878336
SLC41A2,-0.123296450865,-0.8149622593495668,-0.0157357894246804,0.1319823834862799
NSMCE1,-0.507413129939,-0.8145267046759255,-0.31621346423829094,0.23473713581530933
RNF115,-0.24206524479699998,-0.8143464205630558,-0.02211306732087571,0.27009657305799273
EIF4EBP3,-0.22900843865200002,-0.8138020158397359,-0.09771735611152174,0.16133049560586707
PCDHB6,-0.0372903379489,-0.8122256392943772,0.10734702708596677,0.17807535004745823
P2RX2,-0.10603932721,-0.8120740949742854,0.011812274132527235,0.14512419749857808
TRPV5,-0.00805926235935,-0.8115858404319914,0.08699370261223406,0.11712003861598819
CLCA2,-0.142147526964,-0.8103305741715982,-0.011823604129949447,0.16082809533292117
AKAP11,-0.132423790714,-0.8102282268946777,0.01070089551284509,0.17664737104431935
GTF2I,-0.190749097618,-0.8100863057473342,-0.06368325128496123,0.15685470230954696
PPP1R14B,-0.103409120053,-0.8097376847780527,0.043389143210437915,0.18129113418214565
BID,-0.13776210953,-0.8094902913844516,0.005077091594768896,0.17645573102609358
GPR179,-0.158137162711,-0.8087072936370978,-0.02859059258337587,0.16018968933122707
PROKR1,-0.0273360710858,-0.8082610886063246,0.08953785305629869,0.1445992214516018
CRLF3,-0.06062675882259999,-0.8080030597853427,0.03712899232474812,0.12098438237760918
TNNT2,-0.021422455976999998,-0.807764737374005,0.10429015019903995,0.15563022295913057
SLC34A1,-0.173842640209,-0.8075561752182937,-0.05194699849254591,0.15094385438078534
NFATC2IP,-0.180528985359,-0.8075062710121587,-0.05195097017369885,0.1592285036054725
MUTYH,-0.109094532042,-0.8071655725190656,0.024033734344968107,0.16493303346857444
ZIM3,-0.306000869084,-0.8041208182276277,-0.16905247583510474,0.1703082299880568
C11orf24,-0.280992242213,-0.8034413000344501,-0.138206463175622,0.17771774867841075
TBX22,-0.360745962597,-0.802955326553033,-0.17825231602574715,0.22727745932600102
TRIM45,-0.175920440214,-0.8028518482067271,-0.021937484957135808,0.19179498135403802
ST3GAL5,0.0478503167248,-0.802675255581767,0.15318420152589804,0.1312285187173904
RPS6,-1.10823988152,-0.8025004229978676,-0.94977628323657,0.1974623236850943
GRK3,-0.597665652738,-0.8022635552556172,-0.39889904458422965,0.24775724492487924
COL9A2,-0.0814130871987,-0.8017478184261672,0.042232787512906766,0.15422040680363047
ZNRF2,-0.187401674903,-0.801402209689841,-0.07433906765389464,0.14108097766895714
ARPC4,-0.319302113705,-0.8013388892381572,-0.1867163094735131,0.16545534730947337
TARS2,-0.283174608516,-0.8002771261342932,-0.08687658963017215,0.24528755411770622
ADAMTS12,-0.302416978966,-0.8002036819104638,-0.1726730547404778,0.1621386244009303
LIFR,-0.34472865309600004,-0.7995188946630606,-0.18145913404534378,0.20420970678805853
XBP1,-0.222602134696,-0.799458752741256,-0.0861094027273876,0.17073142485537102
PRKCB,-0.0874895108899,-0.7989338225327113,0.02187442253207826,0.13688734953701437
LPAR1,-0.16086923785,-0.7988280418968118,-0.04421699172004239,0.14602923284085978
NCAM1,-0.052483328120400005,-0.7983912329982292,0.06638930113756872,0.1488901986204956
TMED9,-0.156368902392,-0.7983243980253314,-0.03524989064266226,0.15171653534443844
ZBTB16,-0.21233930483600003,-0.7975924742557121,-0.08399252803439229,0.16091773799818868
ACTRT2,-0.167534905236,-0.7971636398388541,-0.029721642393521052,0.1728795142617616
SPCS2,-0.21685293887899998,-0.7971062132873473,-0.05251377987371861,0.20616971272564785
NEK11,-0.262827747461,-0.7967461457290008,-0.129349168616341,0.1675296197668202
EEPD1,-0.187009563491,-0.7961703358977203,-0.050763498545626506,0.1711267787837756
NME8,-0.233674510351,-0.7960528721641025,-0.08241469946805077,0.19001226698892903
ACTL8,0.0026663539996999996,-0.7955484188496739,0.12613734692620768,0.15520236103924512
RIOK1,-0.48405179668700005,-0.7953218221610511,-0.3176138504491022,0.2092711926169109
UNC5C,-0.12103109149800001,-0.7945107540064444,-0.00736091969007622,0.14306939362963209
P2RY13,-0.0638194882943,-0.7942225936459536,0.036169086013729146,0.1258949003817962
OR2L3,-0.00109196494699,-0.7941880203490709,0.10179253783379644,0.12954678255605698
HSD17B2,-0.164665019849,-0.7936671162584388,-0.04408655982743645,0.15192573504872295
EPN1,-0.178154454362,-0.793261017620032,-0.04409627805349419,0.1689962992391982
RAX,-0.19167534563299998,-0.7930138945544816,-0.06486365424296277,0.15991105863445249
ZBTB39,-0.0796038469761,-0.792759406660549,0.031294917965105744,0.13988956045108322
PA2G4,-0.100599625141,-0.792663204061155,0.01430980292765926,0.14496627001219278
CUTC,-0.0559167337199,-0.7923500463582048,0.067900543103172,0.15626587944578324
HOXB8,-0.210285003372,-0.7921636883299592,-0.057099645466694084,0.19337588955667934
APOA4,-0.061730774819300005,-0.7921543883425803,0.07353235179981983,0.17075349024087338
TREX2,-0.22494024834000004,-0.7919699524053794,-0.0920774615650266,0.16776240862603586
SAA1,-0.031084024111900005,-0.7917645756607511,0.07340296791500192,0.13196724789020073
PPIF,0.0491470583834,-0.7912551279406191,0.20697215074536748,0.19946169925335597
KCNQ4,-0.227743116265,-0.7910267761599523,-0.09946454707557459,0.16216716431794514
NPY2R,-0.0784438121037,-0.7906674630404407,0.024157059134146997,0.12976488351158977
SYT14,-0.260101070367,-0.7898589434620382,-0.12908606496889563,0.16587139575055165
ARHGAP9,-0.36329473864399997,-0.7891971043214072,-0.17856622305755593,0.2340714563889375
CLEC4F,-0.0632617524978,-0.7888554204623824,0.0697087819436017,0.16856134976351164
ATP5PF,-0.39137452779299997,-0.7888189351846531,-0.23211889716907932,0.2018912370386251
SLIT2,-0.190739805715,-0.7887349360048221,-0.059523669594801876,0.16636277934491783
IRGC,-0.0663723016226,-0.7874570663941509,0.08399834411717506,0.19095726250618095
OVOL1,-0.237176720636,-0.7873997233269532,-0.1127923326826298,0.15796854414402925
KCNA7,-0.269201539606,-0.7873914130098297,-0.11219677286274311,0.19939862709843506
MNX1,-0.179874906906,-0.7871781331902383,-0.06390307759628648,0.14732603005587613
ESM1,-0.31806771366000003,-0.786680552781891,-0.1885104158113516,0.1646885732595051
TFDP1,-0.674529309347,-0.7864279873731455,-0.4187709431549691,0.3252152394096807
PTPN2,-0.201241165665,-0.7848935885928472,-0.06383275866640353,0.1750662879600552
CTSH,-0.13885236756,-0.784667585782781,-0.0059784783184380005,0.16933780832683126
ATP11A,-0.14071965336300002,-0.7838582944887307,-0.003848287171191221,0.1746123848585193
CAB39,-0.17853234070500001,-0.7837778245791607,-0.00791384870142217,0.2176873173149409
NR1I3,-0.176975454809,-0.7834817125223144,-0.04352815071418281,0.1703259973550646
SLC43A3,-0.0235940450858,-0.7831022842161384,0.09959266096823143,0.15730602315550335
COX6A2,-0.121671668882,-0.7830871673250462,-0.0008564737828642675,0.15428064734074154
INCA1,-0.15119073687100001,-0.7821875870303493,0.019114314800273497,0.21772916688419092
ZNF780B,-0.021784775197400005,-0.7808902375791591,0.09143228207027468,0.144984598115427
TWF1,-0.100395261911,-0.7808258248247533,0.046927200558631275,0.18867519206693245
OLR1,-0.041591232859,-0.7803279424241566,0.051675545485813906,0.11952254081158821
LPGAT1,-0.150242995867,-0.7792222144829577,-0.044627763995661075,0.13553929791570235
CMC2,-0.0374450510609,-0.7789619678512653,0.07606470786594205,0.14571925666660476
FZR1,-0.45198745059699996,-0.7780312943441141,-0.2761717854126126,0.22597505583962557
KRT19,-0.148488685696,-0.7771230701255543,0.0009484532444598183,0.19229533221336012
TREM2,-0.10315597508199999,-0.77628181204753,0.01748525188331924,0.1554090603348216
FSTL1,-0.183227679841,-0.7754262278259847,-0.07391793846229747,0.14096729960394505
HECTD1,-0.298376440557,-0.7754163892554238,-0.15516742108286802,0.18468660381507446
CH25H,-0.07172731532719999,-0.7745697207895422,0.078533880590468,0.1939931188692765
ZNF737,-0.1699130698,-0.7743415384511512,-0.05726213031135676,0.14547965451261885
MYC,-0.6682035160409999,-0.774320947629214,-0.48196240513749405,0.24052185527684833
GRK7,-0.277216834803,-0.7731818418648689,-0.129221841017535,0.1914103329541597
MBD3L5,0.0247852760445,-0.7731458463067215,0.12747007184474582,0.13281426304075214
NFYC,-0.293409428742,-0.7731426289309143,-0.15418752447570688,0.180072730511324
MYBL2,-0.904795551853,-0.7720217351183538,-0.6000828386207138,0.3946944747424405
ERAL1,-0.15482039234,-0.7715456267436793,-0.044306178183084355,0.14323743188506252
VIPR2,-0.0759999052523,-0.7712162256866046,0.08713562565814674,0.2115302109537557
HBP1,-0.238657286368,-0.7707412150234575,-0.09129472180418781,0.19119590556647112
MIA-RAB4B,0.00111348812832,-0.770357886217053,0.12536540015711606,0.16129115343902292
RBM17,-1.21226155737,-0.7692649767478573,-1.0330595788672767,0.2329522127217036
USP18,-0.18856301608800002,-0.769016016267596,-0.057619929047507804,0.17027354992685578
NR1H2,-0.18101620597399998,-0.768808375324777,-0.07195896680368248,0.14185230373465577
PCYOX1L,-0.286220246705,-0.7687435146450774,-0.15169919770650267,0.1749882066460159
CLC,-0.0903708578421,-0.7684810788238172,0.010138796345887493,0.13079001807282029
SLC35E2B,-0.203119175722,-0.7682559421370797,-0.0774060845559257,0.16363438832165045
CUL3,-0.441034481584,-0.7681904630588118,-0.28928665966836503,0.19753932027663995
VAPA,-0.0592033831464,-0.7680584117626746,0.03726598393807271,0.12560160217902952
PACSIN2,-0.0686520142394,-0.7680204627054552,0.07992740526069418,0.19345763129370697
ZNF460,-0.25370177803000005,-0.7674763124946289,-0.12084855463749353,0.17310400494404352
TAF12,-0.186351773985,-0.7674033827883611,-0.04991026280831841,0.1777963379323677
GNAI3,-0.5489305441969999,-0.767135973927355,-0.38371452910732895,0.2153673151890493
RGL4,-0.187204327332,-0.7670510603096087,-0.05235125515963517,0.17580716480325753
ZIC5,-0.225186996595,-0.7669341651521482,-0.06819101126128631,0.20470594800346134
GGA1,-0.21268002877300002,-0.7665749827930263,-0.10011265820439182,0.14684456588769368
FLG,-0.14229631875499998,-0.7662557691596691,-0.011517374382796172,0.17067270438384477
HOXA7,-0.0542409139354,-0.7658288011987978,0.060617877089633794,0.14997972241999574
PLAAT4,-0.22665057837400002,-0.7651027343328057,-0.050522970626211285,0.23020125251725534
UNG,-0.18512284344799998,-0.7646435551547368,-0.06864982842107738,0.15232328088262326
ZEB2,-0.170807226663,-0.7643342404600033,-0.015164130243527115,0.20363224382804226
ALDH7A1,-0.136699842148,-0.7640806215710783,-0.02292303130176143,0.14890681380231094
ATP8B3,-0.126675253139,-0.763519145635055,-0.031822253290600185,0.12423133118620895
CCR8,-0.16049593263,-0.7628594630075106,-0.014047161948213928,0.19197346009764873
KCNJ15,-0.16691014088199999,-0.7609574378136417,-0.05366132586891001,0.14882411207974103
CACNA1S,-0.08046561040149999,-0.7608053205549524,0.021391016809311502,0.13388001432023958
JADE3,-0.274973762931,-0.7607954981269778,-0.1459054347416768,0.16964917445894445
BEGAIN,-0.410320759044,-0.7607369603983366,-0.29351900759539484,0.15353763196604187
MXRA5,-0.0748285999719,-0.7603892133586456,0.029240717690963154,0.13686322193234185
NDRG1,-0.290046041816,-0.7599242750498155,-0.1530736821284745,0.18024474830541048
KCTD15,-0.234975069448,-0.7592807407828294,-0.08261485607612115,0.20066387198863136
CCNT2,-0.163285166832,-0.7584024215713691,-0.04187123513378534,0.16009169834485962
ACTL6A,-0.998664426278,-0.7583828343068924,-0.7400243557618411,0.3410415674196231
CPXM1,-0.34500496522600005,-0.7580533243404315,-0.1624370380253375,0.24083784258780425
HACL1,-0.00015250348662999998,-0.7580249344889152,0.1120878992455906,0.14806953917405988
GYPC,0.028652771758900002,-0.7578097156389398,0.13326332877009653,0.13804330408062288
SLC9A7,-0.0164632419337,-0.7575490897747398,0.07149243899691254,0.11610558591888284
SEMA4A,-0.10076935026,-0.7570063227600757,-0.0016921297390454259,0.13088030778886367
NKX2-3,-0.167000612613,-0.7564000921430148,-0.05583329549357773,0.14696893651145077
RGS3,-0.07738482894399999,-0.7563593794188667,0.10421733009910412,0.24010035967642054
ZNF543,-0.0680030712947,-0.7559078522671687,0.035125698132601024,0.13643034546868432
ILKAP,-0.0924059578442,-0.7551223720029399,0.029817808902689327,0.16185954923133106
PIPOX,-0.186150043979,-0.7551062326397749,-0.035594267232226834,0.19938357046854907
RNF180,-0.402718175178,-0.7540322471830029,-0.2642256393912876,0.18366924797196424
SNCA,-0.431998175744,-0.7539664774064573,-0.28396828376225897,0.19633484566972242
RGS10,-0.127992839339,-0.753844521220516,0.0429197735899042,0.22672130408560534
SLC2A8,-0.0186271987929,-0.7537933720531026,0.09249685132025334,0.14741977607269938
COX17,-0.151139573465,-0.7535648607726853,-0.05507207689418513,0.12748404493318574
PAH,-0.100994756475,-0.7524029584689088,0.02823167705955526,0.17175162867185248
RNASE9,0.00926806967631,-0.751957306475005,0.10870247214188855,0.13223410639056507
TRAPPC2,-0.0744379487117,-0.7519568760581213,0.04280041372689771,0.15591101853231268
GNG7,-0.21003509583399999,-0.7514794951367991,-0.05908393684017156,0.2008719598747659
NFATC1,-0.12834491262,-0.7513512416477321,-0.005217602130678669,0.16387450191644065
BLK,-0.115082822429,-0.7511022488437396,-0.00772736834025045,0.1429305454137762
AASDHPPT,-0.0277578920977,-0.7510913920190491,0.09702025969156862,0.1661291197251586
DHODH,-0.167935899149,-0.7506615313922753,-0.04888886179574674,0.15858950056019658
RNASE1,-0.0745644843797,-0.7505933772919962,0.06009431792422747,0.17940313141284545
MRPS21,-0.330528131712,-0.7504451938200932,-0.18353241982060503,0.19587801094857138
LHX4,-0.13357078088500002,-0.7500792848392586,-0.025109742993730724,0.14459943113148688
CLEC4G,-0.0823734837088,-0.7497830727062634,0.0357088440574752,0.15748865513870486
CCDC93,-0.386049647881,-0.749572201280767,-0.26141190625803584,0.16627850047000162
ZRANB2,-0.526112717881,-0.74871108483492,-0.3567832871433064,0.22616124452735767
KRT16,-0.101343603378,-0.7481686458262453,-0.0075553489045535795,0.12535710363787125
POFUT2,-0.18505620300500003,-0.7477886396466776,-0.057559675692124675,0.17049808000976874
MAMDC2,-0.144081740854,-0.7477357373176645,-0.039435860102558715,0.1399503534856246
ERBB4,-0.20162378612100001,-0.7477186486563002,-0.07928334680869303,0.16361828012737253
TRIM53AP,-0.038782860954400006,-0.7474024271101392,0.104472770897326,0.19167134953739653
PPA2,-0.199166054582,-0.7470572006671226,-0.05664817380724486,0.19077238081299078
GANC,0.027640586389,-0.7467267109863804,0.13236936588056675,0.14025047979497937
FADD,-0.197293417661,-0.746705734560392,-0.08981018841107559,0.14394322190816305
SNHG29,-0.188580471334,-0.7460058067515122,-0.0804198419373531,0.14498631031792253
MAN1A2,-0.13176677950500001,-0.7449266085683438,-0.01125091693174115,0.1617821959734736
HMGN5,-0.223743004248,-0.7447516721292955,-0.10705280075436835,0.15668337227092952
SLC5A2,-0.09590482049889998,-0.7447437672514369,0.0029748494936122465,0.13277005372927
SETBP1,-0.236441080572,-0.7446562090739921,-0.07934799725614104,0.2109605498505278
TAF15,-0.117209786886,-0.7443249335289481,0.0007800293115517965,0.15851923116177993
RIC8A,-0.08157719659260002,-0.74419925974036,0.01897387247269989,0.13511310008609878
OR13A1,-0.10179485580299999,-0.7437950440295578,0.017720319625714468,0.1606829413399063
STAG3L2,-0.176419764328,-0.7433080308474149,-0.06376379111579683,0.15156027990679546
ATP5MC3,-0.17905661532900002,-0.7429666007623287,-0.048411760701926564,0.17584216368949013
LAMB1,-0.077662673039,-0.7413425552439276,0.05428097175842254,0.17797932125184487
CDH24,-0.37927779240599996,-0.7411034919457588,-0.22795370887257094,0.2041875192574378
MDK,-0.230930331458,-0.7406333187613108,-0.07221482848973552,0.214297006288769
FFAR1,-0.15316815934699998,-0.7404559273247927,0.010378552265437253,0.22087298592276552
FOLR3,-0.0235866904093,-0.7403309791539417,0.11109601112524303,0.18192228250188838
LMLN,-0.266145426892,-0.7400232384952683,-0.11168927117575159,0.2087179803033118
TUBA4A,-0.09928995008199999,-0.7398710973471256,0.030204166505240732,0.1750225371034948
CCDC12,-0.0647736855706,-0.7397590099648114,0.08325969229174146,0.20011027357325875
SERPINI2,-0.18572065308,-0.739706987660774,-0.0816530343431928,0.1406876242522831
DHTKD1,-0.146357449949,-0.7391884769350083,-0.03545431872702645,0.1500336310460701
GAB1,-0.26802340759,-0.7391062592609736,-0.11506698361841215,0.20694781305806786
SUOX,-0.282851683712,-0.7385913814515457,-0.16318221985532055,0.1620239104625
CCR3,-0.12328205484000002,-0.738379259909405,0.012983795843175851,0.18454723484499677
CLK2P1,-0.109052577357,-0.7383763450891772,0.039862381001544725,0.20167893967480713
TRPC1,-0.151775980961,-0.7379360419825683,-0.040927420001687934,0.1502143202837768
TMPRSS15,-0.304122791176,-0.7376281055198409,-0.15319755299183327,0.20460884970998044
DCN,-0.0666790449336,-0.7375269629297705,0.018406657129795514,0.11536622569756494
H3C1,-0.196695908843,-0.7373785075431657,-0.05334744443470841,0.19440282425088184
NELFE,-0.57347445716,-0.7358115845686963,-0.3833340216931708,0.258409135510257
FMO1,-0.150133320079,-0.7355580854498415,-0.01146440070599667,0.18852205164490618
PPP1R10,-0.431080121584,-0.7352254372597882,-0.28052927207201805,0.2047682817845509
ADCY1,-0.209824731091,-0.734690054616613,-0.10108747121170703,0.14800426274456088
ZNF417,-0.18987299724800002,-0.734428910697207,-0.05365321668061222,0.1854771490927173
CLCNKB,-0.14527708961,-0.7340149052105174,-0.030739962078595202,0.1560419641595088
LUZP4,-0.0798347554378,-0.7338482594880311,0.02903744777128317,0.14835792250163243
SPG7,-0.24553737282,-0.7337351175058798,-0.12480391741758987,0.1645463771896438
KDM4A,-0.208476382699,-0.7323303388869065,-0.10515540569796428,0.14108520638114866
RNF148,-0.0584554932451,-0.7320366564427256,0.09218746686089799,0.20578608841534735
TRAPPC3,-0.4674413211399999,-0.7316769956555061,-0.2879930045366942,0.24525619592910503
PGA4,-0.35531186382,-0.7316362570665887,-0.22401322106706542,0.1794589066421631
CETP,-0.019370706295099998,-0.7314372501310278,0.11974089075839368,0.19018937992093457
BAZ2A,-0.0671742658809,-0.7313979000164884,0.03975424777087304,0.1461974578397921
FCRL3,-0.348793567315,-0.731014008778496,-0.22113428627444232,0.1746331527269536
LRRC28,-0.279813511458,-0.7309238867716111,-0.14259012240413688,0.18773964230387882
ARHGAP19-SLIT1,-0.146913631123,-0.7303912107906991,0.009705547216101952,0.2144319044715103
SLC1A5,-0.266373479452,-0.7296622022783484,-0.13510749816007178,0.1798996588860628
MAGI1,-0.11821355635700001,-0.7286348725159865,-0.003204138430192403,0.1578423189239879
ZNF264,-0.0452504088829,-0.7280592042584251,0.08589589123015949,0.1801313675398698
CDKN2C,-0.113327254086,-0.7278881767506282,0.004283398322749408,0.161577912879113
FDPS,-0.42578039163500003,-0.726990766604703,-0.25030627393220906,0.2413704901952407
LINC00518,-0.161948597768,-0.726462213519647,-0.037938832446867174,0.1707036691148961
BCAT1,-0.0379082159145,-0.7263839052332154,0.07029417159804685,0.14896033176534523
MLLT6,-0.234316544551,-0.7258844915466441,-0.1130528834702656,0.1670564153015001
PPOX,-0.05380378616190001,-0.725760396209032,0.08284775003209452,0.1882873974768891
MOK,-0.27701930819299997,-0.7254520800117741,-0.16223565634000625,0.15822361671515336
ASCL2,-0.030537499758000002,-0.7252440622176046,0.10546852012073382,0.18753138007481696
RND1,-0.13795440838099998,-0.7251620995166302,0.009356854889860279,0.20314252960690196
OSR2,0.00542930621095,-0.724726115844189,0.07558003668095054,0.09679619505402569
ANXA10,-0.0696749183145,-0.7246818735404869,0.030216177481985847,0.13784130588013815
LONRF3,-0.16151325834799998,-0.7244547014115228,-0.035760316311043365,0.1735828917832135
GABRD,-0.0973747403817,-0.7244375384517158,-0.00865018328781542,0.12247371565464252
MLXIPL,-0.368597456338,-0.7243694081578258,-0.22428441592390558,0.19922575248049607
LGALS12,-0.324855875317,-0.7234679692341548,-0.20663600417886854,0.1634071944653971
GABRA1,-0.10850266946699999,-0.7233423732343849,0.014216286934458342,0.16965542313348433
EIF2S2,-1.4487256141,-0.7232982423522333,-1.2082246070473561,0.3325060023241757
OTX1,-0.08834697788580001,-0.7226674817333868,0.008068080082994823,0.13341552014701719
SRSF3,-1.3716325630700001,-0.7223938949788253,-1.1200161077398914,0.34830922171273904
CRNN,-0.215459362848,-0.7218384967679218,-0.04003260014767737,0.2430277180917992
CLDN4,-0.10298226185,-0.7216161688922524,0.014421960374688476,0.16269621896764705
PIP4K2A,-0.14512986069,-0.7215219642847871,-0.025264366352045008,0.1661286839088431
GALNT8,-0.11575590836300001,-0.7211644562924164,0.002367381456891714,0.16379521867616187
BTRC,-0.27472041855,-0.7211451255295355,-0.1225703177518267,0.21098402445201275
ZNF287,-0.0819495565966,-0.721072789541702,0.008610384567437679,0.12559056793918905
PCDHA4,-0.130956001757,-0.7209022758700916,0.0012324929795677767,0.18336534529180554
CA12,-0.05670173989130001,-0.7207410260919065,0.06627225869632937,0.1706216159976831
LIPM,-0.0454657297611,-0.7203824695510703,0.04606637606426109,0.12706042927780056
SSRP1,-1.15946677501,-0.7186849397771359,-0.9601015162032837,0.27740286149385507
SEMA4F,-0.163462327313,-0.7182998975873499,-0.0362340208410955,0.17712421636038547
TIMP3,-0.344799083996,-0.7173646298271329,-0.19012910448568385,0.21560859440141034
P3R3URF-PIK3R3,-0.285275277529,-0.7165995767880903,-0.17694163414333258,0.15117737561503386
WARS1,-0.675613347484,-0.7161391146452464,-0.5023942810839597,0.24187907469046407
SRSF6,-0.25257936991,-0.7161343269306123,-0.1283709394588964,0.17344292234037598
SNRPA1,-0.6641770131310001,-0.7160365063885967,-0.5264177757828173,0.19239136010394992
ADAM32,-0.13075557320999998,-0.7159089586015969,-0.02336107326605813,0.1500113927247373
FANCL,-0.158912819775,-0.7152433686067434,-0.02830051650709417,0.18261239320866648
SERPINB7,-0.130771472161,-0.7150053495940818,-0.035958531394033384,0.13260451942183818
KNG1,-0.00923364319825,-0.7143096659152335,0.09272060124107681,0.14273115611377662
SCRIB,-0.227133969782,-0.7142892572385772,-0.10975331837056289,0.16433209686678968
RNF182,-0.102490781645,-0.714024293654446,0.03076052301639323,0.18662012741807432
SRPX,-0.145206614466,-0.7137829609507778,0.024072401502283187,0.23715754680218068
MSH2,-0.153024914213,-0.7133419359488258,-0.03552699033034448,0.16471472930631778
PITX1,-0.172995164614,-0.7130388429845959,-0.03141928338637605,0.19855283147692765
LPXN,-0.269280290486,-0.7128042210897398,-0.1552282861998119,0.16000467016290199
DUOX1,-0.0222477417419,-0.7125920898175776,0.11132529397540172,0.18744670004896657
TTF1,-0.291784831922,-0.7123133146920484,-0.1548566211452442,0.19223031207264943
HAND1,-0.166709809777,-0.7104575670135717,-0.04049757957485422,0.17764921659245947
CYB561D1,-0.08733127354980001,-0.7103314149537733,0.03150577634267262,0.16729803496049273
SNRPE,-1.1914637164200002,-0.7093798944363103,-1.0396839707957233,0.2139611607471404
SEMA6B,-0.241736600902,-0.7093240090448891,-0.10225414935287715,0.1966413793562933
ZNF648,-0.155595063395,-0.7090476808489178,-0.047516490709755735,0.1524277923818122
RIOK3,-0.05445712355809999,-0.7088694064649544,0.05859598986911722,0.15948369670938312
MB,-0.178260361974,-0.7088374755136999,-0.060546266383191404,0.16606641107046477
ATP6V0A2,-0.0558508610822,-0.70879770103814,0.04766890502127194,0.14604980511625784
CAPN15,-0.17571073792999997,-0.7087451586753104,-0.051667832738979354,0.17501764022327104
DDX1,-0.237287194031,-0.7087139625558099,-0.11467068724345542,0.1730126867338087
MS4A3,-0.108536129593,-0.7086969056386965,0.01242376671363279,0.17067930640619988
RAB27B,-0.0739787744755,-0.7085420698401348,0.0637989238625866,0.1944523892126445
PTP4A1,-0.706824561565,-0.7084736314950476,-0.5264172679158822,0.2546422133854376
TRMT10B,-0.0324992843426,-0.7079959970919915,0.06891168217030118,0.14323663824292024
TCF12,-0.0532258736603,-0.7071435139650332,0.06485352938111894,0.1669808188995957
SCIN,-0.175372433803,-0.7069918507148512,0.008165214277720136,0.2596036261169661
AMPD1,-0.261149872937,-0.7066076618939254,-0.1340748265916704,0.17983819479784505
OR4K17,-0.8809364744239999,-0.7059277945514396,-0.6477949485565907,0.3302625674564237
EDAR,-0.22078465957600002,-0.7046109522184655,-0.10554159982548995,0.16355558963094122
SLC7A5,-0.12155806830499999,-0.704238666103502,-0.0023764303496636224,0.16923472636735376
MYL4,-0.0692403035511,-0.7034017959702196,0.04256256579100193,0.15894595376727672
NOTCH3,-0.318712914992,-0.7033878987445426,-0.156448934429085,0.23068918423608858
LOX,-0.0583291349807,-0.7030120789265295,0.0488906781871999,0.15251489466812596
CTH,-0.137580938857,-0.7025250887393233,-0.03466195666282749,0.1464986572634153
ZNF776,-0.102916910247,-0.7022516047814491,0.018076078875514354,0.17229293361340076
CHPT1,-0.0285169821746,-0.7018659941318135,0.06202849876263237,0.12900679288392414
ETFA,-0.292916353461,-0.7018162029938261,-0.15393156668521116,0.1980358763204723
GPR155,-0.0275015615798,-0.700478854500019,0.08342985301636281,0.15836511535432768
HMGB3,-0.07094300519560001,-0.7003995720725605,0.02454619795513427,0.13633532480348476
RWDD3,0.017271658215,-0.6995164812054504,0.12606138693549268,0.15552132314741096
SNAPIN,-0.0434243221105,-0.6994847023705081,0.048600306601370435,0.13156060225478122
SLC12A4,-0.06881851267460001,-0.6991790110629361,0.05673994169366705,0.17957983918508247
OR2T4,-0.308723108977,-0.6978007381520621,-0.18770948120279324,0.17342146712925363
PJA1,-0.262239537455,-0.6974320281522326,-0.11755291767333288,0.2074562307741989
BCLAF3,-0.0663451402226,-0.6970830324638108,0.02586771505819249,0.13228389013410644
TLX1,-0.225825117725,-0.696928206679868,-0.11310210610632257,0.1617426451365548
KRT17P2,-0.122251974135,-0.6959445856515097,0.013740326825285636,0.19540679497201088
FECH,-0.183721594512,-0.6959088512211314,-0.05778124153653987,0.18097248332805216
IRS2,-0.102489402324,-0.6955331380108868,0.004535861811671139,0.1538751474038264
OR2B2,-0.23798769997699998,-0.6954712991780957,-0.13981747752175847,0.14115639649149944
USP31,-0.15880137972,-0.6954519816835587,-0.03477967841112667,0.17833251550831744
RAB25,-0.0640182658392,-0.6945578687738913,0.057733250261377836,0.17529355230760946
RPRD1A,-0.130557741259,-0.6944333975317657,-0.03381813419000358,0.1393072502169961
SRP19,-0.28543504307100004,-0.6940556434179322,-0.1301700321836843,0.22370686321733632
UGT2B17,-0.417111596715,-0.6940344430408725,-0.30602145172317596,0.16006431108100178
RNASEH1,-0.102411194898,-0.6939703164426626,0.02941073974170715,0.18995327540151147
METTL2B,-0.279280169198,-0.6938622278396654,-0.14455469376608632,0.19416747306072613
ELF5,-0.12203402562000001,-0.6937061433102492,-0.021381573313329322,0.1450937883098081
GGA3,-0.19917981487999997,-0.6928751362376238,-0.06195808619465336,0.1980468363036857
IGSF6,-0.120939886468,-0.6927924536249326,-0.02435311845713568,0.13941659945267668
CORO6,-0.35794643878700005,-0.692780093302563,-0.19369553030500242,0.2370895325513678
SLC8A3,0.0137553560228,-0.6927726362357363,0.11411199457267414,0.14486230157007074
JMJD6,-0.227490107687,-0.692752334098314,-0.1302914669740451,0.14030792236805467
ZMYND11,-0.233082619437,-0.6922475804451528,-0.10800083977511402,0.1806893706749421
DGAT2,-0.11066369486500001,-0.6920043347135355,-0.013956769688334212,0.13974901648079838
UBE2F-SCLY,-0.0146381023403,-0.6918489789179398,0.08512119801756102,0.14419230698856528
BARX1,-0.06785184924610001,-0.6918262932348169,0.04159275807447177,0.15819665773157385
ATP10A,-0.145773023242,-0.691418265482419,-0.00957803391192685,0.19697916027000914
SIRT1,-0.0501650119085,-0.6912671420915936,0.055703778354276035,0.1531517756542641
UTP25,0.00433529990493,-0.6911577715107907,0.09215216279977803,0.1270576220287454
B4GALT7,-0.41746094859899996,-0.6909394221908646,-0.2681321647586634,0.21612427811230905
ATRNL1,-0.263482806826,-0.6904995274172355,-0.11752016437691447,0.21138702729464337
IFI30,-0.255660717422,-0.6904793036486949,-0.1398234098503044,0.1677636200818436
FLNC,-0.14750315488,-0.6889972776588711,-0.042441302044082786,0.15248514942309294
JPH3,-0.0861380519601,-0.688915211186907,0.02744173959863184,0.16486759141672797
LNPEP,0.017133246361799997,-0.6886909521486723,0.11949387694034252,0.14863071782660106
RPL32,-1.15616475096,-0.6886427409494834,-1.0186324261184743,0.19971505784247365
MRGPRX1,-0.25461178686700003,-0.6874130114757142,-0.13255378219584735,0.17756138250732675
CACNA1A,-0.105335496139,-0.6872992583605882,-0.018852743061263028,0.12582983616776175
COL4A2,-0.0942444781536,-0.6870250690335972,0.011330025712585148,0.15366907064205296
TRPM3,-0.0822756890835,-0.6869825687911297,0.06540451950656419,0.21496936792724491
USP36,-0.21519453418200002,-0.6868744381342122,-0.10529391509301401,0.16000103219376452
HTT,-0.35852584399400006,-0.6868072015109339,-0.2503281760954425,0.15753717733379805
PCCA,-0.06700230667309999,-0.6863400816200711,0.07000983400969042,0.19962718825830508
ATP6V1C2,-0.0788620747481,-0.6862369430051856,0.02882896741260024,0.15692982323145852
HDAC4,-0.218343822497,-0.6862019744660341,-0.09723491008985342,0.17649164081958096
ETNK2,-0.129085016877,-0.6859710984873162,-0.024240753030490437,0.1528406431083017
GPR4,-0.153736885413,-0.6858327868001272,-0.06175733220071695,0.13411367170331673
HTR4,-0.201169357665,-0.6854655694348519,-0.05473067729294016,0.2136338962915302
ALG1,-0.0691594383257,-0.6851048572264639,0.024329322080857925,0.13645905356011057
SLC25A32,-0.031180474336299998,-0.6848641520150336,0.08394597782944346,0.16810115090272137
UBAC1,-0.0702195865267,-0.684823803907771,0.06231047364408305,0.193524318831405
FGF3,-0.19349917093,-0.6838929981335059,-0.0807211040296963,0.1649060119172148
SNAPC3,-0.502569528259,-0.6838138072195882,-0.34771768014498533,0.22645323402235465
NSD1,-0.227331174001,-0.6837630733041478,-0.11733753556545631,0.16086513403542183
LIPI,-0.0765731307255,-0.6836733758476744,0.0507464386671841,0.1862286493675768
NSRP1,-0.20753507650800002,-0.6832362297469012,-0.07061013253515559,0.20040644510840278
GRPEL2,-0.223055432816,-0.6830045192360553,-0.10939651113434687,0.16641020444312918
IL2,-0.214835444954,-0.6829582565507082,-0.09267495077076925,0.178869635166583
PRPS1,-0.171145401149,-0.6829577649355094,-0.08005847842345022,0.133371238167489
SVIL,-0.258864852831,-0.6826018073573292,-0.1311534755795734,0.18709498843235864
HEY2,-0.19157227662300003,-0.6823462088608518,-0.08365313943780868,0.15815891666688936
FAT1,-0.0449769233478,-0.6823121832166251,0.05915424305401456,0.15261513565668558
RNFT2,-0.0893813562147,-0.6821186007030852,0.0172714736934819,0.15635525815928614
SETD2,-0.299087738667,-0.6814788686865463,-0.17321102917424044,0.18471109711056638
NHLRC2,-0.0375962690276,-0.6811954947465363,0.08495503336054717,0.17990621390375883
PCDHA6,-0.0552853737889,-0.6809997486080103,0.05206375860348072,0.1576346138332745
CLIC6,-0.196773028657,-0.6807832662353798,-0.07536323517072935,0.17833839271292165
SLC6A7,-0.12262423759000002,-0.6806662199710313,-0.0063373845083662325,0.1708426974480721
RNF170,-0.0550717234301,-0.6806131797285092,0.05073051230670045,0.155451347238095
GJB6,-0.0756213103521,-0.6803876636009181,0.03252002573852372,0.15894076550167158
RAB11FIP4,-0.13803085607899998,-0.6793537264901537,-0.01027110602124111,0.18806071870367605
ENG,-0.160731520958,-0.6791690948197223,-0.0496858622853585,0.16350222576325754
NGF,0.0114623542535,-0.6788230343317699,0.10714828093442484,0.14095857365111011
TRAPPC2L,-0.136584334067,-0.6787540789996966,-0.011264000590041925,0.18463289924039494
VPS37A,-0.11721261941,-0.678736314451632,-0.011473112561534275,0.15578878659806986
LSM7,-0.7700217466329999,-0.6786818725440075,-0.65652790593365,0.1672268632635252
CHPF2,-0.0064293645889,-0.6786083911276033,0.10064204958583187,0.15778085796554572
PSMB10,0.0399482887118,-0.6784626126310749,0.13489941659545285,0.1399504204298492
PAK3,-0.16081932973500002,-0.6782973491727426,-0.05899944014155429,0.15011099441509856
LMNB2,-0.313989941756,-0.6775844928242949,-0.16325989740605,0.22245202767507247
PHTF1,-0.126719582361,-0.6775281269701061,-0.03743691266865758,0.13177706745786769
CCNH,-0.224567410603,-0.6762691340630893,-0.09107920038224712,0.19738918057481497
OR2H1,-0.26776736394699996,-0.6760263244476019,-0.11752399122960427,0.2222448553910431
ADCK1,-0.177786074394,-0.6752786570288687,-0.04370113783787135,0.1985623788941939
DLG5,-0.679918073134,-0.6747186546156445,-0.49673936539511043,0.27148902210690745
HLA-DQA1,-0.12131632469,-0.6747099935331367,-0.01709799009773073,0.1544638964757691
GPR65,-0.152357345961,-0.6747050033119288,-0.06284826237207786,0.13266402820424975
RAD9A,-0.20443531857799999,-0.6744542568243328,-0.09991347255951684,0.15497247583642537
MED14,-1.10389832674,-0.67419328453106,-0.8296921922032234,0.40671739222009995
PDF,-0.11835585812100001,-0.6740398130616926,-0.006161299722563947,0.16645093690951943
TIMP1,-0.019035789392500002,-0.673940471985865,0.08493266432751957,0.15426949121138428
RAB18,-0.266054746665,-0.6739017207812158,-0.1371377437262925,0.19129941201108877
SMC1A,-0.806676379822,-0.6738490011572603,-0.5608590545105914,0.3647958591453647
ERI1,-0.130660153563,-0.6736766528592888,-0.041740091992407996,0.13199219713669488
ZNF333,-0.0285577646751,-0.6734253405042269,0.07112895259134129,0.14802935272943682
PRB4,-0.0062441819408,-0.6728445280163488,0.13762260340501462,0.21381876400177688
SLC51A,-0.130976223581,-0.6721965074895279,-0.02322619364563662,0.16029543256298756
ANGPT4,-0.351710460105,-0.6714302356388039,-0.18734063819574542,0.24480551095955916
PDC,-0.129040901673,-0.671292932782216,0.01937725466827741,0.22109298205501582
ALLC,-0.10171051816,-0.6710772704508963,0.028623595943254115,0.1942162547327564
ZNF57,-0.154722500865,-0.6706993687461977,-0.03724344372926428,0.17515903937012872
RRN3P2,-0.0792025760895,-0.6706091879754407,0.03012778477114359,0.1630314090844928
OR52I2,-0.07358143443189999,-0.6705104206559757,0.033203576207763506,0.1592592856874518
RSU1,-0.175077055908,-0.6701150849869743,-0.06459119892752023,0.1648759436338124
STAT5A,-0.0301039585102,-0.6698305324826247,0.05514335779897423,0.12726699094055635
PRCP,-0.09449957260710001,-0.6697525640276126,-0.010517536876708833,0.12539263041466872
RABL2A,-0.30821138569699996,-0.6697076621028812,-0.14632823853215915,0.24172210701088281
ZNF701,-0.227393353066,-0.6695337576587169,-0.1057488880388696,0.1816853349598192
RAP2C,-0.141730972422,-0.6691376720059079,-0.029304164468325376,0.16801745389203254
PCGF5,-0.0342624469111,-0.6691161950341973,0.06559920359451847,0.14924410923952414
MYL12B,-0.36340826289000006,-0.6691122602567564,-0.17413493828727714,0.2828723008753324
HPN,-0.165457986964,-0.6681384641417629,-0.058245494124316226,0.1604644824294023
HNRNPA1P10,-0.587208726597,-0.6679199618536185,-0.45729020579418106,0.19451210956813997
SLC10A1,-0.057302204081100004,-0.6678286280736047,0.0373412794389486,0.14171821862901254
ERBB3,-0.34921375250500003,-0.6678037877255147,-0.1874469200659927,0.24223706934932485
KCNS1,-0.17550929972100002,-0.6672881318441355,-0.05869653582686356,0.17505595906720167
AOC1,0.0365635098902,-0.6670882239873007,0.12781883280408954,0.13679648303254527
PLPP6,-0.21504562622499998,-0.6669938971252282,-0.07488671432310416,0.21013522388433636
INTS6,-0.0193255175883,-0.6661817828335376,0.0896841596893248,0.1636335307968991
RNPEP,0.0282554350739,-0.666087851095265,0.13204285118598064,0.15581640761263005
BLMH,0.0160110395124,-0.6655742995150784,0.10122946096501635,0.1280374279997056
OR51D1,0.0366253460782,-0.6654397902730905,0.13770627418553655,0.15190093767289425
RGS20,-0.162045240192,-0.66524644146602,-0.047951859962913686,0.17150543485457198
H4C16,0.185324988174,-0.66522950589671,0.3214654549667163,0.20465187666202944
AMDHD1,-0.0637496278259,-0.6650441402171551,0.03729149221804323,0.15193144925831623
FUT5,-0.06576023828369999,-0.6646904156765232,0.05999951816584067,0.18920049617616666
IL17F,-0.118383946152,-0.6646038690830266,-0.019419777393530055,0.14890700063936388
POLR3F,0.156308992595,-0.6639663679452837,0.2531589911894736,0.14586581982184801
ZNF430,-0.056945112817,-0.6635545785031297,0.02946224147926279,0.13021891053963278
LIPA,-0.0459016125199,-0.6632675818496951,0.049675971666385384,0.14410109404072227
PCDHGA5,-0.196203091225,-0.6628840407863321,-0.078731841234853,0.17721236711446425
TRADD,-0.151380297973,-0.6627080664746005,-0.06115816322729164,0.1361415973486816
CCDC69,-0.036336013411400005,-0.6608411807073258,0.062051083403911224,0.14888160678788726
CRABP2,-0.125904077294,-0.6604318524084271,-0.02221404460702056,0.15700337939311718
ZBTB3,-0.0557131809174,-0.6602871054524123,0.031643904120295156,0.1323016674357744
NDUFB11,-0.185560971709,-0.6594367899961823,-0.07699441344597231,0.16463527651172785
SLC25A22,-0.035806085641,-0.6590073433488868,0.07207318917621536,0.1636996551039989
CFL1,-0.5440171110149999,-0.6589351733809675,-0.32081580541665194,0.3387302948985283
SLC2A1,-0.19613356534200002,-0.658923587864437,-0.08911701482416681,0.16241116950247977
ZNF782,0.0629510290488,-0.6585892178606599,0.15035452056253867,0.13271321355314222
IRF8,-0.148265020185,-0.6584320435384924,-0.03145401681257736,0.1774078350510804
SMAD3,-0.10147525327,-0.6583450921303909,-0.00903979455479276,0.14040578386646435
USP38,-0.11742455932,-0.6583374038959602,-0.020432371581091024,0.14732899447140793
INTS12,-0.165563691512,-0.6576693946474699,-0.058713166530335086,0.1624684466865604
SNRNP27,-0.75945593838,-0.6575499756870598,-0.6333116674281907,0.19183982300357313
KCNAB3,-0.235045924399,-0.6570844182428927,-0.07255210590932586,0.24729519370463593
GABRA5,0.0034113033136499997,-0.6569070582983575,0.07930672089172694,0.11553448333265794
HDAC2,-0.111618889252,-0.6566983306496561,-0.009283071327663331,0.15583383290025768
HDHD2,-0.237650430099,-0.6563632671539036,-0.13652040495469747,0.1540763022629504
GTPBP3,-0.108841720677,-0.6556237030792118,0.02435019604091366,0.20315299171210952
SPOCD1,-0.134105980259,-0.6555356772760015,-0.03276628489248567,0.15459066360448764
RANBP3,-0.101537035495,-0.6552960632645638,-0.0012739288120934306,0.15300428661728
IFNA13,-0.16918237594799998,-0.6552781685160315,-0.02542114424187465,0.21938962506822507
CYP1A2,-0.218198739153,-0.6552627539449304,-0.10889403924929818,0.16681048822879993
WDR54,-0.28513453744899997,-0.6548817389340165,-0.12541917441142253,0.24388428252336683
NHLRC1,-0.0239646240911,-0.6544227209904053,0.07142731714258073,0.14576502033626562
ENDOU,-0.17719245873300002,-0.6541914920375496,-0.08715520626466108,0.13763134122687573
ZNF575,-0.116315998636,-0.6539903227814415,-0.0263584284801688,0.1375518368119559
SLC32A1,-0.09551153557469999,-0.6532599493949991,0.005643959064141342,0.15484723153856905
PHACTR1,-0.12127700341700001,-0.652857231428748,-0.03091944433446495,0.13840324458808814
SLC26A10P,-0.07408711601760001,-0.6526806922922896,0.03512517982961477,0.16732882883918113
QRFPR,-0.17530073519,-0.6525887451206814,-0.07545411832245019,0.15300082573303567
SCARF2,-0.14495637833799999,-0.6525457482965946,-0.03989302695356824,0.16100534201424055
ATP1A4,-0.126713565252,-0.6524296023072628,-0.028354106944484148,0.15075873007551444
TDP2,-0.208280330516,-0.652250657132271,-0.10686461253944696,0.15548580421895503
BMX,-0.156796723646,-0.6520416065042361,-0.04033925288552869,0.17860435530307636
GRID2,-0.0731530836493,-0.6512703883236487,0.02837363723379205,0.15589027645555775
PLXNA1,-0.096736586758,-0.6509221108477821,-0.012730351412060683,0.12905727727780958
ANG,-0.452113213345,-0.6507103648141385,-0.3246417975667321,0.19589578201152114
MCEE,-0.283708028605,-0.6498002355576855,-0.13528134557239951,0.22841894310058927
GNA11,0.021843144058699998,-0.6495307287140839,0.12658839171288147,0.16126295958553355
STK24,-0.17163352807,-0.6490428101571707,-0.05197587619498006,0.1843601839546515
CPPED1,-0.141921350088,-0.6487446970677058,-0.02300208118103894,0.18330672981909574
NUDT9,-0.06656434509800001,-0.6487397627456098,0.024186091197016247,0.1398872729967104
FBXO3,-0.10349181534600001,-0.6478487784561646,0.0033757384708569147,0.16495756011383433
BNIP2,0.00797347298587,-0.6473169217720746,0.11001176606142356,0.15763266746714533
STAT1,-0.0838201135614,-0.6470098598148516,0.016989344433129997,0.15580822527708874
MED30,-0.645357333127,-0.6467229277032267,-0.4925174149579708,0.23632982784733686
SMPDL3A,-0.058942687563300004,-0.6465231761271616,0.04738073668147896,0.16445415751633738
CXCL2,-0.203314996664,-0.6464858756385142,-0.10588678058744252,0.15070432278250567
CAPN11,-0.1097961291,-0.6461263197942203,-0.01942786442736738,0.13986160585659674
ADGRB3,-0.037371396610599995,-0.6456458512193493,0.06024718446146711,0.15119524254311756
ZIC2,-0.21885581884799998,-0.6447285466114174,-0.103311723186156,0.17921355626197089
PHACTR4,0.045166173356999996,-0.6443864047563151,0.1270604358077851,0.12708874961717218
EPPIN,-0.11530714285299999,-0.6442930448439533,-0.007609235333910976,0.16715671289789147
ST3GAL2,-0.157812774085,-0.6438337149743547,-0.0647414602798999,0.14455799943438397
AURKB,-0.687363069914,-0.6434945753167561,-0.5187658663358118,0.2620025250332488
ANXA5,0.037162320068699996,-0.6432677084288142,0.13347962812420594,0.14973129661795342
KALRN,-0.143841964584,-0.6428380412967426,-0.04044769738576742,0.16084030588741155
H2AC15,-0.16830973578800001,-0.6424230461416199,-0.021429689272360546,0.22863446041949786
EPOR,-0.147100676506,-0.642411664691809,-0.04182524887077521,0.163875336363529
ADAM23,-0.22934271913,-0.6421247763790074,-0.1147605243086955,0.1784422576986401
ATR,-0.6844625934819999,-0.6421229345676414,-0.490957394076267,0.3013522629214687
PRR5-ARHGAP8,-0.1348999881,-0.6415312692216226,0.0029111409268519415,0.21481591878453532
DSCAML1,-0.017212104765,-0.6411771700503378,0.0673998633806284,0.13196347608413075
PROCR,-0.164557497481,-0.640936569003708,-0.056852753385700255,0.1680427507244896
CXCL14,-0.17109818745400002,-0.6408980351579303,-0.07642410233338355,0.14772097888751812
B3GALNT2,-0.0730781951456,-0.6404612686584166,0.0307976697964975,0.16218914402066462
GREM1,-0.405951190571,-0.6404169159775971,-0.2811478890616402,0.1948782088600009
OR2J2,-0.235326292878,-0.6399914793719598,-0.13391372365880924,0.1584592490492366
FCGBP,-0.16086420857699998,-0.6394781786663518,-0.06454777738481143,0.15061722886785434
AP1S3,0.126780728254,-0.6392163715742242,0.23865677686404055,0.17502062460402704
FOSL2,-0.208498736445,-0.6389709155744631,-0.09699263599606678,0.17450888253448016
PDLIM4,-0.167113851101,-0.6380489717051061,-0.05580750143878973,0.17444797280177093
LILRB4,-0.342717194115,-0.6375863106908054,-0.2168093581700236,0.19747575164930858
GRAP,-0.116698772849,-0.6370180132187896,-0.017637615108492603,0.15550762409364388
SLC9A9,-0.020626254181,-0.636512016779822,0.07265994785232216,0.14655843027955134
CXCL12,-0.20587801399500003,-0.6364856013185092,-0.10696649068512348,0.15540260943056178
CDC42SE1,-0.06478868465149999,-0.6364284422328031,0.0248814086632644,0.14089579812016542
ARHGAP32,-0.140051981475,-0.6363856880120803,-0.002100808946552854,0.21677290223068071
FGF23,-0.18261940199499999,-0.636361471391974,-0.07376814848717121,0.17105255173561668
GOLGA4,-0.115390868748,-0.6361554537078711,0.0025942565813779316,0.1854658710252257
HLA-DMB,-0.030826277327600002,-0.6361228653135046,0.062340133460686196,0.1464597735256229
LYPLA2,-0.17839066682,-0.6359194926373248,-0.06584968296618368,0.1769736344880377
ENC1,-0.15323704992999998,-0.6355334686381502,-0.015781516749957293,0.21628370489218862
UBTD1,-0.116077737578,-0.6353935776912573,-0.0004977678499571627,0.1819029555634005
LGALS4,-0.200210786677,-0.6337076908190308,-0.10594221719527228,0.14875718071196364
WNT11,-0.201734253641,-0.6335625502536478,-0.09106165157804928,0.17468299226121045
VKORC1,-0.04188161056069999,-0.6326348658294132,0.045539638472244924,0.1381859485697673
TRPM8,-0.18329795534,-0.632181630485093,-0.08816930999392399,0.15047676294086684
CHKB,-0.09344040676750001,-0.6321572602407936,-0.022805479670186795,0.11173632186144287
RASAL3,-0.129805693782,-0.631949249309047,-0.0274275722262205,0.16200370784159718
LTBP4,-0.13892417717299999,-0.6317406369243945,-0.03712736660050314,0.16113703096272353
RPSA2,-0.47832743768200003,-0.6313935343710781,-0.3650251277056684,0.17944800478387918
PLCD3,-0.182334051232,-0.631368845449272,-0.04102557757912406,0.22381287051362678
S100A8,-0.136768040511,-0.6308765842259847,-0.012257106802620113,0.19736179281584992
HOXC13,-0.25539888656599996,-0.6308136309681593,-0.12834262728089751,0.20141647714571292
HTR1B,-0.145338639115,-0.6306035453830313,-0.058709915968032086,0.13737430400006592
TCF15,-0.255570582318,-0.6306018693035994,-0.14097020025838317,0.18173175126514443
UBE2D3,-0.43554742350299996,-0.6304538826122468,-0.25476612395944176,0.2867478566306897
RBM10,-0.507252378377,-0.6302622920283985,-0.32831608614533386,0.2839076595488337
RAB3C,-0.0467553999449,-0.6302386246677789,0.03292150292279329,0.12642338909281198
ZNF35,0.014588150442600001,-0.6296526182296861,0.10866636532474389,0.1494128860238072
ZFP82,-0.17582606182100002,-0.6294884982622998,-0.07855375013940577,0.15452595551803414
SF3A1,-1.34278840992,-0.6291690862467347,-1.1362400106114992,0.32828758409071124
PEDS1,-0.20951960951200002,-0.6289985402104777,-0.1229146730713491,0.1376870229486874
TRERF1,-0.147452833922,-0.6288520670784115,0.014091430457388669,0.25688754611224923
ZMPSTE24,-0.178591465748,-0.6288274678711419,-0.07394280148206761,0.1664187231200543
ST3GAL3,-0.10002404318399999,-0.6284814771434174,-0.01002202637343879,0.14320552010480816
IQGAP3,-0.201882803105,-0.6279802278366946,-0.11046251992029436,0.14557828277434137
ATF7IP2,-0.128771494254,-0.627221850482198,-0.03752008620912143,0.1454850591935309
ZFY,-0.367958144248,-0.6272060992109638,-0.2390558152638869,0.20551829637223631
GRAPL,-0.194304707958,-0.6264513517510897,-0.05964520284537206,0.2149560452479201
GNGT2,0.006564195270539999,-0.6264468816648131,0.07681205273639573,0.11213697365556138
GPR182,-0.145641792489,-0.6259997549574722,-0.05049218107349968,0.15199624386748264
ACBD5,-0.11743073415100001,-0.6253476764840489,-0.011873935530951979,0.16879697900778964
LDHB,-0.21200147774999997,-0.6250342529709546,-0.11104476237886834,0.1615218924263069
CYP11A1,-0.16989416902899998,-0.6249782898911092,-0.08086702791575161,0.14244837389273104
NDUFA2,-0.15049456007099998,-0.6242004848265487,-0.06277296052004858,0.14053433421367378
DST,-0.11524937989,-0.6238343886497416,-0.021313315167055723,0.1505785292251429
SLC12A6,0.029433018887800002,-0.6232525578786683,0.10237002760751328,0.11702640895364329
CYP3A4,-0.17550060224199998,-0.6225157956039313,-0.07316787347287461,0.16438575453310011
NUCB2,-0.13712522050200002,-0.6223566330221297,-0.04908106100377095,0.14146898229507324
ARCN1,-1.5036600146,-0.6222439841056233,-1.3294605898731717,0.2799535699444524
NCOA3,-0.128443972028,-0.6219635028297757,-0.014863135682257632,0.18261656162938572
OASL,-0.145567829191,-0.6219035490930875,-0.030767639875956997,0.18459484510492724
STK39,-0.162079036856,-0.6213730199279685,-0.04938315881205312,0.18136590168818553
USP2,0.0019497742640899997,-0.6209753948012791,0.09928034701579855,0.15673821147592443
MAP4K1,-0.0497981790534,-0.6208118225767402,0.04045583734186687,0.14538063405535473
FRS2,-0.116280663846,-0.6198434478732623,-0.005060045547898301,0.1794334015785913
PGM5P2,-0.045865505480000006,-0.6190030791147115,0.043005047434070846,0.14357045370625962
DHX40,-0.180850127599,-0.6180064159139952,-0.09079687443367149,0.1457157253491374
MIOX,-0.0470049144283,-0.6175866086964479,0.04597991600605603,0.15056160403254362
ZNF235,-0.34075614499799994,-0.6172693588947871,-0.16938717506316384,0.2776242939414165
PDE10A,-0.140743881825,-0.6170852304171094,-0.059055334244058004,0.13237806311735228
PRKAA2,-0.0269009976767,-0.6169846825547124,0.10741821330483468,0.21770266714785688
ADCY2,-0.24123286751999998,-0.6164624318713682,-0.15548126938976342,0.13910271526185977
HOXD4,-0.139618202084,-0.6162450640259581,-0.043100731480627694,0.15662189644622726
TSEN34,-0.0576680621636,-0.615967219340746,0.023731465615755364,0.13214912291351347
ACOX1,-0.141232740526,-0.6157792772230144,-0.04689835403151985,0.15319513011204405
TRIM39-RPP21,-0.046093707204,-0.6154070333330632,0.0548434417953894,0.1640168921253804
CANT1,-0.09184788777899999,-0.6150558071904298,-0.016842588021595658,0.12194877095791999
SF3B2,-1.7773107735599998,-0.6149337190701565,-1.5616391659501578,0.3507233396405059
SIX3,-0.068778456788,-0.6149245031063126,0.023556304250796443,0.15015625588566428
GTF2H1,-0.22934584331099997,-0.6144457744486973,-0.10055364584525642,0.20960710093791515
LINC03106,-0.0677225518236,-0.6144069670216413,0.016000191798437948,0.1362659411690704
ANP32E,-0.146942914115,-0.6126590921576682,-0.023743412133126942,0.20108981252198174
USP19,-0.154988603771,-0.612508320903698,-0.06056588530541787,0.1541574461001123
IFNB1,-0.06270082716580001,-0.6114044890380967,0.04542074545776634,0.1768413130130441
MFAP1,-0.716094683855,-0.6106497831074095,-0.608237481602327,0.17662693942806415
LTBP3,-0.12165199363399999,-0.6101724268588512,-0.02576030408385269,0.15715506851693506
ACAP1,-0.188400179023,-0.6101320627420476,-0.10720590062626571,0.13307656383739613
HGFAC,-0.0487765477301,-0.6100637608782603,0.05907648969249867,0.17678977893610862
KLK9,-0.22940054227200002,-0.610023241177545,-0.11285565889000024,0.19104990681507464
SDCBP,-0.0242704820236,-0.6086868294054609,0.09245048402133989,0.19175865224313773
PTPRCAP,-0.18150973649,-0.6086610080500165,-0.08053783591802753,0.16589184987462696
PRKCSH,-0.056219564091600005,-0.6086536681897696,0.036432432377800264,0.15222449368449822
CDK9,-0.36428713629,-0.6085082678897334,-0.25543808921403816,0.17887850144328055
UQCR10,-0.150645720447,-0.6081572791974386,-0.05871055853907195,0.15117004277125698
ALG6,-0.018170832685200002,-0.6080787557118584,0.10357155129009885,0.2002082507105168
STAC3,-0.0428429477932,-0.6079483357248615,0.07469992790375447,0.19334352738511437
S100Z,0.016913280759299997,-0.6079234903391098,0.08922991533026813,0.11895680249274249
TSFM,-0.194670273035,-0.6079025608063355,-0.10717616356164328,0.14392785145912626
ENTPD3,-0.196139633565,-0.6073831040143362,-0.05961652889830085,0.22477264145872053
TRIM37,-0.21886664332,-0.6069690833179381,-0.1033931006759693,0.19024616873862124
MED18,-0.0738280122926,-0.606228718952808,0.012851066331791087,0.14298081881392793
ZNF75D,-0.122421515076,-0.6059395982530389,-0.02469537100464804,0.16128033941518669
MADCAM1,-0.049119354125899996,-0.6058949628073569,0.05146223987014139,0.16600500114740369
AP3S2,0.025949280438000003,-0.6045661484807487,0.13526463625949195,0.18081620364652767
OR5C1,-0.13427036783500002,-0.6043815423363383,-0.020640500625674272,0.18801015459550668
PLP2,-0.048817868875199996,-0.6043654614808447,0.0517698974283811,0.16643533212026415
ABT1,-0.18818786403700002,-0.6038525446082483,-0.08888476006040522,0.16444925977917021
MMP21,0.012444338329999999,-0.6034762782744509,0.09420799130759899,0.13548776633174345
AFG3L1P,-0.18937674005999997,-0.6027123953147338,-0.10647793592619562,0.1375428890764972
OR52B2,-0.11166970242,-0.6026431627448188,0.009985692296787148,0.2018697004089309
GDF11,-0.0678376237036,-0.6025615484105888,0.031010112548869304,0.1640458746715678
PLXDC2,-0.0964269359432,-0.6025439021333716,-0.0017786704021268915,0.15708111094637373
RNGTT,-0.716103497436,-0.6022145596026457,-0.5430669519912644,0.2873337130190091
GSTZ1,-0.32611413219999996,-0.6020339576359094,-0.21441040871284875,0.18554389178609423
ZNF530,-0.278774649663,-0.601904624359765,-0.1269498013425038,0.2522407075406498
ABCA9,-0.00427319957579,-0.6015353777912635,0.07537798321360971,0.1324131310146137
ARRB1,-0.06695461319469999,-0.6010042751753033,0.010578818557448097,0.12900645628441298
MED16,-0.184529857756,-0.6002572014499926,-0.07785490097836725,0.17771541352597972
SLC25A27,-0.102372448237,-0.599763139079385,0.02202647352063901,0.2074134164840255
N6AMT1,-0.0986176575235,-0.599596546843275,0.005940814240533076,0.17438137746874485
IL18,-0.0197056399053,-0.5994090673432094,0.05212708896624726,0.11983924298965819
CNOT3,-0.41418607075400005,-0.5990894909795798,-0.2864360248358381,0.21324033861664982
ESD,-0.205114467651,-0.5989223069398019,-0.0778855374495155,0.2124297738241905
CNNM4,-0.195601960441,-0.5987855311360754,-0.09743603732614867,0.16394170869259517
AKAP5,-0.166765424438,-0.598332423423881,-0.06317726474477632,0.17312810678126656
KDELR1,-0.0714295090144,-0.5979234716841724,0.02778148899331535,0.16592591310768837
PDGFRA,-0.0933047973233,-0.5976187452442455,-0.0005112514371647812,0.1552721473758503
TMEM130,-0.06840872576030001,-0.5966521389622186,0.01726266488073185,0.14358683233758887
DNMT3B,-0.239964509808,-0.5965128871682946,-0.14212203617517288,0.16402407347357567
NKX1-1,-0.113160744279,-0.5964768168259642,-0.02393016369826393,0.14959605815957663
POU2AF1,-0.0549142674684,-0.5964706175476719,0.03684262418091275,0.1538330455011545
BATF,-0.139482591917,-0.5961492818825022,-0.03334775076274034,0.17803399983827922
GIMAP2,0.0111966787984,-0.5956941908948712,0.0856163196723732,0.12492927077596239
BPNT1,-0.0858047075549,-0.595574539771187,0.01890242840986611,0.1758086166762491
CAPN10,-0.0856469283591,-0.5950287170646615,-0.004901439083528977,0.13570015523603113
HIF3A,-0.223917995828,-0.5948503338257556,-0.12245637545690571,0.17056663601169733
ZNF800,-0.17175757521499999,-0.5943536493939154,-0.06383688899393737,0.18157655182417634
PTDSS1,-0.111416417696,-0.5942593573703895,-0.02106435827372948,0.15204145850067946
SNRPB,-1.46978243152,-0.5941945894320594,-1.2592365602843643,0.35433825043220085
PRKN,-0.167391399495,-0.5941581512933546,-0.0803252965854616,0.1465369156680157
MOXD1,-0.0203409274369,-0.593193722038023,0.07253878223672067,0.15657567877575612
TAS2R8,-0.18261977862700002,-0.5931731993684292,-0.06515327874433335,0.19803069324058653
MLH3,-0.038631339092699994,-0.5929884211941391,0.028160415416184637,0.11263584940559508
TAAR6,-0.250548279778,-0.5928452341689114,-0.15324931042689635,0.1641220401940206
RAB17,-0.15466760486199999,-0.5923160716519436,-0.037027494300910097,0.19861036394470402
ZNF581,-0.042336762614900006,-0.5922982864325838,0.057642400820770066,0.16879867074720944
API5,-0.08528101835799999,-0.5908644310554262,0.014108562246116858,0.16821046483807311
CYGB,-0.111981544929,-0.590817119843953,-0.031418391114641515,0.136358868266439
NUDT1,-0.07189108098369999,-0.5901755844488655,0.015424414481526996,0.14794833565805068
CC2D1A,-0.57037053854,-0.5893213351737313,-0.43561112978308386,0.2286688105686674
FARS2,-0.36386029357199995,-0.5891259830781961,-0.24708820380864793,0.1982124250456843
RNF121,-0.13553090444,-0.5891012652353745,-0.04103334949583175,0.16040969612654266
RPS15A,-1.5944536529,-0.5887744676210415,-1.403411797515899,0.3244737431567141
HSF2,-0.18361258267799999,-0.5887733839457949,-0.08946789859399631,0.1598996942644932
ADAMTS9,-0.0475282559118,-0.5886532566296995,0.04680316398102271,0.16024955069969687
USP1,-0.17705605845199998,-0.5880530023963592,-0.09298739678149386,0.14296102788000428
UBR7,-0.165086261802,-0.5871788267078049,-0.07338141015850695,0.15617874397424028
FGB,-0.187804932874,-0.5871689915732063,-0.08418749380453028,0.17646953527271036
KIR2DS4,-0.159746077249,-0.585764931872311,-0.05672929447756408,0.17586710498724803
COL14A1,-0.069910823939,-0.5851125821023568,0.004758186594287805,0.12761477503183408
PAPOLA,-0.44741317255900004,-0.5850027144560801,-0.3568383184474442,0.15482809202991465
RCAN1,-0.122178824322,-0.5840952680368896,-0.05174260705638022,0.1205902891532606
REL,-0.0379881572059,-0.5840874870394948,0.0390560101704511,0.13190518387383557
SERPINE2,-0.019687989254599997,-0.5840715004444372,0.07332203402142133,0.1592442418526623
KMT2C,-0.143411275447,-0.5836899094421688,-0.03337194725897473,0.18852360886825956
FGG,-0.023048281963800002,-0.5832425270647228,0.07019505897547126,0.1598706140454741
DHX57,-0.165419848402,-0.5830746729024113,-0.060373888006510314,0.1801586748273512
CELF5,-0.17321075278,-0.5826879455056395,-0.07828225049271723,0.1629148209079675
ZNF211,-0.064385499804,-0.582337339897297,0.029240942652844985,0.16077698619387393
ATP5F1C,-0.53691789354,-0.581921601571105,-0.3959850592431012,0.24218525986387227
TUBB,-1.0391460190000001,-0.5816671096824486,-0.8184862706011105,0.3793574447063977
B3GLCT,-0.324937987544,-0.581288423135167,-0.1987934048932885,0.21700859268855435
NDUFA3,-0.298611309274,-0.5812120253146825,-0.17058391763570724,0.2202765704460013
VEGFC,0.0684975647789,-0.5809374576357086,0.13827347727097453,0.1201091642051239
CSDE1,-0.18136887543299998,-0.5809045227857585,-0.0488143537171246,0.22818641707281453
ADHFE1,-0.0998637777771,-0.5805243411068751,-0.007935173508027712,0.15835443539506663
ZNF556,0.0958942163987,-0.5804770856988171,0.1571183646968622,0.1054721190664339
SLC5A10,-0.00775330500196,-0.580185773221573,0.08739762719648327,0.16400080213980894
MDM4,-0.22701091628199999,-0.5796348017490458,-0.03636705944806421,0.3289033996210522
SCO1,-0.139250023983,-0.5788768910442744,-0.05390265968730378,0.14743612263003353
ACTN4,0.0231380895622,-0.578827344630734,0.13157636137440673,0.18734130793593642
ARL13B,-0.09698797449650001,-0.578720924572264,0.011172761234631916,0.18689618974996308
TNFRSF10C,-0.133879333126,-0.578049298155798,-0.025180822211504587,0.18804366904567818
VHLL,-0.0295407964793,-0.5776375003702953,0.057240237965169076,0.15023441931806364
MDH2,-0.17186112424400002,-0.5754559783909586,-0.08892303685430437,0.1441258593256779
CD8B,-0.119436186629,-0.5752853517986061,-0.03419305028492899,0.14817539865661772
PHF2,-0.0876708778609,-0.5751404078774089,0.00030383577064769417,0.15296215050551532
CREB3L4,-0.160836700668,-0.5751244606442221,-0.059939372689836214,0.17543564025279723
ULK2,-0.298410229487,-0.5743675957755504,-0.21186517861092818,0.15067885359934485
SFTPB,-0.19130229469300003,-0.5742868970369855,-0.08042620766676792,0.19306741560410598
OR7A5,-0.220221700042,-0.5739370137668007,-0.1227704103752861,0.16979439786803824
CCL27,-0.255141303954,-0.5736247433633971,-0.1452017382629012,0.19165764197422522
ZNF678,-0.166631035862,-0.5735892606411717,-0.06912122621347161,0.16999936424808518
KRT3,0.00173001354714,-0.5733474544757372,0.09973402124326398,0.17093301266286742
PCDHB2,-0.0831382064969,-0.5731407302054106,0.025647567010920587,0.18980639095189128
CAST,-0.141014027224,-0.5728325419069187,-0.03733557436397989,0.18099260302999187
KISS1,-0.142158516925,-0.5727848468754099,-0.06577804733120496,0.13334931957515464
IMPACT,-0.222284025914,-0.5724089915193911,-0.10531064210033603,0.2043528063791803
LRP1B,-0.0449889004743,-0.5722304355656315,0.047849050771076665,0.1622387511660566
ADAMTS5,0.059503623191099995,-0.571731224781978,0.13447952110318773,0.13113836478089644
TLR9,-0.198900988055,-0.5714291628565331,-0.11755178838026639,0.1423609520873503
HSPA4,-0.047216975126599996,-0.571203897452022,0.03660134602331537,0.14673975707064504
FOXM1,-0.258688172232,-0.5711506213221847,-0.15107696517406488,0.18841125797748526
ADGRB1,-0.10318868729800001,-0.5703892506845734,-0.013964389035513882,0.15642703321530052
DAPP1,-0.19269793115800002,-0.5699018341469552,-0.11568824980278401,0.1351279759793829
OR10K2,-0.10481957759800001,-0.5684758579830779,-0.0036148669267066116,0.17802815941975503
RAN,-1.7028434915700001,-0.5683595105461173,-1.4726982195380567,0.4049290418502977
TFDP3,-0.12220332103599998,-0.5679689416388626,-0.035482716241447186,0.15268546999123278
ZNF670,-0.37286833813500003,-0.5678322053684041,-0.258809576466837,0.2008670177383877
PRKG2,-0.155333986787,-0.5677681461970463,-0.05402818137324444,0.1784281243889948
CYP11B2,-0.14742602527999998,-0.5675109395778472,-0.062331849463333325,0.14994279384282078
ARHGAP4,-0.232880211242,-0.5670934673973236,-0.10889588888008979,0.21863119483801582
SLC27A1,-0.0356957959485,-0.5670224622679172,0.06230482494764789,0.17283375424701033
UBXN1,-0.263300759483,-0.566897195737465,-0.15847350915324834,0.18491403929663836
SMG9,-0.052984256058300004,-0.5663291878878273,0.04193394620068315,0.1676025256847323
ELOVL7,-0.23145671123199998,-0.5660110049701234,-0.12488556280933923,0.18828458720212707
SKA1,-0.159400228027,-0.5656573033882616,-0.062345257648639664,0.17157909885898312
ACY3,0.0364934050194,-0.565610137311728,0.14803697297267424,0.19720928002356253
ZNF600,-0.0204304531071,-0.5655525747769556,0.06182880653291743,0.14544935927921307
NPHP4,-0.129326453234,-0.565019257934887,-0.03606244181711187,0.1650634205951895
CBLL2,0.06830178660830001,-0.5649955774999261,0.1622069731067661,0.16620517086875491
MKRN3,-0.0255786907914,-0.5642209548916578,0.06630297658409211,0.16284696018270947
DUSP13B,-0.164200867303,-0.5631851913860778,-0.06370084027130216,0.1784493423634829
ZBTB2,-0.08647310731920001,-0.5631289557840473,-0.010448831265264243,0.1350033154450152
ZNF787,-0.031084632548000004,-0.5626992133297871,0.0742902307352666,0.1872667684386977
LILRA2,-0.209654461127,-0.5624259408908434,-0.12514434720442996,0.15025998585469214
RNF32,-0.06999091311939999,-0.562417571460958,0.02082136992759632,0.161467720169373
TMC2,-0.0484675960762,-0.562327884477888,0.026132819434458335,0.13266355371995037
TPSB2,-0.0915384982194,-0.5609398586430315,0.025066566332183994,0.20787444991636544
LRP1,-0.128605424233,-0.5606172888431704,-0.03885838633629654,0.1600861045186384
USP40,-0.108291187039,-0.559800872405018,0.026080351589652204,0.2400345287983651
SPTAN1,-0.0882394571425,-0.559643537009025,-0.012149391606212766,0.13596166220902892
NHS,-0.10241023076099999,-0.5594404083610357,0.012685937986221045,0.20573445719520417
S100P,-0.10533896721699999,-0.5593529460572703,-0.015035347142868043,0.16144300429747996
POLR2A,-1.39952150653,-0.5591410839853344,-1.1809013894159197,0.390992762606252
PARK7,-0.170088668724,-0.5588555380738359,-0.057023782687229324,0.20231504983642581
PPIAP46,-0.0188815252678,-0.5586353762164555,0.07018593275612968,0.1594375541111785
PPIL2,-0.473270527547,-0.5584090761604835,-0.33958044730003306,0.23941244144202484
NOVA2,-0.0715137695169,-0.5582390449914636,0.010936382718615061,0.1476968567054923
SLC22A25,-0.0306804176136,-0.5582220593650151,0.03446487741098831,0.11670139854145488
ADAM18,-0.0591380223305,-0.5578463502281882,0.025894228179417205,0.15242951840616076
TCIRG1,-0.011082905191600002,-0.5575886331051854,0.0664124543672498,0.13898303329334696
NPHP3-ACAD11,-0.0283945953124,-0.5575190201333023,0.07224143278616935,0.18050689656203542
STK33,-0.159294201379,-0.5565919243555271,-0.06464240329399186,0.1700560032282262
CELA2B,-0.0536068390416,-0.5561992010023494,0.048047380143839254,0.18276584900201945
AKIP1,-0.0132085472828,-0.5559053081225854,0.05439132096430692,0.12160320698394941
ATP1B3,-0.100506055317,-0.5549373235389884,-0.013972233272169402,0.15593440623705135
F2,-0.292101417652,-0.5548490486186419,-0.18567273679370055,0.19181555978741496
RPGRIP1,-0.199929913314,-0.55482803341122,-0.10999344271256119,0.16209792077103088
LIN9,-0.068515160544,-0.5546462419114755,0.04065098373130763,0.19682120967607877
GRID1,-0.0243934266382,-0.5543085189173859,0.051632482428059435,0.13715450236042706
MPPED2,-0.0147201082482,-0.5530322973752282,0.06369194634912145,0.14178566960641625
EPS15,-0.17133050786100001,-0.5526680744778047,-0.07629645185347445,0.17195503123157543
KCTD13,-0.11027534957999999,-0.5522588950519909,-0.03572495518798452,0.13499174944931783
PRPF4,-0.914829015363,-0.5521288161843442,-0.7552118233132528,0.2890941160304417
NFKB1,-0.132427286403,-0.5520207373941056,-0.03774309680669859,0.17152288525114462
OR1L6,-0.043582051517500005,-0.5520059266111734,0.05760258575225418,0.18330353424090584
HLA-DQB1,-0.243961146033,-0.5516646406561786,-0.13745278957142718,0.19306721622557912
C8orf44-SGK3,-0.378927674965,-0.5514662929904637,-0.2848105573025859,0.17066703597066743
MAT2A,-0.445106579859,-0.5512573475820886,-0.30270431301852985,0.25832266447798197
SPATA8,-0.200593029688,-0.5512504750497308,-0.06887170246951867,0.23895004753800558
PRICKLE4,-0.07657692981039999,-0.5509879210529041,0.01760526221616319,0.1709333152831859
ACAD11,-0.153775784247,-0.5509268548211144,-0.05413851711315106,0.18085389423647008
BTF3L4,-0.177045772007,-0.550630634494676,-0.04488267404113642,0.24002133133611817
BBX,0.07920631717139999,-0.5503768819632444,0.1704181663689887,0.1657261636285081
GPR162,-0.265387878024,-0.5500181255760968,-0.15448697667554664,0.20163135757079675
GCNT2,-0.193452437141,-0.5497740573688265,-0.08425477968020646,0.1986227905758314
RPS9,-1.37933140521,-0.5496717200070483,-1.267600336538212,0.20326872313961386
CNTN5,-0.025525462145500003,-0.5496545302206713,0.049719687489970715,0.13689535062189306
SMAD7,-0.139705806526,-0.5494151221687704,-0.06292924372862459,0.1397423545502467
TBXAS1,-0.162351657865,-0.5493603642717859,-0.08352044410197278,0.14349636211473554
AGA,-0.381049764801,-0.5490954550904816,-0.2608190507832391,0.21896140808149459
ADH1C,-0.0036973510328099997,-0.5481861193296659,0.07931781945808764,0.15143610457048862
MAPK7,-0.119752412985,-0.5472980823488413,-0.005825600027809344,0.20816227323189315
RALGAPA1,-0.0322354366547,-0.5466971782929546,0.05199293340454117,0.15406768756744219
PDIA6,0.050234076177,-0.5465636812095752,0.11724965313992955,0.12261256879458295
EDNRB,-0.09912183577539999,-0.546300686981298,-0.02099970391478945,0.14300207508852167
FBXL12,-0.157476671245,-0.5461682360743737,-0.04737477878671859,0.2015897029267891
OR5P3,-0.183569716169,-0.5460129523706337,-0.06928902487438982,0.20930033032812823
TRIM55,-0.185242313959,-0.5457055755826802,-0.10836974485490568,0.1408682127207757
EPB41L1,-0.08966021128360001,-0.545451743928171,-0.008530350428591476,0.14873884217646263
BBS1,0.0177537764223,-0.5454099315655193,0.07862919864012069,0.11161406988517189
NRP1,-0.238680697486,-0.5451866089523462,-0.11678029714675169,0.22359390039586136
PDGFA,-0.0583260779732,-0.5449359589077228,0.025258898996572958,0.15338495396286903
PDE6C,0.057526493317300004,-0.5448531322890301,0.1383393253871497,0.14832039549876466
FGFRL1,-0.149736634321,-0.5441225145583005,-0.07358573553368097,0.13995175121385237
CALB1,-0.0987613767829,-0.5437325659193739,-0.008108486769498803,0.16672330424079007
KLF11,0.005562160705680001,-0.5423471243919554,0.06516788854872221,0.10990327995168835
EIF4B,-0.49848127692599997,-0.5423293514570249,-0.3520949099941349,0.26992152746035725
UBE2D1,-0.0835179932145,-0.5419557201184403,-0.005755727074578993,0.14348453804109063
CDC40,-1.4147844054499998,-0.5410519832686453,-1.2097140812063232,0.3790214814569015
FBXW11,-0.34338600610299996,-0.5407334337592008,-0.20682126561565875,0.25255464515655635
FLI1,-0.133623826329,-0.5406566961694079,-0.013557334590436771,0.22207528842099444
KHK,-0.146696029251,-0.540465298077893,-0.06923643490899613,0.14332019949750824
GNLY,-0.185877557088,-0.5395553823055154,-0.05629410489170232,0.24016710136888772
MAN2B2,-0.12319907227099999,-0.5388143787711229,-0.025499480162685044,0.18132328304069942
NLGN4Y,0.235948381153,-0.5384246617161369,0.36665133546426254,0.2427506828804408
TMOD3,-0.19746649159600002,-0.5381018708326165,-0.11577035741233828,0.15182280272925194
DNPEP,0.0504901494978,-0.5380142682154652,0.13401297853512223,0.1552427769515451
STON2,-0.177669784749,-0.5371222491762297,-0.09109750437469986,0.16117798230677235
NR2E1,-0.080120773176,-0.5370514343765191,-0.009647592812885752,0.13122240413514377
MORF4L1,-0.07379661314889999,-0.53525862460133,0.015161367722963106,0.16619625874897495
MLC1,-0.148919153607,-0.5350223708405135,-0.004224408258911821,0.27044615932745864
MLN,-0.22415593659000002,-0.5347510746094765,-0.11606664266430235,0.20213011073354878
SEMA4C,-0.145931900834,-0.534391018225764,-0.05382363482443237,0.17236117911445642
BRPF3,-0.10210826259099999,-0.5341464622037344,-0.035150571972428886,0.1253545522745259
ATP13A1,-0.16117986457,-0.5339947335236057,-0.07230440626737657,0.1664350839495585
IL36RN,-0.160196135065,-0.5339439570918684,-0.07063798550580969,0.16772949364755385
WNT10B,-0.071707211928,-0.5337721632387121,0.005293737720421711,0.1442580841631218
SYT9,-0.12108578690300001,-0.5336205172683594,-0.006471625342002273,0.2147858971909769
CRYBA1,-0.122784301742,-0.5335818814414393,-0.008523676789288044,0.21413887713736415
XPOT,-0.09159300797280001,-0.5331567282336254,-0.009055750938966456,0.15480861942281696
PIN1,-0.0006850761307429999,-0.5329896644544134,0.08817603185213485,0.16672200965442574
OFD1,-0.327214020993,-0.532651025593927,-0.20589989170686226,0.22775536600322452
KASH5,-0.173238527054,-0.532489041706388,-0.08924728219460243,0.15773328328080405
PECAM1,-0.104373920385,-0.5324329181171816,-0.02738296642374672,0.1446021674120242
TPCN2,-0.105099751343,-0.532393995161456,-0.018891295370238575,0.16192604867118662
CENPJ,0.0291893378669,-0.5319614818537546,0.10387249920953757,0.14039204696247026
PRSS50,-0.07688181842139999,-0.5318374786644499,0.008318675129063962,0.1602002434360576
DMP1,-0.0103905582778,-0.5309945199675358,0.0978874019419453,0.20391540053250504
C1R,-0.103559727795,-0.5309831491821209,-0.012515342758839495,0.17146379348647348
ANKRD49,-0.25277378631700004,-0.5292074140315177,-0.16127109814573998,0.17290515163835268
ZNF584,0.04705859160090001,-0.5291466827443709,0.12906519105828965,0.15497895410034493
ZNF219,-0.132052557082,-0.528136012463336,-0.0625226759098015,0.13165146767382271
COPA,-1.5689720096000002,-0.5281003451378367,-1.3690580919247362,0.37855290100801875
REXO4,-0.0576331557891,-0.5276673000448102,0.018384968598761223,0.14406449742367144
TFPI2,-0.0671446221265,-0.5276367717686503,-0.004103197401077448,0.11947883107939253
ISG20,-0.416943488442,-0.5275663901579051,-0.2481784821590178,0.3198934000182791
AZU1,-0.459804573366,-0.5275538612206682,-0.37507752831145974,0.16060359194129784
TRPV6,-0.314191085065,-0.5275374090407298,-0.23650664240542127,0.14725864237920028
EFHB,-0.14164401847400002,-0.5270826219808854,-0.017638749719700402,0.23526723056863874
KLF14,-0.00771321068549,-0.5266403255529685,0.06997520137237295,0.147517021178146
DDX5,-0.43010659830200004,-0.5266322566135533,-0.300093792059612,0.24687588845852335
INHBC,0.0379786384241,-0.5265460847693637,0.12558775719348067,0.16638452227359166
RBBP8NL,-0.11280908419399999,-0.5263397900505282,-0.01615027949628682,0.18364335458741204
PLEC,-0.00876678065554,-0.5251956197725112,0.06069096057122995,0.13225118148711068
PNPLA4,-0.0644571793486,-0.5246183085935214,0.022514096804941586,0.1657801009398771
ARHGEF19,-0.011149960806100001,-0.5243647253191275,0.07864111219645441,0.1712378210565322
IL3RA,-0.0592776366522,-0.5241533131608076,0.011253573389313922,0.1345621753608477
INPP5F,-0.0738731682254,-0.5236758873269329,0.007106385470337938,0.15463678136698716
DRGX,-0.0649877846187,-0.523494051831629,0.005455173507781425,0.13456305354380213
RPS17,-0.9698406858249999,-0.5231686796316166,-0.8820788289282325,0.16775059424154357
GTPBP6,-0.12932625096699998,-0.5231318163254343,-0.0455257712707692,0.16018998860528008
ZBTB1,-0.06782804544030001,-0.522857064600955,0.0050016720070495254,0.13929183017338254
H2AZ2,-0.782501228241,-0.5226900814615757,-0.6394891809330195,0.2736077311971982
TXNDC17,-0.0264219316505,-0.5222492413296871,0.08224285931068472,0.20807074929303052
DMRTC2,-0.0326412866125,-0.5209534622048532,0.048318099409816885,0.15540617712697233
ANKRD29,-0.0356035324973,-0.5208752491679849,0.04053765444463694,0.14617931465079276
NMNAT3,-0.0616926416663,-0.52052821879107,0.025113814103053512,0.16676608997483755
GNPAT,0.0213161595904,-0.5204615212129374,0.08834766148339368,0.12879242587766435
PKD2L2,-0.166144190163,-0.5203174892827929,-0.06462113237991454,0.1951175193496285
PTPN7,-0.11624013087099999,-0.5202580384375506,-0.047519401764792454,0.1320897017037757
ZNF548,-0.178517023345,-0.5199843094703851,-0.07464730490030448,0.19975548598858492
SGK3,0.147523445698,-0.5199495868561186,0.24434211370675868,0.18620779871020557
ZNF282,0.0521909732077,-0.5196827500957745,0.13709496388634446,0.16337658054456713
CDC37,-0.572663780815,-0.5192897254862512,-0.4092144474499824,0.31475556966194035
FOXQ1,-0.083979911457,-0.5191607156696529,-0.00861918949446324,0.14515875274832915
RAB27A,-0.29125009476999997,-0.5190673874828785,-0.17152429398895797,0.23065560208209224
ARAP3,-0.172907407269,-0.5190158925760081,-0.10032746185909688,0.13984147007458742
PAX7,-0.386882216558,-0.5187777681110762,-0.2459809083225121,0.27160244115418475
PTPRVP,0.044141166295800005,-0.5182026485866169,0.12437256174176466,0.15482629366097128
METTL4,-0.043524619106700004,-0.5178279952236204,0.04360912452480333,0.1682677345280941
DAB1,-0.08644881096339999,-0.5176277640472841,0.023036954901405424,0.21151447713844837
EIF5B,-1.2709964733299999,-0.5172164837046087,-1.1540384317196937,0.22612976441234803
ZBTB18,-0.0368062432018,-0.5169035158340177,0.03295559215610289,0.13496103860958075
CDC42,-0.404473636771,-0.5159823438759383,-0.2673126851861599,0.26582489345375504
AQP11,-0.0924219168213,-0.5156041601831953,-0.03135576890451364,0.11843610395829508
HNRNPU,-1.3054402426799998,-0.5147603324571643,-1.1241389367798837,0.35220527781286065
IRF7,-0.0542503204708,-0.5138913902472875,0.03140179937771308,0.16667358409584715
MYT1L,-0.0205187625885,-0.5138019313392577,0.033714715643216854,0.10555327826494115
ENO1,-0.214518441402,-0.5137265811784469,-0.12376564809257792,0.17665582555849563
RGS4,0.0522897198271,-0.5136895855428413,0.14210579736165227,0.17484504273069731
SUCLA2,-0.0835640756677,-0.513221382592268,-0.011947639816636112,0.13954296972065175
RCSD1,-0.00782486938842,-0.5131095914010142,0.11123331280842956,0.23203265772477283
HUNK,-0.007364841651520001,-0.5127243667813675,0.06810981024183106,0.14720316954535237
HMGCS1,-0.147863153376,-0.5125581526235817,-0.04602351296684922,0.19868894853759342
TMED10,-0.247119605499,-0.5117676969148138,-0.1308188495875522,0.22725302244077866
SART1,-0.895853943412,-0.5115657125007036,-0.7533609348534444,0.2785429223979894
EBP,-0.09279621292130001,-0.5114321367851346,0.001540022223897934,0.1844550397990163
SRSF1,-1.20438397482,-0.5113878042162661,-1.0375268867491845,0.3262828849165352
ZSCAN4,-0.056533843317900005,-0.5111983709374622,0.01650635094408915,0.14288033455201402
EEF1A1,-0.793810668839,-0.511065704219918,-0.6135784053666945,0.3526596717097441
ATP9A,-0.104690138889,-0.5105794846444585,-0.024351444531575835,0.15734806582244082
LYL1,0.0547146541729,-0.510444424624539,0.13818376014923778,0.16352241683849142
AGPAT1,-0.10021224302000001,-0.5104118025582682,-0.011675132204902239,0.17346211504384332
RHBDL3,-0.0336559357313,-0.510062854039531,0.02378390389993237,0.1126132577119224
RPS18,-1.1516098905299998,-0.5098342116553559,-1.0285640543987957,0.24134480056113256
SLC35A4,-0.028829985152699997,-0.5096060872023664,0.053874061532919605,0.16229014676737472
SUPT4H1,-0.577042429538,-0.5093650643026848,-0.4564569022296729,0.23673694126119033
PTGER2,-0.14376234436,-0.5091594044734921,-0.08180583633551551,0.1216839117182801
RASL10A,-0.13228709572,-0.5087408604134842,-0.03720282383702102,0.18690118935148692
DAXX,-0.148741385049,-0.5082434887602009,-0.06757711479337807,0.1596956420506487
CLTC,-1.24544357074,-0.5074068339898702,-1.0634464118697737,0.358680937422809
SF3B3,-1.24594705427,-0.5071851467310493,-1.124941790310085,0.23858203407538248
SIM2,-0.29587181208700003,-0.5071360891860092,-0.1929820870720762,0.20288385545597717
OR4D10,-0.0132421771859,-0.5068914705038629,0.07821303413147776,0.1804236540545237
GDF7,-0.0135507175832,-0.5065924280403693,0.07022796466094276,0.16537689394257316
CITED1,-0.0720664823057,-0.5058525821820352,0.044573674135523114,0.23058132062524334
PPP1R14D,-0.21744363510099998,-0.5055891320181192,-0.11697818025190508,0.1987096804238554
IMP4,-0.606720731913,-0.5049402487577335,-0.48885230781998074,0.2334304393103978
HSPA2,-0.0304527082778,-0.5048626846788975,0.038439735620010365,0.13645778543056178
POLR3A,0.0745585188119,-0.5048356274339763,0.1517259586014435,0.15285656478283255
SLC16A4,-0.166287507329,-0.5048301230881653,-0.0761519541866369,0.17854630502431706
RBP7,-0.0221245506578,-0.504363692384382,0.03905341429909401,0.12129732151748446
GPR26,-0.118642548335,-0.5030942087566589,-0.042740314812947766,0.15087081544754039
KLF13,-0.21997600662500003,-0.5030641238134974,-0.1466167824381548,0.1458247979019906
U2SURP,-0.783560408325,-0.5028325004083433,-0.6567975713674076,0.2520975411387491
LEF1,-0.169477690838,-0.5015626624980117,-0.0843213473568298,0.16978206283747796
MRC1,-0.0184087175416,-0.5014493873222283,0.06565231405982705,0.16763612385752094
AGPAT4,0.0033285261071799997,-0.5007776051758729,0.11433892186248454,0.22167603864058125
LIMK2,-0.056427884487899996,-0.5002928652202898,0.029835435254902176,0.17242564453686254
HR,-0.0754742828289,-0.5000727918727362,-0.010948389533297548,0.12903300148355937
ZNF689,-0.170902523645,-0.49955149754244216,-0.07903260529050349,0.18390480021870256
MBNL1,-0.14879091298,-0.49946441921317003,-0.04231246016213371,0.21318526149591763
RHBG,-0.09107124029750001,-0.4990947528387219,0.009051988554481718,0.20060966035508626
PRMT1,-0.8023581636750001,-0.49900014574430057,-0.6810749884664531,0.2430523843387721
CD84,-0.236420988889,-0.4986398597987782,-0.12825533798091698,0.21692138881904136
SGCB,-0.066554173501,-0.4983281643681335,0.030030951243048738,0.19381831421572576
ZNF205,-0.145398457831,-0.49789524628703624,-0.06641563038866635,0.15863342345871706
TWF2,-0.146173058612,-0.4976340003900063,-0.07265242600293993,0.14774037254576736
SHOX,0.034449639189699996,-0.49726748658353453,0.12203303177874307,0.17612933672937853
SMURF1,-0.20739129941599999,-0.4961726737475377,-0.13944499587501075,0.13694084163845274
GOT2,-0.256971054455,-0.49616121611575337,-0.15994271370319899,0.19555809200766816
PTPMT1,-0.19405432452799998,-0.49604579594707876,-0.1180501570587784,0.1532200617164996
ATP6V1G2,-0.17716190293099998,-0.4959210581183146,-0.08484911482189114,0.18614411829853225
AK1,-0.0747737032275,-0.4955758018781929,-0.007381320793102708,0.1359880409394194
FBXW2,-0.0292079592991,-0.4951246489574247,0.06365572972895187,0.18755618251604583
CD300LF,-0.059898819197899994,-0.49451209237216504,0.00230756224966351,0.12579344854674976
TBX15,-0.127425467263,-0.494379432120776,-0.05887763393280225,0.13865429845279573
KLK8,-0.140268184214,-0.49437203601437585,-0.052109971339887394,0.17832362361116447
TSPO,-0.152419570193,-0.4943447979479099,-0.05246221626644787,0.2022016906853035
ISY1,-0.693759029048,-0.49381210778169754,-0.5875797925494209,0.2150195080788063
RAD51AP1,-0.208071021248,-0.4935360080920155,-0.13180616822613025,0.15452743421236012
KLF6,-0.11886821925300001,-0.49347072640972545,-0.03075523561209617,0.17855767105371154
ISY1-RAB43,-0.0768438492769,-0.4934128313411602,0.00363412826364172,0.16310475210341027
IL1B,-0.109487430572,-0.4932747083140974,-0.027380166002874382,0.16645342480612857
ENTPD4,0.0257218337305,-0.49292552537369533,0.07353255099063272,0.0969937948007188
H2AC7,-0.120412336592,-0.492634471893838,-0.009679794690105563,0.2247762757571645
ARHGEF2,-0.346603664094,-0.491587924979834,-0.25604473942829986,0.18421714623973945
SQSTM1,-0.13216584603700002,-0.4915808882861215,-0.04845141164722733,0.17029635688572017
PCGF2,-0.038026301267599996,-0.4911332510087111,0.04911867767680011,0.1774365282037368
CEL,-0.18626333667999997,-0.4909176268449434,-0.1079676839428021,0.15948837127807514
CADM3,-0.121810695708,-0.4907907820953198,-0.04150236202694163,0.1636304849455407
GAK,-0.641722719249,-0.49055156034856506,-0.4824042594195547,0.3247741373327615
AVPR2,-0.0956740588369,-0.49051249531227475,-0.010954291726042642,0.17271683783900804
B4GALT5,-0.122216793053,-0.48946459543353427,-0.04113031918662863,0.16566361412626895
TBC1D16,-0.0915000021105,-0.4889150287509206,-0.01657276946544447,0.15325205452669252
CENPN,-0.033139244301,-0.48877367315246273,0.04133146183937789,0.15236235139274432
ZRSR2,-0.292282425475,-0.4884353532251356,-0.16405134749370942,0.2625343909579468
MS4A5,-0.00664272356662,-0.48821593600654234,0.06365654081425338,0.1439921542830002
LSM1,-0.0142130349864,-0.48799145690711937,0.06053399757088988,0.1531728301782887
GLMN,-0.047002013337699995,-0.487806218462713,0.03983898637722947,0.1780235602338215
LHX8,-0.192717082678,-0.48749234582437573,-0.10808040975535091,0.17361641397573932
PSMB7,-0.713555087583,-0.48735752406354726,-0.6185363639438439,0.19496718312030503
ZNF571,-0.0383527585847,-0.4873454470813708,0.054181663075887176,0.18987439446651266
PFDN6,-0.0133058287841,-0.48669389916813643,0.07914724350967013,0.18996143664794674
CYP7A1,-0.054454431289599994,-0.48622161439138833,0.04101804902812999,0.1963558951142772
PTPN18,-0.115359570698,-0.4861766547652053,-0.036987604493751866,0.16120059537226686
ZNF517,-0.11479028778599999,-0.4853621946254376,-0.0024620665511139598,0.23143174824642382
WFDC10B,0.08518997707969998,-0.48494398486484436,0.1764995837240638,0.18828897665327704
EPHA8,-0.23477468778000002,-0.4845722149500374,-0.14136210226560306,0.19277330113537033
HSPA1B,-0.249331601095,-0.4837787869482188,-0.13488274143296328,0.2365727120529713
IGSF1,-0.209940718089,-0.48199903451201376,-0.13444677940959593,0.15662674253245293
IL13RA2,-0.115576067881,-0.48195435546989107,-0.04734346629421582,0.14157482096050245
RHBDD1,0.018110895839900002,-0.481854343268087,0.09138839498251734,0.15207396211399984
GMPS,-0.106781837183,-0.48121311081694296,-0.03941672818446287,0.13999017791550428
MTNR1B,-0.11020701327600001,-0.4809191163471949,-0.03772909003208576,0.15070709560147638
RFFL,-0.045231478273599995,-0.48034133127266254,0.03589373394036219,0.16889075940856732
TFEB,-0.272792115519,-0.48021699210177043,-0.1967422577341248,0.1583656118706401
BRD3,-0.0385410678274,-0.47950183457720735,0.029948574327854492,0.14283499502279084
ARSB,0.0409568453327,-0.47822469785197347,0.11855766825650536,0.16226853876924904
CNOT2,-0.134964566023,-0.47800130132680435,-0.038740764572092294,0.20130447591631245
SLC7A1,-0.218533255582,-0.47796546836868076,-0.11557514582909378,0.21540909661174318
MAPK9,-0.10681616678400001,-0.4779030791738974,-0.0348442032380425,0.15059949743443407
DEFA6,-0.0793302116211,-0.4776405721547823,-0.006017246662343224,0.15348981898254505
ARG1,-0.15431205982899998,-0.47726088098153374,-0.08633235962765577,0.14243719296988536
SBF1,0.0590487285616,-0.47721867135632295,0.12128010381853954,0.130404317752424
HECTD2,-0.0288220167181,-0.47717204828865645,0.03684372762880583,0.13761439837562014
OR1N2,-0.0237320981679,-0.4769890253870586,0.05655524477508774,0.168321153464354
TRIM16L,0.0729936648381,-0.47688942903577447,0.18277107200071843,0.2301946750729577
ULK4,-0.16259984580700002,-0.4767858864386,-0.0879120423122831,0.15664852005709515
TEAD2,-0.160934035306,-0.47660246197492334,-0.1044531686848195,0.11850729093412082
USP34,-0.181320211135,-0.47640716077111395,-0.10509968750670905,0.15999029801508483
ETV7,0.0223909492103,-0.4760094902893368,0.09529808153930446,0.15316319068489306
LIN37,-0.0659599153742,-0.4759683477537507,-0.0020231662884606064,0.13432983387966382
TRPV3,-0.10478645711100001,-0.47583224375030075,-0.042199342569486285,0.13153189041631475
LPP,-0.10496213041500001,-0.4758269172262068,-0.018585465072867655,0.18152959030913574
TAS2R20,-0.020687258113299998,-0.4753832680108045,0.05271920451765221,0.15441532668601166
LILRA3,-0.141059345511,-0.4752575479281552,-0.054705398122367646,0.1816992655142144
KCNC2,-0.18044141591200002,-0.47413767533938905,-0.08497242595179817,0.20135288741158333
TNNT3,0.0457024853592,-0.47374636379243895,0.11821802818686565,0.15306828372710563
MISP,-0.0179374690523,-0.4720333647081585,0.05670781179981567,0.15813560318615655
LYZ,-0.127043337641,-0.47168354624139386,-0.027113802236560035,0.21185715762342694
VPS13B,0.0153574168286,-0.47120286501533637,0.08321795480363794,0.14401554619755816
ASMT,-0.05388114628909999,-0.47096403986562185,0.053646758485268245,0.22831446920034218
NAB2,-0.0295787300478,-0.47080491696010945,0.05177807261250722,0.1728036384700724
MCTP2,0.053237652448199994,-0.4707792464334515,0.12133724939666019,0.14465292908379432
PDP2,-0.225467900711,-0.47063999314392835,-0.15237912030678144,0.15529657799792418
SLC23A1,0.00107584548494,-0.4702069308578393,0.07486700664659815,0.156933376177664
UBE2U,0.00017756019822199999,-0.47007780551130696,0.06387463405908114,0.13550325736305585
PCSK5,-0.0917616436068,-0.46955784768501707,-0.019229497637094486,0.15446903150974622
MOBP,-0.258088215779,-0.4692173117137375,-0.15980367394063597,0.209464867098352
FUBP1,-0.630617402108,-0.4690440052690663,-0.49063835417632795,0.29843478726771766
SERPINA2,-0.055603788079,-0.468093531527132,0.02807939054306201,0.17877448199091703
OR1D2,-0.106350032447,-0.4679649686066985,-0.02576643733549109,0.17220005880234052
GDNF,-0.319709033094,-0.46779274560723233,-0.1798558608439034,0.2989639612058456
ATP4A,-0.21374793622699997,-0.4674009058851003,-0.10242495246088591,0.2381745143503856
KCTD9,-0.007891280131699999,-0.46687135819246817,0.056851587924015484,0.13867389146846137
PPP4C,-0.486735086264,-0.46684882390656235,-0.35995510109205076,0.2715653947911063
HDAC9,-0.0382160953191,-0.466371876200154,0.022509153019180654,0.1302077836104745
OR51B4,-0.18410605041099998,-0.46619788832664183,-0.09917755264359272,0.1821726350418431
DCLK2,-0.103996007075,-0.4657904302827142,-0.034825047206774484,0.14850232072445496
SHPRH,-0.0562064420159,-0.46566278177442944,0.010382405746903332,0.1429980027801738
PON3,-0.00694434541447,-0.4638511296378157,0.0571155477126104,0.13810442410068
RYBP,-0.044249166370599995,-0.4634384247811849,0.046695529393781986,0.19623900587725768
PLCG2,-0.16619654066,-0.463389026139101,-0.07980728277731207,0.18642922686899246
MCOLN3,-0.21720004979200003,-0.4630569439073704,-0.13451790179237857,0.1785571927761894
NRIP3,-0.0148373207084,-0.46287201209061274,0.06528798855361664,0.17310467509176414
ZNF347,-0.00377011104248,-0.4627548103369249,0.05462996433505195,0.12620090396253628
ABHD16B,-0.05503797505,-0.46241080974827875,0.00827921873827712,0.13692844642352742
NQO1,-0.092602212051,-0.4617530481945588,-0.01821029363337935,0.1611075849060248
TBC1D9,-0.0645525301223,-0.4615312727939047,-0.00486962187378267,0.12931498203192948
ZNF408,-0.11481103589299999,-0.4613926603428666,-0.033153032615964716,0.17698158270734995
HINT1,-0.0820430200868,-0.46136000047313097,0.003100041323468733,0.18454799142308256
CAMK1D,-0.096228241904,-0.4613574930629952,-0.02358585765836267,0.15745356981926922
KCNV1,-0.09680115197110001,-0.4610451129205482,-0.0384531603190675,0.12655592699469217
PIAS2,-0.032897418377,-0.4606333608532943,0.04958945216405111,0.17907272366953486
BHMT2,-0.12651345872199998,-0.45955803998288025,-0.03857009808436724,0.19136507902442285
CUL4A,-0.23271389731699998,-0.45884614846976635,-0.15488487943332793,0.16961898480183113
NDUFC1,-0.0717865487967,-0.4585044144538976,-0.008957350689550534,0.1370307376036549
COL1A2,-0.0153257613459,-0.45838842835770716,0.06098402733625748,0.1664740729942871
SBSPON,-0.053019952338,-0.4581725725177877,0.012853489516521118,0.1437743020987222
HSPE1,-1.4187178465999999,-0.45645351560994124,-1.2816253986406512,0.30034262695108693
RAB33B,-0.256280664723,-0.4560607182912484,-0.16937787337286503,0.19055092417461245
CBLIF,-0.17891715006099998,-0.4557962891694345,-0.11186146499572966,0.147117663435701
TMED8,-0.107712531679,-0.4551468252679818,-0.037243771027572564,0.15482643564510587
GPR156,-0.141417805121,-0.4545441319253467,-0.07472703425051307,0.14672012283603755
RMND5A,-0.116490667133,-0.4539648950928554,-0.03743106802322455,0.17415355232171498
ZNF275,-0.009037666843590001,-0.45353069541183333,0.05715266122910225,0.14594453857767536
RUNX1T1,-0.0460655460434,-0.4534216371819182,0.01826859506444714,0.14188590890300964
ADRA1B,-0.0158607945141,-0.45286772170438255,0.04399214001418096,0.13216427592371227
CES1P1,-0.161173958882,-0.45280608347216794,-0.08481941235259084,0.1686252665686687
PKIB,-0.156590599825,-0.4522463276833445,-0.07870356255618127,0.1722225975118453
CUX2,-0.19388815250900002,-0.4512512581053399,-0.11741007767534643,0.16948002572837276
SIK3,-0.186955266888,-0.45106689247342635,-0.10014325805397548,0.19245927883997574
DHRS7B,-0.07331572323689999,-0.450171333463239,0.005775082212928424,0.17569045288017426
SLCO1B7,0.0224338436835,-0.45005577774082217,0.09061170174157461,0.15148757427426435
CST5,-0.163320680591,-0.44990131013660006,-0.0940310606727794,0.15401070936464425
RAB2B,-0.271826688463,-0.4497384764594189,-0.1878660072999152,0.1866877875872842
DIMT1,-0.522512801118,-0.449729952317454,-0.43770818615257545,0.18856786062041728
SLC35B4,-0.0634168108303,-0.4492292322436626,-0.0006054931024034516,0.1398201924976859
ZNF560,-0.12860512423,-0.44913468371501364,-0.045938735308545156,0.18405701434073302
CPNE3,0.0614952685391,-0.44879449121229,0.13721428345035064,0.16871645350796835
CDHR5,-0.0132999023131,-0.44822005057313313,0.056787795062638806,0.156368947096674
MIB2,-0.03540227851819999,-0.4480585066888293,0.024529691933364732,0.13375925143005193
SPEN,-0.120157146067,-0.44759350274788184,-0.05014649896304208,0.1564156911888713
SLC2A9,-0.08845528458060001,-0.4475112914064798,-0.016733305357643877,0.1602685353425199
SORBS2,-0.0014286673487399998,-0.44724063230460026,0.060703096687709276,0.1389224492333994
ZP4,-0.0409111134564,-0.4465294876692686,0.032870176571669615,0.16523273840924313
ZNF567,-0.226511807583,-0.44647629831515717,-0.16441267305437432,0.13908719177919573
TNPO2,-0.0855725398428,-0.44568155720316965,0.007183644897144283,0.20812210700848047
UBL4B,-0.047260590332,-0.44554108130113834,0.02523302472298798,0.1627091599348838
ZNF19,-0.04967814631490001,-0.4445067013070524,0.02147032497863493,0.16006163930560774
TXNL4A,-0.645667554144,-0.4444360497871002,-0.5528647089719283,0.20881034564258996
NRIP1,-0.204643119091,-0.4436527075397632,-0.13309651303990522,0.16126714620508042
PRKCQ,-0.06057872706280001,-0.4421325442776396,0.007540053131698782,0.15406868613526722
SERPINI1,-0.0948894597585,-0.4419438702481616,-0.03754613433499355,0.1297525076913203
HSD3B7,-0.307738633312,-0.4411538423973894,-0.22200224666461038,0.1943457778390122
AP1G2,-0.120650914299,-0.4411113359944262,-0.03880328666901066,0.18554868340772715
MORC1,-0.0399467484209,-0.4410219625700775,0.019892309318191068,0.13568271609508056
SLC35D1,0.057571005593999997,-0.44089264995602534,0.11750283681669249,0.13593293339925286
DYNC2H1,-0.0864493748886,-0.44081820744077677,0.019995101014971296,0.2414702344568468
NEUROG3,-0.137466189114,-0.440537985304034,-0.05642047389947254,0.18396986847477945
INSM1,-0.125106367031,-0.4404901013684941,-0.058657698786617855,0.15085167189442514
NCSTN,-0.08916185122300001,-0.44026078848307004,-0.031818637829529796,0.13024828668264493
GK2,-0.08578709836760001,-0.44020571209412673,-0.016912656458961187,0.15645967332180322
AHCYL2,-0.141886917642,-0.43969869699812847,-0.07824839477232655,0.14473211611528686
NT5C3A,-0.11431835815199999,-0.439224765569828,-0.05323396569538805,0.13907319724415845
GTF2H5,-0.015095651492899998,-0.43921048039569505,0.043738519538995,0.13395438783448407
KCNH4,-0.060278929688400006,-0.4390805747355895,0.014933052020642025,0.17129425904194015
ITSN1,-0.100952529204,-0.43894162346097365,-0.025452920215900416,0.17200375847885901
CDKN2B,-0.194867340937,-0.4389394489456429,-0.11271853136350746,0.18715294278246938
HAO2,0.0704132834947,-0.43845875440919485,0.14725495566002295,0.17525404930929922
MTMR8,-0.22802398220400003,-0.4381976247272379,-0.13049726590381058,0.22256331572060958
ATP6AP1,-0.671926319475,-0.438168763584555,-0.5623895309075059,0.2499876706668901
KIT,-0.08906378989399999,-0.43812687514108367,-0.017173371741132603,0.16408584415123484
ABCA4,-0.049537419995099995,-0.4379585293568116,0.029954942704136178,0.1815065979328662
AVIL,-0.0179043479828,-0.4378345492492696,0.03836838995385047,0.12852511989549062
ZFP37,-0.328777088808,-0.437557708013458,-0.25689637950971383,0.16427709529933665
PTPN12,-0.0965074313573,-0.4374162862090891,-0.006442244197046401,0.20590268355303437
IFNG,0.0419654573776,-0.43736855578324696,0.10307267675200515,0.13971562099377108
EHD1,0.07773098698230001,-0.4372718532219702,0.1498949690958031,0.16503230560525203
CACNG8,-0.197449928833,-0.43720788359654433,-0.13509456134117934,0.1426217820659479
PITPNM2,-0.0622783626351,-0.4369610183094135,-0.0033732743498702034,0.1348062774870204
SAFB,-0.28985344464400004,-0.43693036270717694,-0.18521060585886,0.23949546132885668
DHX37,-0.49394856591499997,-0.43689938143455964,-0.4042000407249096,0.20542149749766403
POLR3H,0.00164567503268,-0.43685428100672563,0.06322391360738466,0.14095830406605683
TNFRSF18,-0.17830749100999999,-0.4367189144024549,-0.09928899791488564,0.180936731818067
PRPF3,-0.933684943865,-0.4365200694269522,-0.8177045526970674,0.26569314744265354
VPS13D,-0.24551373449,-0.43636700496769576,-0.1654486114942523,0.18348115710919738
YWHAG,-0.047897904549199996,-0.43623512119991253,0.02334968039349682,0.16332381663063378
FAM174B,-0.0465027860815,-0.4360818090879223,0.024814113694581585,0.16354018509793594
TMEM171,-0.0611371495689,-0.43586402199011914,0.007700613026933858,0.15793403245701793
KCNC1,-0.12661270085,-0.43572980575713927,-0.06650894542267116,0.13793813191844995
SLIT3,-0.032995175006300004,-0.4352067678534849,0.018916045789420344,0.11927944285369337
RPS14,-1.1187633408600002,-0.4324097976559852,-1.0353556796883339,0.1928903129017984
SLCO1B1,-0.026127284599700002,-0.43202380720562217,0.03707826166571079,0.14630107232800726
MTTP,-0.0048308179079399995,-0.43198188497167206,0.06488291179755429,0.1613811415033431
UBE2Z,-0.250187544652,-0.4317981442042912,-0.178823728287349,0.16527124380341834
RIT1,-0.0296055634417,-0.4311429023861457,0.04269583717941403,0.16769706800451636
IRF2BPL,0.00137885852644,-0.43054185445755444,0.07012302723437927,0.15966895667913863
SIGLEC14,-0.210904771428,-0.4302577732525813,-0.1386315466591876,0.16797656953982482
CCDC90B,0.0101601637773,-0.4301768333910551,0.07352544776896427,0.14730054961853709
MEOX1,-0.0667637673466,-0.4301012179016545,0.007756038616913988,0.17326109032444878
MAP4K5,-0.0319661377435,-0.42946856062884975,0.03297554314202409,0.1512140511296873
LRP3,0.0499429171915,-0.4292426798912281,0.13243637276180523,0.19218372131869416
SLC25A20,-0.17167519140299997,-0.4292173028503427,-0.07802608366162002,0.21818577005045167
PCSK4,-0.0471892445153,-0.4288959169114527,0.024156187720669887,0.16634672754578694
DMAC2L,-0.04745102480280001,-0.42848439035089086,0.010212990838559833,0.13457670090184173
ZNF557,-0.22215553813799999,-0.4279567036575223,-0.1463023295056966,0.1772450530252842
SUMO3,-0.15610890523499998,-0.427168087758617,-0.06497330982913521,0.21334832356990918
FAT4,0.148050916153,-0.42696993187000454,0.2026373244384536,0.1278460243005425
H1-0,-0.18578638232500003,-0.42649591877032267,-0.0920027334847229,0.2198934262036436
ZNF462,-0.0484019079131,-0.42622435233926137,0.025219617001920932,0.17272951325038433
COASY,-0.194928046995,-0.42585736436611504,-0.1312945489132125,0.14942443974523115
NOD2,-0.006866261870810001,-0.4256029146873237,0.04297827382723465,0.11711511828969445
ARHGAP23,-0.054680239977,-0.4256005542099014,-0.001454115427296234,0.12506122001770995
SLC11A1,0.108030471059,-0.42549210313785335,0.1736559945813087,0.15423441008268718
TKTL1,-0.0198064855411,-0.4254037746955767,0.052095007858364954,0.16901940621217665
CAV1,-0.10941030883500001,-0.42491947915227024,-0.04725473112330335,0.14627613174076956
SCLY,-0.23215578534200002,-0.424806955427191,-0.15822246442251445,0.17403980790553988
USP9Y,-0.0100921839781,-0.4245614873906332,0.060972134096410203,0.16738286487376303
ZNF713,-0.0582391781111,-0.42419683721652945,0.003243742014708414,0.14493960051480706
POGZ,-0.0993991994149,-0.4240513297057999,-0.02370749193377775,0.1784965691149606
TPSAB1,-0.0461520514702,-0.4226763416843039,0.026989184670623112,0.17304312763133584
LRSAM1,-0.13748952166099998,-0.42222959446384706,-0.06307222782574978,0.17624840800121153
ZNF681,0.116742229582,-0.42158454863137307,0.17069608071471135,0.12797872053865936
RARS1,-0.9983640134180001,-0.4215118650013637,-0.9034528822890879,0.22516834995523813
CPT1A,-0.0846387394996,-0.42147206537534987,-0.02087312560189136,0.15129262206481223
GTF2IRD1,-0.09521806100260001,-0.42141158847786664,-0.022606657973900244,0.17230518812017306
DUS2,-0.171774036189,-0.42137666120631645,-0.09206063931822675,0.18917373506774168
QPRT,-0.058924103656599995,-0.42096283707785415,-0.02110603077909277,0.08983708191446134
GPR161,-0.0602890609882,-0.4208462945421284,0.0030343592774552137,0.1504668594850044
HOXD10,-0.0927719620866,-0.4207590997360028,0.00294846718293699,0.22749461468473278
F11,-0.0759795208985,-0.4206474212093945,-0.013406901288568173,0.14875312780958128
ZIC4,-0.143002671701,-0.4193781202893024,-0.08483236851618335,0.13870609927072172
GMEB1,-0.157365734837,-0.41882248500386976,-0.09646376567808203,0.1454123676248071
CLCA3P,-0.0697091280772,-0.4182980526041327,-0.004715644897041723,0.15537601185455807
PDHX,-0.26217062071999997,-0.4179751984344223,-0.16755861001771197,0.22635795390891364
CAD,-0.526823265097,-0.41796654173624864,-0.39780035302244804,0.3086919626116146
AP5M1,0.0350738730159,-0.417964185411309,0.10024810006453615,0.15593256389778873
UBA3,-0.41190153372599997,-0.4175455620466525,-0.31080694387506214,0.24211630787167246
KCTD11,-0.0553729408158,-0.41731426746780603,0.027102308926279225,0.19763342921996271
DOLPP1,0.0603274702355,-0.4171010137015081,0.10886762573587555,0.11637506001151213
FBN1,0.0409220502081,-0.4170680694631106,0.1356699402415153,0.22717608220495933
VSNL1,-0.0293067073936,-0.4169951834460139,0.021163080197676994,0.12103206366605682
DDX27,-0.8485496387929999,-0.41683082767179785,-0.7159045481417328,0.31822284208717067
BARX2,-0.09345599205949999,-0.41626927532348873,-0.027701797322309756,0.15796072070438474
POLL,-0.102073999899,-0.4158788418290073,-0.03393781477018322,0.16383662325584633
RPP30,-0.884107458043,-0.41539104005441874,-0.7921405510297918,0.22139838885585972
MMP8,-0.109833685854,-0.4153396758184183,-0.0449790856106437,0.15614833838246162
PLXNB2,-0.17056606174199998,-0.415280604157333,-0.09448758821245544,0.18319775296012017
ZNF324B,-0.128503181843,-0.4152784465252678,-0.05153138021235366,0.1853498592924518
SUB1,-0.0691389927471,-0.4149911244474086,0.02226493297078068,0.2202551339853154
NR2F6,-0.154865887018,-0.4149834650256929,-0.08573713533104309,0.16658194244601274
SLC18B1,-0.028891219038999997,-0.4146743538444225,0.05863890325202364,0.21108159084239672
CHRNB3,0.0132944644013,-0.41459661688195754,0.06640810071958154,0.12810918892134585
FERMT1,-0.16916941698600002,-0.414270170585679,-0.09051869389228831,0.18985369615803713
TCF7,-0.222449988301,-0.4141252287386186,-0.16547238267892841,0.13758544920245333
NDUFS6,0.0597422893281,-0.414061256681751,0.12709245826242416,0.16265750018261127
SEM1,-1.25977842385,-0.4139717903875691,-1.1404642983145346,0.2882180097918293
EVL,0.0300268657945,-0.4137209794897978,0.08343086862364034,0.12908217247043732
HOXB3,-0.183197697566,-0.41352309800837506,-0.11664991163236854,0.1609288241796923
HSF2BP,0.0402504102806,-0.41318448672572056,0.12594924410686467,0.2074105794856551
PAQR3,-0.0899119952256,-0.412949903899987,-0.014228525633222395,0.18327518393298262
MOB1A,0.121912789225,-0.4128801450657099,0.1838814639437013,0.1500887738470422
KLK11,-0.022974091902400004,-0.4127494875344325,0.041714527569202964,0.15672610487785643
AGPAT5,-0.123102933577,-0.41273116129527543,-0.047797024728004234,0.18245753146591356
MLKL,-0.150605574638,-0.41238300322599847,-0.0762205874104435,0.18037840222719184
EXOG,-0.061700464114300003,-0.41179762499290234,-0.005629225218823569,0.1361621230730577
SLC9A6,-0.134020765064,-0.4117587589469187,-0.06545932272229946,0.1665087647851082
FAF2,-0.18032730563700003,-0.4116540870008913,-0.11244743406356568,0.16489541514812503
SRI,-0.0899806501171,-0.41148070491181954,-0.016866403674164542,0.17768572273298663
BBS4,-0.0369244677102,-0.4109813640287054,0.03359807518949104,0.17159547627265484
TAFAZZIN,0.0689850208742,-0.41036251520255623,0.1315700670366396,0.15251160582137338
HEMK1,0.0655143723973,-0.4101922319580836,0.13785498604507687,0.17635783423409432
SRSF10,-0.308838445348,-0.40956217969643005,-0.21723537755173933,0.22366095390975163
POLR3B,0.00240462946287,-0.40953269832677536,0.08159992648428663,0.1933796674721805
SRRM1,-0.47846582788500003,-0.4089397011159315,-0.3957452527715428,0.20228061713677079
TPM3,-0.1542110546,-0.408841095548407,-0.07108829183721296,0.20331312988800382
SIRT3,-0.0518037313689,-0.4080054163594393,-0.0007010455610246306,0.12525001815871872
DHX36,-0.453323116184,-0.4079096794318762,-0.3646826175219134,0.21730422966560226
ZNF257,-0.11485479237099999,-0.4076779916787472,-0.033075609125148064,0.2005974934018377
CDK12,-0.426931761147,-0.4071497167743169,-0.3381893118428371,0.21796023833010011
ADRA1D,-0.163474543663,-0.4066027662313503,-0.08334431470773357,0.19707251305239187
EML2,-0.150577436909,-0.4063761911160439,-0.08799886954672966,0.15399171686315782
PPP4R1,-0.0668733872938,-0.40633054623849757,-0.009141647746145166,0.14208072733416635
OBP2A,-0.10437269799,-0.406013764283513,-0.05116391196087252,0.13105168028730332
CHFR,-0.123190981192,-0.40526130362508794,-0.05417631489068452,0.1702967090219938
YTHDF1,0.0587125906628,-0.405125144409575,0.11729889507665428,0.1446128566007359
PPP1R3D,-0.0891524872542,-0.4043693809354777,-0.015739710230870167,0.18154880286310246
PEAK1,-0.237821618682,-0.40368369702052975,-0.1580026653405467,0.19772647231130078
NPRL2,-0.0899783497235,-0.40364561919555114,-0.020079025043436505,0.17317003172081968
TEX30,-0.160010648812,-0.4033357100270404,-0.07338164902047631,0.2147813784842307
MXD4,0.019800092499200003,-0.40298677689352846,0.08095103734698567,0.15174429622523844
PRLHR,-0.13617540910999998,-0.40270791195513117,-0.08827563944080116,0.11894419813270443
XPA,-0.0355227983296,-0.4023621371577884,0.01440408983674389,0.12408445913678207
CDCP2,-0.11890142712200001,-0.40232499076971184,-0.040201506133159634,0.19561280754216853
HADHB,0.0459176072384,-0.4017407995362047,0.09957462300808796,0.13356128088467256
SRSF11,-0.496271217073,-0.4014499847690152,-0.38317981477411284,0.28170732741204924
ST3GAL4,0.0388505716563,-0.40109268170966683,0.10397989890370145,0.16237974467593422
CSF2RA,-0.15503680751499999,-0.4009852373823127,-0.08647602449797456,0.1709808158140677
TMEM241,-0.128596742559,-0.40092626095775546,-0.06114948954143194,0.16822857364455554
GART,-0.224455669201,-0.4008788070151761,-0.13750601852978003,0.21689759884944054
UBE2C,-0.0630004260899,-0.4006536960598245,-0.00037563644213615803,0.15630653170965103
GSS,-0.107120418941,-0.40062538144714993,-0.04812099836431646,0.1472683042785862
IL27,-0.0148453101311,-0.3996748067468101,0.0582598983985699,0.18291172547180662
CEPT1,-0.23778752615200002,-0.39822102250314834,-0.16967013944045803,0.17105422080272886
HLA-DOA,0.0659095783941,-0.39745076441868477,0.12628680983631,0.15191122233849091
ADAMTS3,-0.06977702728389999,-0.3971628210442035,-0.008650193453188902,0.15390875125219183
ZNF623,-0.068780331041,-0.3962018106283079,-0.005056325021640092,0.16083724079479747
TRIM48,-0.011212813743200002,-0.39585168873651877,0.05516238548583151,0.16767693840308773
ACP1,-0.041816583593,-0.3956105655047031,0.02957299611841654,0.18045417877133985
NGB,-0.150766413922,-0.3947729111185568,-0.06348772316669049,0.22108581490055249
CHP1,-0.12936215502999998,-0.3947350745798821,-0.06517867374450491,0.16259888066396372
BCS1L,-0.275843996117,-0.3942010968049342,-0.21397952924285832,0.15693631340846975
HMOX2,0.009771389873260001,-0.3940513191655849,0.06906712196310817,0.1504771820467664
MARK3,-0.131324924893,-0.3937172715984377,-0.07092356022951884,0.1534130428626104
BRD8,-0.08676673345170001,-0.3933103000828508,-0.025451102957377764,0.15589632532228653
DLEU1,0.11506228960899999,-0.3932986062934135,0.16193166104312656,0.11916994030525627
GNAO1,-0.110082139534,-0.39323946480968053,-0.038734787213245754,0.18143487290952562
IRAK2,-0.11317171726099999,-0.393042321172801,-0.05680214303349986,0.14341858672953758
RPS7,-1.11573833013,-0.39303071097364306,-1.0398323162326033,0.19312998139345633
PAX4,-0.000310043218072,-0.3928914469263152,0.05224101378910845,0.13375464754527
RAET1K,0.0014098162143299999,-0.39169519178061096,0.0661596938967322,0.16530679732895134
NR4A3,-0.0737344481918,-0.3913438172977283,-0.025042319928062183,0.12442288880392251
TUBB4A,0.00557359419158,-0.3911548076012586,0.06704660237690246,0.15715774673026073
PDE7A,-0.068143838064,-0.39066521015348504,-0.014778379267021352,0.13660151303468349
CKMT2,-0.119188064621,-0.3905095128574152,-0.04304454962660163,0.1949850451458791
CHURC1-FNTB,-0.140587922677,-0.3899680193222097,-0.067226905726895,0.18812059788290153
CXCR2,-0.12625741132999999,-0.38920031431891644,-0.06458382972313001,0.15846231191975282
ZNF519,-0.0920752448604,-0.3889115824124376,-0.022877018964594167,0.17792791221738846
SLC30A9,-0.384655662131,-0.38891066274156844,-0.3105248362789563,0.1906114513021304
KLHL5,-0.0615868772633,-0.38876034341773835,0.004930820041362232,0.171102064371793
ZBTB4,-0.182489020821,-0.38840018321095005,-0.13163518371836808,0.13093154766874016
ECM1,-0.0908502037534,-0.38762499524964944,-0.02747160633223949,0.16350492924312476
DTD1,-0.11332318349300001,-0.38734555939392934,-0.055081193682890967,0.15036183686019
KLRC1,-0.21660398417100002,-0.3871816200298629,-0.1179538086186575,0.2547904405811767
PREPL,-0.155028849317,-0.387032773815419,-0.08341198123857332,0.1850408361349308
MEF2D,-0.049469988648100004,-0.3866418089081021,0.027404987950494668,0.19882737672807257
PAM,0.136908736721,-0.3861151676365226,0.18288926723306542,0.1190850149542691
UQCRC2,-0.550372297045,-0.38473972188533023,-0.45352957980073344,0.25170969290540285
MAPK12,-0.233394421862,-0.3845582609920899,-0.17204672150930334,0.15952771419974393
MCCC2,0.124272981882,-0.38447750110734363,0.17336172340073522,0.12767649960622782
RCOR3,-0.0175281317094,-0.38446057695306757,0.027790687061160047,0.11787637403481363
RAB42,-0.0171643671823,-0.38436360538716724,0.03831639102264093,0.14434446297030512
ATP5MC1,0.0085711609812,-0.3832169635101572,0.07343402182423953,0.16925884556078719
RASSF5,0.025315870986900003,-0.38303857630545496,0.08579474054324457,0.157892372459414
ADAMTS4,0.0176968080727,-0.38226477616611565,0.09306424742551601,0.1971603036740811
GALNT12,0.029965090982499998,-0.3818608613590054,0.09623753988150731,0.17355129997651542
USP39,-1.5322288982499999,-0.38147722937420614,-1.4067565494265115,0.3289117650070997
PEX2,0.0299188037422,-0.38097652329229525,0.1004883499738918,0.18523331994803519
PFKFB2,-0.0393682163602,-0.38082384538698316,0.012851554794114185,0.13712316543952185
ANXA13,-0.08153602956460002,-0.3805486079099209,-0.02070573705776819,0.15984894240167835
AAK1,0.0339757370767,-0.38019214519085776,0.07877096037300958,0.11782259013747438
PPP2R2D,-0.226528755323,-0.3801271254155257,-0.150852952100389,0.19908025016601497
BCKDHB,-0.0014193327282799998,-0.3800907729664638,0.05726716082964372,0.15440125815183034
RCC1L,-0.0677329277081,-0.3796862106941492,0.0034475245965759193,0.18747178670129347
TLR4,-0.178875343755,-0.37944141630628575,-0.12210370639015813,0.14961897917599934
ERO1A,-0.210470031047,-0.3792999634332587,-0.1475788507320039,0.1658085588665298
USP48,-0.0795785601203,-0.3791647915172112,-0.014327736439792533,0.17209093549907198
PTENP1,0.09068594297160001,-0.37893335822911894,0.16254064143698307,0.1896235760324292
SFTPA1,-0.06576076097490001,-0.37879108557408675,-0.009673438292622204,0.14806927833920167
AJUBA,-0.17447724524799998,-0.3784639320564014,-0.10106610006845779,0.1939713112968502
GNAQ,-0.104350901632,-0.3783311242051797,-0.04666366137389835,0.15247817736194558
ADD1,-0.0425294989375,-0.37823435481329426,0.021429793240640753,0.16909963720697085
ETV3,-0.170166777096,-0.37702536608680964,-0.10529576051457136,0.1720600851203528
ATP7B,-0.265347598192,-0.3764575310292635,-0.19398067888564535,0.18957495447423262
GALT,-0.02638106253,-0.3761416228801854,0.02366493833930823,0.13305095162321262
HASPIN,-0.054321733770000005,-0.3760498241573275,-0.0020258376216637053,0.1390664023458161
PMP2,-0.12916277125,-0.37578786177710166,-0.07930517313746831,0.13267484978560776
DDX24,-0.5044752228320001,-0.3756243717651236,-0.4236292315500082,0.2152309524062101
RORB,-0.0272304391439,-0.37474733290630774,0.03206662448089198,0.15823211646343352
GPR3,-0.08218896556810001,-0.3747080698966385,-0.03118287455385843,0.13612221116110837
KNDC1,-0.029123084180099998,-0.3746321330135287,0.048742163874256665,0.20784455254281348
GALC,0.00861601757417,-0.3744490406472323,0.06948798386387751,0.1625640866497903
ALG10B,-0.430250105067,-0.374216928186512,-0.35576029886082333,0.1990551484860955
RPL7,-1.65775331343,-0.37410812666627835,-1.5090127223129193,0.3975871693633754
WNK1,-0.396602297729,-0.3740505240559324,-0.2774300080419335,0.3185994458578715
CILK1,-0.149117102926,-0.37390099446892566,-0.08473644918912733,0.17218636668328852
ZBTB49,-0.180285364257,-0.37379520253580095,-0.11775247422983463,0.1672918475222436
ZFYVE9,-0.025839400808799998,-0.37356510852947217,0.05882367154591628,0.22663538542983824
CARD10,-0.114180324644,-0.372699553148271,-0.038811573771001126,0.2022238831153493
CPA5,0.0451685931465,-0.37226131696052067,0.11069284534150008,0.17601681724547572
OR2C3,0.0397085354244,-0.3722147692251603,0.10590974965573532,0.17785756962074994
ZNF563,-0.014775383574700002,-0.37201533266230397,0.04767969565630413,0.16788307832381086
NDUFB8,-0.22874350439599997,-0.37195613579752135,-0.09223823561772267,0.3669929210485871
RPP25,-0.0973049036441,-0.3713859445593299,-0.02056540292025046,0.20663006192898667
GALNT1,-0.07264669860589999,-0.37131810076710114,0.0030537260088220196,0.2038694705653549
PGLS,0.009269265732249999,-0.37066057866074575,0.0665240946315199,0.15446700349451914
SLC1A1,0.0291636646641,-0.37041131876061273,0.0738467476680546,0.120630987069896
BPNT2,-0.10308353358,-0.37005442234178615,-0.03962031143746441,0.1714969969577077
HOXC5,-0.0190398979526,-0.3699844008564602,0.03204846754240413,0.13808248503650958
ITPR2,0.06263653124969999,-0.36927859697984716,0.12486286599864191,0.16850782920499946
ZHX2,-0.0267119890875,-0.3690720337937442,0.028561147413235163,0.14976246217459147
DUS4L,-0.0170598370258,-0.3690466322083081,0.03384237250605492,0.13792893658794647
CDC20,-0.24081052609700002,-0.3688847763859475,-0.15895787579442047,0.22189218840774497
CHAF1B,-0.760426375898,-0.36875201356451415,-0.6555761040584474,0.28433816761032765
RAB34,-0.148733843678,-0.3684872125991655,-0.07037611330996811,0.2126470816051578
PCDHB12,0.0273528251956,-0.36764009071275516,0.08179908147776432,0.1480966240015002
SRF,-0.17535730897399998,-0.3675928161139593,-0.10861214314000663,0.1815736404742506
GNAI2,-0.0774719098258,-0.367197652054034,-0.012772118559291867,0.17619881528269526
TMPO,0.0031415695234200004,-0.36693444757399973,0.07753290256812324,0.2027373922959379
UGT2B7,0.08950956771610001,-0.36684068445317036,0.15748093121021117,0.1852885090851698
IQGAP1,-0.13945880233799998,-0.36674512477545024,-0.06673278359542191,0.19830125563933965
TNFSF15,-0.160358182901,-0.3664438393077789,-0.10438863907827073,0.15273703039586387
RNF141,-0.233616968699,-0.3661642299036034,-0.11372636285262375,0.32742304150773743
PSAT1,-0.371112823333,-0.36595122011603837,-0.2968884700554764,0.20282581174066863
AKR7L,0.0504833419252,-0.3658361443639622,0.11749005297069126,0.18316044512766289
GNL2,-0.5862223457060001,-0.3647672820439433,-0.5009778298512668,0.23369561923720966
NAIP,0.11212038990499999,-0.3646378738256746,0.1673761424397624,0.1515359662314699
FXYD6-FXYD2,-0.0318821333928,-0.36419407009457544,0.011571065432979486,0.1193133068160483
CENPA,-0.320565012687,-0.36383287057170166,-0.25175253443419005,0.1891321093244896
MS4A2,0.00739629392936,-0.36380033539410916,0.07469221456694781,0.18498036997323092
NEK2,-0.21655094990899998,-0.36347028841008916,-0.1512582464336629,0.17963697599862663
ZNF749,0.012681593393999999,-0.3634671283965955,0.062388526728257294,0.13675771328630248
ARHGDIB,-0.0307344109235,-0.36341641771636546,0.02054929452304426,0.141115543895349
PPP2CB,-0.15959681599199999,-0.3631802369577742,-0.10813992718111846,0.1416841655314638
KLF12,-0.275641341767,-0.3622017567857307,-0.21772346376827525,0.15990501678595526
SDR16C5,0.0340091554874,-0.360746615614768,0.08969838528336124,0.1543721476113038
PDXK,-0.128389088639,-0.3599537854482465,-0.06895507300372036,0.16511568439617078
APOBEC3A_B,0.259195768334,-0.3594590825939679,0.3026841076986206,0.12098272507345006
OR5W2,-0.07462633600839999,-0.35939051052418935,-0.0036963959386378644,0.19736174994244338
SFRP4,-0.124824060131,-0.3593556731202939,-0.06883212350150093,0.15581202918913106
UBE2MP1,-0.181770192223,-0.35903722475184413,-0.11768658204837759,0.1784873705474832
DPP4,-0.0115936369523,-0.3588589744224677,0.0391923439874493,0.14152072139614758
INPP4B,0.0171830092681,-0.3582729890368914,0.06837500136031405,0.14288543557198727
PIGR,-0.130883932747,-0.3581254245267707,-0.07543663864707817,0.15482646665812752
GTF2A2,0.0700866019353,-0.3580516048278102,0.13540345570410597,0.18242301636999325
TMPRSS9,-0.136982937542,-0.35772510017998826,-0.07334811846093252,0.17788748692515516
PCDHB11,-0.0761650331449,-0.35765870911919784,-0.011170150582383605,0.1817231928241831
ACTN2,-0.00243007986325,-0.3573667762240581,0.05308745039008241,0.15535168333198554
CDH12,-0.0646263528338,-0.35690123584766437,-0.0083105489594125,0.1577910027143327
AZIN2,-0.174803605922,-0.3567511049826005,-0.10697889515657016,0.19011773143278082
ELF2,-0.0820247127088,-0.35612926768736564,-0.02195387789348654,0.16867705146898432
FOXD4L5,-0.200107775537,-0.35610123745651084,-0.13429626377727433,0.18481124140368355
RGS19,-0.328211222408,-0.3557695462191769,-0.26308875955878686,0.18304676030110098
BSND,0.0235511379018,-0.35471850666725097,0.0769668116661509,0.15058609224034164
COX7B,0.0172836759749,-0.35454891487798146,0.06842404072073835,0.1442406466352841
HINFP,-0.13863440232000002,-0.35450506926120456,-0.09168047369279497,0.13244924459065688
CDK6,-0.22539104454199999,-0.35435791531361915,-0.12708732645305662,0.2774136370057972
BCL9,-0.200773298634,-0.353992605125152,-0.1412622156223521,0.16811391579947865
OMG,0.019514045391099997,-0.3535839523600996,0.08152997042477562,0.17539236331211353
MOV10,0.0276054610946,-0.35294536073430655,0.08114215426886026,0.15168549903270184
FOXA3,-0.46721557758599996,-0.352895904566041,-0.3810588761556089,0.2441419702400306
ARHGAP6,-0.0224404739263,-0.35273432574107505,0.030362820019567464,0.14969706686450407
CD1C,-0.0307917429873,-0.3522548945335744,0.03017214997407005,0.17306755394298548
HBG2,-0.04174420878980001,-0.35207399351687824,0.002203213278543774,0.12482439168355378
PGC,-0.08971019376089999,-0.3509104160068585,-0.04501431948161467,0.12737118147673263
LDB1,-0.12104311790200001,-0.35087424923938215,-0.06400883798128633,0.16254906150665488
EPB41L4A,-0.272064530793,-0.35062527036662156,-0.20542866128251824,0.1900486791519785
NLRP12,-0.22855742535300003,-0.3502049109798479,-0.16055400940238293,0.1941817884859138
PGM1,-0.0371951610532,-0.349923963861437,0.02273846909168286,0.1712761523489583
RNASEH2A,-0.160686533774,-0.3497168581387291,-0.08820464238193641,0.20725878580125742
CHST5,-0.259448762956,-0.3495823408412801,-0.19049043482111078,0.19725918640209056
PNN,-0.905890463028,-0.3493963476557118,-0.8067338038132245,0.2837942064365325
HSPA14,-0.15005314225400002,-0.3492766939862204,-0.09104717966066307,0.1689375890498575
NMUR1,-0.240688761662,-0.34924304041367554,-0.19701465226529097,0.12505362839865733
EFHC1,-0.0737616528289,-0.3489424246127837,-0.01966333259872012,0.15503509007313168
BRD2,-0.171672922272,-0.3487689076821919,-0.10808664497283771,0.18231635876528282
PLPP3,-0.256162477988,-0.34857795815900045,-0.19759988315067228,0.16800429707782893
E2F4,-0.137071608614,-0.3484848542128565,-0.08301610912971186,0.15511577857920544
OR5P2,-0.11599725657299999,-0.3484733016668859,-0.05701798315290855,0.16925047955745878
TAT,-0.225242118742,-0.3484120910745983,-0.16263277552070743,0.1796991115554808
PTPRN2,-0.03635613845769999,-0.34827170436993515,0.010014243923116386,0.133144271552884
PRDM13,-0.0788903104666,-0.34823389386959075,-0.014039017630519825,0.18622912352226742
ATP8B1,-0.0063099654951199995,-0.3481928139634084,0.042039415437648095,0.13885806654771782
VCP,-1.46205565785,-0.3481517703384545,-1.304402362973297,0.4528292207833405
UQCR11,-0.284354239767,-0.3473196267871808,-0.2140439503750025,0.20243684482328422
PSMB8,-0.119666816043,-0.3471078753047764,-0.05531105689727119,0.18540564396362813
ZNF735,-0.334496718248,-0.34680139615300304,-0.29078486684992366,0.12604289337633282
MED27,-0.16881649637200002,-0.34636229434777605,-0.10869514954054363,0.17357936418763195
DBX2,0.0037042661532800006,-0.3458460276680806,0.05672005713532939,0.15329304586644069
UBE2M,-0.138247034145,-0.34516578033355894,-0.07479682197902089,0.18382532620893802
SLAMF6,-0.058733199715,-0.34451054741746645,-0.006076602175314055,0.15284466015456538
ASCC2,-0.14415024763,-0.3443879926863688,-0.08937055808598532,0.1590638776825825
SLC22A11,-0.0541860118989,-0.3439859483038851,0.009732498089007922,0.18581721231077972
PPT2,0.0396848471945,-0.3437913530594365,0.09436752157309126,0.15905773630419795
NARF,-0.0022757002254699997,-0.34182236081270906,0.04941762003030122,0.15122860930708676
SLC5A12,0.010666368266700001,-0.341794218061232,0.056083877633757384,0.13287968890954407
PARG,-0.34552551354500005,-0.34153551075619903,-0.27871467013392426,0.1956190243970499
HLA-H,0.0826900313895,-0.3406059324447654,0.14227814061363514,0.17494736159299953
SLC5A11,0.00576264841359,-0.3401978524649182,0.06522628306041278,0.17479132868116734
DSPP,-0.23508348261700002,-0.3393773581638854,-0.16555964115201205,0.20485704126264925
ZNF114,0.00933330945762,-0.33842725042875954,0.06001831199341235,0.149766316014974
CD28,-0.0318470965741,-0.338320551431552,0.02801185749910763,0.17692970119587348
TMEM14B,-0.0158267598766,-0.3383160636653179,0.027605663790842876,0.1283782484251436
AHR,-0.218994276252,-0.3383063664023535,-0.15999697044829345,0.1743901731176411
EFNB3,-0.24404804273699998,-0.33799997495294154,-0.1780461074773759,0.19527201227992186
LAT,0.0239543229277,-0.33777696346498975,0.08213126517514284,0.17223478371837758
UBE4B,-0.35124817464100005,-0.33773229567716373,-0.2833391522090708,0.2010735227312791
ANKFN1,-0.316274503798,-0.3372865652790186,-0.2366414372943492,0.23609913557563353
CDCA4,-0.025997390288900003,-0.3371922995976588,0.028170366136871357,0.16064351555597464
ZNF454,-0.178420547802,-0.33650670738790395,-0.10944402042049788,0.2049781649730693
PHF5A,-1.17739642119,-0.335586395757852,-1.0549811084478544,0.3647803197316631
NPY4R2,-0.110570907408,-0.3355771265636628,-0.05074646031727408,0.1782733158941229
STAMBP,-0.08919425721280001,-0.335374477858084,-0.021483293430868477,0.2018965909820481
NDST4,-0.0944106993692,-0.3352921497088655,-0.046361337249684526,0.14330595619741407
ZYX,-0.09877040273189999,-0.3352078760042048,-0.029930474465561827,0.20536488905611108
NEIL2,0.0149217160759,-0.33460653151079517,0.062006361225681525,0.14071645564474725
OR10H3,0.0377142732131,-0.3342030164526211,0.12372873466624654,0.2573718883992794
PTGDS,-0.177075694439,-0.3338124910790243,-0.11741618977764086,0.17872160645790755
OR2T12,-0.0650851253403,-0.3334927758230144,-0.022006423636739592,0.12917431748633262
RLF,0.00726754265581,-0.3326949616865312,0.05791074530752813,0.15222112891338194
TMEM243,0.07664533028989999,-0.3320194395912584,0.14094186186792,0.19365291278478755
CNGB3,-0.0971753183768,-0.33178514054295766,-0.045470989509478754,0.15583678275256233
G6PC2,-0.0133783483424,-0.3316114359146243,0.028559293583042003,0.12646621130472457
PON1,0.045928742519,-0.3314756229323621,0.08938613528258683,0.1311028315721858
BRCA1,-0.217683348245,-0.3312040100663395,-0.15802101246155467,0.18013772167642256
ALDH1A1,-0.0296853790694,-0.33117239840578894,0.008056034751062736,0.11396304161259779
NECTIN4,-0.0899929847229,-0.33033653142515984,-0.04720692466310703,0.12952264127495225
KCNA1,-0.024263848342599998,-0.3298680026696519,0.027858568049471844,0.158009919028946
RDH8,-0.147199049334,-0.3296413378235278,-0.0851400635211975,0.18826214643633538
HAVCR1,-0.103348997927,-0.3294922737295253,-0.051314539556718185,0.15792315182782113
ADRB3,-0.052219493619999995,-0.3294345923482946,-0.005084283195213443,0.14307911652141517
ELANE,-0.0265036647965,-0.32941856521313984,0.02090397259721823,0.14391307108949558
ZNF788P,-0.05497304757759999,-0.3293949284855185,-0.007149556107645342,0.14518587669165395
CAMK1G,-0.081331221242,-0.32922464789672484,-0.03767739699233728,0.13259585674568503
CAPN6,-0.055250475286900004,-0.32902733352607616,-0.01471545839655648,0.12319650302588322
CNNM2,0.0523229233471,-0.328917900242242,0.1058604188725798,0.1627685677369654
GNMT,-0.251747040064,-0.328763933806074,-0.19246076318177768,0.18033084163420784
ACADSB,-0.07901794649260001,-0.3284309787630763,-0.025945411983978105,0.16159417941785384
PLPPR2,-0.260127501958,-0.32830583774527433,-0.2060125895416199,0.16483079554121946
SSX9P,0.167151696288,-0.32810752851322433,0.21560907742580504,0.14768750158639524
NPFFR2,-0.0566345218482,-0.3279504390649187,-0.002395465075723329,0.16538796815496837
DMRT1,-0.0693270453461,-0.3273361252143101,-0.02956197915909363,0.12148083613127576
PLA2G1B,-0.20708165968400002,-0.3268497876099048,-0.14085657150193318,0.20261628029909107
MORF4L2,-0.49201679931599995,-0.3259649982389437,-0.39886375417578235,0.28577622027974053
DDX52,-0.25771718487100004,-0.3255278839984278,-0.1946084513344244,0.19386583035965188
GBP1,-0.027037210871,-0.32437884832160857,0.027692804120160997,0.1687225146594589
MID2,0.138317357225,-0.3239688248514445,0.1759880053080398,0.11627862063676536
PLCD1,-0.114648080201,-0.32334175122805436,-0.06361218006597687,0.157838880816314
SUCNR1,-0.0540669049075,-0.3232491734949438,-0.00058870555195242,0.16543955480951622
POLA1,-1.42579035957,-0.3228827044049623,-1.2898305434359156,0.42108113652183266
MDC1,-0.176735393228,-0.32269649938923195,-0.12119895699668116,0.17210114251760622
S1PR1,-0.177288988963,-0.3226185957655265,-0.12330721007100973,0.16732382943983573
RNF144A,-0.0679292703754,-0.32249389336557704,-0.012151869624205815,0.17295645560632456
RRAGC,-0.138823290087,-0.3224890912124514,-0.07571671440991849,0.19568592363798057
MX1,0.0460654786398,-0.32224298811773505,0.091947086003488,0.14238201933171202
SDHB,-0.214128929283,-0.3219636133115617,-0.1333922718511024,0.25076329775740647
EIF2B3,-1.16313652197,-0.3219486004281628,-1.051763730627864,0.34593345395513514
H2AZ1,-0.124874808937,-0.32179532943462313,-0.07416751640689086,0.15757622280969424
IBTK,-0.0583176745492,-0.32050652623987663,0.0021182988163297826,0.1885639399439177
MAPKBP1,-0.08508068498289999,-0.3203764385445673,-0.0361359072907404,0.1527727129826088
ERP29,-0.0347051635926,-0.32002177949861005,0.01677265700241947,0.16085724126549036
GATA2,-0.019434421617400003,-0.3199961392014031,0.0235083289901988,0.13419771474358624
IFNGR1,0.101506457944,-0.31980845079368264,0.15133907969609958,0.15582021559601625
PEX1,-0.0826337579743,-0.31958427696113734,-0.01032609721031458,0.22625537605148927
TET1,-0.223326188538,-0.3189392867854739,-0.17291514982209824,0.15805841677262356
PTCH2,-0.184450364261,-0.3188363917041153,-0.12096984480081378,0.19910060806075436
SLC10A4,-0.009883277298629999,-0.3187736746536725,0.04519768311937431,0.1727901793579608
CDH22,0.050059941559199995,-0.3183815660265547,0.09051810768320212,0.12707446171876577
PXYLP1,0.00254769152712,-0.31807400884143755,0.04549294130347851,0.13501653257612464
TRIM10,-0.0352608314495,-0.3176862296226902,0.020594227065387417,0.17581831790828764
MRGPRX4,-0.16615020875999997,-0.3164651478232575,-0.12318010120673198,0.1357814844662337
NAA16,0.0658370699306,-0.3163396924150588,0.11368568257171295,0.15125706254507063
CDO1,-0.056228117137,-0.3162090755361137,-0.005288464589092395,0.16109484669768714
HLA-DRB1,0.275872798099,-0.316161505392442,0.3446868512150825,0.21765474905196208
PHF23,-0.149631627425,-0.31602363285001117,-0.10413825123697489,0.14395561426134496
CHAT,-0.0874217003444,-0.3160176525201546,-0.04528799407126678,0.13332706555196647
ABCC3,-0.07947467497999999,-0.3158857754856035,-0.018719687313972066,0.1923321414920655
SLC25A12,0.0184514764241,-0.3158779460419239,0.06413174977191378,0.1446136836085132
FUS,-0.19671318179699998,-0.3152919887020373,-0.13356261472029576,0.20029233009273784
CIC,-0.0265370231767,-0.3150881013051705,0.026420920883795006,0.1680734494293199
CTAGE1,-0.115106853201,-0.31499340231910294,-0.07183420956218078,0.13737634921947356
SUPT5H,-1.31803436979,-0.31413900025792274,-1.2220150659010267,0.3056586536855885
DNAI2,-0.12285349956800001,-0.31397616272337187,-0.06588396979812171,0.181445397879046
DNAJB1,-0.0306467252977,-0.3134245549389844,0.02523883985331841,0.1783062758496949
C2orf81,-0.12899328313300001,-0.31341298325509825,-0.07627998116072458,0.1681911879488737
EFNA5,0.0313868623107,-0.31285849921376135,0.0744240655668811,0.13756124051076463
L3MBTL4,-0.134505482968,-0.3123360923925078,-0.08765908185779805,0.1499871524656549
INPP4A,-0.0403519785275,-0.31227899424771627,0.007768667048835265,0.15409504469635704
ZNF394,-0.158339377926,-0.31207925990444374,-0.08345465730834983,0.23995417266940228
EMD,-0.0861281070715,-0.3120766173096515,-0.04415475981979944,0.13449693095735327
GYPE,0.0411279178864,-0.3115102146315824,0.07752188003477972,0.11683071834874569
TARS1,-0.285301507295,-0.31124063517795275,-0.2322732180677045,0.17037713985185896
PRPSAP1,-0.177762645163,-0.3109145502671657,-0.11602807377057361,0.19855800038749716
CDH16,-0.20977491546799998,-0.3102641880734405,-0.15094964647031198,0.18959735367126507
CACNA1F,-0.119260814814,-0.30961555973994104,-0.07401767058443356,0.14612684280973484
PHB2,-0.936732670208,-0.3095001339778054,-0.8628871911417154,0.23859595185693883
MAGEF1,-0.054672044951,-0.3085496761380225,0.0012869697104341841,0.18136144351810055
SOCS5,-0.0252832018249,-0.3079635935793718,0.016807439938219277,0.13667408304310233
ZNF606,-0.0668996807514,-0.30791662903514583,-0.016994161629698377,0.162074777442453
ZNF285,-0.024852545182,-0.3074481382393686,0.02666252071176937,0.16755692907680417
LRRC74A,0.0132985192117,-0.30717386476312325,0.06165287279197623,0.1574168870700137
DDX54,-0.715697655961,-0.3068974409931954,-0.6473514791763892,0.22270038017725322
ZKSCAN3,-0.112581081424,-0.3066371321950615,-0.04777618231622731,0.21134067698803113
RTEL1-TNFRSF6B,-0.101421911802,-0.3065681080532759,-0.07490184191888061,0.08650629072777098
VDAC1,-0.446709224472,-0.3063778010748443,-0.37622180806672534,0.23006698317563637
NCF2,-0.14331878997300002,-0.3058429080712657,-0.09280425601477726,0.1651649674559469
PPIAL4A,-0.11015947607000001,-0.30571268024082937,-0.07051358115726494,0.12968351486599597
PCBP2,-0.524753414155,-0.30554264606543363,-0.45384602063105384,0.2320703654204819
CCDC141,0.0701342736878,-0.30518551502733443,0.11266627861727549,0.13936442863504203
ITGA6,-0.024681150699400002,-0.30515811978762897,0.01907346598320307,0.14338342598602177
RWDD1,-0.0809479841136,-0.3044629207514591,-0.0299741048395902,0.1674222895457969
OR1S2,0.104670802702,-0.3041374651413082,0.15235132872485532,0.15677294476266523
GNG10,-0.10405292209599999,-0.30356263735550204,-0.06091106819235954,0.14211845792180627
POLR1F,-0.29327090720800003,-0.3035552093123113,-0.23704007625858722,0.18524086961578048
MXD3,-0.09502749706569999,-0.3035519352825903,-0.050656462416181325,0.14617279447818923
ATN1,-0.0937845867024,-0.30297636419600116,-0.054785438225370145,0.12872010191461855
TRAPPC8,-0.796626114249,-0.3024197812871355,-0.700577450837107,0.3176004658263364
GPRIN1,-0.100661706046,-0.30236261670353526,-0.05123986171622918,0.16345223119374128
PCDH10,0.048625127569599996,-0.301932697966335,0.09603874770466049,0.15703373783102828
ABHD17B,0.0847175676816,-0.30113403389139504,0.14038962687217182,0.18487468344627606
CKLF,0.1091453309,-0.3011300553970946,0.14983927753627319,0.13513744611978645
IL12B,-0.0276451521666,-0.3010893883037798,0.013446039247454444,0.1364750569442058
PGD,-0.33554288702,-0.30095119178360924,-0.26753323110329263,0.22598234455774435
RGL1,-0.104094996009,-0.3009045621384462,-0.03058917169810731,0.24428285097609345
CDK5,-0.0275737428595,-0.30067598327111233,0.023085371794384215,0.16848407412775002
PIP5K1C,-0.128361851844,-0.30056891124203877,-0.08656127861664425,0.13907151293400086
CA2,-0.026334599547200004,-0.30017799092285696,0.026631366360421894,0.1764485322351087
ATP5ME,-0.395566702002,-0.30002304539314506,-0.3315678058748389,0.2133132674634978
CDC42EP2,-0.020678624988400004,-0.2996935094959677,0.02760443411750825,0.1611081240535104
CCR10,-0.004932965879220001,-0.2980409494509945,0.04637564029536224,0.17215287452645386
ALX3,-0.048926374021500005,-0.2979536814854566,-0.006792940942409831,0.1414093387570603
AKR1B10,-0.0488958363887,-0.2977853795993531,-0.008502782381582832,0.13564485288519826
ARID3A,-0.05677783894309999,-0.29753548341380504,-0.019230724781446034,0.12619373572137732
RAB9A,0.029808074372299997,-0.29680668720895115,0.07333006604048507,0.14663413441741527
MACF1,-0.07276412599030001,-0.2966032401351251,-0.033331582345701216,0.1329471101753113
AQP6,-0.0452292200289,-0.2965139997544965,0.0007560920514825179,0.15508647860963326
NNMT,-0.18794468075399998,-0.2964650769855117,-0.14538754999694364,0.14354854605399645
TF,-0.126724597394,-0.29638679325095496,-0.06515239951907786,0.20774271754675674
CDCA8,-0.09786894939089999,-0.296161284396494,-0.04460043335709476,0.1798631990077763
PRKAG1,-0.405884719545,-0.29531295254698176,-0.3361001125746094,0.2363073016896827
BDKRB1,-0.187581988679,-0.2951830278718655,-0.1404534149369471,0.15965881941732335
ZNF610,0.0266017006193,-0.29515155947404487,0.08745362098547936,0.20617177315483767
PSMD2,-1.04344397355,-0.29508104648683503,-0.942093589395649,0.3434662624421483
SNU13,-1.1678313296,-0.2949634664207946,-1.0990938703442548,0.23303719640209433
APOBEC3A,-0.12701786129,-0.29480978841792693,-0.08633302199772466,0.13800369217931083
MSX1,-0.07221659614249999,-0.29459734133418575,-0.024255783868744527,0.162801239334165
IK,-1.16039358688,-0.2945663871818333,-1.0655400864151459,0.3220106047140464
HMGCR,0.010911459084999998,-0.2945038787671726,0.05158222925232022,0.1380992682934187
DIDO1,-0.0554065760537,-0.2926347328482593,-0.010615732163828743,0.1530605866703348
DPH1,-0.121808993532,-0.2922989653684272,-0.07530020260944269,0.1591137719695158
MZF1,-0.47459976570900003,-0.29208689277515465,-0.41583021835571,0.20120569873886882
AURKA,-0.393248118038,-0.29151827628345245,-0.3310524930153842,0.21335068873054483
RGS18,-0.193872946897,-0.29151057923154994,-0.14906708192265164,0.15370236336691775
DUSP6,-0.306933052283,-0.29135381867702503,-0.24291627732622056,0.2197217638933508
PTPRG,-0.11738193764699999,-0.2911399553743502,-0.06505053327270437,0.17974655628083563
SYNE2,-0.11718858822,-0.2908884412505864,-0.056700143495538105,0.20794378925614995
TENT4B,-0.08442236450369998,-0.2906256888757212,-0.036304763880461374,0.1655655451841867
PCSK1,-0.038535734304199994,-0.2901309152266525,-0.0042479996548242145,0.11818021744628604
PTPRC,-0.19561946585,-0.2901057067847122,-0.14728836888714628,0.16659822896459012
TFE3,-0.06269147940240001,-0.2898661013017515,-0.020469494049212243,0.14566030716794492
HPS1,-0.192654140015,-0.2896260453214437,-0.15079156152251622,0.1445401032425184
MX2,-0.009372192056299999,-0.2891958073646681,0.03389926978612733,0.1496268643613605
APEX2,-0.0817646855044,-0.2889942689773615,-0.03927976543295664,0.14700955912302688
YAP1,-0.206688673521,-0.28885690162059974,-0.11975698281178065,0.30095071373229687
ZNF384,-0.082380210227,-0.2887712814187765,-0.03821865579462585,0.1529291770822979
FOS,-0.234952531769,-0.2887234982529809,-0.18479988694861957,0.17370475601690183
PKLR,-0.08482782114,-0.28797219630581716,-0.04462730825183605,0.1395985911274306
RAP1GDS1,-0.209278823584,-0.287137569374683,-0.16029348276131067,0.17059885590509
DUSP1,-0.0323480109519,-0.28713726534056117,0.014264260921602207,0.16233445637304303
GRN,0.0842436249646,-0.2869965749663325,0.12347059030311927,0.13668095287590443
PRKD3,-0.15413049422,-0.28677440919240277,-0.10314700720884554,0.17778255442921548
TIGD6,-0.210777044795,-0.28655738350842785,-0.16039843818424585,0.17580634633786182
NUAK2,-0.025205091354099995,-0.2863471915311134,0.015133516382626428,0.14087306923121468
FOXN1,-0.14863893821799998,-0.2863073393934679,-0.09736614110445543,0.17908306934137339
SMOC2,0.0674007329896,-0.28614299676220195,0.11220864379043886,0.1565927221978328
ZNF160,0.0454685769836,-0.28595120991759554,0.07969078988121782,0.11967850357226976
SLC9A5,-0.0159286353844,-0.28589245710348654,0.03179982082942074,0.16694548956408503
GABRP,-0.164608106506,-0.28583310799671824,-0.11539142489860651,0.1721867769354366
ZNF33A,-0.0806599252988,-0.28561030650123387,-0.04188999624643457,0.1357441526788808
RAPGEF5,-0.133117596726,-0.28556321003257956,-0.0776826598212793,0.19412492561067718
FBXL2,0.047124371682799995,-0.285295266994925,0.097011886245193,0.1748627486458807
GFOD1,-0.0560478046485,-0.28498659224482836,-0.01539703201409645,0.14264100045619335
SLC4A1AP,0.029898086406900004,-0.2849382238051083,0.07209240419408856,0.14808233596643944
NUMB,-0.054155259622099994,-0.28484249131085054,-0.01857030933667577,0.12492851793867414
IRAG2,0.033316581757799994,-0.2846320010934229,0.07323065534346267,0.1402304499575996
CACNA2D3,-0.270360125462,-0.2843183888427651,-0.215287579816485,0.19370025931024618
TDRD3,-0.187849953069,-0.2841926622995894,-0.13809751677418589,0.17506587218767183
DRD5,-0.102636091525,-0.28371229113387364,-0.06340952110336111,0.13826179424538673
CASP2,0.0122756069525,-0.2832901155673139,0.05274368935760864,0.14285031556455005
GTF2B,-0.273115940917,-0.2830674377465799,-0.20874390246199198,0.22740884280952856
SCN9A,0.00458587325404,-0.28289510116576067,0.04585307808067438,0.1458745826865843
GRHPR,-0.132741849563,-0.2828290770043217,-0.08449951825530723,0.17057062102195247
KCNJ9,-0.039343875783800004,-0.2827768651151168,0.002267175495814265,0.14715154035912612
KCTD14,-0.025273064736599998,-0.28236010377982584,0.018197630422449325,0.1539548065648332
ZNF385B,0.0127805545325,-0.2813591212109655,0.061624010168524375,0.17359826625062966
DAPK3,-0.0752263319037,-0.2810292743351065,-0.02427677293004376,0.18129626920255532
DHH,-0.0270877524824,-0.2809002450491596,0.027512304412625276,0.19437525547715298
LCN9,-0.05069576363,-0.2808631657655739,0.005716181462776057,0.20085205882732596
UTF1,0.0284752775248,-0.28049517589507444,0.06363733717787642,0.1253570922953398
CLIC5,-0.0337438019592,-0.2803864792663168,0.023333093000851096,0.20356507599583035
CDK2AP1,-0.133309302578,-0.2800616808230103,-0.0827549290800635,0.18051156927064643
TREML4,-0.0222947396522,-0.27968056363998184,0.025529753575009924,0.17099684227171358
PLEKHA5,-0.00330164064488,-0.27965262501182137,0.043694718858501104,0.16805263137220505
PPIAL4C,0.0329943608014,-0.27954702521796376,0.07527987627058563,0.1512644086847838
CPOX,0.00529928217654,-0.27913313478942803,0.040780740528937494,0.1271130293405114
FLVCR1,-0.147493798431,-0.2785317727353053,-0.09302985770878988,0.19553941795347116
APOBEC2,0.0176256909825,-0.27769041556442126,0.06278736116858907,0.16263316144453693
SET,-0.10782460437699999,-0.27768518411949417,-0.05240029679641115,0.19959403940232734
SAP30,-0.201869518031,-0.27753549561174506,-0.1591670412256003,0.1538631183419429
RPS27A,-1.51803575083,-0.27700031481662307,-1.4219763204103648,0.3467845532349934
MEP1B,0.00896041440533,-0.27665430821634246,0.05846652837912871,0.1789457546964537
GAPDHS,-0.07913786613149999,-0.2759514446888851,-0.03990252072777044,0.1421820619492118
IRX5,-0.274413330671,-0.27585648677114966,-0.22675997050933405,0.17274692619861837
RIOK2,-0.434584509125,-0.27540861991665494,-0.37312192898831276,0.22316868715034144
ATP11C,-0.106383531741,-0.2752126359682037,-0.05857207000766702,0.1737255324964687
SERHL2,-0.025696005188299998,-0.2751027023867455,0.008969366951436984,0.12600883902261212
FOXD2,-0.054753548386399994,-0.27487492004699043,-0.022063032387616418,0.11892869670756089
EMP3,-0.103390489195,-0.27470765883001375,-0.04638589952302603,0.20751001233368535
ZNF668,-0.0363249914934,-0.2746414931050503,0.009252480463590843,0.16595260767664655
SOD3,-0.06501894707780001,-0.2739930144078925,-0.00592104060578265,0.21569128906344492
ERCC6L,-0.500438530188,-0.2739369841164026,-0.4460571780998852,0.19851774401154537
GPR61,-0.0203345518944,-0.2732599004942238,0.01743026604358519,0.13820109672031253
DGCR6L,-0.05189278786780001,-0.2730652032770164,-0.012055330579198624,0.1458899076503259
ABAT,-0.0749880887687,-0.27254233399291006,-0.026497745187529422,0.1779185745963121
FN3K,-0.0231555419648,-0.2718777334786461,0.011346609644014452,0.12690318978080026
IDH3G,-0.0436806262577,-0.27144217856674047,-0.005211467029518294,0.14172137665305082
CLCN5,-0.110530570767,-0.2714046865690702,-0.06635238534135869,0.16277605955930438
LMBR1L,-0.11951955358699999,-0.2713674494125079,-0.060442209583008055,0.2177023962597223
RPS10,-1.0661884498899998,-0.2702559813655309,-0.9891589035244585,0.2850243904920504
ARHGAP35,-0.152266392976,-0.2700486222104745,-0.10732281186489698,0.1664277371357008
PQBP1,-0.276006797974,-0.26997369217128736,-0.20841303781703882,0.2503716551539981
OR56A4,-0.00682480174296,-0.26988743772079554,0.031066212784907964,0.14039562140371664
GRM8,-0.11122279852700001,-0.26983891633467627,-0.06062938037824889,0.18749489078884762
TGDS,-0.021904233277099998,-0.2690713277632334,0.014852151303903334,0.13660461293500117
PVR,-0.05220948818940001,-0.26882156123566237,-0.00726708090659635,0.1671830454232237
NFYB,-0.18669019012899998,-0.2679755109852157,-0.14787663665702858,0.14483992708614618
PRKXP1,0.006400786697770001,-0.2676102592246388,0.04996877602189677,0.16280388296905574
MS4A12,0.09251815731910001,-0.26722827859998916,0.13047545639227712,0.14204072739620097
SLC12A1,-0.11365400871200002,-0.2670564466234405,-0.06340406483791962,0.18816225749058466
UGT2B4,-0.307414185488,-0.26698778289356573,-0.24906141560435333,0.21855970056468427
ST7,-0.189463831679,-0.26672548193882484,-0.14363319600662947,0.17182698608032537
SF3B5,-0.652679447947,-0.2662386050205241,-0.607534086563512,0.16956729990381256
PAWR,0.09502140108589999,-0.266049688976671,0.1387093273312936,0.16420964975916383
EHD4,-0.000168157945345,-0.26598095100639774,0.042941270354159254,0.16207712671298527
UGT1A8,-0.06093265422809999,-0.2659748663466185,-0.011298028294681631,0.1866139707679541
TRAP1,-0.0335586119884,-0.26596527632177114,0.002311533310854932,0.13486777595680713
PFKFB3,-0.0873827857002,-0.26591287016140824,-0.05462487962560551,0.12319037455656263
TPRKB,0.0315278730816,-0.2656637185258103,0.068618234103758,0.13961394965023996
TAGLN,-0.0957309499484,-0.2656538610316601,-0.05113524242569096,0.16787148264859664
PPIAL4G,-0.0976024329871,-0.26538782124522337,-0.05688882479047913,0.15341174288099954
CDKN1B,-0.038356880978199996,-0.26494192845642367,0.003716440927939,0.15880205202423822
SP6,-0.189535347464,-0.2647744924644618,-0.13915452412058443,0.19027823592250948
AP2A2,0.060632751936400005,-0.2647609469292008,0.11773425745240435,0.21567193416661157
AATK,-0.221194721661,-0.264752789197389,-0.1721305182366795,0.1853208178582784
SLC27A3,0.072589527626,-0.2645829254135638,0.1269592814242603,0.20549229967608879
NDUFAF2,0.0108938289426,-0.2641621504296218,0.05242079412972114,0.15720255577713724
ARHGEF1,0.069078770566,-0.26415121374890116,0.11015288805490722,0.1554947142054466
CD36,-0.0171602485133,-0.2641323663841079,0.024019001806555813,0.155903840500834
LRRC32,-0.0459740823128,-0.2639497898802894,-0.010195413558195173,0.13555104086588488
DDX46,-0.6827580197319999,-0.26368306878583764,-0.6298045774946885,0.2008223071778641
TRRAP,-0.965295926347,-0.26344219020232934,-0.8749038723747288,0.3431191256907186
ANP32B,-0.091714179199,-0.2632075301245358,-0.034889747256901776,0.2158921210012948
ARHGDIA,0.0359351936194,-0.26314527214293215,0.07952943047116073,0.16566604635055623
ZNF34,-0.0618437825559,-0.26312832831040633,-0.016197614661366034,0.17347492832731506
TRIR,-0.180055293151,-0.2628286660557064,-0.13649981363732314,0.165718146986468
PIN1P1,-0.16308069089500002,-0.26244036106103713,-0.10643837053028647,0.21582930360143784
IL3,0.0131001623725,-0.2618654934743888,0.05602030355505845,0.1639014771022367
UBE2W,-0.07774603161299999,-0.2617110554274909,-0.021077028980401466,0.2165327045127412
TNNI2,-0.298946566726,-0.26157728193818025,-0.2456412497840628,0.2037841992506639
B3GALNT1,-0.0630601593614,-0.2614103549306615,-0.02172514769593538,0.15812308459023605
CLIC2,0.0480555103565,-0.26123391868077467,0.08342318631660439,0.13538699774788185
LSM5,-1.0259037374700002,-0.2608402579672335,-0.972638852201345,0.20420500149691703
ZNF142,-0.0436377293594,-0.26076085977780683,-0.007599651414202046,0.13820355545654298
ACOT9,-0.0473282732451,-0.2607004274802086,-0.009528071191836407,0.14499478354761516
PITPNA,0.0474047912801,-0.26048928601994725,0.0886728016907434,0.15842498185312412
PRSS12,-0.147547281569,-0.2597362691613972,-0.10106835006859255,0.17894663556411505
E4F1,-0.165600912407,-0.2592940932019729,-0.1266441988386732,0.15024142311634578
ATP5MC2,-0.07247854220160001,-0.2589252342386475,-0.025838972962224677,0.1801275544908394
IRF1,-0.041677268977800004,-0.25875274294296235,0.010237739801930225,0.20063558820388627
REEP2,-0.0383168487624,-0.2579471321312332,0.0014530585936157923,0.15417852110789296
RHOV,-0.0829687363066,-0.25773927152183135,-0.04076584013760488,0.16374259118451956
IFNA17,0.132444175022,-0.2571521100034357,0.1741579415622937,0.16221436619647556
PSMB2,-1.3116374760299998,-0.25636265360308036,-1.243551477904559,0.2655846987403106
SPOCK2,0.0252214598126,-0.2562861574987657,0.08137338923598465,0.21909856533572275
GRM2,-0.0674673509263,-0.2560781619502721,-0.02877223492665132,0.1511066609700319
AMPD2,0.0595040577461,-0.25598313096605235,0.09211546669749865,0.12739671097984762
SLC25A23,0.0154339425235,-0.25588517759157103,0.06277937575179655,0.18502608737996762
ADGRL1,-0.0471565960862,-0.25540203194015654,-0.009934596233099738,0.1457388556008896
RACK1,-0.851254680715,-0.2544561996075322,-0.7751231079677818,0.2991932319379204
GSX2,-0.0931220249755,-0.25443462786376264,-0.05328190136226565,0.15658294607040202
NUP205,-1.34618865554,-0.25440369686956166,-1.2884040322069688,0.22713751428957688
CNTN4,-0.00712060156044,-0.25435700333099936,0.04346127414614059,0.19886173781013403
ZNF486,0.0799398111219,-0.2537780266122574,0.11551201102348625,0.14017052767116175
CDS2,0.0054565103404399995,-0.2536482185566648,0.047062699076660476,0.16403107016864654
GTF2A1L,-0.194216641655,-0.2536247167583228,-0.14853023806466462,0.18013387722723265
NME6,-0.0797179932086,-0.2534795361405613,-0.03646607721839044,0.17063277236796426
ATP5F1B,-0.48710073565300005,-0.2533628561328908,-0.42951667351100487,0.22727902195652508
LDHAL6A,-0.20618219627700002,-0.2530135897900948,-0.1454510768767528,0.24003105702990496
ABR,-0.0413038267254,-0.2529147789180845,0.008457892823591433,0.19675291322184277
PPM1N,-0.025414518919799997,-0.2527872464494137,0.014962712109090736,0.1597281176009439
HNRNPR,-0.108364811624,-0.2524642139201997,-0.0731552271942352,0.13946366450531494
SCN10A,0.00490446384659,-0.2520953925569692,0.029735837699655217,0.09849991148669547
FFAR3,0.0671590915859,-0.2520727706632272,0.0990302517168492,0.12643634632607553
PGM5,-0.0629322846698,-0.2516897675584433,-0.018470874618628293,0.1766516393672921
OPA1,-0.323130013393,-0.25147556614297534,-0.25967081365122513,0.25234737797824636
CIAO1,-0.044748336806199995,-0.25067316665522144,-0.003786698163055871,0.16340655519576694
HADH,-0.193778529236,-0.2505726453708434,-0.1397761751610284,0.21551575989090516
CCL25,-0.155681610427,-0.2500955368066226,-0.1052770941613517,0.20154104671056874
SLC25A29,-0.166136943342,-0.2499804234886939,-0.12650866609005154,0.15852552251452906
SLC39A5,-0.0496896640427,-0.249736629580107,-0.010465135544429505,0.1570635775946059
IARS2,-0.570311664529,-0.24949887978506013,-0.49920050197518445,0.2850159592503052
HPCAL1,0.0124865804689,-0.24866812134866978,0.046414479655550754,0.13643847471336618
CUEDC1,-0.013217160635299999,-0.24864818930086097,0.03943242455913836,0.21174328814730708
CDKN1C,0.0181891034746,-0.2477762613481728,0.055746739319098834,0.151578830191982
TOMM40,-0.903743142505,-0.24736662632307696,-0.8181515506672985,0.34601107315872626
AKNA,-0.0880666416897,-0.24734184217885935,-0.04922391253216646,0.15704067219425558
FLT4,-0.266586213776,-0.24727178372472147,-0.21749927963663854,0.19851409408688592
PCDHB9,0.0201779025854,-0.24665145014507756,0.06270000140796109,0.17239752208045026
ATP6V1H,0.0139806271317,-0.24656579759682773,0.04874312877714327,0.14098671423311193
KIR3DL2,-0.13950141257,-0.24633270487698666,-0.0983606746418866,0.16701289399902555
NOX4,-0.0576702366443,-0.24629502643480902,-0.024678406181453554,0.13395248349271455
ITPKB,-0.129407263731,-0.24625569590050433,-0.09298504699529933,0.14790405802599785
PCYT1A,0.00578356344345,-0.2462045128741272,0.034347021807067335,0.11601516978781168
CAPN9,-0.012435372016200002,-0.24577325299256902,0.017481809037953742,0.12172675704080091
PMP22,-0.040704322174900005,-0.24515257931457934,-0.003863879307880277,0.1502755670367479
DHRSX,-0.026784234020799998,-0.24496232994876072,0.005450965184828825,0.13159247469752403
XK,0.030286022891599998,-0.24491239535231088,0.07117547567963206,0.16695542391479146
ZSCAN22,-0.00143660956948,-0.24478700815087506,0.03309057199968263,0.14104989406905827
STYXL2,-0.0310291090924,-0.24471755673915968,0.005342325038598172,0.14862617384565452
TMX2,0.0323658559117,-0.24459376428352067,0.06251784087932831,0.12327372717759746
RIPK3,-0.23056645383699997,-0.24451813427807856,-0.18411936459497188,0.18995355652929233
POLDIP2,-0.054171944652300005,-0.2441259623889867,-0.019041711063363213,0.1439020792592342
NAA10,-0.869038429313,-0.24378289785099522,-0.799053548529541,0.287078713890074
MYO5A,0.11054657260299999,-0.2437474422137413,0.14012826996178124,0.12136208318789722
ARHGAP45,-0.167712133949,-0.2428022563860923,-0.1266804625200143,0.1689921339270387
ZNF595,0.043409348820400005,-0.2426863366451165,0.07480045987185102,0.12934848943455216
LDHAL6B,-0.0262783790723,-0.24212991247335527,0.007061697931709578,0.13769499465572402
DNMT3A,0.0206416615907,-0.2418445441281268,0.04688944292091336,0.10853162482883033
YAF2,-0.0041964122298899995,-0.24181806671111386,0.033442076798837074,0.15564796105036938
GUCY2EP,-0.431982572685,-0.2414709540381244,-0.3975165910274279,0.14273344715460254
VEGFD,-0.170494799423,-0.24132960550567759,-0.11252964907366303,0.24019079726201792
H2BW1,-0.0648129957996,-0.2403413219777979,-0.024398411870036434,0.1681549539504362
OR10H1,-0.36225961469000006,-0.24002770564759313,-0.32693919405259936,0.1471514321319968
SLC4A4,-0.09428024800139999,-0.23915410305490514,-0.04466692711935058,0.20745335433638432
OR10H5,0.298651377381,-0.23892833715736658,0.33419077072714043,0.14874499094150115
DGKI,-0.142499453336,-0.23882958518741504,-0.09181958388145142,0.2122009692173561
PRF1,0.0267192513662,-0.23866515769613192,0.059351964111368324,0.13673010782209039
SH2D3C,-0.05014216673690001,-0.2386038216367378,-0.01007212864993683,0.16793544131899016
UBTD2,-0.165450875092,-0.23847577605471815,-0.10827377319487758,0.23976062828286238
ATP5MG,-0.136486018371,-0.23829748272317527,-0.0991876202710999,0.15652031936581048
SRCAP,-0.459687662873,-0.23822243678213276,-0.4025225169882648,0.23996541491604254
PRTN3,-0.43081774444700005,-0.23731565362527904,-0.3871689905002218,0.18392699040283095
ANKRD17,-0.488030899548,-0.2369083370169599,-0.4229176785293201,0.2748456294892591
PLCL1,-0.159661926456,-0.2368660617366869,-0.12188106320511094,0.1595030667284379
DLG2,-0.12243294168600001,-0.23672286157452918,-0.08714653059655714,0.14906211784844192
C1S,-0.171063540779,-0.23646837810063723,-0.1314087965442664,0.16769575937911305
PYCR1,-0.09310195665719999,-0.23640499268152343,-0.05763910444767274,0.15000889705109385
KCNK1,-0.194291776932,-0.23622840504176756,-0.15339183935082173,0.17313725491202783
RANBP9,-0.0507636317119,-0.23598791082514375,-0.015822690863915675,0.14806241864598718
GRIN1,-0.0380694355297,-0.23569711533703153,-0.00765456557216656,0.12904218158988562
SCNN1G,-0.0269785964469,-0.23534299361192634,0.01945967434969917,0.1973216626672749
GRB7,-0.11273079720999998,-0.235276548151789,-0.07196980225875936,0.17324716497006581
PEBP4,-0.0514109776715,-0.2347291252274979,-0.010185567788056273,0.17562971720483486
SDR16C6P,-0.018384469520599998,-0.2346189356030812,0.022337668888594647,0.17356714326795303
NPHP1,0.0110797945952,-0.2343761009272297,0.04046544547331317,0.12537818814230114
ST8SIA3,-0.06814114357699999,-0.234329095636768,-0.03166236293134506,0.15567328737614577
RPS18P9,-0.0190636948705,-0.23390111714022518,0.03203162812212291,0.21844839228361165
TCEA3,-0.201560837687,-0.233813422521826,-0.14824150507069553,0.22804222290243936
TMPRSS3,-0.023770171507700003,-0.23304525685344832,0.014561841183696418,0.16448312747897592
SLC2A12,0.125768197688,-0.23296764287341373,0.1567878948441973,0.13315023826314074
GLUL,-0.15590599271199998,-0.23286958754307938,-0.11690996945947547,0.16745863495511407
COPB2,-1.36392578081,-0.23227843095514886,-1.2652374400470132,0.4248708774085131
CRMP1,-0.0524899931781,-0.2322027462093387,-0.00997459516864921,0.1830960171811306
SNRPA,-0.343333451273,-0.23196351229637538,-0.29747171174561693,0.19771100667240465
WWP2,-0.513387912016,-0.23176348459114532,-0.4575947932657289,0.24073299919828142
SLC39A6,0.00856939597187,-0.2315813505222169,0.03958526949664516,0.1339307912957336
TAF1C,0.0265271296077,-0.23005646127288623,0.056767945472457,0.13144953937584142
CAVIN1,0.018096469251999998,-0.2295297581561485,0.06573089232633555,0.20753048954083758
GALNT13,0.0245194277368,-0.2292131630304351,0.0669098698227582,0.18493895169680796
ADGRF4,-0.26120742688799997,-0.22859072109087875,-0.22092755800963565,0.17620955341555888
CDH10,0.0642183894485,-0.2285127129268545,0.0960188709187554,0.13916285471799783
JUP,-0.123819255019,-0.22813454553309512,-0.08606256761481182,0.16550184153811495
ITGB1,-0.0815343945958,-0.2280848707609298,-0.02900460931612361,0.23030806517077665
TAS2R3,0.0793892597756,-0.2279562781330111,0.12843631142385822,0.21515990719781608
MESP1,0.0209092939646,-0.22777783866957385,0.05696264854263877,0.15828297778494424
STK3,-0.20470710120700003,-0.22729579311845863,-0.16604285514026532,0.17010541874210694
SLC34A3,-0.013713583327,-0.22714392920756032,0.020874434946454985,0.1522735755876136
MLH1,-0.032285816280799996,-0.22712953829311433,-0.004553495857118275,0.12209913616736505
KLRA1P,-0.120337708184,-0.22615601800898658,-0.08319409466354376,0.16423889068908304
AFG3L2,-1.16771259145,-0.22603183267930577,-1.0818862061054424,0.3797092839853585
DBF4,-0.34620126583800004,-0.22509222184172922,-0.3036989824733074,0.18882164393302575
METTL3,-0.020986119509,-0.22504701907839886,0.018223386687633198,0.17422806290526302
GTF3A,-0.146292909733,-0.22427007746771147,-0.09152367400274822,0.24421107063708483
ERN2,-0.17592540969099998,-0.22417408621504525,-0.1306685067632874,0.20188284779846785
MARS2,0.045133024523099995,-0.22402793192498155,0.06914547403096805,0.10718506974348586
MED15,-0.141901943649,-0.22396863457324862,-0.10103469837401831,0.1824686092891999
RUVBL2,-1.37084501326,-0.22383785093221584,-1.300619488918461,0.3137339107263197
DUSP21,-0.0779605132005,-0.223769726774191,-0.04198766207288029,0.16075834585042148
BIRC2,-0.145726455645,-0.22369822671260656,-0.10983176133817836,0.16046034353654887
PPP1CB,-0.7121976419059999,-0.22367896739077409,-0.6310074463516594,0.36297644119797234
CMKLR1,-0.108160272059,-0.2233926214363491,-0.07397363697330878,0.15303385969456457
APBA1,-0.157416562218,-0.22334309409451705,-0.11705130429465735,0.1807320619739439
RASAL1,-0.09902339593969998,-0.22325955189606014,-0.051792543729832725,0.21155131688097212
CHRNA6,-0.0249249823958,-0.22319903790209458,0.013594679645580055,0.17257987491091498
RHD,0.066605740402,-0.2225748245244669,0.09430699327096484,0.12445815886027908
LY96,-0.262135412873,-0.22254994942031922,-0.22590517066603813,0.16279600288084362
ECI2,-0.12479571377599999,-0.22232702742817528,-0.09481902399058637,0.13483151433353222
FGF20,0.03638779107930001,-0.22226883015249305,0.06689068846461335,0.13723425531319922
PPIL1,-0.289768578232,-0.2221128895281026,-0.24476136457188322,0.2026321559083687
QSOX2,0.0286983654665,-0.22167338871392397,0.0638201907615722,0.15843951995698477
PPIH,-0.143953190899,-0.22160024609312567,-0.11191169441853734,0.14459143004289574
CHRM2,-0.09284285585629999,-0.22140012939980536,-0.053897723188171535,0.17590383878141805
TSC2,-0.0347761958679,-0.22099068528993773,0.009950312986362026,0.20239092338023776
CTSF,-0.0682326361207,-0.2205938887028611,-0.04100880298802,0.12341154731330918
PPP1R2B,-0.0997201739753,-0.22045765558437103,-0.06421883045270177,0.1610347503174439
COMMD5P1,0.13901800448100002,-0.2197087540137057,0.16955014199792628,0.13896641330468623
AOX1,0.06392596646069999,-0.21943837312492645,0.10151493826744408,0.17129625630857487
TNS2,-0.0326878289414,-0.2189385811863258,0.008744017723726556,0.18923958692262804
ZNF182,0.08995393887080001,-0.21881458450002886,0.11495247068966,0.11424527243455605
SMPD5,-0.118096053903,-0.21877085294200235,-0.06500951244675152,0.2426582003148385
ZIK1,-0.034972568594999996,-0.21776147777939567,-0.00010821861147277445,0.16010338623274187
SMARCB1,-0.409506603968,-0.21741828164329102,-0.3520823550857243,0.26411876889216357
ZNF8-ERVK3-1,-0.366106007233,-0.2170464534333729,-0.32914813786822583,0.1702763108088251
RIMS3,-0.261895761384,-0.21646663299678545,-0.21641350332560488,0.21011209639441536
ALK,0.0141054129337,-0.2154698035969065,0.042409879411243204,0.13136163863821135
TAS2R13,-0.11384109453199999,-0.21536331550140952,-0.08060102191658508,0.15434417202402959
SIRT2,-0.08911845450519999,-0.21524887724109104,-0.05671008332363525,0.1505623239338225
EIF4A2,-0.870335987338,-0.21495974429309725,-0.8094713019307774,0.283144574847622
SOX7,-0.0852244485168,-0.21449840111106167,-0.054018253470145036,0.14548451123650666
RNH1,-0.06825053281280001,-0.21429693014315723,-0.03512309236479485,0.154586630923154
PYROXD1,-0.195942963931,-0.21390941081131162,-0.14854744640903944,0.2215681738461142
SP1,-0.256161653198,-0.21388978715333845,-0.20968339828537533,0.217300019468925
CCT5,-0.5489513060760001,-0.21248962019660184,-0.5014057452103192,0.2237547453926938
ILF2,-0.417486312799,-0.21233708195773063,-0.3703335209844564,0.2220657427322572
SLC19A1,-0.0834794216303,-0.21163781767934722,-0.0556583166806854,0.1314562078492342
RPS8,-1.13917244573,-0.21162149271513556,-1.1028793119035059,0.17150022599712286
SENP3,-0.405509848592,-0.21148806874879936,-0.3735575003492549,0.15108345559057226
PSMC2,-1.32751936049,-0.211348523775341,-1.250993582702815,0.36208333240373297
CTNND2,-0.047882522469100006,-0.21105196103231247,-0.01883786720829053,0.1376185045556752
FPGS,-0.15177841517000001,-0.2110001360615553,-0.08327671895883083,0.3246523793292015
TCF19,-0.123011907698,-0.21096733651694016,-0.09172706250200065,0.14829236464995257
DUSP11,-0.0336943227858,-0.21027932598107438,0.0039428450554524815,0.1789865345328333
ADAT2,-0.055694036957,-0.21005833925555972,-0.012115197991419595,0.2074606469803697
PHOSPHO1,-0.0751929476511,-0.20993257087109196,-0.040094565193903565,0.1671888374041226
P2RY4,-0.0394316553944,-0.20967301976737604,-0.00887117460168173,0.14575304360391206
YEATS4,-0.170888293615,-0.20958712120403142,-0.1438748368926782,0.12888891534525357
SMAD5,-0.0782043027344,-0.20908831133468478,-0.04911699516646911,0.1391149384786567
KCNJ4,0.038769844677199995,-0.20907863932690002,0.06895674808053985,0.14438061918004846
COL4A3,-0.152996503274,-0.20842852111659063,-0.12011358216985787,0.1577659378283843
ADH6,-0.0782620423355,-0.208187802636206,-0.05191077635103263,0.12657449500302578
ZNF10,-0.00279144770097,-0.20806838499614363,0.029808641551896303,0.15667968612084204
STK38L,-0.113519412906,-0.2076881386162722,-0.07913381565013303,0.16556360649655746
RABEP2,0.0212727994532,-0.2075575318524509,0.055062073852892746,0.16279473983971327
GLYR1,-0.11114981244000001,-0.20714551493563343,-0.04956930273966416,0.297281404907419
GPSM3,-0.015835682541399998,-0.2069091413603474,0.01861877372798187,0.16651973925780744
POP1,0.00801709379603,-0.20631247327584112,0.03460135194271057,0.12885434275773158
TMPRSS12,0.03961440992780001,-0.20627295517709138,0.06347119379616817,0.1156563828151219
TUBA3E,-0.0662505769951,-0.20626294105287502,-0.03870566165290672,0.13354272561803626
PPARGC1B,-0.127417601482,-0.2062229957370293,-0.0918668049623813,0.17239006926731018
TACR2,-0.150539846991,-0.20577186583323656,-0.11792354918783068,0.1585070809903746
MLEC,-0.016311444084799998,-0.20570286733010246,0.02203944615857556,0.1864382871330219
AMDHD2,0.017671934330000003,-0.20474461175827888,0.04580665814715836,0.1374137447405657
HS6ST2,-0.0749859198751,-0.20454505625685418,-0.04710941146277221,0.1362854176114739
UBAC2,-0.04819570291999999,-0.20428041422047524,-0.020813449103229912,0.13404248234594351
CDAN1,0.09474181650139998,-0.20420732499497965,0.12125252505958706,0.12982251522485214
SERPINE1,-0.09945695611060001,-0.20407596208086673,-0.06830406998413269,0.15265338361664932
RAC3,-0.249065762035,-0.20399374881210555,-0.2140863038002596,0.1714731869894664
TRIM36,0.06219694125030001,-0.2033485157246419,0.10008639056376362,0.18632764138180596
SPATA6,-0.135074599342,-0.20325750232098438,-0.09790405259697171,0.18287416858211972
SCGN,-0.22417328433800002,-0.20296174603297945,-0.18235836354845933,0.20602365522981922
ARV1,0.0410228527089,-0.20291069191307584,0.07415524121498711,0.1632855725526803
FJX1,-0.0674213311115,-0.2024515290209751,-0.03535335781204019,0.15839827663705813
POU4F1,-0.025467222565999998,-0.2023806825949993,0.002031641589968939,0.1358769216674656
MMP26,0.05821408563080001,-0.20227073299160037,0.08811567628200527,0.14782954611850335
GCM1,-0.0564916672469,-0.2022557863815394,-0.028694915282372377,0.1374336549862226
GSTT1,0.0588925562468,-0.20195172779318882,0.08772297058554439,0.14275893875128678
LSM4,-1.00316762701,-0.2017594299546329,-0.9629521565524244,0.1993238703470684
LOXL3,0.0126351823614,-0.2010034809270777,0.05590105606992333,0.21524937532907604
PDE11A,-0.08436339690689999,-0.2002619021116621,-0.05587947546953771,0.14223335111178664
MPO,-0.027739553322400003,-0.1998089768048463,8.859609409743713e-05,0.13927376968491878
SPHKAP,-0.0697123590543,-0.19971409910352922,-0.026190988403278173,0.2179183685397239
HOXA9,-0.0946588856783,-0.19894696458224392,-0.06549650392662741,0.14658369788606132
PTRH1,-0.009558177924879998,-0.19879287643022883,0.0236375138537799,0.16698632453417278
RNF166,-0.034499065125699994,-0.19780437231728984,-0.002460787081237639,0.16196951396539946
ECH1,-0.025875407785799998,-0.19657416387327376,0.003550426087870329,0.1496932928207208
MTCH2,-0.227902871615,-0.19615478212114404,-0.18256793170873992,0.23111819867976247
NR2F2,-0.116764008013,-0.19551620562422822,-0.08411773722659849,0.1669747562979302
C8B,0.0631568076241,-0.19550260414613654,0.0913713547824702,0.14431801193440913
APOO,-0.00744181273388,-0.19538053969918134,0.023767774251131562,0.1597374387083973
WNT2B,-0.131227614562,-0.1949647094623841,-0.09990847688456822,0.16064003461854412
LRP5,-0.169354595227,-0.19483508559369214,-0.1385947787688593,0.1578761667304985
IGFBP6,0.0340291684932,-0.19483365838653427,0.06263740784017217,0.14683417425861672
SRBD1,-0.63871092938,-0.19419446032795126,-0.5775648406659734,0.3148704067601334
OR6B3,0.051340873724300004,-0.1939603092779677,0.07063581285240718,0.09947880161634141
COX8A,-0.0632315284299,-0.19386919250436524,-0.030024025160650048,0.17128819097187006
ABCA6,-0.019183203036599997,-0.1937580697313992,0.0028260282917194138,0.11359130155884668
RNF6,-0.200710976514,-0.1936842063092654,-0.16326965047282724,0.19331119844324474
CDC14B,-0.345261973666,-0.19343826545603204,-0.30289410939009653,0.21902524909443802
IL2RB,-0.0930213575392,-0.19326743241086194,-0.06808208576422829,0.12904021885049932
ZNF8,-0.07865370749219999,-0.1930549940750398,-0.04131273148812482,0.19342144544347228
EIF2B4,-0.747036086945,-0.1930112624456043,-0.6945871680854018,0.2717401989657455
BDP1,-0.0353627521724,-0.19268326198349467,0.007365115850559593,0.22175184073134324
CUX1,-0.0038836627532299996,-0.19239749305964143,0.02116165600150584,0.1301748705580692
PI4K2A,0.011576792323,-0.19233645040362607,0.04308919152967271,0.16383997490097493
G2E3,-0.0726639886141,-0.19218672439435838,-0.04525883294850583,0.1425965073912184
CCNA2,-0.501072034938,-0.19157424769261544,-0.4558968607451553,0.23581026540336028
SEMA3E,-0.11012806894200002,-0.1910562547676076,-0.07728445131251171,0.17190548233784772
MYF6,-0.0950673385231,-0.19073318238963208,-0.05244236419971189,0.22347959484214594
GLDC,-0.0033215971597800003,-0.19027914988435143,0.024545682796421102,0.14645472177660232
MED13L,-0.0858215713721,-0.19024055754905284,-0.061244254539143964,0.12919073172196138
RPS10-NUDT3,-0.239051863187,-0.1901916069633961,-0.20046207673579597,0.20289952362950983
REEP1,0.0777842497475,-0.18980418919350994,0.10507853665229233,0.14380234188069022
CD37,0.0683677326329,-0.1891558706207197,0.0951374298880103,0.14152189497087705
TTLL4,0.034454699434500004,-0.18833336654577396,0.06836601801448777,0.18006006690134596
TLL2,-0.167506493496,-0.1881456768646669,-0.1314332263915885,0.19173051278961345
DDAH2,0.0620670795311,-0.18812438795244257,0.0911056882285561,0.15435855506834653
BNIP1,0.027248059010099995,-0.1880617808494864,0.054783244583542924,0.14641563771790755
PDGFB,-0.036660858543,-0.18777553411400394,-0.010933548206197661,0.13701098206533416
KLK7,-0.11605399975899999,-0.1875217493966072,-0.08998249460953539,0.1390319002108046
NDUFB1,-0.10065451401100001,-0.18749922886321102,-0.06628164265122069,0.18332273454231562
ZNF415,-0.0490848241235,-0.1869670174288595,-0.016098226071534067,0.17643003833292287
ATIC,-0.149618070847,-0.18670442621964684,-0.11973886669183834,0.16003479274781904
ADAR,-0.36662639910899997,-0.186259827056359,-0.3112034390609782,0.2975572399262013
TMX3,-0.0469644334246,-0.18588391938376475,-0.019234699422465706,0.14917769161562144
TPK1,0.000364799268203,-0.18524759019796685,0.028124631539184777,0.14985259587623206
HACD1,0.0270734342619,-0.18521966847275717,0.053753014891246884,0.14404291320320023
GREB1L,-0.036961391336500005,-0.18511993876937263,-0.010571867880977524,0.14255365268027262
AK3,-0.15616740381400002,-0.18469511525987276,-0.12711530944417418,0.15729757838450942
AKAP8,-0.074931070093,-0.18433332357652707,-0.043918242386611954,0.16824319718573774
SERPINB4,0.0147198238988,-0.18425575940501215,0.0546747570945962,0.2168449622677539
CR2,-0.0179111938822,-0.18392386252250864,0.007737766972500304,0.13945423123963252
IL25,-0.0389486684901,-0.18383339137862867,0.0018643947681882922,0.22201115342657474
ENY2,-0.45870804226000006,-0.18372391095900065,-0.41534388428183133,0.2360289292330913
TMED3,-0.060761122364400004,-0.1836435466834719,-0.03248695081422572,0.15396223859097893
OPN1SW,-0.158573500901,-0.18304803569230096,-0.12882483573592507,0.16251835236889225
PKM,-0.45086200200099996,-0.183045396260947,-0.40668807234451815,0.241327728305759
PPP1R14C,-0.169827411577,-0.18251298877150296,-0.13737621134795558,0.17780214135702785
RNPS1,-1.3032808706799999,-0.1823434982954317,-1.236391256274065,0.3668330103964588
FOXE1,-0.153479049359,-0.1823083228578026,-0.11856731544129928,0.1914983000799765
DNMT1,-0.5107403120790001,-0.1821371445302225,-0.47867670846292204,0.17604099207099197
IL19,-0.298697604661,-0.18201787180894327,-0.26976482444444333,0.15895571093659533
CREB3L3,-0.000961906641865,-0.18197476431748685,0.02204417443502882,0.1264245686108195
IFRD2,-0.0252155052972,-0.18136286697735507,0.0010632257694378395,0.14489587369568324
CRYL1,-0.42152641288000003,-0.1813287686729414,-0.3709658708201769,0.27883353772184954
MEGF8,-0.12165518264399999,-0.18098519492373696,-0.09489411236081763,0.14786331166181227
C14orf93,-0.024332131937599998,-0.18093769518575337,0.0005763108541908777,0.1376630931781213
CD2,-0.0505350201172,-0.18066267305370426,-0.010968454214501485,0.2190079734452775
GABRR2,-0.150612844908,-0.1804518606038076,-0.12354639649212681,0.14999262587432738
ORM2,-0.08422567521610001,-0.18017546096315534,-0.055835185212567494,0.15757134657387212
LATS1,0.045171246366,-0.18006759367468186,0.08347202053239304,0.21270220468203138
DSC2,-0.135570437523,-0.17973843822622426,-0.10716062325711771,0.1580619846608705
FCRL4,-0.0364819377721,-0.1784411887971676,-0.006281671572310155,0.169244928277844
SLC36A2,-0.113084939478,-0.1783475014820633,-0.07955089534196715,0.1880264307454031
TFAP2E,-0.0483678931159,-0.1782635928809265,-0.0222119569108005,0.14672618105801727
LYPLAL1,0.05774981809219999,-0.1777163845598735,0.08803239641670628,0.17039834790417954
AWAT2,-0.26413241323000003,-0.17715308121185047,-0.2250816560951317,0.22043509978902964
APPL1,-0.143388796984,-0.17695852686930802,-0.1152463454862343,0.15903416464666997
SEMA4B,-0.11259672628499999,-0.1768899485102696,-0.08381264106171879,0.16272312511646245
H2AC17,0.161362527045,-0.17630419169304742,0.1917718282781987,0.172482009311171
LPO,-0.063273915263,-0.17619997476207927,-0.03809945891802708,0.14287434705348673
IL36B,-0.0565790626891,-0.17613789439578786,-0.026128985511469943,0.1728763550971473
ATP6V0C,-0.967575536583,-0.17532188081705005,-0.8953616385394608,0.411893242914129
CD48,-0.10914451308800001,-0.17528743296840582,-0.07806700443441461,0.17729456200768753
RELT,-0.06365744868710001,-0.17498677984942357,-0.040204884751437256,0.134024775790741
GEMIN4,-0.09378379826439999,-0.17478303138025345,-0.06318715567318058,0.17505499446713538
UBB,-1.05502597151,-0.1743733239976597,-1.0096673612600013,0.2601235625387719
ADGRE2,0.0685214749427,-0.17432520594788808,0.09723225602856637,0.16469667097051377
TRIM59,-0.228985295204,-0.17409512431364738,-0.1953375241104431,0.19327233445629136
SPR,-0.051605657238300004,-0.1739298248411468,-0.01783242737924535,0.19417733496771095
DDHD2,-0.084303064355,-0.17356789507385031,-0.04808600506758766,0.2086622026037855
UGT8,-0.0411964150096,-0.173176727348733,-0.014362277422658977,0.154952331053722
H1-10,-0.123548228649,-0.1726301138955356,-0.09203215224242668,0.18256418706671756
IMPG1,0.043098279419400004,-0.17260423311414216,0.071236300457413,0.16302045743805998
PRODH,-0.18061116082800002,-0.17239814443083382,-0.15449666555870242,0.15147782103753873
TIPARP,-0.207309794091,-0.17228673852439022,-0.17199702438945086,0.2049651064498502
AJAP1,-0.10411413032299999,-0.17117487691412317,-0.08108496024192438,0.1345359231228139
OR6B2,-0.168182654069,-0.17093122568499608,-0.1502294438149566,0.10503177627198916
ATP5PB,-0.0629518518631,-0.17078680241478855,-0.03913095315640082,0.13947739737433312
IKBKB,-0.0204658048126,-0.1705602748221502,0.003683072915595509,0.14158559344124227
GCKR,-0.09919424385549999,-0.17050919519227267,-0.06880654701955863,0.17821734951991908
KLK4,-0.24736248239599998,-0.17038304706008223,-0.2156115086740921,0.18635054525531244
TUBA3D,0.08349370768400001,-0.1702681728596481,0.11191746466099184,0.1669352322258224
PIK3R5,-0.242193581223,-0.1702180154161983,-0.1967881287461,0.26674880661650063
NUDT4,-0.131622373331,-0.170117412532604,-0.10714206897845827,0.14390240239428712
ATPAF1,0.0101547104126,-0.170006845081371,0.03609800468840782,0.15260146886080078
DMGDH,-0.021890870030099995,-0.16954675322376533,0.007190225471449185,0.17152257385411782
SP100,-0.113094387757,-0.16939270277227192,-0.08500611423156115,0.16581749429430936
THBS4,-0.199529558451,-0.16838957377291072,-0.16814127600208392,0.18640276678439818
ZNF79,0.05748715554909999,-0.16778140195835453,0.09097460848113188,0.19958977896932759
ZNF792,0.0471149895899,-0.16736728179709565,0.07266981732854258,0.15268711700548177
AQP7B,0.141313751238,-0.1668985788920464,0.17395607722327666,0.1955818090361957
OR52B6,0.0548069602135,-0.16674027662452853,0.08655820769834592,0.1904233825660759
TIMM8A,-0.032464151631800005,-0.1667242520535615,-0.004569993072137422,0.16730714467803617
RND2,-0.0538951925417,-0.16635702689665133,-0.02088993820733386,0.19840012141399072
IARS1,-1.17117320895,-0.16608550969165783,-1.1328318159999318,0.2308533298374436
PCDH11X,0.0411392509479,-0.165676489790755,0.06623408179501761,0.15146887092315703
ACR,-0.251449005922,-0.16527552490202177,-0.21043353655893246,0.24816420572484768
SIX4,-0.20151096727200002,-0.16517516896273024,-0.16680685046109273,0.21010492696234417
SRRM2,-0.709296399487,-0.1650480969727069,-0.6750019822357143,0.20778438455401738
DDIT3,-0.08665314067369999,-0.16499481615933223,-0.058103852387941954,0.17303142577636227
TBC1D25,-0.229488739899,-0.16470412637042867,-0.20073274382207515,0.1745918375611977
RGR,-0.0659510394272,-0.16448319145526288,-0.04284996327816242,0.1404464246142789
TNIK,-0.0253042012675,-0.1643507216258158,-0.002212728860651967,0.1405011926836644
SYPL1,0.00131080205177,-0.16377854547045276,0.02557860562665294,0.14817449688036877
MAP7D1,0.00681432258458,-0.16369568703950507,0.035975040492547385,0.1781398058516347
MASTL,-0.398568266901,-0.163656870850659,-0.35064433644512055,0.29283176567399505
GNAT2,0.0644764380542,-0.16357193529232744,0.08463294958867802,0.123227199693244
KCNMB1,-0.177695373061,-0.1631620571810811,-0.1529357454404407,0.15174868500879765
RBBP6,-0.339037142997,-0.1626176080544971,-0.30521338599110875,0.20799566178931916
TMIE,0.0471571773073,-0.1625165798158416,0.07047321195429967,0.1434686520810408
HBZ,-0.045515876113900004,-0.16240628365329274,-0.02007245067119676,0.15666527717006465
STRADA,-0.0470818391041,-0.16132848730514776,-0.02462540877727673,0.13919693106864406
HAO1,-0.0331206810548,-0.1606365333036287,0.0011508755009888754,0.21334845723425916
ALAS1,0.027519181546099995,-0.16058673145919863,0.04905798196290367,0.13412565422490202
ITGAL,-0.00807029308949,-0.16058589282822067,0.011600891088820911,0.12249634031896717
DDR1,-0.207348804463,-0.1601406954399123,-0.17874918288930214,0.17859059182385628
NUMA1,-0.33239391735999996,-0.1598814663233966,-0.2921728316590735,0.25156815624626677
SLC18A2,0.06971587448189999,-0.15950371337460403,0.08899138714234114,0.1208467956803705
SLC25A15,-0.0938503713585,-0.15947293821105835,-0.06324457746522379,0.19191841723496827
SORCS2,-0.02455914905,-0.15945931849539405,-0.0021573283899300973,0.14048611816133513
CHML,-0.37849459084200004,-0.15935278370269365,-0.33924738262346654,0.24629132486168223
INPPL1,-0.127363549201,-0.15929064556196126,-0.09138052067808781,0.22589542779469374
RFPL2,0.0554262948061,-0.15915792777255502,0.07973204169617583,0.15271464783589045
NOG,-0.0878928378761,-0.158499022210948,-0.060528209566941986,0.17264856229042314
SLITRK5,-0.007285819192660001,-0.1583735524035804,0.018362758835502396,0.16194988139687996
DDAH1,0.056739210504400006,-0.15760064583320807,0.08280337484709102,0.16538107572398683
VCAN,-0.127417992728,-0.15754944308956428,-0.09921720643206883,0.17899642006287186
SLC39A13,-0.09575745055689999,-0.1572535679736905,-0.056697523442572985,0.2483881772454408
IFNA2,0.08958312588570001,-0.15709644574431472,0.11668282554105484,0.1725035822863966
NKX2-2,-0.023815122217000002,-0.1570633941397599,0.0002294829445775558,0.1530885365954967
SOCS4,-0.08668570072739999,-0.15626484995436088,-0.060995770342861244,0.16439992993972616
DPP9,-0.09448673191880001,-0.1561157810212127,-0.06404779120479626,0.1949767058454377
BUB1B,-1.01726284603,-0.1557927663353319,-0.9655884263866111,0.3316868995840514
PILRB,0.055743195494999995,-0.15545293012004446,0.07083661083701276,0.09709315437384981
AGO4,-0.0106067408834,-0.15541354145313704,0.009571855522106617,0.12983808371416086
HNRNPUL1,-0.0969942511686,-0.15533840802354937,-0.07433170212722906,0.1458914722361213
GALNTL5,-0.0989901890442,-0.15517862460543502,-0.07056884470114407,0.1831524439356353
F7,0.0514084056324,-0.15506634270383574,0.07937727356773246,0.180367108991219
NRBP1,-0.271410056677,-0.15446620633159047,-0.23625891422565154,0.2275652602996542
AGO3,-0.029943110402599997,-0.1527643636972171,-0.0029264958620445207,0.17685155023525712
PSMF1,-0.048098717471199995,-0.1523235761664332,-0.024171257434317348,0.15708310321403435
SYTL5,-0.0808775578498,-0.15231575709530693,-0.05605339273126634,0.1629783128937914
TLE2,-0.131393718433,-0.1515091193835162,-0.1076300983208914,0.15684613710911718
IFNK,-0.030057028995599998,-0.15143124661678453,-0.008966036930903577,0.13927767574990504
FOXA2,-0.0861767507127,-0.1514124213969125,-0.05972331472879063,0.1747111349244217
MAPK3,-0.0778618184875,-0.15133773225842598,-0.05505116703941896,0.15072679567531327
SDHAP4,0.0821423780278,-0.15130441712161022,0.10449883113934663,0.14775809944515855
SLC35D2,0.117700693924,-0.14962162932331913,0.13967668992662063,0.1468771333530425
RNF2,-0.0228723582728,-0.14873053298781896,-0.002848296385969272,0.13463316162842434
CKMT1B,-0.33916816478,-0.14790265928939014,-0.3059272249104978,0.22474876401283728
GPX5,0.06663957561459999,-0.1478098892989278,0.08743010583034229,0.14065723419693485
LRRC59,0.0032735130638,-0.14746174060794243,0.0317031410111757,0.19279324813452295
CNOT6,-0.0945708713699,-0.14743283919415,-0.07185038946776036,0.15410733474527816
MARCKS,-0.0745085409397,-0.14731470187556484,-0.05326551943489267,0.14420163930923258
HOXA13,0.0263273906367,-0.1472334332636476,0.04872587251888652,0.15212904695415247
NAT1,-0.30176663415,-0.14676141962485387,-0.27327772014448093,0.19411718746208217
INSM2,0.055819209180300006,-0.14674440181192308,0.07822416622975815,0.1526801484268801
NAGPA,-0.0397663547473,-0.14621298719065348,-0.013798117569687771,0.1776055443265865
BAD,-0.0373411541095,-0.14598394901663342,-0.016830009612637573,0.14050273769841223
STAG3L5P-PVRIG2P-PILRB,-0.148534731054,-0.14596135991132397,-0.13334836801432573,0.1040437212211537
HTD2,-0.08957553826400001,-0.1459469361108628,-0.06600694609874745,0.1614874062676425
PLA2G15,-0.137426958156,-0.14582664125391026,-0.11552630635684004,0.15018278972102922
NCCRP1,0.0322521537675,-0.14564183904312908,0.05885175547123871,0.18263709026539923
RHOT2,-0.0858957248391,-0.1455765082596289,-0.06479490553210175,0.14494659584337555
CD4,-0.012724384740600002,-0.14530928032123064,0.004822489544079029,0.12075535881733576
EIF3J,-0.296734482168,-0.14463571110696632,-0.2711215670687703,0.17708569276012023
CLN3,-0.0145562270321,-0.14420382392234074,0.009425237548965617,0.16630255653955855
ZFP36L1,-0.208371393088,-0.1438949592537097,-0.1753839722118447,0.22924653543973858
INPP5K,-0.00709812026299,-0.14311050238302253,0.010147142800993603,0.12050312714176764
DNAJA2,-0.193494982016,-0.14308454675728002,-0.162420123472852,0.21717829945578604
CKMT1A,0.0120462941924,-0.1430085674461504,0.04650836008951992,0.24097903022556005
APOC4-APOC2,0.0504504077816,-0.14285504901261517,0.06460882395281134,0.09911036585035957
RNFT1,0.012315272625500001,-0.1426560366302598,0.03128082555288683,0.13294602440513836
ILVBL,0.048484368867699995,-0.14262253451403173,0.07628107359756688,0.19489700435194648
SNRPC,-0.794286485334,-0.14199884019160122,-0.7571982915179286,0.2611865967780283
PSME3,-0.163197552596,-0.1418064438723392,-0.14121957509442054,0.15498574607346516
VEZF1,0.105671611504,-0.14180233494023484,0.12565498135796704,0.14092412415063127
UBE2V2,-0.158223749826,-0.1416613837998174,-0.13729439482406638,0.14774213296905955
SYCP2L,0.173301380029,-0.14030987734626438,0.19138743449840892,0.1289007930979454
LBP,-0.027022308508299998,-0.13955617746281068,-0.0038099893171445512,0.16632957145405572
HIRA,-0.22564811460700002,-0.1386951416793849,-0.1949035841011906,0.22166984462137912
CLINT1,-0.0628364779287,-0.13864864011518357,-0.03776685365054675,0.18081406537652608
UNC5D,-0.06679009641,-0.1386244872315942,-0.04619940505012264,0.14853574408883
STX1B,-0.0622591219987,-0.1381052224893143,-0.03812860026471953,0.1747256280322602
AOC2,0.07032131403089999,-0.13769603576102377,0.08870938066768698,0.13354100236189892
TSC22D3,-0.0525924563819,-0.13748200772456556,-0.03319436340095707,0.14109550261882625
CREG1,-0.15174364968100001,-0.1372060545025652,-0.1273651441176779,0.17767805984732493
RTRAF,-0.5748892877130001,-0.13717738944543437,-0.545100206605786,0.21715736994006182
FBXO6,-0.08668404563570001,-0.13652729861716864,-0.060615044624170375,0.19094350562541193
OTUB2,-0.00814507274261,-0.13628294393871457,0.013263316718921002,0.15708781189198698
OR2L5,0.0952161528181,-0.13611382606640374,0.11668302024181161,0.15771261483193413
B4GALT3,-0.155137560523,-0.13559466814139587,-0.13051338299574639,0.18160137020709358
MYBPH,-0.156980687851,-0.1353239933962174,-0.13221309603637654,0.1830243934799205
TRPA1,0.0239921373897,-0.13512797108343644,0.04228213195034677,0.13535313535754476
DYRK1A,0.00296818004519,-0.13440127408633926,0.030033509383064205,0.20137702951005854
CNGB1,-0.599566412415,-0.13364998093760308,-0.5655088426437206,0.2548265965498325
CCNK,-0.7258115932189999,-0.1336223824314897,-0.6836023664021128,0.3158844053579754
FRG1CP,-0.0716414309133,-0.1334948140964566,-0.04640985838362088,0.18900788544076366
ZNF71,-0.140305858794,-0.13345004049985787,-0.11701723852799983,0.17451190107375786
TECTA,0.07224047024369999,-0.13333154649868315,0.08992378900971354,0.13262666810954749
H1-5,-0.12096293050200001,-0.13326862426388503,-0.10032502808927793,0.15485942416466306
BCORP1,0.134678810992,-0.13243944875623714,0.1514382841382739,0.12654441938308528
ZSWIM2,0.0589231191315,-0.13230932992658703,0.07664716116790954,0.13395912477407204
WDR90,-0.0608737767201,-0.13164549218562496,-0.033835761017931086,0.20538504777698213
CPB2,0.00777211059178,-0.13163050815049088,0.024471622642824428,0.12686657740432156
H1-1,-0.012878667083,-0.13145683762596042,0.00752402246388375,0.15520447559324657
BACE2,-0.14180214394,-0.13115623845690408,-0.10714543701466518,0.2642398663844152
NDUFV1,-0.285275933177,-0.12986523501458253,-0.2626212855675995,0.17444736158107763
ZNF136,0.0162799013604,-0.1297472747277563,0.036724822005580665,0.15757495244566372
DGKK,-0.0330851927124,-0.1295496147015708,-0.00878439569475657,0.1875790759673234
SLCO1C1,0.014396663387700001,-0.12948474784516645,0.03293819323810941,0.14319470176194615
PDPN,-0.052453799423000005,-0.12946167409633508,-0.02894580415177839,0.18158266093275477
ARPIN-AP3S2,-0.100830637992,-0.12944988888628345,-0.07007898089162427,0.2375564580622377
CPLANE2,0.0892720065019,-0.12931157717555816,0.10742519519796587,0.140383321374392
IGF1,-0.0179634391526,-0.1283022270848519,0.004992222875051438,0.17891865596744358
BMP2K,-0.0239569947273,-0.1278141922615351,0.0007684978717619164,0.19344872554112214
PPP1R8,-0.203569298964,-0.1277616113035256,-0.17474768715497555,0.2255889818151434
RERG,-0.051488577771699996,-0.12769417662929122,-0.026845660192691953,0.19298387937101363
PHYHD1,-0.0679101513334,-0.12689739004341358,-0.04655729425339409,0.1682686860045015
COL4A5,-0.074091974684,-0.12645154848322182,-0.05291241588400248,0.16749149420505297
ZNF833P,0.145543796398,-0.12620268173903523,0.16544136025780407,0.15766355821937844
NOX5,0.0121417152652,-0.12577725651547267,0.03012837628856561,0.1430040813551451
RFX1,-0.075070845008,-0.1255666330518991,-0.05368461745902358,0.17031775901912635
SLC5A1,0.060575792513699996,-0.1255001242097191,0.07766446893566546,0.13616461760156626
MCF2,0.0341129697101,-0.12549386449047822,0.056858372658331796,0.18124713140822585
TROAP,-0.0393649460299,-0.12521421230650906,-0.01711912449417826,0.17766211299773776
HNRNPH1,-0.36494128803900006,-0.1251575219775842,-0.3342249385725159,0.24542152146465063
STK16,-0.11879039463199999,-0.12497151291752386,-0.09514074436440809,0.18924032937970203
JAK3,-0.0479407518474,-0.12488730772863789,-0.028163157906533766,0.15836352228714942
SLC8A1,-0.127852016649,-0.12467966530133266,-0.10387417408530634,0.1923155833450683
GCLM,-0.0193807875616,-0.12458577355696675,-0.0008307923284474011,0.14889336642173376
PCDHA13,-0.0398523940306,-0.1245527988173513,-0.015297577764858948,0.1971438337708422
PDE1A,-0.09312171293580002,-0.12406533922306973,-0.07510126141319319,0.1452496856531865
NPBWR1,0.0168530708852,-0.1240032358084476,0.035286885930614166,0.1486559195430155
C1GALT1C1,-0.17340714303,-0.1239476178118819,-0.15188136913686867,0.17366831467306995
CLRN1,0.00732528995703,-0.12392492509108781,0.028584679958656788,0.1715505576138184
GLRA3,-0.0697840533155,-0.1238099952091618,-0.04606543501733674,0.19157272607993858
MMP27,0.023542991035299998,-0.12334903335327159,0.04448814283001537,0.16980393948226952
ANP32A,-0.0334975766145,-0.1231959494638815,-0.012946526946744214,0.1668159526119885
CLDN10,-0.0172982772146,-0.12314527626281271,-0.0024744969194722974,0.120376361521909
RCE1,-0.09820207256480001,-0.12305477304597849,-0.08036354990098175,0.14496408568526659
ZFPM2,-0.08456009593910001,-0.12300224082069022,-0.06891407292944565,0.12720112174592624
DIRAS1,0.011153701529600001,-0.12290590483806588,0.02802416114307953,0.1372632147796896
TESMIN,-0.061764649684899996,-0.12202099683059303,-0.0418100074107084,0.16353449645961735
PTPRT,0.07167377227560001,-0.12143265159973046,0.09118385753422521,0.16066589176471963
PITPNM1,0.0508257682534,-0.12133507689676865,0.07280225774841395,0.18112231068771192
GNA12,-0.0100735638794,-0.12120428490901664,0.009079865486564125,0.15802600857174204
RASGEF1B,-0.143555257554,-0.12119224310512572,-0.12792691348780333,0.12895498643952147
FNTA,-0.214534547277,-0.12044336226444032,-0.18942234038387892,0.2084980560239242
ATP7A,-0.10458043424900001,-0.1198524295733152,-0.08579925163158264,0.15670256067632485
GCK,-0.0282822904677,-0.1171590882669819,-0.011311276582797644,0.14485443797777633
GNPTG,0.0943543014044,-0.11693950469761204,0.11231652129480041,0.15360266777978926
SEC23IP,0.0363317053259,-0.11693513919921734,0.05535805658423819,0.16270858690238368
FBXL5,-0.0534546720952,-0.1168615049453701,-0.03681805609489898,0.14236181545050472
SNAI2,-0.135952857322,-0.11648347280447686,-0.11940553119847151,0.14205728697069298
POLA2,-0.36398711286300006,-0.11573804901447277,-0.3402532595481576,0.20506526174356537
CDK4,-0.25757214696999997,-0.115665505695428,-0.2168055959645447,0.3524521054081785
UBP1,-0.106378609212,-0.11557579517241845,-0.08787527289531007,0.16009698474569228
FOLH1,0.00249190261849,-0.11548504165234966,0.015833735549274502,0.11552866708874802
ZNF607,-0.150728220174,-0.11514087279742194,-0.12467659294671497,0.22625872632666322
MAP3K11,-0.08586926917089999,-0.1148874721335735,-0.06873994294945929,0.14909655424853765
TLR6,-0.053963441493300006,-0.11483490026326855,-0.035161080229584106,0.16373385809200797
TRO,-0.0256883022275,-0.11469671650256615,-0.005975926298984572,0.1718652157585906
ALOX5AP,-0.069111797909,-0.11328554593382684,-0.04979659859775048,0.17050012119403174
DFFB,0.039724435902,-0.11305352146604383,0.05393849410759819,0.125728575468279
THOC3,-0.662070688244,-0.11294702062910858,-0.634196708351017,0.24678809354798734
YWHAZ,-0.0190879284784,-0.11279213244749554,-0.00010057626442100767,0.16833933184850067
ZNF431,-0.0644113014449,-0.11249111993880517,-0.04954718125919912,0.13213594276407692
PEX5,-0.0438835894312,-0.1122313846644594,-0.024607626902122717,0.17175197995379854
ARHGEF7,-0.0598426664714,-0.11197552382031083,-0.043822973532582125,0.14306423754288453
ZNF626,0.0730854353256,-0.11168435768975592,0.0867577880267511,0.12241958483685836
MST1L,-0.219534753101,-0.11154036523890816,-0.19557063081442144,0.21484708459802734
ZFP36,-0.0849195463426,-0.1115116118454595,-0.06582403452730179,0.17124236211168836
SHLD2,-0.0723200724817,-0.11140854674672404,-0.05357696963227277,0.16823756701573137
CCK,-0.058003357773900005,-0.11139312697598233,-0.02557941866229846,0.2910766578856569
KLK6,0.07360663820239999,-0.11115542468565968,0.09017282686339871,0.1490362589846319
ZBTB43,0.0160920509269,-0.11027005381732216,0.031587613561286386,0.14052376051304882
KCNV2,-0.0777064833058,-0.1102138595179471,-0.059644416793079004,0.1638819889959465
SEC62,-0.127314735357,-0.10999260833899148,-0.10929802859262756,0.16379925011729773
PAGE5,-0.05772229640340001,-0.1096421660148286,-0.043649056766376614,0.1283560891629964
HECW2,-0.184840027528,-0.10956873688295163,-0.16371334502442625,0.19281670214143865
PDK2,-0.08436457153799999,-0.10909317123712733,-0.06477007611832526,0.17961248350809877
APOC2,0.010666948275099999,-0.10884120345281138,0.025010470481606432,0.13178393615176384
PKD1L2,-0.300634457533,-0.10882798614455647,-0.2789436956901073,0.19931235164161554
MYT1,-0.118115119879,-0.1080705012381386,-0.09091189095647223,0.25171743085177456
HLA-DRA,0.0677795771893,-0.10792091845859107,0.08954060925671423,0.20163868486500944
NMBR,-0.0959169387732,-0.10756617136828954,-0.07721842318387169,0.17383267761113808
ACP3,-0.07351404107710001,-0.10739949623248136,-0.0473965989769448,0.24318030359863438
GPR52,0.158892136051,-0.10735932149093463,0.1809065346439679,0.20505344377410928
TRIM16,-0.038715235810000005,-0.10694584930498947,-0.017409146134485187,0.19922315652245515
AMHR2,-0.0068837517026,-0.10664538380973615,0.008516939761176337,0.1444102961948395
KLHL9,0.0209322784829,-0.10637446919804293,0.034011573622776035,0.12295520944528171
GALNT18,-0.00457080028193,-0.10612990912209735,0.010424152884203496,0.1412886649029589
NPTXR,-0.14043493070000002,-0.10606836974134527,-0.11580927286045488,0.23216777913713985
SPARCL1,0.0501740374795,-0.10594613355906912,0.06903957136181045,0.1780672238670435
TNS3,-0.0716877406273,-0.10594356368177488,-0.051246627278615065,0.1929434185363481
SIK1,-0.0653361841302,-0.10541462658749119,-0.04975058542769955,0.14785043790450497
PGAP2,-0.023059889767,-0.10527717545478546,-0.0029661298361756063,0.19086530241737232
USP4,-0.135311717917,-0.10488780853694156,-0.1174300684622548,0.17048358340375916
ADSS2,-0.0447315256267,-0.10404152363047427,-0.02493790351843311,0.190247330273326
AKR1C8,0.00407542010236,-0.1040088484982286,0.023869979796323576,0.1903161123286612
GRM3,-0.40772183337800005,-0.10392798620704469,-0.37454674758146295,0.31921224501017376
NRXN3,-0.119027487351,-0.102823815439652,-0.09971967248952338,0.1877757091479309
SIGLEC6,-0.161518044209,-0.10107021120448688,-0.14235459603927467,0.18960530448436036
CLIC4,-0.376830982517,-0.10080961680393899,-0.35153785959662126,0.25089990144065727
OAZ1,-0.00366560062883,-0.10069174985903567,0.01595039925514151,0.19481238444493323
FURIN,0.0997154314624,-0.09990873175732416,0.11756634266068111,0.17867218294433496
ZNF614,-0.08652038511219999,-0.0996031289822237,-0.07198763587938624,0.14590655315062873
RFXANK,0.0367645720206,-0.09946682159397073,0.05037825496560259,0.13686657245945205
KDM3B,-0.09930944005100001,-0.0994200895560101,-0.08464042629044277,0.1475457709409242
ADGRG4,-0.5983289732320001,-0.09890969674062922,-0.576120610470297,0.22453170410521114
NDUFS4,-0.295070453407,-0.09845123796041631,-0.275661775757621,0.1971400060726764
CPSF4,-0.365003948663,-0.09809610844565735,-0.3400561817444102,0.2543196393199451
GATAD2B,-0.116977397502,-0.09684445325396283,-0.09865990690818191,0.18914341480954708
MOB3C,0.010400800138899999,-0.0965288914979624,0.02465240263351823,0.14764079721063683
PAPPA2,-0.058080103812300006,-0.09647703928944762,-0.044135780379821965,0.14453515090406832
YBX2,-0.152611172008,-0.09573977368572242,-0.13749124987193884,0.15792728094066916
AP1S1,-0.0469889874926,-0.09553083142376527,-0.024919471963550884,0.23101982051376627
SLC10A6,0.15443319259500002,-0.09430252944321672,0.1674984682432003,0.13854639663793328
ZCCHC2,-0.16865826099800002,-0.0942519534749279,-0.1512820549419743,0.18435910785284665
RHOG,-0.0576203765029,-0.09423181053568562,-0.03913579128639707,0.19616077746381422
ETFDH,-0.0328407025714,-0.09414871519989894,-0.017738600277117232,0.16040688672402598
POLD1,-0.5988610153899999,-0.09414135872929391,-0.5752105229169153,0.2512231902355716
DDX19A,-0.40373459430200004,-0.0938175052153926,-0.3751601416206739,0.30457485109759597
UBE2F,-0.005938710258270001,-0.09371622606475583,0.0041214516488136035,0.107347066026029
EYA4,-0.0530157946772,-0.09326419260616152,-0.0374780301519536,0.1665994642859311
ACADL,-0.0106027165271,-0.09206018851918915,0.00615017597512902,0.18197760369279523
CHI3L2,-0.42275711519500003,-0.09163095661983604,-0.3974762004885362,0.2758992772644597
LARGE2,-0.110250261816,-0.09116905145314902,-0.09606274240724555,0.15561771437366878
NANOG,-0.135756688487,-0.09082951592310291,-0.1203703874128413,0.1693975897348709
DTX3L,0.143693816392,-0.09063429640694827,0.15738564528809984,0.1510667533030046
CRH,-0.0209372920426,-0.090415783277801,-0.007249215308918685,0.151390346214498
ERAP2,0.0945283311064,-0.09010843450684859,0.10871234113866243,0.1574104589641317
CAVIN3,-0.007599530107350001,-0.08984717843879399,0.006454160639837314,0.156417719414094
RAB9B,0.07761081669419999,-0.08977329049026422,0.09168091382444091,0.15672921259098552
LYRM7,0.111619282743,-0.0895402786826293,0.12988301008076858,0.20397219671946057
GNB5,-0.08411230401070001,-0.08908315763508654,-0.06467855271772094,0.21815292372758058
DBET,-0.112122414457,-0.0887650855873013,-0.09517358106234244,0.19094031490555163
MSANTD2,0.177082148328,-0.0887536539410272,0.19048995456864073,0.15106765350246432
SLC41A1,0.00571567441597,-0.0885778546795842,0.017625149948287462,0.13445206564776294
LARGE1,0.145928123883,-0.08826155442570685,0.16088204970675277,0.16942740155726652
MTA2,-0.0323613100215,-0.08804433212881739,-0.01817566291573147,0.16111936751378333
PSMB4,-0.859384879786,-0.08797356239605557,-0.8413835272416624,0.20462229849572017
KCNRG,0.00168549592238,-0.08778021754367767,0.01608362883258327,0.16402480323130947
GPR107,0.12963973110500002,-0.0873822362609164,0.1419565698814106,0.1409535771050019
ZP2,0.024462774690900004,-0.08734314989412803,0.03425416480759918,0.11210255330346677
MED23,-0.16968088371399997,-0.0869935096649746,-0.15472370109445654,0.17193446588309683
PAX5,-0.15242163013,-0.08646348298797389,-0.13756734301113865,0.1717983893955258
ARPC1A,-0.372210574886,-0.08565119684754535,-0.3534687096926382,0.21881615065719787
PCDH7,0.0206430879522,-0.08554155714977102,0.03375222878775283,0.15324879827240695
LPAR6,0.026111889657000002,-0.08504204704813895,0.04380237773049823,0.2080204873653187
CASP14,0.006623443643800001,-0.08463927565816821,0.01896377857753839,0.14579915574392643
PTPRB,-0.0915787462492,-0.0844117576931679,-0.07760797807071157,0.165507371961989
OR2L1P,0.0266445853449,-0.08406422250024495,0.04013755542739045,0.16050787934725896
GFOD2,-0.069525925344,-0.0838114871970184,-0.057905787929597816,0.13864611884390435
TRIM51,-0.00939760875669,-0.08377883767442773,0.002444774857553659,0.14135292327955482
IL1R2,-0.024235813753999996,-0.08366459590134068,-0.012065092965383075,0.14547038275268706
RASD2,0.0304378850073,-0.08313804195364131,0.04356331100251188,0.157875091676212
WNK3,-0.0651308654089,-0.08289950021154725,-0.05095689961032114,0.17097769905016302
CLEC2B,-0.011985181322299998,-0.08267189598745085,0.0015929399012282288,0.1642410768659438
DPP10,-0.25610804755800004,-0.08261158884711414,-0.24124735562024666,0.17988628647798377
ANAPC2,-0.12654457214,-0.0822223855945881,-0.10785616475381177,0.22729098956499158
ALDH2,-0.17710501129999998,-0.08196993224461807,-0.16201429334269438,0.1841006518374476
HOXC11,-0.0741660746022,-0.08175468741019648,-0.059339420600913816,0.18135539956130997
CACNA1C,-0.202219215891,-0.08160547096235245,-0.18652595275081915,0.192306507824956
GYS1,-0.0803828146747,-0.08126615751960559,-0.06297182333508897,0.2142465187358047
ARL2-SNX15,-0.130832051406,-0.08099914580196173,-0.11655400222792829,0.17627407100046105
MECP2,-0.116483452268,-0.08096529805903552,-0.0966317095680146,0.2451882865361723
FOXD4,0.0495082589193,-0.08079650911544535,0.06262519118306976,0.1623452845596059
TMUB2,-0.231772861869,-0.08069030968699327,-0.21594330482973398,0.1961766797112398
MGAM,-0.11879006204600001,-0.08054347974995728,-0.10391702407879724,0.1846584976633153
PSMC6,-1.11156508097,-0.08031574303903667,-1.0841586121124211,0.3412340821432501
PPM1K,0.0170940542944,-0.08014369753517361,0.030173353256069613,0.16319809746648323
CERS5,0.13669011303099998,-0.07964590555553962,0.14804971758709906,0.14262634691469062
DUSP29,-0.0899660244238,-0.07963251534813567,-0.07648414429134537,0.16930119654659714
SLC5A6,0.07880183870910001,-0.07941670487923576,0.09169194691092969,0.16230978383491096
GSTM1,0.0695758908807,-0.07921505232881879,0.08658746393781232,0.21475177453014738
CHRNA9,0.0283722550919,-0.07915143135954618,0.04046908198799321,0.15283143574679342
ALG1L2,0.043276899755499997,-0.07906621441380932,0.05744266444568347,0.17916331008392564
CCR1,0.00032688921675,-0.07897216071976507,0.01322441533687865,0.1633173766879177
TM7SF2,-0.0650474537498,-0.07860487756537138,-0.05174801203481057,0.1691935936663602
ZNFX1,0.013256542527900001,-0.07857979594306934,0.024919540844943116,0.14842235433511303
C19orf48P,0.0418853144486,-0.07838030405353771,0.0529399892451943,0.1410389373973773
NUP98,-0.71581169521,-0.07824799415858012,-0.6955942013509925,0.25837715172652254
CSNK1A1,-0.36282009580499996,-0.07821774569989198,-0.34191923215674547,0.2672138331427693
NAT8,-0.11243785322000001,-0.0779577634550684,-0.09677541530299076,0.20090927731702338
BRD4,-0.646252231798,-0.07756021126280976,-0.6249155496994908,0.27509829783999196
PSTPIP2,-0.017197796004700002,-0.07736591509247162,-0.007634840078994071,0.12360683531340391
RNF4,-0.08761196042500001,-0.07724026314415595,-0.07495225263292639,0.16390037108556202
ENAM,0.10467476081700001,-0.07719305883881054,0.11462348734702597,0.12888110251985524
DDX49,-0.6147892552399999,-0.07704862903491563,-0.6012847437251958,0.17527257374929264
GLRX2,0.0777305742419,-0.0767398197324818,0.08981369964212241,0.15745574386732583
ZNF436,0.0147992794011,-0.07648405966679088,0.025828234636880002,0.14419939636871468
CALR3,-0.0774092838309,-0.07562587236545264,-0.06519642894785227,0.16149043311567532
FREM1,0.09067642294099999,-0.07547035763546021,0.09984447939482965,0.12147890564019262
CALU,0.0382595932433,-0.07482253079568969,0.04631528890657805,0.10766403618817605
CEACAM6,0.0989562329645,-0.07435673627765982,0.10930592945397503,0.13918976285924695
WNT8B,-0.0972992207267,-0.0742679939008806,-0.08642969948177932,0.14635539044487095
NME3,0.0053863852595299995,-0.07311690697373426,0.01646407319429313,0.15150651734683693
PIK3R4,-0.138371613857,-0.07259488710251143,-0.12787112783561036,0.14464498039044926
SNRPD2,-1.01647591241,-0.07253760664317767,-1.0006210290186857,0.21857466940295783
ST8SIA6,-0.0464623518675,-0.07240718931022219,-0.035535523607241416,0.1509080571190736
TNFAIP8L2,0.117335813685,-0.07167181647138302,0.1276238561242226,0.14354376581665687
TRIM11,0.061840335720499996,-0.07092387554548032,0.07853323174783085,0.23536356267821887
BMP8B,-0.00881538618262,-0.07081657489930998,0.002517177350187806,0.16002699295921793
EPDR1,-0.153443238318,-0.0706008705179767,-0.1410798518545356,0.17511662919675178
EGFR,-0.10708848421099999,-0.06993609682900738,-0.08814072906985151,0.27092954854880497
FOXJ1,-0.0244329631692,-0.06961044607272115,-0.012528920915121039,0.17100942352305798
ABHD8,0.05990743051919999,-0.06926606592544157,0.06801338537070063,0.11702634967353191
UGT1A5,0.228935551815,-0.06924448783788166,0.24071813014524346,0.1701590797787308
DIP2A,-0.025646300902700002,-0.06906508064440034,-0.014569496967764304,0.16038211830907032
NDUFA4,-0.110474805467,-0.06883830717502482,-0.09969222468385244,0.15663634429202788
TNNI3K,0.24584493582199998,-0.0687904602762215,0.25772513177780504,0.17270121333832145
ANXA6,-0.08911041175069999,-0.06864631839718777,-0.077007653291829,0.1763060094329371
BNC2,-0.020213838178299998,-0.0686230214812241,-0.008389464844799395,0.17230913297421424
PLXDC1,-0.0501070474602,-0.06854060129294616,-0.040562905358000605,0.13924800661446235
USP15,-0.08496285427639999,-0.06849696700782405,-0.07363301997261089,0.16540636467151829
CHST6,0.034164330905800004,-0.0678107104939921,0.0431146311349523,0.1319894772367158
CDC42BPB,-0.0603448436472,-0.06767314319411025,-0.04919664456896049,0.16473594327165467
ONECUT1,-0.08334297847330001,-0.0673598521793501,-0.07309215243790795,0.15218005538519513
RETSAT,0.11660197958900001,-0.066822215110435,0.13023894273156236,0.20407828624095994
CMKLR2,-0.0655534072425,-0.06668756332445182,-0.055048118820080635,0.15752994859488997
DSTYK,-0.0668916533692,-0.0666223609268342,-0.05699895284903774,0.14848919165483476
OCA2,-0.0280260079153,-0.06586765316013908,-0.015546123362048284,0.18946909377369664
RNASET2,-0.0620019758694,-0.06498282768934283,-0.05206025199634983,0.15299001638675394
PHF13,-0.174097681368,-0.0648160532287201,-0.16355133003069247,0.16271202598671064
RPL23A,-1.01227384298,-0.06395346483708957,-0.9993560927033247,0.20198671502132126
ODC1,-0.013829407975399999,-0.06366282902443748,-0.0048201867517081555,0.1415146226102139
SLC15A2,0.0774213712093,-0.06288116484019882,0.08604915880267534,0.1372078207409376
NPR1,-0.0865250821524,-0.06286363402401922,-0.07517415023056097,0.18056436122515626
KRT17,0.0537877855488,-0.06267420696709718,0.06443035150073359,0.1698077481462309
MOB4,-0.0839909790277,-0.06266705865937579,-0.07001125263174776,0.22307934495439571
GFPT1,0.039346055211099996,-0.06251271824793293,0.04943654528033261,0.16141499445300905
TBX6,-0.07169287927739999,-0.06245312371807978,-0.06223616630701743,0.15142097636414792
PAN3,0.058695890412999996,-0.06232924468673497,0.06748382053756795,0.14099208435359423
GNG11,-0.043052817482599995,-0.06227354399543698,-0.03502280187295845,0.12894746459636114
RALBP1,-0.127887392083,-0.06189530999975163,-0.1181524707022908,0.15728043660736607
HCFC2,-0.00854694750774,-0.06158747517661348,0.004483969423313314,0.21158387957429248
SIX5,-0.0305644559995,-0.06150239683516561,-0.02014032585545755,0.16949144554447967
NAA20,0.030614875099200002,-0.061419381242982324,0.041082537172409506,0.17042929872246998
PDE6A,-0.08802792257789999,-0.061406606657242915,-0.07375747577719266,0.2323926948180278
JUN,-0.12469028915899999,-0.06139607600480519,-0.1142577429312454,0.16992203584701546
AGXT,-0.037453600426199996,-0.060578757948334915,-0.026458730822577756,0.18149711179287142
CD55,-0.127730363427,-0.06022989490450606,-0.11834634255492978,0.15580337450278647
MASP2,-0.349781273718,-0.06021497363636168,-0.3328351276841069,0.28142744255325775
GPR22,-0.0327188715896,-0.05998975036331406,-0.022731622837543115,0.16648258563456955
GPRC5D,0.0170376280116,-0.05981938737236712,0.025281254748429544,0.13780861187217025
RRAD,-0.058382944045,-0.059616801361021425,-0.04858310743240019,0.164380449619478
ZNF707,0.046532234574600005,-0.05958109579381252,0.05577703692874741,0.15516334889408784
CXCL16,-0.298553320687,-0.05953676818299657,-0.2876157278426141,0.18371156477233294
EMX2,-0.08815687857989998,-0.059199141768779065,-0.07950256022600243,0.14618992936924205
P4HA2,0.00409241057602,-0.05903607455732306,0.011192278241211547,0.12026320717339857
BCL2A1,-0.030162211573700002,-0.05857902491094853,-0.022264738694346354,0.13481741786175747
ACVR2A,-0.0831986253588,-0.05824765046405592,-0.07193383715607804,0.1933947225849626
FBXW5,-0.04300454988969999,-0.057713477857473126,-0.03468138988123031,0.14421518711840967
TUSC1,-0.04464493103569999,-0.05708577218621592,-0.03247520746962417,0.21318312952617557
TRIM24,-0.0401672358288,-0.0565541662201904,-0.031544704576862974,0.1524650052900736
PCDH1,-0.286033536945,-0.05579837776182593,-0.27605159393335943,0.17889306843737035
ADAM33,0.0793645908448,-0.055509508855094265,0.08634368052662514,0.12572782259781498
RAB3GAP2,-0.11156503447300001,-0.05521021122630892,-0.10161535967135026,0.18021439477682177
PLP1,0.0948492669358,-0.055022497341806545,0.10174684842467589,0.12535929523567915
SAT2,0.000424734717523,-0.05485348490279679,0.007762412977687205,0.13376867984170834
DNASE1L2,-0.075309571309,-0.05484376218097793,-0.06441729975307459,0.1986054771367107
S100A11,-0.100084075572,-0.054290765321221554,-0.09138526554170091,0.16022632907882092
ECHS1,0.019392249515900004,-0.05400513317228057,0.02705191355405829,0.14183214795014693
POLE3,-0.0777476113105,-0.05382125013529186,-0.06857337636132285,0.17045748521477358
FGD1,-0.0487496995075,-0.053792987680450245,-0.038601704047307374,0.1886490395453657
ACOT8,-0.330553501713,-0.05329273801690326,-0.31697326698964035,0.254823362970248
UFC1,-0.13931761803099998,-0.05254664796654111,-0.12798794292167495,0.21561175731968976
RNASE10,-0.11200760271099999,-0.05212625917441183,-0.10118475258610503,0.20762760068168817
TSC22D4,-0.154339826717,-0.05206179899532926,-0.14566985271981514,0.1665323550951954
RAB13,0.06940093892719999,-0.05174398568408085,0.07648455098229344,0.13689730239069572
LEO1,-0.221790272128,-0.05134557392220986,-0.20951246813497018,0.2391209807418081
LENG9,-0.0442959072009,-0.05132166732699841,-0.0347528655329278,0.185945667103297
CD1D,-0.0409635373225,-0.050991097161945505,-0.03226461518917387,0.17059688097509915
KDM5A,-0.034596175322599995,-0.050879514928548204,-0.02776109123160278,0.13433862529145474
HCK,-0.0737255100132,-0.05067093813227986,-0.06675449430254193,0.1375742381650754
SFXN5,0.094053229115,-0.05045567694431945,0.10002139501116761,0.11828532005930278
FCN1,-0.06635494139499999,-0.05035768154692003,-0.06010386485502671,0.12413352537187268
G3BP1,-0.0421530511031,-0.050052408952438295,-0.03440068184826641,0.15488503784503527
NDUFA7,-0.0996649781313,-0.04983929263300509,-0.09163131616078944,0.16119133210149983
ACACA,-0.0805813868063,-0.04968800128648842,-0.07117958179076338,0.18921680832618326
CTDSP1,-0.010423485107600002,-0.04964957932050235,-0.0025128598177387106,0.15932915038002482
FAM43A,-0.08828371530580001,-0.049568202273009294,-0.07897724440101297,0.18775082569122264
POLR1H,-0.0669316074022,-0.04919608269486748,-0.057295916337637656,0.1958629739755197
NPNT,-0.014613977551100001,-0.048700039821389964,-0.005489565369054183,0.18735943985898357
ITSN2,0.00479322886076,-0.04736857115038496,0.010732243543937725,0.12537880157547163
DUSP10,-0.109422440867,-0.047364755904626694,-0.10075049550745203,0.18308856857638459
TP53,0.0061214366494200005,-0.04721592119859506,0.02681999076923915,0.43838081719848027
LRP11,-0.0361404986201,-0.046901710610651376,-0.02697216219391117,0.1954797875561217
ALDH9A1,-0.0226842663656,-0.04676831204967424,-0.013008305742129378,0.20689138006933944
TNFSF10,-0.187153007685,-0.046178663348558316,-0.1791444774606452,0.17342490326985227
DNASE1,-0.108630713082,-0.045847107080638425,-0.10143623741366176,0.15692321994677214
EFCAB11,-0.0729192589233,-0.04579498154599167,-0.06570300687819562,0.15757735458102848
CDH19,0.06777517600869999,-0.045792111814615684,0.07572794661755693,0.1736711912534816
MAPK15,-0.135007706915,-0.045493184146900956,-0.1279482398263728,0.15517636808695662
GIMAP1,-0.0347322963166,-0.04540738931301934,-0.027946066038298845,0.14945211299244165
NRK,0.0241243147136,-0.044658720348452405,0.032290962433686995,0.18286792940698315
B3GAT3,-0.15619221439099998,-0.044572339291843344,-0.14852612435887116,0.1719920954099821
ALOX5,0.016776772465500002,-0.04452732367526463,0.02372460448197226,0.1560352485395804
EIF4A3,-1.1115927395,-0.044428811010036345,-1.0960072321302718,0.35079730957030264
SORT1,-0.00148124741468,-0.04277641600495625,0.00563848108801973,0.16644051016043068
CTRL,-0.17383517513,-0.04271310113712884,-0.16753033630924632,0.14760901580318914
GPD2,-0.137203548312,-0.042636638819483146,-0.12980345699294815,0.1735617892015988
ZNF493,0.0451134782558,-0.0423682037512659,0.05221390341369665,0.1675885340710132
NTRK2,-0.0060450919459099995,-0.042153468491630604,-0.0002255339844567035,0.1380564439817982
U2AF1L4,-0.19624541060800002,-0.041319472913483056,-0.18772381495949256,0.20623679460651495
CCNE2,-0.00867629883364,-0.04089192592137019,-0.0025562168492795135,0.149664801705075
TNIP1,-0.0957286456903,-0.04075074406875159,-0.08927655779528756,0.1583305542624438
AP1S2,0.019810916517400003,-0.04047914602507241,0.027836254877494353,0.19825858863533163
MEFV,0.0185027974421,-0.04016187122969667,0.023632236774114086,0.12771913197663093
ARSA,-0.0225260726022,-0.039919373375734084,-0.01670334484578103,0.1458622033370506
HERC1,0.0097055880255,-0.03924799911937364,0.015265203236768308,0.1416534686101734
NOVA1,-0.137516047646,-0.0391390626568278,-0.1293462397068115,0.208737956011404
RPP14,-0.189748703766,-0.038925562897496255,-0.18414352647940704,0.14399733412598878
SLC22A15,0.0892301574512,-0.0386125711320446,0.09469136366164947,0.1414359637376547
HDC,0.0444154130722,-0.03815591919642348,0.050999362352264876,0.17255381127555228
SLC29A4,-0.0426120054336,-0.03785088673636572,-0.035647341673538314,0.18400265781277705
MAST4,0.0119450293246,-0.037839989351325896,0.017397950630336872,0.14410472622254591
AKAP3,0.040518634311,-0.036613567740357914,0.04594167806663183,0.1481156874437612
CCDC71,-0.17722438927099998,-0.03642757104260577,-0.17048294417392415,0.18506435933351204
MCF2L2,-0.15309815200899998,-0.03627356328988067,-0.14628773980448953,0.1877513976249025
EXOSC4,-0.09371298252530001,-0.0361348160708717,-0.08732685898934102,0.17673048406926448
GDF5,0.05813301690230001,-0.035771700215504514,0.06591647584075148,0.21758705601244793
CAMLG,0.0016277255171600002,-0.03554940022188274,0.00917842122011376,0.21240008708517852
PSMA1,-1.0749840559700001,-0.034863391647438964,-1.0679757042002436,0.20102323493449864
LTA4H,-0.12397312875399999,-0.0339811658097275,-0.1172158102219398,0.19885481769215302
NOP53,-0.614873898856,-0.03291028120904962,-0.6063815693335131,0.25804487869741144
MXD1,-0.0785642312236,-0.032622219751060014,-0.07367535254312517,0.14986345864204936
SLC19A3,0.18428577903499999,-0.03224744249760768,0.18952459852342918,0.1624568983669896
BMP1,-0.0769065235988,-0.031913914384791964,-0.07177608658175365,0.1607586256949782
TGFB2,-0.0017228526498199999,-0.03189833112157501,0.004122613703657722,0.1832530464116988
GATAD1,-0.04296520627719999,-0.03136688464966903,-0.03717896533572416,0.18446973635097316
GCSH,0.07466928065930001,-0.031341848124633157,0.07861176729819268,0.12578985844150234
MIF,-0.0400102101018,-0.031282705643816355,-0.03474960839079334,0.16816325834803622
PNLIP,-0.0274445526197,-0.03114760418855,-0.022256380495347595,0.16656729336054682
CTPS1,-0.021950260751799996,-0.030966011949992274,-0.017304632384427872,0.15002346362439106
TSHZ1,0.0495898731549,-0.030897361424813148,0.05423088684324746,0.15020744407709635
PPFIA1,-0.29743268200899997,-0.030617921622950694,-0.2919279229598648,0.1797887889623732
NT5C2,-0.0383516884058,-0.03055820941467351,-0.033686152974227446,0.15267698994602238
USP10,-0.078136087482,-0.030426918531979725,-0.07397982826275695,0.13659809864987413
ZNF641,0.0477749528078,-0.030329317112134116,0.052101943491354816,0.14266693402812144
MMUT,0.025775500632,-0.030317659008944845,0.030905025554756004,0.1691926451591332
CPA3,0.025252491902299997,-0.02979906680171218,0.0300843903760173,0.16214932185190692
CLTA,-0.0831111517745,-0.028981397917321267,-0.07819804099418819,0.16952635598627913
DDX47,-0.856886666277,-0.027673319318235575,-0.8493386197586937,0.27275537247649456
ZNF568,0.128646533723,-0.026774497081169822,0.13237505033345898,0.1392562705904641
GUCA1B,-0.0444934375992,-0.026733119922584373,-0.04092088576737215,0.13363766901033228
CAPZB,-0.673099722828,-0.026509278358547984,-0.6629967531256855,0.3811107026629706
EIPR1,-0.116650768827,-0.0264599168066288,-0.11143149002614224,0.19725227554571212
GALR2,-0.0315308529763,-0.026243836647761736,-0.027578718029255506,0.15059288015274083
PRKAG3,-0.0578852325014,-0.025424056384500442,-0.054015210379577516,0.15221890886702916
RAB40C,-0.05675591756630001,-0.025332459076206564,-0.05334921316381731,0.13447981470075415
EIF2B5,-0.7873980038959999,-0.02516944400749297,-0.7805122896741002,0.2735743475243143
RAB2A,-0.0653581770469,-0.024950588247388432,-0.059979345426396824,0.21557935096244385
DPYSL4,-0.0776779531692,-0.024546815977027882,-0.07431067166092221,0.13717793425546712
RUFY1,0.045593850553,-0.02389980471397278,0.04960286514456628,0.16774256691823303
SUPT16H,-0.7109856718709999,-0.02384549165701929,-0.7048331601100944,0.25801572261121275
RABGGTA,-0.227214856741,-0.023084858903712535,-0.22253559559450745,0.20269827794962322
ELOVL2,-0.102074807339,-0.022746607790697516,-0.09841355416962726,0.16095820541953743
KCNK17,0.0319743736349,-0.02272558666955648,0.03523530187738453,0.14349148780624946
MBD6,-0.0207596798298,-0.022607091917553647,-0.01677582981301993,0.17622125089369597
GIMAP7,0.0315585297763,-0.021858995179824127,0.03469528167563645,0.1434993636958975
PSTPIP1,-0.054163354983400004,-0.021414202747926464,-0.05105773973546543,0.14502595704784252
CHD2,-0.255809059501,-0.021322149325394207,-0.2510549689018334,0.2229648862605344
MDM1,-0.05326288995080001,-0.021169332758404328,-0.04955939838343917,0.17494606984674743
MMP1,0.0495218043392,-0.020886241589107582,0.05283423166745241,0.1585937476649643
GOT1,-0.0132170454437,-0.020839816350292598,-0.00990689720086314,0.15883768777983426
ELF3,-0.020779077172299997,-0.020713774893525314,-0.01809026638780928,0.1298078596640144
FZD10,-0.142595747737,-0.02018907558226221,-0.1379109563232703,0.23204586037835687
OR2T2,-0.0452088099264,-0.019614465804134094,-0.04261961861596346,0.13200417162983988
NTAN1,0.148531659247,-0.019144499710965907,0.1511803324266121,0.13835165293428742
KRT5,0.0362229223186,-0.018661769866542152,0.03889752478699839,0.14331987199100388
ADRA2A,0.00464758271252,-0.018011811695085884,0.007097084832812779,0.13599421100771722
PAX2,-0.00876537212067,-0.01727130773235156,-0.006319513458704894,0.14161398197912212
PRSS23,0.0401782544901,-0.016948297254637507,0.04344780063509343,0.19291295732370972
SLC22A18AS,-0.021764311266900004,-0.016036479319823403,-0.018787209912809227,0.18564557062164197
TMED7-TICAM2,-0.177819355198,-0.015711151157608516,-0.17504479912063878,0.1765978857645682
PCDHGA10,0.10545641363700001,-0.015345092738032296,0.10784915475988267,0.15592874958339858
SERINC3,-0.014179870766200002,-0.01533379999695004,-0.011363436228967606,0.18367492322794066
FCGR1A,0.0240934939802,-0.014840467677249733,0.026844616188971115,0.1853797514069285
KIF4A,-0.0648687581871,-0.014751247724830146,-0.0625422500500596,0.1577160237858582
RNF152,-0.0532623800099,-0.014108336612265201,-0.05062937006514081,0.18662795034746787
SSH1,-0.00980312536985,-0.01386848164090687,-0.006713630622543214,0.2227709440227346
GUCY1A1,0.0623998786716,-0.013720713323972056,0.06408569902916504,0.12286681586879848
IFNA1,-0.09152717714839999,-0.013490591537600554,-0.08932349736010071,0.1633493818382423
ARL15,0.022291337596900003,-0.01330797602122896,0.024120179248472356,0.1374244775204715
NXPE3,0.09421641724060001,-0.01327869574317432,0.09603010282170472,0.13658612383200425
USP44,0.0139977820683,-0.01322400374109445,0.016370629190422172,0.17943484957951095
GATA3,-0.158165714315,-0.012215816798834087,-0.15535480496820755,0.23010408498109908
ZNF212,0.0727703433193,-0.012104752694475068,0.07479406889238703,0.16718437990151658
PDHA1,-0.103509227802,-0.011875897842156643,-0.1017913686726762,0.14465088468728723
MYL3,0.010597831099000001,-0.011360167656844493,0.012462924536740212,0.164178337334352
PTDSS2,0.0013759225931,-0.011210845875348086,0.002971536727066465,0.14232772011210285
MITF,-0.031609260773099994,-0.011206960480960352,-0.02935241143713172,0.20137925352752536
SEMA3F,-0.0908017837242,-0.011094245590600784,-0.08891677801497457,0.16990841728097703
NUDT11,-0.119834856162,-0.010616385257407063,-0.11824605583343906,0.14965548913670365
HSPE1-MOB4,0.207090959326,-0.010508720404489143,0.2094523210387965,0.22470497091042238
SETX,-0.0289213513958,-0.009891798754321553,-0.027535274904367527,0.14012380618104656
SORD,0.00238612200768,-0.009751370363258093,0.004081664881604428,0.17387739474166783
CD302,0.126846991833,-0.009251263623382303,0.1282581258732904,0.15253419400175966
GPI,-0.0650410534895,-0.009047597959932556,-0.06365708256612965,0.15296556384349633
SEC14L3,-0.176948201424,-0.008465082420660887,-0.17570641950654695,0.1466946044638874
CLK1,-0.042010150480500004,-0.008464083273690835,-0.04070537302546098,0.154154609878982
PCDHGB7,0.179930104933,-0.0078343500358473,0.18107492606793751,0.14612841265698046
PCDHGA3,-0.0331916063428,-0.007167016832572681,-0.031761070876429195,0.19959984743851927
NUDT8,-0.10146494202600001,-0.006938766670075232,-0.10026183875687014,0.17338863321611359
PROK2,-0.0109236813774,-0.006669404875942471,-0.00996037701202901,0.14443633027075198
BACH2,0.0347659521383,-0.006182648950927984,0.035626277524551865,0.13915158261132318
KCNN2,-0.049219942122999995,-0.005634391337098534,-0.048214034426671784,0.1785299664410973
SRSF7,-0.615337601218,-0.005197205424763104,-0.6139034688902558,0.2759429752210558
ABHD4,-0.00514852294321,-0.005134654150954556,-0.004295936835049527,0.16604547903230696
GHRL,-0.107766352728,-0.0049605632244541205,-0.1069967744079172,0.15513930278904728
DKK3,-0.25443651665100003,-0.004517086496645439,-0.25370308423890947,0.16236846751445586
HLA-J,0.121705112234,-0.0043758358663914115,0.12252281554899665,0.18686791277456488
PTH2R,-0.148810870726,-0.0043312576342247056,-0.14802091062900813,0.1823858481078944
PCDHGA11,0.0550181090822,-0.004271348784142492,0.05564432167444808,0.14660769323566145
DLAT,-0.0459066934896,-0.004179714370997885,-0.04506504871568533,0.20136418405876205
CSAD,-0.102260515844,-0.0031305278890363442,-0.10169266675276332,0.1813908424918963
SMAD4,-0.0447685067107,-0.002691157102182507,-0.04423387999532893,0.19866053711152473
ACSL3,-0.109548519751,-0.0026110702012021782,-0.1090914262970205,0.17505981025291675
USP25,-0.0673528048893,-0.0018131733084771754,-0.06702056366472324,0.18323743407396365
CSNK2B,-0.39427612958,-0.0015898324143545019,-0.3938810844333782,0.24848225703223153
PLAUR,-0.371806449535,-0.0015871863008559608,-0.3714106745705288,0.2493563384826351
GALNT5,0.13621594985,-0.0012067690360192112,0.13635370891994317,0.11415529055800565
PTPRR,-0.156067616785,-0.0011754744247414136,-0.15587358429006998,0.1650673896820073
H2AC16,0.038942365507999996,-0.001063063730461801,0.039151546859514504,0.19677216475407183
FOXD4L4,-0.0646102738509,-0.0010063347949310856,-0.06446825139471389,0.14112843648204978
DOCK4,0.036869485998199995,-0.00039482942850560814,0.036934983433768685,0.1658879273933341
GPR62,-0.068122813481,0.0004922430696045685,-0.06819286833429317,0.14231760205267907
USP54,0.049955382495400005,0.0008326741710289943,0.04984148206910778,0.1367887107047755
GFI1B,-0.121974015969,0.0011631732387666412,-0.12221501782404345,0.20719343173593052
FOCAD,-0.248849727209,0.001480364786209741,-0.24907611548857586,0.1529273606645905
RNF111,-0.0153211281086,0.0018911585441278198,-0.015603185088070935,0.14914507318634967
SLC22A8,0.06368504123049999,0.0024722539091050827,0.06333785836045121,0.14043172053248335
CTSA,-0.225528826494,0.0026218434384440254,-0.22604087876696086,0.1953023836025643
SLC30A5,0.046995849797099996,0.0033335141740586413,0.046474724800083654,0.15632901790900708
TAF10,-0.577604300928,0.0035593110017294017,-0.578536858688627,0.2620051353124101
RTKN,0.101795745209,0.0037770854397761065,0.10127402285050181,0.13812829146092012
GJB2,0.019930398833700003,0.004447334539993201,0.01933289950213929,0.1343499856346826
ALAD,0.0446688140491,0.004567659959417863,0.04390303965900601,0.16765135690871166
SEC23A,-0.0547511763607,0.004835527377701988,-0.05558676829680828,0.17280264815817886
PRRG4,0.0484159516425,0.004872756077378973,0.04763744848045888,0.1597664955270808
LRRFIP1,-0.08878940722619999,0.0049901770068188364,-0.08973422040741269,0.1893346027448843
P3H3,-0.0811899276152,0.005151851184744124,-0.08219692923343719,0.19546403460161388
TNP2,0.09885145393110001,0.005461907184936412,0.09796568257925276,0.16217253824637545
HAL,-0.233850298932,0.005562137333773245,-0.23478486623059694,0.16802305346224844
RNF181,0.13675780815,0.005908094053211389,0.1355932109342196,0.19711893637633568
MSH5,0.027746817663699998,0.006042709175304953,0.026401436483987573,0.22264536330999726
HTATIP2,0.115374546089,0.006156011394470181,0.11457748451510846,0.12947694908549345
USP37,0.0175662327138,0.006477757791012107,0.016419023989995608,0.17709966331191704
TMEM14C,0.0646012535355,0.006509571292631442,0.06366953356954644,0.14313077222277787
LSM10,0.0865942978974,0.0066589442639192675,0.08557028972545683,0.15377935771164908
TBXT,-0.137544888053,0.006978624045562852,-0.13880565842685763,0.18066174157343473
CHRNA4,0.047091557422599996,0.00747724486421631,0.04607149436605356,0.1364223153140443
GRIN2A,-0.0757318200537,0.008392012258709851,-0.07689544495348934,0.1386586272656652
ILF3,-0.48643109326399997,0.008464054163888002,-0.4884271578077348,0.23582842277298863
LINC01587,0.024514777822599997,0.008598894879596277,0.023388107889123263,0.13102496881897358
TRIP11,-0.00259000376379,0.009022917553306272,-0.003935840733259194,0.14915762684499298
FOXL2,-0.0625080502836,0.009037423032999462,-0.06394561496027541,0.15906798557799656
ZNF687,0.0367991997022,0.009641915370229,0.035290146576653386,0.1565096837715524
KRT33B,0.100393871161,0.010002148376509274,0.09895016795531411,0.14433931105006648
P2RX5,0.0551543554019,0.010134633705416136,0.05394210551854459,0.11961457301683824
P2RX5-TAX1BP3,0.110283015375,0.010404665913229506,0.10934897654419862,0.08977115061558644
TRIM51HP,0.0142231574434,0.010772758978597967,0.012198015169724748,0.18798733710635898
DGKE,0.0080418231947,0.010800636296293404,0.005874663497470949,0.2006511133027212
POC1B,0.0671723537725,0.010876256089411451,0.0655395847490065,0.15012234081938203
PSMD13,-0.7280165733580001,0.011100828345699913,-0.730110378376528,0.1886170070667772
RABGAP1L,0.0120644328082,0.011112100237822569,0.010316433024929982,0.15730597689537593
MICB,-0.121207905482,0.0111833872370975,-0.1227636136797143,0.13910885537019727
RBX1,-1.5497863524899997,0.011483710536995415,-1.5543180960080976,0.39462362826880343
BABAM2,0.046278372312300003,0.012264376938397206,0.04432071091525433,0.1596217571327773
SOST,-0.0465368640043,0.012284743678891194,-0.04833934200815098,0.14672491758604342
NFE2L1,-0.0686427501002,0.012416824808750419,-0.07073829259972587,0.168766373996764
SUV39H2,-0.0432289380514,0.013859242179244027,-0.04527855969752605,0.14788843571805235
TBX20,-0.09944230082389999,0.014468578569694152,-0.10168099208371852,0.15472779506534842
TGM3,0.004860676331199999,0.01454711368331707,0.0029339351372419734,0.1324483492672263
FBXO44,0.06364000186180001,0.014806145598313862,0.061591769265273356,0.13833665101604203
H2BC3,0.06978286708499999,0.01482032963828084,0.06687791351554152,0.19601140058011848
STK26,0.0675489778641,0.015185136328193002,0.06535807002612243,0.14427976085469107
RASEF,0.00372329265786,0.015346364890395262,0.001811337197119556,0.1245868630386254
PTCH1,0.04297464482419999,0.015768879800521142,0.04095520667806128,0.1280647814990619
GPR31,-0.0822163893608,0.016657601079927566,-0.08466772364155833,0.14716010240587368
MRPL44,-0.11671487552000001,0.01729535669183767,-0.1204418721999484,0.215491171784118
BCL11B,0.0090073987698,0.018209649562817197,0.006189999695603405,0.1547201149850529
PDCL3,-0.110610449882,0.01839885187186443,-0.11366240213299299,0.16587732062020893
COL2A1,-0.0935788348392,0.019135748940669786,-0.09652564469363897,0.15399501025935955
EIF2AK4,-0.0822348011274,0.019236985498783703,-0.08597733011991958,0.19454862055992111
ART5,-0.11374055297800001,0.019634996095792397,-0.1171996846327963,0.17617175159701465
OR2L13,-0.0073964002821999995,0.01991240715529396,-0.010810913156277607,0.1714766500829518
STARD13,-0.139488325386,0.019991026940129036,-0.14221886215499957,0.13658811911850385
SLC6A3,-0.116401866894,0.0203602032630435,-0.11951202445278052,0.15275670476364367
CRY2,-0.00218448981692,0.02049293762273297,-0.005643911286563378,0.16881042305061308
ZNF625-ZNF20,-0.10141955058499999,0.02084548756484985,-0.10561618038023961,0.20132077900236178
KPNA6,0.0686449910613,0.020925102331002286,0.06564146987337523,0.14353675028268803
AZI2,-0.012528808944700001,0.021171162590912066,-0.01559879819140023,0.14500806148539297
CBX5,-0.100642505214,0.02149586528931675,-0.10399042609869981,0.15574720252660357
SGO1,-0.680108559296,0.02194199259098805,-0.6867412776714212,0.3022842318407036
DDX41,-0.8276646061130001,0.02198634300789472,-0.833133805967773,0.24875441326504605
SPNS1,-0.0006189542890619999,0.02213267130353831,-0.004643152145331,0.1818216066682226
OR1B1,0.039446494666,0.02219189133793439,0.03575336429628463,0.16641800887887367
ABCA7,0.0342584290069,0.02291937178103574,0.03126063179415256,0.13079752976597375
OR52I1,-0.09030693470319999,0.024270613706633807,-0.09579950332839154,0.22630530449628838
TRIM14,-0.035564142801599995,0.024767043598630162,-0.041051184300190655,0.22154608307364315
KCNJ3,-0.0378700680144,0.024923660557528343,-0.04206457754192219,0.16829428076347375
AHCTF1,-0.7444573202529999,0.02506967602056815,-0.7511588366376446,0.26731563579626955
PPTC7,0.0487744105335,0.025193262968137335,0.043838100437190566,0.19593770376439643
JAM2,-0.0496755951116,0.025506892635785906,-0.05450024385907431,0.18915078431409452
ZNF500,0.013032829597399999,0.025671368617848585,0.007559671422794902,0.21320087199401447
MTMR1,-0.0790645253427,0.025749057414315067,-0.08307948248655825,0.1559263735077987
RPSAP9,-0.218007134421,0.026246804981451044,-0.22381190800411904,0.22116115036559103
ARID1B,-0.08382077005739999,0.02628998351598686,-0.08964278720721987,0.22145381514901014
TENT4A,-0.20602726145,0.02660791811691011,-0.21018604159401277,0.1562985922363369
DPAGT1,-0.012899325446799998,0.026830736704079223,-0.016673641032528747,0.1406713362870472
TULP3,0.06945919641630001,0.02700762057915039,0.06410394073181289,0.19828683792386087
PPP2R2C,-0.023780646826400003,0.028099063750011987,-0.028291719103636228,0.160541728983205
PPP2R5C,-0.0422171829094,0.028370496622457376,-0.04769704936596814,0.19315370222424724
CDS1,-0.0317706660873,0.028575838207064802,-0.0358224888715269,0.14179191367430022
BAAT,0.07057920321219999,0.0286994326588802,0.06491132615915798,0.19749090932946523
MTUS1,-0.136259802073,0.02918917225674135,-0.1407277615840132,0.15306907204199
SLC25A28,-0.116757222135,0.029285342521754878,-0.1216934001568913,0.16855455995518612
ZNF888,0.103679492017,0.02932958226251645,0.09863559242166718,0.17197311404530224
LGMN,0.126176269224,0.02933474988155271,0.12290771123613876,0.11142273246095329
PECR,0.0691179303522,0.029536721549999586,0.0645094113589,0.1560267609761202
ZCCHC14,0.163986445367,0.02955226893777426,0.15971644655249598,0.14448971155125165
H3C13,-0.167751577933,0.029592202084966397,-0.17055336911001523,0.09468005013518802
RHCG,0.143707737926,0.02976151827940248,0.13810423599205918,0.1882801099505373
ZNF20,0.196304491352,0.02995711440503255,0.19083968871094373,0.1824208622756483
MDH1B,-0.104815518007,0.030006718310270377,-0.10861179016892726,0.1265140733709597
VAMP3,-0.0111536460334,0.030804128397681936,-0.016291129084972857,0.16677904290125806
MAP6,0.0864890242206,0.030868409282885746,0.08100937986010923,0.17751625327609047
APLNR,0.0707485530316,0.030937566597409993,0.06650107458603755,0.13729193704323364
PDE12,-0.341167855932,0.03118376679114604,-0.347234938170228,0.19455899214685674
UCKL1,0.08917882710439999,0.03118727669209963,0.08430484223478538,0.15628119498004434
LMX1A,-0.0787915462097,0.03210572219220806,-0.08335422716487748,0.14211426012665196
RNPEPL1,-0.023538495180599996,0.032288895530374194,-0.029828341041394698,0.19479904027308206
CHN2,-0.011568869208899999,0.03241664503773557,-0.017502908238769235,0.18305531071958678
UBE2J2,-0.07445720971900001,0.032448903738395936,-0.07988971767591112,0.16741730323798165
PTGS1,-0.05165352059230001,0.0330821169372146,-0.05833172412539194,0.20186747860683352
CD81,0.0446011954044,0.03360969215440097,0.04014238003995628,0.1326645702067185
TACC3,-0.619773076482,0.03396966917878519,-0.6316234903115182,0.34885278885550886
ADAM28,0.00567640352245,0.03410638347165553,0.0015569015518852568,0.12078389882610388
GLMP,-0.026551339508000003,0.03413175140431616,-0.033403171861252294,0.20074657969018947
ANXA11,0.0623984658933,0.03521386052420212,0.056893694037529655,0.1563240091777773
SCYL3,0.038584544027800004,0.035554403798403786,0.03272490951280446,0.16480755937352012
USP6,0.006010125236119999,0.03567954792285346,0.0011013118640546412,0.13758059330457956
TEAD4,-0.015927731836000002,0.036184502174532764,-0.02162815084822841,0.15753758293351494
CCND1,-0.27630744576,0.03675684433395356,-0.29218077654266555,0.4318469408975574
KCTD6,-0.151926063297,0.037152181426742696,-0.15703906634159687,0.1376232255615667
ZNF138,0.0835308787543,0.03717182176827382,0.07792115479413673,0.15091334492922726
SLC16A2,-0.00935029251551,0.037737010325615765,-0.01530630610687204,0.15782950318454653
TIMP4,0.0744321166869,0.03945191797609375,0.06897979667874658,0.1382016461520908
KRT39,0.08400471127520001,0.03963150131129687,0.07668569952133508,0.18467662116495853
RNF24,-0.0347383037365,0.039664799109177015,-0.04127245692625338,0.16473430690442123
SLAMF1,0.04541976768730001,0.04053627871622611,0.03924591131644671,0.1523044681548923
MTO1,0.11271333136299999,0.04119952797744199,0.10632131197558527,0.15514787914353173
MUL1,0.0695232333397,0.04125243479836781,0.0636225669590318,0.1430380148349851
APP,-0.0400537691687,0.041581155291862466,-0.048137266542157546,0.19440290479469927
PDYN,0.07586740987539999,0.041709197448015656,0.06652013178594142,0.22410592054926412
RYR1,-0.1093098786,0.04184092167744741,-0.11740062526948873,0.19336922670730067
LMOD1,0.0554236597421,0.04237523505966955,0.04894449066191841,0.15289989709928742
SIRPB2,-0.117929076656,0.04260690373630464,-0.12390158234500535,0.14017694704992803
SNRNP70,-1.00645007671,0.042965750477934515,-1.0188662239868076,0.28897778204023356
DGKG,0.0143936209304,0.04340108758872851,0.008151771442255155,0.14381781275374966
LPAR2,0.07803359857060001,0.043758805010391665,0.07009417455812009,0.1814360335158718
PGA3,0.177259530121,0.04379401881225383,0.16925726122530899,0.18272515546008575
LIN52,-0.17293292869399998,0.044202867151103074,-0.18060463564428572,0.17355677232566788
CYP2U1,-0.0490908274206,0.0443850223540071,-0.056416958287483165,0.16505862740028016
MS4A6E,-0.0777416756845,0.04463574806664828,-0.08620284602401275,0.18956040183036432
YBX3,0.0611772590874,0.04467441067160718,0.05548156587176894,0.12749341580572793
OR4D9,0.139239365807,0.04548687459393196,0.13293404821230756,0.13861839598743458
SLC38A3,0.048025980368900004,0.046162105027835104,0.039048542010511056,0.19447636438970187
SNX15,-0.055934216350999995,0.04670182898849034,-0.06683717250596113,0.23345886855198267
MLLT1,-0.015863525628200002,0.04732254454983766,-0.024935600272723617,0.19170724505250078
FOXH1,-0.056160201263199996,0.04773104531588823,-0.06386392266629022,0.1613985478865238
MBD3L1,-0.09760795356680001,0.048005396200840995,-0.10666286531212817,0.18862278955984385
ARFIP1,-0.181170404692,0.04840459678027833,-0.19298591062007114,0.24409884006894958
CCR2,0.124254419301,0.04853656777061245,0.11834957720712508,0.12165759478053027
ADGRG1,0.11447333116399999,0.04880775400245489,0.1060280839367703,0.1730308513439263
NADK,-0.0404265599178,0.048896892641106866,-0.04765490691079903,0.1478283506899632
DZIP3,0.124643339686,0.049606065312674516,0.11852265201335155,0.12338587295865601
ASNS,-0.081557358087,0.05036041815056666,-0.09077615549315564,0.18305641106063586
S100A3,-0.131848612607,0.05071804793096031,-0.14287740790714984,0.2174530714423931
DKK2,-0.24847418246199998,0.050749031642667995,-0.2624474061437376,0.2753397105214802
FBXO27,0.0822513129351,0.051348098628904285,0.07474953861213117,0.1460964382962765
FIP1L1,-0.6973291082299999,0.051417443824389446,-0.7134186618573389,0.31292013819845016
GJA3,0.0160422123756,0.051484111261177225,0.006985278564397492,0.17591706624315562
SLC26A9,0.015365667397799999,0.0515152709501594,0.0047466290893987675,0.20613379513571936
SLC35B3,0.009636617876209999,0.051970781496715905,-7.959143565783264e-05,0.18695522815029847
MYPN,0.0549240382773,0.0526725442243355,0.047471563197290186,0.14148690156809735
CSMD1,-0.173050431568,0.05283015313317326,-0.1837997499124253,0.20346937699250262
KCNG4,-0.292776042315,0.05308211100118381,-0.30863038665717446,0.2986758447082276
RALGAPA1P1,-0.0624134202781,0.05348931829849703,-0.07270308782735574,0.19236864249856903
DUSP9,0.047643477111400004,0.05359132741565406,0.03977446929116091,0.1468336053557157
ZNF223,-0.18146580634799997,0.05376834267049503,-0.191443584867869,0.18556976139315262
DMPK,-0.0073834334753,0.054185923917957714,-0.015792617826103552,0.15519130694413927
CGREF1,0.0981740265591,0.05469081434511309,0.08638571293419954,0.21554467173432768
MMP23A,0.0159182834861,0.054743496663638314,0.005897807903357239,0.1830441274935686
KDSR,-0.157468453846,0.05492607840533913,-0.16781531351788714,0.1883779066754085
ZNF561,-0.06883734844660001,0.05508956778808977,-0.07980193007424945,0.19903190509365276
ZSCAN1,-0.08410075306630001,0.055246452422568475,-0.09687378135544274,0.23120087768612774
CD244,-0.0819535558899,0.055402176638407435,-0.09308966942127643,0.20100498224209382
NME1-NME2,0.122455277616,0.056085295026699684,0.11009317362703984,0.22041613551422207
SLC4A8,0.045336106563599994,0.0561295380114064,0.037845727708351005,0.13344807601528497
MCCC1,-0.0208493315918,0.05654907783063264,-0.028931501405380998,0.14292310544457518
CCN3,0.0368125161224,0.05696722264584486,0.02715863604301573,0.16946376584655948
ZC3H13,-0.646457364154,0.05701597626925918,-0.6614413395950297,0.26280310224396664
DDO,0.0308393562372,0.057032107446375054,0.0211512054541434,0.16987187072064577
GEN1,0.00369433092182,0.0571741515018366,-0.004604685906424188,0.1451533011028174
CNTF,-0.0348619876314,0.057749817670670965,-0.04377723249560671,0.154377021847022
PYROXD2,-0.0032506197395100003,0.057793976219644924,-0.01141281019536133,0.14122908631223224
TRIM58,-0.0831552157824,0.057951164566702636,-0.09368333119868484,0.1816721975305057
CSNK1E,0.0732428690827,0.05820313889578192,0.0673456046225997,0.10132210344634332
NUP58,-0.663051793457,0.058219786848749615,-0.6814977323599821,0.3168328140895321
GPR160,-0.052998968128899995,0.058549264377996756,-0.061821976957957894,0.15069376059272319
TUBA1B,-0.8806138341490001,0.05878277564110518,-0.8964352013954446,0.2691497139066893
CFTR,-0.0266850233277,0.05883003019858778,-0.03808649451798333,0.19380359234554703
TFAP2C,-0.11859832387399999,0.059452108424264294,-0.12946241094964422,0.18273678366653615
TOP2B,-0.012269993878799998,0.05973404048539157,-0.02048385364457778,0.13750718516666466
DCSTAMP,0.0857531145035,0.059849715847890714,0.0751451302121223,0.17724368680944302
ATP6V0E1,-0.073755698569,0.06047840973724025,-0.08507122810364998,0.18710031536563898
LIPH,-0.18319634506299998,0.061313477457308314,-0.19298358928650758,0.15962631103940106
ZNF764,0.0521827825235,0.061438997010572066,0.04212457344083333,0.16371050264599718
CORO1A,0.0790461268809,0.06144495259552574,0.07001825607179156,0.14692615793092542
ISX,-0.19201163182199998,0.06154259907292627,-0.2012096134604789,0.14945715288331501
CABP4,-0.0221536011017,0.061762130550522154,-0.03302692063441401,0.1760515616251208
CKS1B,-0.150832977935,0.062139434274383495,-0.16402794490594322,0.21234449790256202
ECEL1,-0.00466785813558,0.06225680318594769,-0.01335575223333157,0.13954931273619522
BMI1,-0.0298381935783,0.0625191429812612,-0.038921723617469775,0.14529197948046685
DIRAS3,0.0740367070776,0.06255115892145734,0.06486336385981227,0.14665344936784122
DIO2,-0.0101256392355,0.06288687824403699,-0.021269584039898835,0.17720620128660175
CCR7,-0.00679901411794,0.06296330369274526,-0.01976126786044349,0.20586997476749336
SOX8,-0.0558884557436,0.06320911130471524,-0.06365171305392776,0.12281864354812796
TUBA1C,-0.262501309959,0.0632207038492995,-0.27432055525526283,0.18695213081519316
NACA4P,-0.0652991367048,0.0637648036330105,-0.07527865565817778,0.15650513111925368
STK36,-0.0118877587491,0.06404115544257316,-0.022513911117277935,0.165926930811025
CPT2,-0.058920812484300006,0.06425090866209203,-0.07465767640217853,0.24492827020769062
ZBTB20,-0.048058454828500005,0.06472404784357504,-0.058018452109612484,0.15388402939791068
STUB1,-0.021194575124599997,0.0647782082960202,-0.031246861729432335,0.15518006547658594
AIFM1,-0.284784813627,0.06503857375451384,-0.29910630742440875,0.22019999779615124
HTR2A,-0.11761045002800001,0.06510565920219903,-0.12829882438563167,0.164169666486852
SUMO2,-0.18337978288100001,0.06511400833124512,-0.2021345299001376,0.2880293733988741
DCTN3,-0.20392396906399998,0.06532122273519166,-0.21595448171343642,0.18417463950739907
ZNF320,0.17113888754599998,0.06568083081408509,0.16241068140972753,0.13288818104293396
CDKN1A,0.04388656979169999,0.06575196672152062,0.03014424096533908,0.2090025517345179
NPR3,-0.0366020874854,0.06581877662484586,-0.04735752316289486,0.16340983878808227
RTP2,-0.00962739790578,0.06600110179254978,-0.02120997591254091,0.17549067655213527
DNAJB8,0.0181508280339,0.06618287634574312,0.008729085453588234,0.14235921888755707
PFN4,-0.0426155756206,0.06624172736278172,-0.05360239210927172,0.1658594503205049
AFF4,-0.0334064770122,0.06630671044483395,-0.045472822650806745,0.18197774490178842
IL20,0.12475865385,0.06676766383934903,0.1132138401399115,0.17291025394967693
DGKH,-0.053256071678099995,0.06685862782400677,-0.06464010783241915,0.17027026316312635
ATOH7,0.007315689415229999,0.06729021727224709,-0.003708713461224037,0.16383366443670108
SNRNP200,-1.2693383484899998,0.067496804655786,-1.2899477248801503,0.30533854891727513
HNRNPA1,-0.205023967212,0.06757547832408932,-0.21739868018692188,0.1831243119815333
RUNDC3A,0.0406841907942,0.06789374393418833,0.030311099932482172,0.1527841927788341
GPRASP2,0.0717572934805,0.06792400641596034,0.06593517401355652,0.0857151951739914
SELENON,0.038085589174800004,0.06815574871717958,0.02807349929537277,0.1469001524871159
RUVBL1,-1.28852925772,0.06844796939564086,-1.3134887093747931,0.3646485334067869
MSI1,-0.0548749415916,0.06863817789035521,-0.06504970026212654,0.1482375987133578
SOX10,0.00106372061389,0.06864241395075603,-0.015469454727891938,0.24085946851523626
TAS2R38,-0.293975008985,0.0687335777217358,-0.3068253584816599,0.18695883326027155
OR6V1,-0.051616924865,0.06899249271014934,-0.06239895355169089,0.15627828859566295
ZFP91,0.0512474028418,0.07067162103351785,0.04232311431123862,0.1262782486102704
PTPN9,-0.13745371379000001,0.0710493324244199,-0.14774752155203075,0.14488254021219651
SCAND2P,0.05082711180650001,0.07118543100614376,0.03919893671211822,0.16335049082414346
ADAM10,-0.12277539673599999,0.07208829776174962,-0.13846750023083867,0.21767892961907315
ADCK2,0.0247923822414,0.07225722001262419,0.011914995461201085,0.17821591777194143
POLG,-0.233454409943,0.0725873214037611,-0.24989761122619517,0.2265299361541553
EZR,-0.0489481752597,0.07261954271306675,-0.061373278646502744,0.1710986178458411
PLPPR1,-0.0836289561877,0.07304743673393428,-0.0967218583054565,0.17923835117508208
CABP5,-0.150878420558,0.07372688615598735,-0.168764110436767,0.2425938597342283
ARMCX5-GPRASP2,0.085700104157,0.07376801673931156,0.0799114760147898,0.07847070313231543
HDAC1,-0.04477213317430001,0.0740925182548655,-0.05634256355300137,0.15616192634863718
ZNF75A,0.010156877626799999,0.07482286904248754,-0.0024421052599003313,0.16838411902577677
CDKN2A,0.074105303995,0.07543174684412754,0.05661760028788206,0.23183479686947453
MED31,0.012208118803700001,0.0754582969749188,0.0016791615868538953,0.1395334593934153
SEC22C,-0.0118616091846,0.07570349073531848,-0.027786441559587257,0.2103579665918593
KRBOX4,0.0102621245859,0.07612792028500469,4.178624369173529e-05,0.13425216798180967
ERN1,-0.11453778190899999,0.07621558082679773,-0.12741922743101797,0.16901328287835868
PLG,0.08165196027379999,0.07627298677413073,0.07032123206192167,0.14855493000991704
POU3F3,0.007716588449770001,0.07632254393760332,-0.002665823470067514,0.1360333576973737
MIS18BP1,-0.310428060429,0.07633651382205801,-0.33141674718566877,0.2749495058890667
KCNC4,0.04094486537730001,0.07652699311739866,0.027660747138434343,0.17358735392212185
COMMD3-BMI1,0.132495059114,0.07690561612945379,0.12313660396832866,0.12168753878674379
TGM1,-0.023308371274599997,0.07715322261382368,-0.03481261651504521,0.1491090695981373
LTF,-0.12087741905300001,0.07729211018377467,-0.13425477443275302,0.17307530287303785
PIM1,0.0460937872966,0.07730284473109744,0.036581569759509554,0.12305132586231803
FRAT1,-0.06511831447409999,0.07750177544035389,-0.08247312004852415,0.22392784521150214
USH1C,0.09422686785060001,0.0775083301803225,0.08110125417452733,0.16934455490830527
GNAI1,-0.12256973816099999,0.07774955791558343,-0.13441802303016787,0.1523903824897905
ZNF845,0.177720965916,0.07794128647762615,0.16462587953508145,0.1680121919039357
CTR9,-0.461970060811,0.07803240984799431,-0.4823824724086767,0.2615888915572351
HOPX,0.107550608342,0.0780728974709271,0.09553524608354458,0.15389927423828126
EPB41L4B,-0.0140436049511,0.07841058455866984,-0.026112525289794585,0.15391953020914098
KCNA3,0.028105316519900003,0.07875118749241677,0.017234641360670346,0.13803823796658854
IKZF2,-0.0573313263605,0.07962050972564612,-0.068142537700293,0.13578425178444511
PPP4R2,-0.19847000189199998,0.07963404538442821,-0.21440465572627368,0.20009851009515073
RASD1,-0.10014125699,0.07971078834974853,-0.11567746088264022,0.19490716644868358
SRM,0.00255289199603,0.08040591094386977,-0.009514146671940438,0.15007651211605907
ALDH3B2,-0.053059483597999994,0.08079619090672405,-0.06373845963019112,0.1321717758269022
PHKB,0.022327500342799997,0.08103970751985512,0.012477680307260071,0.12154313406334386
MIOS,0.0007172589308310001,0.08118591298462288,-0.011769321180581403,0.15380229959078542
PUDP,0.00225748233269,0.08139818410503594,-0.011063605702724015,0.1636533809921918
PPP3CA,-0.106552697025,0.08140746215522303,-0.11937797749943252,0.15754428568204246
KIDINS220,-0.11073273034499999,0.08178369138443778,-0.12313621381067316,0.15166206435178556
FOXF1,-0.0161780564066,0.0821402084743298,-0.029737494873422015,0.16507674765714245
STAR,-0.045910171022800005,0.08238633851206191,-0.05839689999708316,0.1515631013563616
TRIM26,0.105602658212,0.0825086400482913,0.0896211007565192,0.19369556262382934
PCDH12,0.0973649035396,0.082855901800985,0.0841815597778455,0.15911170447966547
DPP3,-0.059596105332100004,0.0828800705983298,-0.0704080721472271,0.1304531564352332
CSHL1,0.060721486341599996,0.08290657960188746,0.04327777297250571,0.21040203869051138
CD274,0.006714211053350001,0.08291131559869591,-0.006610777888943866,0.1607137559701616
IL6R,-0.177341815024,0.08386582861752356,-0.19694998205714082,0.2338040100046627
FGFR3,-0.014960415506899999,0.08391756131340884,-0.027729254797362563,0.15215932268067808
ZNF324,0.13262534654799998,0.08434396817133286,0.11765555070243779,0.17748507889921863
KCNF1,-0.0333876264077,0.08446413312709962,-0.04676129085768072,0.15833542540306839
MON1B,0.0644946782059,0.0846331220995565,0.05176970420225794,0.15035453836469953
ARL2,-0.0362148010112,0.08480113219913887,-0.048214779581689855,0.1415072919346201
UBE2J1,0.0049407815081499995,0.08482958552765398,-0.00864304909886731,0.1601308142969655
PPP3CB,-0.025798667982600002,0.08506579456267825,-0.03615574790375303,0.12175375513035051
CLCN7,-0.0617761418647,0.08518855767847637,-0.07724192006830471,0.18154760011287618
HOXB1,-0.0198263047446,0.0854027395289713,-0.031087001010527016,0.13185404037427903
MAP3K12,-0.233442319386,0.08593664684427592,-0.2486605461598716,0.17708657869148947
HLX,-0.00235718242984,0.08665078236225103,-0.015068858789586196,0.14670007602013266
ATOH1,0.00743928574199,0.08669469363247712,-0.008602562684001011,0.1850384118547885
TEP1,0.107983542669,0.08676856423072622,0.0923828946708436,0.17979608325283256
PPP1R16A,0.038923212751000004,0.08696703897834734,0.023960437963768382,0.17205110077344343
MICAL2,0.022115961134299998,0.08735735752910226,0.009412455011164535,0.1454199907420896
EGR2,-0.022332202218599998,0.08778185558380339,-0.03368220196414638,0.12929778790915158
TOLLIP,-0.17271670255399998,0.08811701050864167,-0.18624749626527642,0.1535548429658706
ST13P4,0.12045422953,0.08889919852069651,0.10604176066080488,0.16212147138581645
GRIK2,-0.04168960918780001,0.0890902436412037,-0.05977351341276541,0.20298411459952176
HSD17B13,-0.127565151137,0.09002658393982735,-0.14431207289819822,0.18602196182842667
ZNF765,0.130928785958,0.09041800077910907,0.11653999690277472,0.15913633271296337
DNAJC1,-0.0699005797617,0.09050056269967428,-0.08413301439068532,0.15726349322507083
IYD,0.00538241257584,0.09052333826856229,-0.008660711276062102,0.15513263342365177
MTMR3,-0.0100702776663,0.09085632610107272,-0.022408028633940973,0.1357940772766433
ZNF621,0.0460889618327,0.09116785247327257,0.030105184581950845,0.17532251574572377
POP4,-0.0851534395047,0.09124479125226692,-0.10583002421697695,0.22660564431685568
ANK2,0.024471230732100002,0.09183934079531217,0.01273136346358145,0.12783048274142012
TAS2R7,0.0377083055149,0.09235654939698114,0.017305780621733984,0.22091042840360725
CD5L,0.0198755207544,0.09307851296334807,0.006275648783582001,0.14611183116100362
ZAP70,-0.05934801238390001,0.09331479698194424,-0.07501625053982099,0.16790732726935764
NDUFA6,-0.0543629770146,0.09334661329143167,-0.06869127968847005,0.15349568847384476
HACD4,-0.155407630799,0.09421488392636732,-0.17325487915349186,0.18943130438328828
IL1RL1,-0.044253165110099996,0.09485370115531937,-0.064707145307797,0.21563713327542575
CDC7,-0.45347102619499996,0.09491415402112033,-0.4766749937060102,0.2444732058176157
GBE1,-0.00906964933361,0.09506988476035422,-0.023322100742864678,0.1499155220938923
ZNF525,-0.20405162536899998,0.09564908599893937,-0.21787451607704647,0.1445167046154499
PMS2,-0.0728724404972,0.09567339626572308,-0.0856856976772473,0.13392706520483283
CABP2,-0.0431205294053,0.09621503225087893,-0.061967939476497126,0.1958884140063774
ZFPM1,-0.101778431061,0.09669727655501559,-0.12046312773933864,0.1932287789688476
ATP6V1A,-0.417556124507,0.09727874754948454,-0.4426688769950495,0.25815250628380976
CMC4,-0.110238137806,0.09730527116511774,-0.12829006245606153,0.18551846610066108
SMG1P2,0.0671921453328,0.09756913963176356,0.05321699869336681,0.14323326711885442
MICA,0.049089209138599994,0.09773955853885904,0.03299399191946188,0.16467454385666186
STAT4,-0.045163424135800004,0.0978618036225548,-0.06151002834630294,0.1670376347604474
LAPTM4A,0.113347920922,0.09829632602209362,0.10013998344426638,0.13436857726264287
BCO1,-0.0146278358635,0.09847355711769654,-0.04561817147872864,0.31470718152476906
SORD2P,0.0393638184371,0.09852625359416436,0.02233738440108425,0.17281113829973344
CCND2,0.0744431653627,0.09899012402435572,0.0530807821832868,0.21580317622551068
AKAP1,-0.130140583465,0.0991769558819495,-0.1467267827235038,0.16723843871802646
PCDH20,0.102267312433,0.09958043423375938,0.08635715290433515,0.15977194366632957
BRF2,0.0721292760341,0.09959296164675478,0.05313656762095277,0.19070331978390473
SPATA21,-0.010696958202,0.10003625668034047,-0.03310170060043032,0.22396622126738766
NAPA,-0.8543379895029999,0.1005611113013443,-0.8822912271147282,0.27797264021837254
PEG3,0.0520935356912,0.10082287798156743,0.033150371771234345,0.18788557021184094
SCG2,0.141988507786,0.10138389795432522,0.12850053741123788,0.13303858548463618
TGFBR2,-0.145059913015,0.10146592253644056,-0.16036144657129225,0.15080465612281635
HEYL,-0.0471389199595,0.10169069722996638,-0.06294880874752275,0.1554703548965722
SIAH3,0.134205377393,0.10177659460116016,0.11540066600133218,0.18476459607790285
CXADR,0.07197808618410001,0.10181791560368099,0.05770475806893355,0.14018483908789076
VIPR1,0.0310263989959,0.10243234918699393,0.015235599542464196,0.15415832575126373
CCL5,-0.049931545247400004,0.10255725378682289,-0.0705288042997102,0.20083668674596125
XRN2,-0.215530364158,0.1027946175568111,-0.2354024843266761,0.19331868380845374
ABCA1,-0.09574367653439998,0.10345554511327282,-0.11730318649357147,0.20839395254808346
PACSIN1,-0.021137336846400002,0.10360552054385908,-0.03541739157052584,0.13783102144716988
L3MBTL1,-0.171610138143,0.10367695080441487,-0.18806377907837918,0.15870104982561406
ZNF625,0.0786994506995,0.10369122985981077,0.06108443111491333,0.16987955112888484
BICRA,0.047866351285,0.10380713218665404,0.030949582457379707,0.16296345416037988
APOL4,-0.0648157360785,0.10384508551329114,-0.08792329646407027,0.2225195373604149
GUCA1A,-0.100012653257,0.10391849079717674,-0.11552341437750617,0.14925891438107344
TRA2A,-0.110659457444,0.10496152183421119,-0.12948553987950145,0.17936175187358297
IFNE,-0.193936394818,0.10513002895082386,-0.21244486400944718,0.176053116090216
MORC3,-0.06159096726030001,0.10561195067681538,-0.08822790620137291,0.25221519695801264
LHX3,-0.0291647458929,0.1057576116647855,-0.04363691005346938,0.1368427665182253
PCDHB3,0.00842322212913,0.10610256337426005,-0.006390380605956529,0.13961587980522094
SSTR3,-0.0629587151598,0.10630966988060711,-0.07826971798685099,0.14402267304795763
APBB1IP,0.0903518397082,0.10648597200038441,0.07685524162283482,0.12674531519810386
NOTCH2,-0.11116955464600001,0.10664892867496245,-0.12876093305768208,0.16494660218571822
SRPRA,-0.4445069352,0.1067643340442237,-0.47701395050900725,0.3044744820451205
TAS2R39,0.0749143579955,0.10691400587511282,0.058372856613737124,0.1547178149987678
PTK2B,-0.0563124863524,0.10750565479057335,-0.07424250148247885,0.1667820652318937
IFNLR1,-0.11209758047599999,0.10755525005066743,-0.1311941448257652,0.17755120592225052
UBAP2L,-0.171392284427,0.10788419191904623,-0.1911073376793951,0.18274274387844355
IRF2BP1,0.0178176926799,0.1082868339530442,0.0014751653734813308,0.15091887637517584
DYRK2,-0.0254155450598,0.10890776604089804,-0.04186024994703472,0.1509966229686435
DCTD,-0.0597816720031,0.10914644918698958,-0.07465558136437193,0.13627478925851236
DUSP5,-0.0961408141175,0.10918912105983748,-0.11326377265664053,0.1568192725881259
MED24,-0.16864435189100002,0.10949464330378393,-0.19194367059811332,0.21278957585597355
NEUROG2,-0.117302665602,0.10962470596277588,-0.1340339702922017,0.1526234852194995
KCNMB3,-0.015717720386700003,0.10997903441477946,-0.03464222196622766,0.1720737200524512
ECHDC1,0.0122978282433,0.11063157232126682,-0.00709374614595604,0.17528065435917498
CPAMD8,0.0030926369832500003,0.11069027832914113,-0.014189775824784732,0.1561330684944609
FAHD2B,0.0509340415325,0.11100146168580334,0.03412088775059392,0.15146785931068885
PPP1CC,-0.137549681811,0.11174308694938244,-0.15814976703399106,0.18435221171509714
PLCG1,-0.0715743035277,0.11178686920855853,-0.09191312060273521,0.18194280973277357
RAB30,0.0383614822555,0.11180504255256986,0.02591916025706347,0.11128587507657577
ANTXR1,-0.12514186419,0.11192740329861364,-0.14498144402446794,0.17725399901878786
MYOT,0.109255527558,0.11213719541027009,0.09321102437888794,0.14307922648155175
ASH2L,-0.537718505618,0.1121892459064375,-0.5741952918846305,0.3251362104443681
AASDH,0.0500261545637,0.11232374098237004,0.028165473563220585,0.19462208798681835
AASS,-0.0385159936974,0.1123496322103577,-0.055488803276056486,0.15107134082003465
MAML1,-0.120621254836,0.11247416392754862,-0.14073536956877913,0.1788332007138621
RRN3,-0.280400668989,0.11282910001570179,-0.30507515259476053,0.21868900489613685
POLD4,0.0806635222959,0.1134210678637735,0.0598977794657071,0.18308541103786805
ABCG5,0.00745612276409,0.1135232805914927,-0.008004893804989352,0.13619247513393284
PRG2,-0.0217499366071,0.1136289189808372,-0.035676672019997406,0.12256330111919891
EP400,-0.623326084014,0.113674546618068,-0.6551281509555398,0.279764185454732
GLYAT,0.0822318720427,0.1140153263192815,0.0656881576508879,0.14510079412906382
UCK2,0.0905289875307,0.11405852123614058,0.0700299467423656,0.17972388705526268
CDK2,-0.245093427262,0.11408918118586707,-0.28292682842112504,0.33161252246599254
PCDHA2,-0.0813373156196,0.11506514246137133,-0.1047843196135774,0.2037715635892844
ATP8A2,-0.0363167400615,0.11522908030298798,-0.05267988266986292,0.1420053216196555
EDNRA,-0.125589830747,0.11564012719762648,-0.14617986006592296,0.17805263465107607
ZNF221,0.0129490098982,0.11566245134891952,-0.009638432352643365,0.19528759755146216
ADAM11,0.0870485534069,0.11599772172418339,0.06836569070016102,0.16106232457877617
PPP2R2A,-0.0776132989478,0.11625027971643383,-0.10369966904929498,0.2243983426545446
BATF3,-0.0709179633984,0.1164118465275837,-0.0896901317756183,0.16125651243552994
PRKD1,-0.0290284872935,0.116691834142353,-0.04398195401387927,0.128144928308672
CEACAM8,-0.0200484841545,0.11669192849172971,-0.03693615442554257,0.14472012322805555
FDFT1,0.141320184667,0.11704951551425254,0.1180215431525993,0.1990494485349983
RHBDF1,0.141616972748,0.11705993840511883,0.11885895412408183,0.19441338287021517
IMPDH2,-0.165763208868,0.1174052477565555,-0.18786777497130355,0.1882757928260435
NEUROD1,0.00176429063563,0.11746176016189479,-0.01799796137595714,0.16824413310637687
RP9,0.288295113169,0.11756450940455589,0.26915720300068535,0.16278645881520587
L2HGDH,0.005127143455390001,0.11789938458649481,-0.012832634326279888,0.15233139549167038
HES4,-0.016490137800399998,0.11808111722762725,-0.03442759177852939,0.1519078951764236
CASP5,0.0450497482538,0.11852274123868162,0.029205297070923963,0.13368279384433418
RSPH1,-0.00250697183148,0.11855365156816738,-0.02456687566722927,0.18607527936889406
TBX2,-0.0373554196355,0.11922091764951277,-0.05694213847769825,0.16428928101173945
UGGT1,0.0632771822322,0.1194134428246936,0.04619910743741432,0.14301635051136877
RPL5,-1.4097499072100002,0.120681169677516,-1.4419734870876606,0.2670141494631535
RPA1,-1.18925683651,0.12090444524381791,-1.2378339079928495,0.4017806904029722
HCN3,0.0253535034852,0.12090988266517817,0.009087173535783434,0.13453267500441668
ACAA1,0.0651105916213,0.12095379940056124,0.04818469919793534,0.13993683958046985
MAP2,0.143767937655,0.12136388696191663,0.12663923135374394,0.14113511630219103
TSEN2,0.0527118076877,0.12168811908279545,0.03844911395611281,0.11720695363762662
P4HB,0.00159423905463,0.12177040139880613,-0.016286771880329155,0.14684201357272084
ZMYND8,-0.030345480501700002,0.12182020884382848,-0.049687459456865715,0.15877479720923657
SYTL4,0.0386722107486,0.12198051847710649,0.019198385845504557,0.15964700877009572
RBM39,-0.764536252591,0.1220283112176538,-0.8025777498549201,0.31174320847617115
SLC9A3,0.062592617724,0.12253919915017536,0.045427214091756166,0.1400809190143893
RRM1,-1.11337071627,0.12276883737009478,-1.1608293934138392,0.38656941093912867
CDC25C,0.07381079114139999,0.12286372912855296,0.04778018932846059,0.21186563355653515
IREB2,-0.144091380654,0.123015814546331,-0.16863886257168836,0.19954736720816593
LMO7,-0.026378409509400003,0.12321333601233599,-0.05945059763001806,0.268414030420432
WSB2,-0.00321246147269,0.12404210277010812,-0.02490557330677541,0.1748850700660087
SLC27A5,0.17819276272,0.12439222346149556,0.15747445627812845,0.16655628354681445
ANKRD37,-0.005293369215339999,0.12457891079574959,-0.024713073380405622,0.15588275769166693
RPH3A,0.0538602002261,0.12499730546473724,0.036661365177073135,0.13759364639967214
AR,-0.022899674378299997,0.12607971924600217,-0.043796859119512095,0.1657458064325022
GPR25,0.0282530543512,0.1265564098419205,0.006902884803025108,0.1687008155086181
SOCS6,-0.0077336678622899994,0.12689554665186573,-0.03139431869757515,0.18645769264226003
OR5M10,-0.170497774152,0.12717146046278796,-0.2063506346933719,0.28192536604439583
SLC2A13,0.131682120511,0.1272782956527843,0.10808944950896604,0.18536287652998484
AGTPBP1,0.186494054571,0.127320914836488,0.16684432854591943,0.15433227172704292
ADSL,-0.324973521288,0.12740254581363394,-0.3616824749878584,0.2881335962748869
RAB7B,-0.158516942596,0.1276762903739936,-0.18835598511477292,0.23370856430248257
UBE2R2,-0.000448269861676,0.12791820039313592,-0.021094794588872378,0.16140412125672987
NUP160,-0.720070777033,0.12809417006014698,-0.7551018065624803,0.27347871892242487
ECSIT,-0.08325181835249999,0.12813449728573628,-0.10644194896416914,0.18098272598639709
RBMX,-0.9177447042479999,0.1282620359574743,-0.9513507404453215,0.26201078087099605
PCDHB1,0.213008639547,0.12873914506977147,0.19429826616656365,0.14533554165126758
POLR2E,-1.1574992182600001,0.12908567029199466,-1.1899527070099742,0.2514104677658147
ZNF236,0.132161033593,0.12910443347635295,0.11208822630908295,0.15547728876091324
CAB39L,0.0238581735838,0.12936006266329397,0.004264507376231311,0.151466115616906
ZFP69,-0.0847723356869,0.12961197456834483,-0.10836644373367732,0.18203648332150105
UBA1,-1.1313841861299998,0.12970147257315356,-1.174127207087851,0.3295492341749899
MAML3,0.164905146812,0.1304486176167731,0.14747606462711949,0.13360879174728393
SLC35C1,-0.0770061482997,0.13046836055787706,-0.09847638708530425,0.1645628004659401
GATA4,0.0596880292858,0.13088084178910595,0.038714345752059155,0.1602502188023566
RRM2,-0.654846381271,0.13093131109991177,-0.6961100600699273,0.3151551638205129
ZBTB26,0.11975531315400001,0.13145949232359586,0.10432848770598456,0.11735041095428349
TSSK2,0.07916177371000001,0.13157250786345515,0.05507125781941475,0.18309688157336176
NRF1,-0.22629124609,0.1333450100978836,-0.2510061119203721,0.1853452619804057
TRIM28,-0.119164002402,0.13346714202819032,-0.14296817593933978,0.1783523133529897
RGN,0.017474735603200002,0.13355205902131226,-0.0004956691549070902,0.13455730214716774
TAF8,-0.248701275346,0.1336905997530236,-0.28414353819445587,0.26510661866975643
FMNL2,0.0246998046648,0.13442540390110058,0.005862069855185731,0.14013522937579237
ATP5MF,-0.115285238795,0.13451516872516348,-0.1403945175969334,0.18666503592048986
HOXA10,0.0036596960937600002,0.1345807321395488,-0.018021085929450443,0.16109870765697212
PRMT2,-0.00758744927249,0.13464768171356925,-0.028859409213721373,0.15798237051331032
MFHAS1,-0.006858269716930001,0.1352021461490023,-0.03554307077310597,0.21216232044544098
EBF2,0.027778959668799997,0.13539752207436181,0.009405509781745681,0.13570004535949642
CSF2,-0.08794438587639998,0.13548993662859113,-0.10715582137252688,0.14179234247329997
UBE3C,-0.016871511704899998,0.135737291207182,-0.042177857608728386,0.1864362083460334
KISS1R,-0.088756623929,0.1357428559062329,-0.11174478494873903,0.16935079836259356
TTC8,-0.032014611052099996,0.13615836030890463,-0.05517435621497268,0.1700941837895947
PAQR4,0.0400182185738,0.13653271851885926,0.018610164935962657,0.15679797392212805
ZNF442,-0.024916841843099998,0.13660923395500066,-0.0457855016302608,0.1527617071188246
FANCD2,-0.0224384189159,0.13663028975554453,-0.04005755353018488,0.12895482140752676
ZNF813,0.11536047287000001,0.13683968280721828,0.0931627221196095,0.1622172040669154
KSR2,-0.034777056503199996,0.13687049528747222,-0.05399756460839023,0.14042842516804638
ZNF232,-0.156454294844,0.13730129606959376,-0.17710925916269502,0.15043531933031173
NFKB2,-0.023174280731000002,0.1375449508065045,-0.04335048011987228,0.146688041040894
COMP,-0.139495822693,0.13757629530572713,-0.16290833615666728,0.1701783974603991
AOC3,0.0220671152857,0.13757684751657193,0.004552759288174321,0.1273059843547874
BMP15,0.08949702786589998,0.13770164818633607,0.06897830772452264,0.14900852975711432
TNFRSF14,0.0528180525055,0.13801987413306682,0.02815673984533831,0.1786794316040702
MS4A4A,0.0037056085168899995,0.13817500593060156,-0.027829060865112294,0.2282226743513989
NRDC,0.032650830447800004,0.13837814321883835,0.012537866572544128,0.1453478375081836
LZTS1,0.161854063664,0.1389573427903188,0.1417586777286651,0.144615502367932
PTHLH,0.0958649996799,0.13983466108576662,0.06951651111161543,0.18842601944108775
IFNGR2,-0.0413067126796,0.14027575518252516,-0.062492254666835126,0.15102782344439172
BCORL1,0.142241000458,0.14087656849675376,0.1207808715627858,0.1523328479974206
MAPKAPK2,-0.026273494611999997,0.14096243820442508,-0.04836462115244958,0.1567164048937123
BICD2,-0.0824555360326,0.1410573530185579,-0.10811177855634464,0.18188518340032395
DRG1,0.031097792013500002,0.1414524365149084,0.004918935894623617,0.1850717934866909
FGF16,0.019960254561400003,0.14229312780080813,-0.013958214075452823,0.2383703918880346
GATM,0.053624890951500005,0.14292392935630177,0.030597261762343907,0.1611180807361477
RGPD8,0.7129199917300001,0.14348737682580645,0.6832942525383406,0.20646930654830406
BCCIP,-0.388971460644,0.1437561180743572,-0.4288318975304732,0.2772781946285969
DAO,-0.0028540220834999998,0.1438055292518682,-0.031787960526678385,0.20120184942612349
LGALS2,-0.052941738074,0.14396946671052402,-0.07402277457911405,0.14642713477227212
MTM1,-0.0655536560574,0.14437226339508583,-0.08816546648594545,0.1566215691075403
GIT2,-0.0354341105937,0.1443958801688238,-0.05701722765764062,0.14947183422896984
PDK1,-0.0529658139161,0.1446027697908327,-0.07163152059037514,0.12908263583937574
GFPT2,0.133831044453,0.14472612983025418,0.11293802319958463,0.14436246777220058
TTK,-0.542061703136,0.14485765172119966,-0.5878749890723138,0.31626417653441186
TAS2R4,-0.0013571342309300002,0.14579388153967174,-0.02599211351732282,0.16897128347385026
PKD1,0.060594061582300004,0.14586062425788549,0.03756148663564994,0.15790810620642795
MAP4K2,-0.050732893364000005,0.14700059134515078,-0.06723429699558299,0.11225399490290779
PP2D1,0.06094852414390001,0.14716889405616787,0.02728203805739202,0.22876088253852733
CNGA3,-0.0785655849203,0.14753825706211834,-0.10322716823766509,0.1671538203611947
PCDH15,0.0854868675467,0.1480180546968307,0.06226677462584594,0.15687338256412878
ITGAM,-0.161205668714,0.14804138346375617,-0.1889836818452444,0.18763681128422494
ABCC11,0.025741233823,0.14805626418057036,0.005899323917889805,0.13401601083835857
CREBZF,-0.0594980090405,0.14902177092128457,-0.08523208157921724,0.1726866643687274
STRN3,0.070904491629,0.1494722918449933,0.04712350585905776,0.15909962626788218
CALN1,-0.09529934722139999,0.14981348842871525,-0.12469466592871947,0.19621276438874502
ATP2B2,-0.0197140746713,0.14989776027896753,-0.04307667308237136,0.15585688783869986
BST1,0.086493670568,0.15022465855046888,0.057838564545957614,0.19074835182544636
SLC13A3,-0.0447834137722,0.15030741753730226,-0.07035145849997108,0.17010500976391124
DAG1,0.0286779222731,0.15076891668589432,0.00610981154428794,0.14968676053983673
SDHC,-0.11831041719900001,0.15103900136571918,-0.15174848060219362,0.22138694708546272
SPRED2,0.13690371729800002,0.1520364505652629,0.11351086026610084,0.15386347777079684
CNBD2,0.173796950852,0.15215468752975386,0.15134322003526862,0.14757173230263151
CTSB,-0.0239358965748,0.15277684845344763,-0.047189687786137656,0.15220755923907722
RGPD3,-0.5256320465150001,0.15303216169161815,-0.5583909050382674,0.21406518839667926
HP,0.06990126130860001,0.15320056460039674,0.04313566255940159,0.17470953073190637
ERVW-1,0.23286742548099998,0.15340985983071312,0.21148784556806624,0.13936248906377974
ST14,0.014215791294200001,0.1536069125948066,-0.016647214359547753,0.20092198412424328
NFATC4,0.044677385845499996,0.1548213591309441,0.02682922731001306,0.11528227523433249
ECE1,0.0744525120495,0.1548777140849777,0.0486338259130736,0.16670368806102281
SNAPC1,-0.09256889894840001,0.15523630676990288,-0.1145577274410173,0.14164745960627606
CTDNEP1,-0.118185734263,0.15596841599908104,-0.1441189873202531,0.16627246542919244
FTL,-0.014505523404899998,0.15679302944459825,-0.03739749107656785,0.1460011822767706
TRPV4,-0.0105174944346,0.15734439163421993,-0.03487629442786301,0.15481200022616728
ATOH8,-0.20532712246399998,0.15807682951259705,-0.23789812271520397,0.2060453790200064
GAL3ST3,-0.042360481504800006,0.15816039545854982,-0.06701015075226481,0.15585234961001923
CLCN1,0.0625118079424,0.15828729689130688,0.04142616318225063,0.13321122524840703
ATP2A3,0.0663881439182,0.15861651009553593,0.04521400939440135,0.13349262640468704
CDK2AP2,-0.16246035322000002,0.15890685920665623,-0.1935772607629943,0.19581852978748493
IL10RB,0.08297632554750001,0.15899146322917232,0.06370951880157369,0.1211813914697728
ABHD5,-0.00733775101639,0.15915555536713902,-0.036144012582996723,0.18099438313765814
BIK,0.047542770189500004,0.15915878279013232,0.01916147331050389,0.17832064546773932
PPP1R7,-0.59160475965,0.15927004747597404,-0.6219549964300346,0.19055834578446343
SRGAP2,-0.08889029407889999,0.15931949812681,-0.11959780764558305,0.19274171666195858
MTHFD2L,0.0442620362088,0.1598153095439728,0.02015299596524258,0.15085563649910447
ACP7,-0.10225276862199999,0.1598791471769696,-0.13431084965030188,0.20051446104360893
GSC2,0.0446654361178,0.16037177406863298,0.01727832807835516,0.17077262004799051
MED17,-0.0423026907274,0.16059240473868344,-0.07258223562503953,0.18854904717885332
SLC20A2,0.0398931305469,0.16094512031927855,0.017523759317932045,0.13898757032578687
ALOX12B,0.0988048405183,0.1610563673104962,0.07188566223202472,0.1671413476896479
MBD4,-0.006574296976489999,0.1614732492623447,-0.02787814563911137,0.13193422910570857
STX12,0.0480915963518,0.1618810470056339,0.023003103219742957,0.15498104068466947
THRSP,-0.0395258684724,0.16224902785259182,-0.06387003519845356,0.15004198822177833
SMARCAD1,0.0178953510352,0.16231947472805724,-0.006837092860998595,0.1523689251559877
DTX3,-0.033652834499499996,0.16244116817105445,-0.06585784894129344,0.1982564814350559
ATP2B3,0.00039233037737800003,0.1626035001624921,-0.024259884730712503,0.15160937546519712
CNTN2,-0.0737366054052,0.16302134949025365,-0.10946744573523692,0.21917890167001175
UEVLD,-0.0524013188401,0.16316922163294031,-0.08423029999469858,0.19506731009724326
FBXL3,-0.1186093233,0.16351019677578169,-0.14129304946243273,0.13872973435129848
NDUFAB1,-0.7425802841500001,0.16364281493563107,-0.7879211251492407,0.2770719937632181
PRDM9,-0.0285410310852,0.16379822910578767,-0.051614628034611476,0.14086597318771737
CTNNB1,-0.16644353481899998,0.1650695218154657,-0.2552773847189928,0.5381602183309275
HOXB9,0.025394320804900002,0.1651788797354975,0.0046181650442252194,0.12577973524184108
ZNF224,0.0389292935369,0.165959912803236,0.015240912944340426,0.14273555699348187
MBL2,-0.0030081101403899996,0.16616257299721132,-0.028986899197377368,0.1563456113394643
ABCC2,0.0062277500604100006,0.1662789618795484,-0.019196576665985263,0.15290164455568656
LAYN,0.0875509511243,0.16666866812648287,0.05473710386331477,0.19688071927282214
HES6,0.027167204951499997,0.16682860498684265,0.0033994796100274656,0.14246792594919216
ADAM15,0.035712233349699994,0.1670164455840512,0.01045989541962768,0.1511967150406398
CHD7,-0.11407590683499999,0.16715408705762946,-0.15424242778421182,0.24029637358112388
STX7,0.08603894309139999,0.16718758017026802,0.05006983734568193,0.21514221157508362
MMAB,-0.042542556185,0.16730084481680715,-0.0735230855963424,0.18517855929099333
LDHD,0.045234755374499995,0.16737307501708507,0.017142204425912994,0.1678439076638783
SNTA1,0.0532619123094,0.16771965304605438,0.025402465358931852,0.16610722979982664
NADSYN1,-0.025082914745900003,0.1679141776739613,-0.05470789469546536,0.17642929477395372
MAPK8,0.015028540604100001,0.16830303651835482,-0.007967064274781333,0.13663214493681147
TSSK6,-0.0019831575517399998,0.1684517645755947,-0.03283251451168205,0.18313466194708838
RGPD4,0.25548466941799997,0.1684759555098333,0.2226750949020881,0.19474336510883838
GTPBP2,0.0805106508241,0.1686818002707716,0.054441056299554494,0.15454894649391956
C4BPB,0.055442181671400005,0.16874267051489739,0.030965369071291274,0.14505407864780595
SCTR,0.0511033139109,0.16881000053749018,0.027495674065607986,0.13984740104333515
POLR2K,-0.43346687276600004,0.1693176864866889,-0.48231462634018774,0.28849764361756686
SMARCA4,-0.221653068693,0.17002486317914303,-0.28659669679767996,0.38196547781516815
POC1B-GALNT4,0.0841880330505,0.17007169973460326,0.060079110699325436,0.14175740225326447
PKD1P1,0.280323755984,0.17056754377477426,0.2539461167501964,0.15464629817636305
GMEB2,-0.0146620608862,0.17057126803611852,-0.04286039529481262,0.16531702398226655
PRAME,0.09813679521130002,0.17061674138017802,0.07628003889345195,0.12810440605676318
OR6K6,0.08312972148360001,0.17089048251823163,0.060248284090920604,0.1338953290756744
SREBF1,-0.012687449457,0.17116727739469423,-0.042837749671217056,0.17614523449300154
LCAT,0.0114820739643,0.17134129573053272,-0.01967021379681233,0.18181424173484317
TAS2R45,-0.112754795426,0.17168261810730787,-0.14141089630390183,0.16691323323127982
DUSP12,-0.035270846385400005,0.17173579753748258,-0.05941816413723862,0.14060736374178648
FABP3,-0.048126863994699995,0.1720111521537689,-0.07469901647633471,0.15447924247307301
ZNF583,0.158433285349,0.1725724575383066,0.13232204156516186,0.15130597406044427
PDE7B,-0.045881360353899996,0.1738213997866057,-0.07799403980689779,0.18474525859543975
ZNF137P,0.21282200932999998,0.17383607194401907,0.18310523732658207,0.17094709786693574
G6PC3,0.0618935444018,0.17424105540998072,0.03404454066860451,0.15983032051584017
KCNQ5,-0.00850323460275,0.1742950200100662,-0.03648917099404863,0.16056647166214122
NPAS3,-0.0354008160495,0.17439406614005762,-0.06168763453804925,0.15073229881249536
SCN8A,0.0887446705966,0.17442416869929542,0.0599523872285421,0.1650704921385944
TEAD1,-0.09905416754850001,0.17469394104208102,-0.153993781382169,0.3144906658235782
PRPS2,-0.0185208454508,0.17469654002435683,-0.04019108058833679,0.12404501620075274
MEIS2,0.05676633521649999,0.1746996372644024,0.034783364619632294,0.12583294928997
LIF,-0.025181087265400002,0.17493612248842652,-0.050128414387022716,0.14260820902368626
P2RY14,-0.10079586008,0.1751458221609119,-0.12861474226995787,0.1588326906501932
UBE2L3,-0.18802833750700002,0.1752927655506916,-0.23588229991751875,0.27299450870195896
KDM4B,-0.0544402937653,0.17561151138352768,-0.07848620762724137,0.13692675196801976
UBQLN2,-0.22406616899700002,0.1763727957560957,-0.2699278341390443,0.26002686494501087
PLAGL1,-0.569960854217,0.17685550895686042,-0.6110794310938827,0.2324981399754563
RFC4,-0.805835734637,0.17728892920283829,-0.8564124550397599,0.28527850345858063
BCHE,0.08584512168469999,0.1776445012183592,0.05778010178372663,0.15798417462117814
GAD2,0.123788804139,0.17823757364838924,0.09571440873122995,0.1575110950688357
SLC4A9,0.0588806681788,0.17831833882402448,0.026859871329826642,0.17957096875253784
MFSD1,-0.111969636765,0.17877675347052985,-0.13915759306553527,0.15207769339550634
TAS2R60,0.20613990140000002,0.17897405139365527,0.1842812326039146,0.12213317308220871
LCLAT1,0.10153142046000001,0.17899284222619,0.06474047896619768,0.20554420521078873
ACTB,-0.377906833477,0.17935045111492567,-0.42133486368587797,0.24214062434138958
HNRNPA0,-0.0329309668289,0.1799337378150722,-0.05961286169933266,0.14828733729666144
BRD1,0.022674297162200003,0.1804445739147247,-0.007933876124299747,0.1696264543868451
ST3GAL1,0.061288380202599996,0.18070584170201393,0.03679476726588457,0.1355441124980657
ZNF233,0.043669350370699994,0.18110334684692705,0.011685492824785993,0.17660555756016774
ESR1,-0.0983128993509,0.18115769189279854,-0.13017794103666158,0.17589670829223175
PLA2G2A,0.0977950261094,0.18130193607932216,0.06726842015545269,0.16837440688218291
GFI1,-0.025588686802500003,0.18157406816712982,-0.05539201080347476,0.16413865868523853
MC5R,-0.0681286649886,0.1824474624965075,-0.10162800803343076,0.18361090138741734
PDE6B,0.00357621569722,0.18246858305835348,-0.04191573249537658,0.2493138677908637
PPME1,-0.103228827064,0.18274875225420414,-0.135464077126385,0.17639108155193128
PAX6,-0.023105163987500003,0.18275448348997067,-0.051700249879628464,0.15646721955085563
LRRK1,0.0107422857722,0.18298131244586366,-0.015764650968020665,0.14486144178282104
PLCH2,-0.00280908427182,0.18399230726538376,-0.03698021642146833,0.18572043938968133
ZNF397,-0.14271735705,0.1842099940327105,-0.17121364420447893,0.15469457726283192
SERPINA11,0.00345716422074,0.18488779688957452,-0.02479184074334903,0.1527899917643615
WWOX,-0.00545848001298,0.18502474136679475,-0.038062386099026874,0.1762137638739491
DLX5,-0.0563834611699,0.18513237148429812,-0.0858490498920874,0.15915957045192664
CLTCL1,-0.023434839715,0.18526633335674123,-0.05186124009662075,0.1534353266812057
RASA4,-0.008360724752,0.18588934885975725,-0.027516077637746546,0.1030470707614246
SLC39A10,-0.00862126656425,0.18633860574697256,-0.036682024049153966,0.15059014406819918
SCYL1,-0.00892955063493,0.1870268069661507,-0.03779033332428849,0.15431361502408528
OR51B2,0.0661760613195,0.18720056643636931,0.037864271159871676,0.1512377376766736
TFAM,-0.17947109103300002,0.18747106442844888,-0.2172459330060702,0.20149691947520526
POU4F3,-0.0360615476733,0.18778047855142918,-0.06476057187642226,0.15283284196798014
PXK,0.149429450527,0.18778815063412854,0.11974658705169537,0.1580656893157031
NKIRAS2,0.048129423409699994,0.18791051967309416,0.016713716320021228,0.16718439789497852
PHF14,-0.12182706637700001,0.18797090693071877,-0.14791656679724055,0.13879541704747136
HPCAL4,-0.11792463235200001,0.18801816459625834,-0.14513297752945709,0.1447112582759386
SLC25A11,0.0201461243497,0.18837003125524582,-0.005797008936205946,0.137724313751121
PIP4K2B,0.00794873642632,0.18837297181472915,-0.01580417177000476,0.12609509722916357
PRMT5,-0.323395732145,0.18848292951816262,-0.37751257831355706,0.2871180234035053
ZKSCAN1,0.0272955919587,0.188509389776245,-0.0016743550905749416,0.15367906651048735
CCT2,-0.8098024090989999,0.1886798694764649,-0.8626823231017923,0.2802626170429292
CYSLTR1,0.030424951176999997,0.18881906900878212,0.007535027085621831,0.12122676068439643
ACBD3,0.0835229708391,0.189092051922325,0.047097613615281815,0.19263293646409288
ELK3,-0.011591804846000002,0.18992579845563765,-0.03593698862947114,0.1281826059515428
PRPF31,-1.10252725795,0.19002786456280218,-1.1476994823340283,0.23771368734767473
TRMT10C,-0.39433100558300005,0.1905134437797861,-0.44169514095852036,0.2486130870127379
COLGALT2,-0.0643468538185,0.19068037678566602,-0.09409224805690916,0.15599609534988715
VPS53,-0.0906982447609,0.1910467124157134,-0.1232332086129461,0.17029847538674597
TBC1D3P1-DHX40P1,0.116528169419,0.19147166442298985,0.08318966142265997,0.17411718907237483
GATAD2A,-0.00012588939209899998,0.19179200066250643,-0.034513533831531475,0.17929655210148157
CHEK2P2,0.08976728602150001,0.19179408778923088,0.06313746820379144,0.13884587436799925
HHEX,0.15579045116499998,0.19283249773787253,0.11790034630615234,0.19649232003598105
GLP1R,0.018543777251400002,0.19375961809330466,-0.023645346709857643,0.21773950824439348
TNFRSF25,-0.0395338113555,0.19430678653645025,-0.06733716810280661,0.14308999311298345
ZFP91-CNTF,-0.0338701641829,0.19479918084320771,-0.05392739574928232,0.1029636340335857
KRT24,-0.237602299779,0.1956381120172851,-0.2940952304083289,0.2887623993444469
SEMA4G,-0.0401688457782,0.19602048405357056,-0.07365777179530003,0.17084401244488215
ST6GALNAC3,-0.173014834524,0.1960489629572318,-0.20865355675247835,0.18178480360670396
ZNF302,0.10462665816700001,0.19672470964143052,0.07837003923885742,0.13346884067588885
CYP19A1,0.010513551252800001,0.19717194062090476,-0.018176638442964084,0.14550848160958996
BACE1,0.0291950938364,0.19718026355341162,-0.014656757836336758,0.22239473100642396
VSIG10,0.0011953605811400002,0.19729639062688742,-0.026764332760367843,0.14171416543743662
EGFL8,0.130648094835,0.1974985922417397,0.09732045791517593,0.1687487315303534
RALA,-0.31454366129,0.19752929478437029,-0.3602796956090526,0.23154051336526874
ACOT7,0.074035929054,0.19780276923930154,0.04064838992625854,0.16879207129476156
BBC3,-0.190919339673,0.1978645272626134,-0.2362344325035796,0.22902080255363635
BARHL2,-0.0820017911944,0.19809348809836222,-0.11392558764187655,0.16115520380773427
ACOT12,0.035480467823300006,0.1981177014291743,0.006582391202343127,0.14586317331814866
PIMREG,-0.15929667166,0.19816415817433203,-0.19714639134749093,0.19100184431027728
LGALS8,0.021033140334900002,0.19829392660783546,-0.008059970569751884,0.1467171052706477
NUDT14,-0.021477224922700003,0.19829506209891634,-0.055365251941921725,0.17089697877760174
NMRAL1,0.137358465512,0.19944675282307148,0.10266007385490857,0.1739732092197674
PCDHA12,0.0966268947302,0.19971281116006537,0.06455908172557333,0.1605696340578023
PIK3R3,0.15305532299799998,0.19981699265622052,0.1262758883110898,0.1340198064785383
H4C4,0.0668102792955,0.20008801820642172,0.0292847631105249,0.18754504403288022
SERPINA4,0.071086836017,0.200368312770799,0.03308966724449335,0.18963661592525136
RCN3,0.0150616897129,0.20061898257014854,-0.02596392312428201,0.20449516945803958
PRKCI,-0.0600363345445,0.20078620863869726,-0.09092725276183665,0.15384980087413777
FDX2,-0.00736465007568,0.20114882250991106,-0.04431099122363958,0.18367664641009346
NLN,-0.361818383193,0.20153665342988342,-0.4058834922722412,0.2186456325899638
PEX11B,0.08050785820789999,0.20161921809237474,0.05354984823120472,0.13370754153180017
ECI1,-0.118725435201,0.20169589493320453,-0.1549709982568915,0.17970401959789475
NDUFS7,-0.21741418071,0.2017325966220376,-0.2649406907058457,0.23559162372202289
EPHA10,-0.00246536148359,0.20217659744399144,-0.042515795719976546,0.1980962917702759
USP5,-0.49209459388899995,0.2023010003152751,-0.5475279620807723,0.2740143059371057
ADPRH,0.09430815784919999,0.2023777841374908,0.0668001180737726,0.1359242067634215
MECR,-0.158106176909,0.2026208927643236,-0.1955090810515989,0.18459549571772785
UCHL5,-0.0617238061142,0.2028316484414226,-0.08836792630090952,0.1313607634284168
GYG1,0.00964490684586,0.20292037995849194,-0.0198496144846476,0.1453502173440677
ELL,-0.279415458763,0.20303185207392782,-0.3273160319427839,0.2359263962303924
SRSF9,-0.0817876094879,0.20315010288532728,-0.11837497421358055,0.18010015356149303
ZCCHC7,0.00430964190645,0.20319650733569158,-0.030885776953382144,0.17320877864149217
BTG1,0.06863205544499999,0.20327823866691994,0.037916351863100634,0.15110177942966316
IL15,0.07278572518630001,0.20362709590124184,0.045550787905907546,0.13374908265450725
EGR3,-0.08420156671420001,0.20365832943851245,-0.1154404277853696,0.153388575646748
ZNF204P,0.0132707925248,0.20397812860761175,-0.026563839159161173,0.19528873980695344
CLYBL,-0.0326533170388,0.20488510687909647,-0.06983690134459081,0.18148505214550803
NDUFB5,-0.20851136117600003,0.20501532708143308,-0.2505851229251319,0.20522251847258222
RBBP8,-0.07762113046239999,0.20517455283788374,-0.11972860164020196,0.20522755183520588
TMEM259,0.0752066854683,0.20518899918541553,0.04330114498285042,0.1554934261198803
PLIN3,-0.0066255840138000005,0.20538671526550714,-0.041732031652106004,0.17092852180299617
ZNF677,-0.00731412994951,0.20604953445377813,-0.04627768999845247,0.18909802515318438
CNDP2,0.135911214189,0.20620064385603568,0.09801117793309261,0.18380173576164144
PYHIN1,0.08219865513389998,0.20624442456127406,0.04759812033237823,0.16776470382229475
SLC6A19,-0.15032413481899998,0.2063663885037122,-0.19738494482238944,0.22804493670025588
REXO5,-0.011790890190999999,0.20637726993439467,-0.04512710543714213,0.16153045951591175
GSN,0.09950759913440001,0.206408798673392,0.06320718725246421,0.17586659151761852
HUWE1,-0.425408076427,0.20729906860678204,-0.4850409860072995,0.28766607578645204
TMED4,0.113559031942,0.2075321116434223,0.08625648054511026,0.1315582016714621
PPP1R13L,0.0783874084277,0.20835082012407655,0.04653275954414106,0.15288948161849783
PRSS33,0.169459423249,0.20850933634335847,0.13815875364656438,0.1501163935934835
CD44,-0.0597567806707,0.21061636194018218,-0.09741329633871737,0.1787919766590229
HNF1A,-0.0204312495095,0.21090214694689827,-0.05298076540834739,0.15433468255324506
EBNA1BP2,-0.7060090064929999,0.2113650412923827,-0.7583477590228765,0.2476225595768038
CD300C,-0.10339040244200001,0.2116036985588753,-0.13321871789155046,0.14096311006232815
AHCTF1P1,0.576955491077,0.21165979475952815,0.5355155482852906,0.19578561360125243
CST1,-0.101705482195,0.21185517629870437,-0.13821328933991628,0.17232435752923136
GARNL3,0.141897579926,0.21207668641063332,0.10648011947868569,0.1670030829260378
KRTAP10-1,0.102047777161,0.21234275455387946,0.07026246016138608,0.14968872880260561
HCRTR1,-0.0353521291868,0.21288061422547672,-0.06888911780100215,0.1575389508162579
GBA3,0.108933594682,0.21288999540694165,0.08369823585679399,0.11853708191861406
MYL12A,-0.14349389557199999,0.21305048630917406,-0.18962835163144634,0.21654236448208372
ENPP3,0.07176593870360001,0.21309600576345017,0.03777672948448388,0.15950185972442052
ZNF155,-0.13822065372300002,0.21324019704496058,-0.17264718321208053,0.16144483997931147
KIRREL3,0.034808810314300005,0.21330737136273142,0.0099940869121187,0.11633317331534505
ZBTB32,0.036251004604099996,0.21342459528856594,0.0023230060348917946,0.15896948767003644
ZNF660,0.0383036395495,0.21392790193736888,0.003111836863163379,0.164503098322535
CRYBB1,-0.07042759480460001,0.2142438316051443,-0.1176100127170047,0.22022766097351568
SEMA3C,0.0115304745894,0.21432740366696365,-0.014350152494567335,0.1207527672204829
CNTN1,-0.109615119527,0.21433274667581584,-0.1407302152735594,0.14517191716682393
SLC24A5,0.10464201186000001,0.21439915932616732,0.0688594942523301,0.1668967253422559
NXF1,-0.8142007879719999,0.21448590052661762,-0.8945461808468579,0.37459521897518455
ESR2,0.06654519541830001,0.21504478667257054,0.03734826842828229,0.13577137786871005
FLAD1,-0.0309510987674,0.21524803701210538,-0.07619507558765141,0.21019460826816705
ANTXRL,0.0948273660362,0.2152885199556922,0.06718038645872587,0.12841827136516176
SPINK4,0.0712264973013,0.21567995259394732,0.04072725210000392,0.14140973620629396
DDX23,-0.648749839776,0.21601297496811553,-0.7036196668616179,0.25401171894288743
DUT,-0.26259643223,0.2162351933992048,-0.313848290475476,0.23701904134937402
YY1,-0.42761600097900004,0.21707457322189128,-0.4967765468548405,0.3186027034365988
PPFIA4,-0.0188285532706,0.21755300453999085,-0.054881924512167286,0.16572224004812544
CST2,0.121520952896,0.21773918373414428,0.09179006225750333,0.13654359370979163
MAPKAPK5,-0.193561818738,0.21833640471043506,-0.23853073113264978,0.2059615869112118
MAPK8IP2,0.121783902375,0.21849631182702786,0.08339075674403573,0.1757153029720617
ACSM2B,0.0980586835337,0.21857923454645795,0.06538247150920759,0.14949367030355867
STAT3,-0.0883907183265,0.2199697033864834,-0.12476509939595475,0.1653608679261867
CYB561,-0.10960697215700001,0.22051174886440078,-0.16548546208863046,0.2534036858325939
NOXO1,0.0755338317885,0.22078804908014726,0.0410305490613914,0.15627332580208506
AGTR1,0.014182084353799999,0.2213730054674812,-0.012839557515857462,0.1220638524222721
ACTG2,-0.52073874142,0.22184541468593444,-0.5762931204669922,0.2504193252118387
ZMYM1,-0.0416447510276,0.22190573893555612,-0.07683844545096351,0.15859749545992655
CTDSPL,0.0574156180004,0.2219291148491685,0.017847707350693846,0.17829076043762
ZFP62,0.0443601433777,0.2229532023572719,0.010975482403080276,0.14973842322803868
RASGRP2,0.011092929461,0.2230174917966196,-0.015746955609326877,0.12034878903042934
KMT2A,-0.026028354128400003,0.2230799256225777,-0.06064281844273554,0.15516619981709479
SLC39A11,-0.049746178207599995,0.2231291196070789,-0.10550622942565824,0.24990037748658434
SLC12A2,-0.10574720096000001,0.22334279677680574,-0.14986220835599853,0.19752151415961802
NUDT12,0.0394148457301,0.22355106056222995,0.013246039127944554,0.11705963969189415
ZBTB45,-0.298164215848,0.22360717337399214,-0.33741124388059895,0.17551775034943393
SMU1,-1.0159883915299999,0.22363402325458595,-1.095265276204158,0.35449384454309485
NELL1,-0.012593683112899998,0.22380805109717747,-0.04451877332195654,0.1426449587159609
TRPM7,-0.13894861576099998,0.22392161476501904,-0.18100854383092183,0.18783326528820848
MEST,0.07562704813660001,0.22395666343140755,0.044164128769491356,0.14048664096455865
PFKL,0.025939417994400003,0.22427930407833857,-0.004333011379022988,0.13497647274154698
UQCRQ,-0.13480984896,0.22461266794108348,-0.17299066308354727,0.16998513251070146
GCNT1,0.13607568454299998,0.22469000236193137,0.1043012404799546,0.1414145877833185
FAHD1,0.049581738853000004,0.22485449782525385,0.01975018137833989,0.13267049475631915
SIAH1,-0.151335206335,0.22546392394615603,-0.19896634701300878,0.21125836827617606
AHCYL1,-0.0804063638103,0.2261919465318882,-0.1381406732048778,0.25524476127375517
BAG4,0.161571578912,0.22625540145538964,0.13012470907170254,0.13898837171627826
NUDT3,0.07869844778210001,0.22691567620246947,0.03717159038752134,0.18300567897973524
TNFSF14,0.008671283590110001,0.2269790805361672,-0.02321220755063675,0.1404688531887254
TLCD4-RWDD3,-0.036088725711599996,0.2274889409068012,-0.07604142794906277,0.1756248109389669
CYP8B1,-0.050458328616000005,0.227784190556369,-0.08909466986765827,0.16961818621954386
RGPD1,0.0542487524637,0.22802019640455132,0.02170712688571117,0.14271378628344736
DNAJB5,0.142787681598,0.2282271204888455,0.09672114216708548,0.2018451590338757
SLC5A9,0.0597846559039,0.22832931378814558,0.027665295210349373,0.14067120931897711
ACKR1,0.0254033595689,0.2284829112827966,-0.02018001367221703,0.19950451867578764
ALYREF,-1.11976912687,0.22870252463489818,-1.2058509452232928,0.3763920773971087
ACAT1,0.0135540564372,0.22927105598031403,-0.030910966621974914,0.1939408481766352
PGF,0.06325109976990001,0.23055838523120653,0.025310278826094608,0.16456057716468617
REC8,0.12115740239299999,0.23088920445700173,0.09147386389755853,0.12856182932090876
CNKSR1,0.056527072289999994,0.23162613822543837,0.015363716623423736,0.17771463955640687
XPR1,-0.0359736748476,0.23187889768964498,-0.07131898894625531,0.15243005918530259
DYRK3,-0.0250811088058,0.2321495867642517,-0.06476428488735837,0.1709379570072494
ZNF22,0.0178162252675,0.23219610670016333,-0.009518970846413203,0.11772461003926891
ANAPC10,-0.005152836340060001,0.2322700165119744,-0.046803464734023394,0.17931986667687752
CYB5R2,-0.0224095615366,0.23267368529432533,-0.06710715734994563,0.19210421563918798
TMC7,-0.07086311052189999,0.2330265022646219,-0.12287106268278009,0.22318470927319903
SST,0.127657483595,0.2330899083446596,0.055930693787273764,0.3077215582481034
PMPCA,-0.270309577815,0.23335521652666988,-0.3126543952190411,0.1814607705553545
MCTS1,0.113356464945,0.23361203152725504,0.06851931580500206,0.19192996545114535
PADI4,0.0403343265295,0.23372100524397593,0.002836512239504267,0.1604383579081933
S1PR5,0.0274665328738,0.23388585759448544,-0.007103650518884395,0.14780792540531743
ALX4,0.0361834382785,0.23442199199370164,0.005655256351932096,0.1302274657208276
DIS3,0.035103116347300005,0.23526253728276147,-0.004049099525311077,0.16641925367639018
CTLA4,-0.15036749503799998,0.23530900185144518,-0.18956397397807537,0.1665744983475848
ZFHX4,0.0821667250669,0.23541057912247704,0.04223942172148372,0.16960709027712514
ZBTB17,-0.05577744953700001,0.2355558403842591,-0.0895467360776866,0.14336000536263163
CACNG4,0.0125224661861,0.2360038482099396,-0.0174696487081689,0.12708316038808448
CHEK2,0.15281776063400002,0.23641461351699208,0.11616612621797678,0.15503117117330367
ZNF791,0.145531641874,0.23679488515300595,0.10850797079664443,0.15635333953025457
ENTPD8,0.0485481362041,0.2368005483384112,0.009550680402671007,0.16468482051696015
CEP78,0.07606930648799999,0.23680715061083948,0.03463486363762826,0.1749712487291553
SLC52A1,-0.030272167207400003,0.23693711000005863,-0.07268115539481973,0.17898837454128327
TMPRSS4,-0.024487321973000003,0.23703181676638171,-0.05927906924712401,0.14678091637130183
LILRA1,0.143270091879,0.23707241640108395,0.10529828607298018,0.16016964935211334
LASP1,-0.028354908174400003,0.23743005024278327,-0.06724487436177273,0.16379546796037792
ROR2,-0.157349893372,0.23746057691539582,-0.20238407206384382,0.18964907470888911
ADTRP,0.026558021934000003,0.2375267582336532,-0.023181633904059747,0.20940653679587226
SCD5,0.122517959373,0.23790467307279392,0.0881520197781046,0.1444525622427775
FLNB,0.07745105529799999,0.23800731229624758,0.039572931517272654,0.15914689097274648
TBL1XR1,0.0363413886331,0.23907504408539945,-0.010430024092141457,0.1956348597745499
ZFP28,0.143819744215,0.23922956167599288,0.1079383928025829,0.14998711346975582
HNRNPL,-0.789518326587,0.2392532887949359,-0.8537256076044062,0.2683653016466504
HTR3D,0.00883374901772,0.23991036423195977,-0.03076641261824907,0.1650623213496573
SEC24D,0.10771859169800001,0.24051249758316212,0.07204818780133787,0.14830998079144875
LHX5,-0.056244529964,0.24059065322460294,-0.09925932855075374,0.17878831953873686
PNMA2,0.0647381636808,0.24089955919860429,0.03634052484082577,0.11788165546854501
HS3ST2,-0.0981704858455,0.2410610507873715,-0.14027419494113644,0.1746599417787078
ZNF786,0.13153408007200001,0.2413148724464913,0.07807439212069205,0.22153499040206076
OR1F1,0.08155359050739999,0.24144196888620045,0.041245779327035687,0.1669461666764435
FADS1,0.116214654519,0.24190686235470996,0.08578179845723527,0.12580402128956883
C11orf71,0.06943211714889999,0.24203145327293568,0.018379513260131413,0.21093375756909258
H3C12,-0.009737165036590001,0.242498076150146,-0.04292402052028672,0.136854098022405
PIWIL1,0.112354435493,0.2427221901523143,0.07752553616710485,0.14349285207108234
EEF1E1,0.0313481105327,0.24340520285762432,-0.009670885242739633,0.16852144199823446
CDX1,0.0334408250112,0.24368436099416205,-0.000247075338033052,0.13824399814496144
CLASP1,-0.0591555560919,0.24373388980090263,-0.1040557460430098,0.1842180830404304
SYK,0.0225471657972,0.24384086527633397,-0.02989286933591051,0.2150584360569856
NPSR1,-0.0740530030097,0.24384923525053864,-0.1109355722341566,0.15125152714365597
MYL11,0.11721967552000001,0.24418040416765216,0.07017757224275255,0.19265306500577647
TRIM49B,0.0987664363886,0.24425845823680123,0.05937232699982302,0.16128043087288127
RPH3AL,0.0245910887793,0.2446191491992134,-0.014957296379283502,0.1616733002630796
FSHB,0.153319729911,0.24492932671524825,0.11077924795454479,0.17368472173980315
PIGK,-0.0036620293052300004,0.24514240292053024,-0.04616479986789537,0.17337992145097736
UGT1A1,-0.13880423791899998,0.2456288436092212,-0.19540698932634692,0.23044016564031086
RGPD2,0.107245862114,0.24583053802465837,0.07417595136200869,0.13452320048485672
OLAH,0.123942109514,0.24584167372217516,0.09025609790968657,0.13702319502747073
NDUFA4L2,-0.22840798706300003,0.24585113735268765,-0.2658836661317895,0.15243240064831765
KRT7,-0.014137797710200002,0.24611600704729011,-0.042652878790315325,0.11586032709622285
PARL,-0.0951931515968,0.24643798232812097,-0.13162882158684652,0.1478492464750587
MFGE8,0.0244099443548,0.2464855175146258,-0.011182662595255907,0.14440039848565925
GMFG,0.024287414761700002,0.24661526925859395,-0.01625573804013218,0.16439838832249984
ZNF546,0.0659056817318,0.24731210614254373,0.026463316364494522,0.1594841675262432
KRT28,0.061876058463599996,0.2474179269062197,0.02363413134450454,0.1545640916051751
H3C4,0.147781566996,0.24789561353669734,0.10966868341562185,0.15374569576535127
SSX8P,0.00155722027289,0.24827251897105357,-0.03276908182756059,0.13826057850749376
KCNJ2,-0.0305412087514,0.24905942659724717,-0.06975607424022608,0.15745184201455764
FADS3,0.0075461828991400005,0.24910544921889635,-0.03460721123957796,0.1692190767841314
PHKA1,-0.0197735960543,0.24944487341779953,-0.060833881329567574,0.1646066512118491
RXRB,0.0507945194973,0.2496334493211028,0.009796761134988771,0.1642318306052645
GATA5,0.0376924579506,0.24978759383425905,0.0010988687298291962,0.14649882589866198
CD59,-0.18498633364300002,0.24991229957890326,-0.2366663734989878,0.20679270265236055
VEGFA,-0.101100778826,0.2505727870160193,-0.15037137339854514,0.19663186557203927
LGALS13,0.139152562331,0.25077887945181443,0.09997297463932836,0.156231608408633
H4C13,0.0587722565139,0.25103876958718035,0.015380104608381356,0.17285040066470483
TK2,0.0809700615126,0.25116531950700394,0.04727798724164486,0.13414301917592414
PPP1R3B,-0.285379943857,0.2516016691317418,-0.3377202455946195,0.20802843605228016
TK1,0.0326658391484,0.2528269426226367,-0.006401521986626863,0.1545221436045202
IGF2BP3,0.009536625794690001,0.25316694458383493,-0.03961348134896737,0.1941410922521979
HAGHL,0.152078412228,0.2540373070993076,0.11673878608396784,0.13911195386045122
SCNM1,0.161737205094,0.254764041533916,0.11796236620831003,0.1718250292393102
HAX1,0.07608540603950001,0.2548264120757372,0.035884458517121715,0.15775816641184798
CPN1,0.0580873305618,0.2556125202570106,0.008723504689679784,0.1931197494648791
HYOU1,-0.09341194545749999,0.2556392788643801,-0.13697758656362327,0.17041841652681006
SPATA41,0.06395352808640001,0.25573386048640545,0.027556424607229926,0.1423241467123002
TFF2,-0.09476145889149999,0.2563498553742946,-0.13713897344185594,0.16531124813189707
SERPINA7,-0.0870848628578,0.2568342420756606,-0.13147123002535613,0.17282106470242542
FERD3L,0.0599461588272,0.2568791852917603,0.02180780740092174,0.14846804883377834
GLRB,0.0151020023702,0.2570763379898148,-0.023835483213668338,0.15146273627645582
COMTD1,-0.023078264705500003,0.2570803771254387,-0.061341766845690045,0.14883867282301333
BCAP29,-0.20245705966,0.2574188760079879,-0.24777727685796233,0.17605630908184067
ADPRHL1,0.0421624010115,0.2574926781435243,0.009582296137217044,0.12652827687831603
CCNC,-0.00157829096525,0.25755454951180884,-0.05851701685955085,0.22107443259001805
BTN3A3,0.104057862319,0.2578087603665241,0.06243095247856636,0.16146429539963295
HLA-A,0.0658742050526,0.25800367179780004,0.016983451294270844,0.18949634870563126
ZNF793,0.170101830132,0.25842278710640015,0.1321904078339477,0.14670309349478175
RALGPS2,-0.030260513700799997,0.2586059680998638,-0.10149463400822699,0.27545427830157065
IMMP1L,0.127769733996,0.25889761711867326,0.08998008355049608,0.1459636858232725
IL9,-0.038095962270400005,0.2589612330136855,-0.077332211879872,0.1515139897692658
KIR2DS2,0.09883601221339999,0.25941843514928675,0.0534461575899865,0.17496772963453092
DHX38,-0.644080024785,0.2599077784193351,-0.717634049472313,0.28300047476317136
KRAS,-0.139640527368,0.2599294484062025,-0.2433336279707582,0.39892786769090005
P2RX3,0.023789622066099997,0.2604645635022848,-0.014431009444107731,0.1467402359702281
PHF7,-0.053199619572400006,0.26139786186536884,-0.0921491501465898,0.14900477875465742
RPS12,-0.7443363317030001,0.26201587753623745,-0.7974122334332878,0.20256750174594754
UBE2L6,0.00757865728637,0.26207958961600775,-0.0337043650228119,0.15752093617694043
SLX9,-0.112402389726,0.26209753359179117,-0.1527396121300218,0.15390157187379633
KMO,0.176607047309,0.2622743388707373,0.13749000407846756,0.14914552219998692
ZNF106,0.011361648740900001,0.26276367853969956,-0.02999424874303099,0.15738818132614454
STRN4,-0.0815191328929,0.26283989749972814,-0.14506635151457223,0.24177158500732543
SDC1,0.126877543149,0.2630881684498897,0.0882997204626358,0.14663457849003228
SMG6,-0.19081814350600002,0.2635647171087404,-0.23935838526745595,0.18416820845344564
RASGEF1C,-0.000129114648825,0.26373925124026715,-0.05872112509573043,0.22215885641355657
NCF1,-0.16200814033,0.26399311023171784,-0.210990824335604,0.18554531200685448
KLK5,0.056168712603099996,0.26459145351960645,0.010285508179870036,0.17341151353488438
ACTL7B,0.0941363251038,0.26509182264550446,0.056695625909698795,0.14123671873563975
LIG4,-0.031972081782299995,0.26603823481588645,-0.06583211747131874,0.12727507274453168
CELA2A,0.06151263234899999,0.26628558743192704,0.007366501872898444,0.20333856968486289
NPC1,-0.0125536214303,0.2665069520852836,-0.047388458531593465,0.1307089245842493
FGF4,0.0253373058165,0.26717286866962986,-0.019537104586899372,0.16796020728769587
HSD17B14,-0.079885777166,0.2675181568854343,-0.13302734528413776,0.19864658435463073
MED26,-0.19079438625599998,0.267568561372198,-0.2608180643209298,0.2617036833693038
ATP5F1E,0.18720313851,0.26784693209114996,0.1401578506684339,0.17564243679877697
KLK12,0.0114556210692,0.267875013657113,-0.029113515211444164,0.15144800452562446
CDH13,0.136719392376,0.26794679935378546,0.09917341014457022,0.14012476477412847
RNF5P1,0.055768004175199996,0.2682386091623241,0.017569974650660285,0.14240317471011132
ZNF664,0.172834985934,0.268843834090883,0.12317593886003882,0.18471335688946428
EFNA2,-0.060843466510800005,0.26900221075133696,-0.10192580821267293,0.15272120473332854
IL20RA,0.11527707158099999,0.26915003538203225,0.0717305259243697,0.16179282902497197
NXN,0.18510902783100003,0.2695542365965803,0.1516379795409443,0.12417185020968194
PNCK,-0.0484129649029,0.26982548576641563,-0.09821108337542964,0.18455676390642806
FGGY,0.151080524316,0.26988029959901516,0.11266303471513205,0.14235010728070255
RAP1GAP,-0.0670407711492,0.26999559776478343,-0.11115122825955312,0.16337472712714954
ARHGAP26,0.03520850225469999,0.2701844400796063,-0.0007184996241337657,0.13297213513941936
PLA2G3,0.08825710016660002,0.270197122600731,0.04918027445964265,0.1446233969141892
CSTF3,0.0238646461369,0.27025319722774543,-0.029546911893080677,0.1976352493804917
SLC12A9,0.031604615676599994,0.2703420744633133,-0.01711615592147232,0.1802189751439669
ATF6,0.057786227746,0.27102388341401706,0.015778294009552562,0.15499716559029586
YWHAEP1,-0.0265978249253,0.27107738922891506,-0.0758419367452796,0.18166071305340312
PPP2R5B,0.030945291208200002,0.27157353452077476,-0.0030308644031350885,0.12510849288495743
PSMA3,-1.3045251826,0.2722895269394883,-1.4186498584113267,0.4191298765475069
TAF2,-0.377622623437,0.27284836724309003,-0.4491528142521464,0.2621609633874691
SMARCA2,-0.035164200798,0.2731668236381942,-0.10763425265702992,0.2652959495367399
SNAI3,-0.120989670777,0.27339107061767337,-0.16394855483614465,0.1571334570733693
KIF14,-0.127922451776,0.27384742172457216,-0.17861566283742986,0.18511480130864852
UBE2I,-0.620948192693,0.2742174279491122,-0.6974921650790128,0.279136059872232
HRC,0.10802649338300001,0.2744082369478529,0.06514061052383759,0.15628496919832707
RASA4DP,0.0876117186668,0.274461181995809,0.046530965547947944,0.14967782627810497
PPIAL4H,0.0264315851638,0.2745213865210049,-0.019356045614259933,0.1667907603058697
CDH6,0.00897747475348,0.2746300949386837,-0.03441803424238657,0.15801439753190716
WFDC10A,0.00764651941599,0.2748863394530967,-0.03302209363802898,0.1479470137909788
ZBTB7B,0.0612971833091,0.2754204578640785,0.022783163237098374,0.13983717974577076
HAAO,-0.21475602094000001,0.2755815474522627,-0.2618674080533161,0.17095261837687772
ZNF658B,0.0834914029915,0.2757818499508743,0.05175342156545098,0.11508364829557344
SERPINC1,0.0921701295596,0.2759855299908603,0.04845951840792853,0.1583800830178271
SOX1,-0.0609925802776,0.27600037325769194,-0.1067182038219855,0.16567232502143422
COX7A1,0.0759201365405,0.27605009494152194,0.031920762026969626,0.15938909393547263
MTMR2,0.0735227972039,0.2763656291298501,0.026680283190078147,0.169494716695805
TOPORS,-0.0527339048508,0.2765171691479425,-0.09949086756206699,0.1690924395593354
HELLS,0.029733881989099997,0.27675730833192574,-0.011721143755096187,0.1497883687121193
TOP2A,-0.5461307244960001,0.2769180745460036,-0.6208593961578676,0.26985841131671245
COL1A1,0.0576602859361,0.2769310731215133,0.02533277562747266,0.11673486093213707
FOXC1,0.0298401826148,0.277333622844137,-0.019431734331444597,0.1776629766017793
RGSL1,0.137742967996,0.27746805997053453,0.09868625982853031,0.14076109578744767
H4C9,-0.00973109512126,0.2781056416294202,-0.0525141124885368,0.15383728685477654
ARID1A,-0.029216128624499998,0.278335969044292,-0.11150724902618467,0.2956539202757139
NDUFC2-KCTD14,-0.07473666382060001,0.2786325109172654,-0.11065763930656851,0.1289188234629036
TRAK1,0.0546606791422,0.2788314771416755,0.0004487883152741271,0.19442529008079162
DNAJC17,0.031227751318,0.27966768321298396,-0.022349573183743397,0.1915749574145147
POLR1C,-0.09206592699300001,0.27978802560302807,-0.13343372906608508,0.14785408340448064
IFIT3,0.10768452268300001,0.27983027907733576,0.05757610760843335,0.17906716614008153
HSPD1,-0.779047920115,0.2799407199995908,-0.8615974451515092,0.2948821630401958
ZNF658,0.0054376204672600004,0.2799919382235994,-0.026247446083325306,0.1131642101969445
MBOAT1,0.0304411824563,0.28023638915627236,-0.012198124143776449,0.15215478164150503
AZGP1,0.0213627432766,0.28024538462029197,-0.009159555832710758,0.10891276282985286
DDIT4,-0.04554124031219999,0.2813513891507647,-0.10208351950016173,0.2009667674242868
NNT,-0.0588619602383,0.2815137923350458,-0.11490896119662683,0.19909149208441645
XCL1,0.409388167388,0.28217001054961377,0.34151829875501344,0.2405282847060497
RAD23B,-0.200274094511,0.28218572914819323,-0.25419901941269507,0.19109727860609046
SLC6A20,0.0526641303532,0.28221309224553087,0.014646054911442179,0.13471407417442335
DHDDS,-0.450647463861,0.28249371636955933,-0.5311095358834413,0.2848278292929551
SLCO2B1,0.0963781696635,0.28290218713946075,0.05159899476852642,0.15828500778927893
TUBBP5,-0.0970797842308,0.2829433351418272,-0.16699487554859616,0.24709926912662833
PTK2,-0.0255104016812,0.2836044620343844,-0.08026285805852745,0.19305922052343882
ULK1,0.0875336544654,0.28465639665369286,0.05097630816807589,0.1284262244835447
COQ6,0.07402746072369999,0.28495453748893984,0.023716824794624055,0.17655671101931017
HEXA,0.09529567161180001,0.2849629946547273,0.04022308134541282,0.19326225264131355
PCSK9,0.038296469214400004,0.28505852735624676,-0.01538497880229832,0.188317285276686
PPM1D,0.00037170158067800004,0.28603181333509237,-0.04754723934311511,0.1675301092038145
TRAF5,-0.113613524135,0.2861794207168337,-0.16529662625415423,0.18059685070888853
PCSK6,0.12232438554099999,0.28625052944145646,0.0785457138416981,0.15293830821806545
KCNK9,-0.0048093649095900005,0.28693791844717864,-0.05563172640795368,0.17711971207360447
MUCL3,-0.00666210593904,0.28705048584603104,-0.06452061397695812,0.20156213241510565
HDHD3,0.16409185887299998,0.2873648594036338,0.12177972957445138,0.1472418352973243
IDH3A,-0.102069890394,0.28821082510751844,-0.15341258299355745,0.17814283200640993
NCBP1,-1.01018472575,0.28865473346991843,-1.0945371851168406,0.29222614281373344
PSMD3,-0.581723797671,0.2889623671967017,-0.6332750384748982,0.1784012267895298
NT5C1B-RDH14,0.21433510986999998,0.28942234942809764,0.17894478531721497,0.12227916960358022
DDX20,-0.09767584743300001,0.2895295954965313,-0.1469483295469436,0.17018115895697403
CAMKK2,-0.041704635944099996,0.2898006122398036,-0.08474854355771318,0.14852938812287705
TBX3,0.07816784419589999,0.2910049732235101,0.024898927002538197,0.1830515698865666
TCEA2,-0.013426529756799999,0.29139550833252287,-0.052940211580833285,0.13560154736133637
XAB2,-0.899595991606,0.2915070311265345,-0.9838213578749686,0.28893082250358787
SETD7,-0.0208711401759,0.2917086929568787,-0.061193944286995636,0.13822969655915013
ROR1,0.0034968733064899993,0.2920568268445263,-0.05165770270779971,0.18884878196547253
SOS2,0.0706917008943,0.29207722922490936,0.0333808546353849,0.12774308479277066
ULK3,0.013147249416799999,0.2921042157172532,-0.027461585146673732,0.13902173395121992
SLC39A3,0.12109137279400001,0.2923344175019055,0.06937128914817273,0.17692095268081173
DYRK4,-0.0858388327684,0.29248892274718996,-0.15086069790067858,0.22230539372761002
FLOT1,-0.0571427080985,0.2929861711938416,-0.10164470167005836,0.15189110595296848
TDP1,0.022767536798099997,0.29320875397476326,-0.03496025049839799,0.196882891502846
TAS2R40,-0.0101409663283,0.2932691935238386,-0.07029220860639905,0.20510590135751713
LOXL2,-0.0442203023564,0.2933209792765553,-0.08877394983583646,0.1518938317651988
FKTN,0.11778746664300001,0.29345765129868895,0.08346053150002816,0.11697406760757104
SGK1,0.000345549956375,0.29355627347366275,-0.043244938260892325,0.14849108043735326
BCAT2,0.06508418295509999,0.2935598779687347,0.010934739616402534,0.184457916093236
DCP2,-0.0102974607179,0.2938005359441966,-0.05804041232867391,0.16250124070516342
ZNF213,0.036003643127599995,0.29394304255342457,-0.012022676473287842,0.16338648189694432
KIF2C,0.050799315772599996,0.29396053629548374,-0.0018162864822312383,0.17898865921901502
SKA2,-0.384293843676,0.2942415463045279,-0.46253625873761417,0.2659121937207211
GLRX,0.025382306060900004,0.2942854407085889,-0.01644666076401052,0.14213739804522282
SNAP29,0.0546573837708,0.2944977361373206,0.01835056306339836,0.12328387030612765
CDC25A,-0.08492476857310001,0.29479244111430336,-0.13170359994188044,0.15868395808236588
ACAD10,-0.0412075910437,0.29567628416786534,-0.09828059949089298,0.1930253168860534
NEURL1,0.0146266222642,0.2959747211841782,-0.03771904955314037,0.17685858984141714
ABCB7,-0.646738700525,0.29616692180862136,-0.733405165365372,0.29262709120627106
P2RY6,-0.044435372158,0.2961768078761911,-0.08847746301943304,0.14870202423089007
OR1G1,-0.06019876639280001,0.2963254718288854,-0.10803763575679304,0.16144028749448114
TULP4,0.0053865947769600004,0.29660250915976,-0.03481674029918303,0.1355461731933231
LMBR1,-0.00765479125389,0.29661749505715607,-0.06296148213553009,0.18645795276162952
BLNK,-0.00707228846627,0.2968418089055642,-0.06191241107678455,0.18474527834440302
GLI4,0.0647471249128,0.29723729308625074,0.010859334999039719,0.18129552101029064
TACR3,0.0368893043757,0.29728586439068805,-0.017218791185868058,0.18200695708309936
TTC3,0.11682133351099999,0.29738322091932234,0.07800892790758422,0.13051309849773018
LRP4,-0.0106141076714,0.2973851772741126,-0.06416336230026054,0.18006699298096454
PER3,-0.246105684928,0.2977321938278464,-0.330459308116557,0.283320463615472
MAGOH,-0.3015667702,0.2978348435192175,-0.3636623121844133,0.20848985045098206
EMC3-AS1,0.102245901098,0.2983537318959355,0.04507106391920197,0.19163439590807718
ABCB11,-0.0208525583566,0.2992770056358898,-0.06801390171548193,0.1575842529521294
NECTIN3,-0.07234976483130001,0.29932396238439635,-0.12844070787926254,0.1873920905000238
LYVE1,-0.09407573738839999,0.29963320508008084,-0.14783807597888435,0.17942717188542467
GVINP1,0.0987629387362,0.29975718599362866,0.03970182612027256,0.1970298474085048
RAB6D,9.66622568349e-05,0.2998822129333966,-0.04245000116010521,0.1418779160016058
FSHR,-0.0713473323046,0.3000239200460584,-0.11406180243889534,0.14237021544061554
SNRPD3,-0.6489584904969999,0.3000868851262577,-0.712460316739201,0.21161146784366616
DROSHA,-0.245490239968,0.30025242584553063,-0.30398773810583557,0.19482772861235922
MIXL1,-0.00414378200744,0.3003831795860487,-0.05446533061360533,0.16752452209711718
SCN2B,0.157065026842,0.3007081945270084,0.0923901578308738,0.21507517981960864
TPST2,0.09606557486919999,0.30074100356111944,0.04349593550112351,0.17480037223255718
EMSY,0.0164551396359,0.30117516689358975,-0.043053668720497845,0.19758869554282776
HS6ST3,0.0457196262165,0.30169348963390535,-0.01451406564354001,0.19965194453858293
HOXA2,-0.0471385830074,0.30199992084217037,-0.09826053057755749,0.1692780164564168
ITGB2,-0.0438592207912,0.3020864687055639,-0.09508010836867006,0.16955704039625086
DDX3Y,-0.05801119627259999,0.30253453266718566,-0.12211232273227098,0.21188036253100337
PRDM1,-0.110322830524,0.3029770050468985,-0.17569844305878815,0.2157774730285835
OPRK1,0.029780930795900003,0.3031482547595969,-0.011967221124088673,0.13771529693646387
C4B,-0.114979093708,0.30332704689731727,-0.15592400054897013,0.13498600688527082
SIN3A,-0.315685189169,0.3033320887675558,-0.3945310942914333,0.25993262184289745
XKRX,0.151108344219,0.30365649535213973,0.09904701320392588,0.1714481060406774
ROCK2,0.171139220463,0.30382280430855174,0.11388492016602163,0.18844635585297584
ARHGEF18,0.06538337682180001,0.3052325346730591,0.005477014968816253,0.19626466725491992
KCNT1,0.08150850066599999,0.30530088741648365,0.040123053820928324,0.13555626121916475
PTPRA,-0.08482529038010002,0.30549665394498743,-0.13661177091169435,0.16951570455144765
TRIM21,0.102701682158,0.30549896668464505,0.053457244678703636,0.16119346658913425
KCNA4,-0.107607119016,0.30559109770198983,-0.1613638974668969,0.17591081302806832
CCNG1,0.0035322066892899996,0.30570950840106736,-0.04085557277619098,0.14519594008586617
PIK3CA,-0.140076340348,0.30572289293271876,-0.2184272496463567,0.2562808056235409
RNF5,-0.050560459752,0.3071743627958484,-0.09027175719547019,0.12927933530007116
MC4R,0.06532553377519999,0.30826584144107044,0.01198289786644314,0.17304102089090556
SLC17A4,0.13826473379899998,0.30838392493106237,0.08682652958694274,0.16679923969304164
B2M,0.06443759610449999,0.3089295027837277,0.015204491394820373,0.15936679490319267
APLP1,0.147549790726,0.30898123056376464,0.08182108306679745,0.21272718585292216
SERPINH1,-0.276496215098,0.309090471534902,-0.35218854160334445,0.24488728536168225
METAP2,-0.449646385196,0.30931577029946883,-0.5371380910434251,0.28285562602488296
OR10S1,0.200301811928,0.309502031371501,0.16080784985799207,0.12760485575812783
ID1,0.00911782910734,0.3095977796054967,-0.03790981889667985,0.15189917726136334
GNAS,0.0299538982114,0.30964118986352496,-0.043647917892464826,0.23770033998482237
CRELD1,0.14207004238,0.3109935279053271,0.08466058809609858,0.18460015766430374
PAPSS2,-0.0793559568959,0.3114961174900956,-0.14000756653404084,0.1947106439940438
ID4,-0.0851909343887,0.31166150213355953,-0.15212462413412745,0.21476406064661674
SLC25A14,0.052160105745400004,0.31192715089266504,0.007989972945314509,0.14160400168334356
FBXW7,0.055792331390800004,0.3136819147950705,-0.016499534159328352,0.23046233187321902
CSNK1A1L,-0.00470761489598,0.31370394313423733,-0.0536555046167714,0.15603211496721947
B4GALNT3,0.0330044090934,0.31400244098467867,-0.012441216328379242,0.1447301660435076
ASMTL,-0.0315917355482,0.31405543884353054,-0.08783480226322857,0.179086427931758
AKAP14,0.020498330692099997,0.3153135378357215,-0.032790184227183584,0.1690016714317129
PHPT1,0.128702130392,0.3153425337362168,0.0824050622319165,0.14681517146307604
COPS8,-0.689229518962,0.3153712532982398,-0.7889327780690433,0.3161456793043722
TIE1,-0.09999103370239999,0.31565606401352986,-0.14569921032242647,0.1448037336550813
POU2F1,0.0553509656582,0.3165905075007429,0.001018366367742268,0.17161790389539788
CDC14C,0.307528623552,0.31663381114081063,0.24811356715136054,0.1876459629708241
HPS3,-0.0101670459038,0.31742238364372216,-0.06030915633197944,0.15796652350912785
COL27A1,0.00968063778002,0.31772556283915276,-0.03843751384361405,0.1514456413064682
PFKP,0.013811697739399999,0.31777715634821985,-0.026569215553693747,0.127073052566574
CCL4,0.100376400012,0.3178743211695268,0.04858068527100488,0.16294400425434727
ADSS1,-0.026389978671300003,0.3183928328235443,-0.07099029041173646,0.14007950915513945
DCHS1,0.138448823487,0.3185363859646649,0.08045339774029678,0.18206844901271851
GIMAP8,0.104377119506,0.3186545843152206,0.05183774147518421,0.16487877663433392
SP7,0.052007428260399995,0.3190162863509304,0.00716754785721212,0.14055671237380732
F13B,-0.032888632127900004,0.3193148306104488,-0.07278209143498368,0.12493456451996772
IRF4,0.0708227018713,0.31966488493085365,0.015227655036761715,0.17391665289280678
VWCE,-0.00409228150379,0.31968117874599433,-0.060405113669806026,0.1761531047492787
CD6,0.184691353261,0.31971778981588006,0.1385723354343301,0.1442491450138857
NASP,0.0656265552584,0.31972788976784383,0.01661626113916682,0.15328751631526363
ISL1,0.0008141506705930001,0.3201736342957675,-0.047388216246848365,0.15055070672344417
HNRNPA3P1,0.011570510202299999,0.32049975452849505,-0.04160867146290418,0.1659258109056558
CCL28,-0.011476742845900001,0.32115742767564615,-0.07038034782085821,0.18341037727593232
ALG2,0.10257610465500001,0.32118008465598796,0.05559068782667938,0.14628994471636103
GPR146,0.018461324692099997,0.3213029556434099,-0.03497365622600613,0.1663071564688923
RAB6C,0.21139304302700002,0.3214163596364853,0.16920229047824115,0.13126510609626613
CINP,-0.0039106654757,0.3218545918334073,-0.07597018495182228,0.2238884306905289
RARS2,0.153151450174,0.32228545293419514,0.07227157186243081,0.250957272738225
MYCN,-0.0870346012538,0.3224363828412049,-0.14261905236490457,0.17238889303158783
BCL10,-0.0107528955086,0.3224544981473941,-0.06817637139995752,0.17808241541449743
MED28,-0.757222679509,0.3226000929485588,-0.8700288179283342,0.349677947666686
PAPLN,0.10850581197,0.3226708491911622,0.05769100326214562,0.1574818699465157
ADGRG5,0.029204706228099998,0.323601065725036,-0.016178623354283425,0.14024468516721653
ATP6V1B2,-0.410983603995,0.3236397308738508,-0.5326543196115323,0.3759449289121967
SLC41A3,-0.028594428198599996,0.323929933015943,-0.096237473232879,0.20881998895406123
SPINK6,0.240011398518,0.3240013545592678,0.18545725353285894,0.16837628675765848
MARVELD2,-0.094826417534,0.32402933740818896,-0.14975465326132298,0.16951624246951544
FEZ1,-0.0649261369838,0.3242739927158215,-0.11827807237401325,0.1645273336396372
CLN8,0.0451653930943,0.3251486823694192,-0.007174961725058258,0.16097360271597694
CWC22,-0.736255797869,0.32527567105552446,-0.850791968236463,0.35212031073763184
PRSS8,0.00633002841006,0.3258576870871438,-0.05826121310289731,0.1982191738066432
IL17C,-0.103061644842,0.3258823254332788,-0.1541461475309492,0.156757512458
CAPG,-0.226908816894,0.32596153577519327,-0.2926930397344703,0.20181590654254336
IL13RA1,0.0963559387189,0.32596383436190646,0.04860862534665538,0.14648040162404155
TLX3,-0.057197430292899996,0.32602568796201037,-0.10288842144318364,0.14014537147639639
GPR157,-0.0726672311462,0.3265337930169171,-0.13483733622910157,0.1903940921657706
ZNF501,0.0184452095882,0.32673257569074254,-0.02503710636573306,0.13308227948195084
PDHB,0.0677354776289,0.3272683835842017,0.019914014066823357,0.14612307806315436
OXSM,-0.0284358401732,0.3275129643156016,-0.11917813988333671,0.27706475650440093
GK,0.09242409609660002,0.32772788046410295,0.05432056225957703,0.11626576836570542
ST6GALNAC1,0.145240195737,0.32780513488133683,0.09991707291188903,0.1382623943383853
CRYZL1,-0.10313614176100001,0.32828170106969223,-0.1583044728218386,0.16805180088038682
MRE11,-0.04886508198990001,0.32917421736540736,-0.10051334482005733,0.15690251576667072
BCL2,0.0590483057657,0.32920401627515095,-0.0014774744653830983,0.18385492654650737
POC1A,0.0409159036986,0.3295022433969712,-0.013929896697807354,0.16645046125021767
CPQ,0.0895010571357,0.32978834317865724,0.04061674953100798,0.14822933743964922
WDHD1,-0.198576190682,0.33009501371098177,-0.26515240211746643,0.20168802517495146
SSPN,0.06912380342680001,0.33011789605556824,0.01422801664150757,0.16629145963068878
IL36A,0.0427100176507,0.33015256329111026,-0.014369852086263577,0.17288937322783618
DHPS,-0.689553863954,0.3302229481240607,-0.78569700645225,0.29114615760177354
EMC1,-0.00887222823253,0.33053934120881967,-0.08236736182113245,0.22234912588565842
PLCXD2,0.166668188179,0.33062555674355304,0.12102959287734079,0.13803710684427947
TRAF3IP1,0.136877852903,0.33075068179255035,0.08896649480327233,0.14485641523115012
MTHFR,0.0813154329907,0.33085392662044005,0.03879495049555675,0.1285173881098389
PCDHA11,0.022052110697400002,0.3308687002905206,-0.03440391464519577,0.17062969477930168
TBC1D9B,-0.0415740867449,0.33091751765076677,-0.10165276993174745,0.18155183688477738
PTPN11,-0.198281465727,0.33101813983608547,-0.29123739980223123,0.28081824797052335
CAND1,-0.20005063472600002,0.3310275047153963,-0.2817177114661567,0.24670782813159484
TADA2A,-0.118414263748,0.3311673142150123,-0.1855846718035996,0.20282922007208973
PBX2,-0.036561410805800006,0.33131151036050005,-0.07976298426006333,0.13039563100978802
FGF6,0.18141085148299999,0.331329203311919,0.11985781948974655,0.18577605408149414
H2BC20P,0.09569854478119999,0.33180233698633804,0.027754334215085028,0.20477315254386702
PLD2,0.152157299479,0.3323906295590748,0.10285745682703186,0.14831899057252523
FXYD5,-0.0266893246931,0.33267719308318516,-0.07080338269170648,0.13260319287224437
KIR2DS1,0.154043839721,0.33317276567749987,0.10046997648633066,0.16079904708215872
COPZ1,-0.9814346241299998,0.33361265210618857,-1.130878620198525,0.4479566201252983
SPIB,-0.0563749657985,0.3337317037314686,-0.10417849599458139,0.1432394035735534
CASP8AP2,-0.414653864588,0.33399375322217556,-0.5411836598670391,0.3788388077871335
NINJ2,0.10814481101199999,0.33412418537127303,0.03278386131817689,0.2255477244488701
CCN2,-0.053925011203699996,0.33431309977105017,-0.10875154128364752,0.16399755234687102
SORL1,0.0479957198207,0.33474828031821496,-0.006050886956475277,0.1614544717774145
FOXA1,-0.021377711042999997,0.33483474279956965,-0.11042729704502766,0.26595085461406937
MED6,-0.25044537598,0.3350318908756743,-0.3300699790760062,0.23766275767924971
PCDHGC4,0.0823860000185,0.33532691164963324,0.02500588225080443,0.17111694819069356
NIT1,-0.017279006251,0.33640230813579736,-0.06802273168355948,0.15084238189018453
ZNF566,0.0948995167991,0.3373844573207615,0.04310659418934787,0.15351306643183935
RGS6,0.246298613945,0.3375245767781103,0.2009824813368794,0.13426024570030512
LONP1,-0.5562840511630001,0.33767851817718175,-0.664072796937437,0.31920522026775666
PI4K2B,0.0643997334732,0.33883309402125217,0.012117701858449357,0.15430025147269535
EFCAB14,0.047891920456099996,0.3391156979936323,-0.0019136623590356645,0.1468689981319322
PAFAH1B2,-0.0304933259296,0.34085178671327937,-0.08646375577559295,0.16420752957083556
FBXO22,0.0390843210996,0.3409340043235797,-0.01833756460011435,0.16842522298015006
PIGO,0.146001728368,0.3414230189954578,0.09250660734944274,0.15668281879748985
AIF1L,0.0315671385253,0.3414936608796479,-0.015624421193773216,0.13819161268620112
SLC6A13,0.0194512288529,0.34159026681697885,-0.0321988133365187,0.15120466596049809
SLC16A8,0.08106528477199999,0.34177049892313294,0.023199940734338547,0.16931052920011053
AKR1D1,0.0819430996124,0.34192084345060875,0.02381959139803329,0.16999112317281934
TRPM1,-0.059084664081100004,0.34196493030577707,-0.12211973342975121,0.1843319702177844
NET1,0.0695858350294,0.34232591890118425,0.01817076577281417,0.15019332868986557
KLRK1,-0.0056586366143,0.3424955132141554,-0.06333110192058908,0.16838896593143884
AKT2,0.0812347584482,0.34272862224308354,0.018229534388258285,0.183834147400898
CASP4,0.072549751047,0.34276638689451416,0.02364598687790718,0.14267374526470963
ESRRG,-0.0713706418014,0.342972997873527,-0.12941193800139733,0.16922992935263187
XIAP,-0.157072151673,0.34331603027265273,-0.2108205999359889,0.15655676846869998
NUDT10,0.101024542173,0.3433760200962737,0.05986769390624875,0.11985941317396578
EHMT2,-0.117939757328,0.34346982390072067,-0.17576948362155498,0.16836916162472124
DDX6,-0.217603885473,0.3436874170927231,-0.3037889470927911,0.25076583352639675
DHRS1,0.0022233670318800003,0.3437543830846096,-0.05748581446311801,0.17369722229927628
NR2C2,0.0117855061191,0.3440378145505022,-0.03670399773153691,0.1409423667976446
UBC,-0.447288017995,0.3443193991300819,-0.6661443898225426,0.6356202188447126
GRAP2,0.0017402268404200002,0.3443371869334027,-0.050814095712537165,0.1526245916713072
BMP8A,-0.0227940558541,0.3447103777384707,-0.07334616140358595,0.14665095342107592
GTF2F2,-0.0733598950057,0.34502633551792683,-0.13666347751883798,0.1834746394593663
ZNF628,-0.175466053539,0.34624751671496123,-0.2456938827118206,0.20282551002563215
ZNF124,-0.11181503770300001,0.3462832721629054,-0.18637139655718923,0.21530453489279422
UBA52,-1.0902863138299999,0.34634347122133324,-1.1910056834654752,0.29080776167167854
RPS3A,-0.992923082397,0.3464639689231864,-1.079358067791166,0.24947755942070074
RPL29,0.09170219749479999,0.3465700577409005,0.048797401809726235,0.12379833377628324
OR8A1,-0.07206980291899999,0.34681573200763566,-0.13553162889914833,0.1829842770187574
SOCS3,0.0641166516077,0.3470568889719517,-0.001909609855945891,0.19024622061019503
DHX9,-0.6797169781229999,0.34713760795650067,-0.8144581622500182,0.3881491980088269
CDH2,0.0726237867309,0.3473701874906,0.01595994928392529,0.16312233889820515
DCAKD,0.042701919099699996,0.3473880233858574,-0.010694281020292103,0.1537076598080725
NOX3,-0.0766436617955,0.3475080009584556,-0.1390991597063599,0.17972391351739384
GDF2,0.08905630629180002,0.3475492638588703,0.03410937080762742,0.15809826461461002
SLC31A1,-0.10269949634600001,0.34808137717905935,-0.1606669333248153,0.16653415200950494
KCNMB4,0.060127426280699996,0.34836410078714286,0.006672298301237658,0.15344614401621262
PPP1R13B,0.0945234775832,0.34869289301115364,0.0416281515391153,0.15169602565542606
SLC16A11,0.133994448424,0.34878881186883637,0.07127630562757643,0.17981695703017275
TAAR9,-0.0402809948416,0.34904354669935644,-0.09592768411444802,0.15942620856067133
RNF130,0.0734783030492,0.3492021306406215,0.020413894293368,0.1519590062594515
ITPKC,0.07420804760639998,0.34961409754688094,0.024393721474203954,0.14248374559757637
KCNK7,0.013483849701,0.34981363531847864,-0.036040176789069206,0.14157260177974867
ELOA2,-0.0023143452092800002,0.3500990168175607,-0.06073897191466904,0.16688029357087444
NXF3,0.215772563357,0.350591057799576,0.1510883238347961,0.18450054011127193
BAG2,0.0266115400288,0.3517220057363249,-0.02665502069634284,0.15144506131662155
B3GALT1,-0.00886706503904,0.35199411855518775,-0.058539041126941055,0.14111592628816377
CYP2C9,0.0289949633359,0.35207093552652124,-0.033411333295150725,0.17725489477773068
RAB33A,0.08926588611649999,0.3524594725447004,0.03805022273814021,0.14530936850296852
PDHA2,0.0514200117156,0.3527631513618976,-0.0031691076152992256,0.15474722663109608
IL27RA,-0.0727101064515,0.35313548487212826,-0.13196864893383106,0.1678068192546235
ANAPC4,-0.664818097999,0.3531487082380388,-0.7518847914741518,0.24654399533146443
MIER1,-0.0204976921149,0.353309598363471,-0.06741779419478687,0.13280166261324527
ARPC1B,-0.00645564085217,0.35382289020278723,-0.07459126543365337,0.1925698604248941
MARK2,-0.046711993362699995,0.354833192216381,-0.11992885200494119,0.2063416282589279
CTRC,-0.0382806940397,0.35489074141491667,-0.09080678638234697,0.1480063755206188
ZNF680,0.0161510591947,0.35523522412659836,-0.03728247901042619,0.15041734202034987
RSPO3,0.053012629342999995,0.3552604110246623,-0.008246219258608413,0.17243364782729984
PAPSS1,0.0306238293375,0.35561907946214183,-0.020137297504089546,0.14274016714278523
SLC12A7,0.0586932131279,0.35563118851159653,0.001233336264199379,0.1615715345557409
B4GALT4,-0.00128095350789,0.35666640051519083,-0.11704318481194201,0.3245672458544958
LIMD1,0.0381496190956,0.35679278272658504,-0.02441797773090795,0.1753611615918092
TNP1,0.103542014493,0.3569657675500744,0.05895511464899434,0.12490525394077488
COX15,0.08838347974819999,0.3571502676738186,0.030837622992891146,0.16112505565266674
PRSS3,0.14047769857,0.357768500326824,0.09860100254155309,0.1170497011061406
CMA1,0.100097411507,0.35794883254632015,0.013613590430887362,0.24160945144281548
MMD,0.160671039302,0.3579879266388607,0.09763310600769233,0.17608955108114727
SLC20A1,0.04851046177519999,0.35815691409715006,-0.0034402813276420037,0.14505023094081707
TOP1,-0.346082540221,0.3581734000017881,-0.44324555911859514,0.2712736872618405
ZNF772,0.25923535417300003,0.3583557060368412,0.19253959655542607,0.18611607543572145
TREM1,0.014002879682499999,0.35888393022805054,-0.055145906751932226,0.1926772992886365
KMT2D,-0.0173251073795,0.3591094521473021,-0.09147389422884322,0.20647963011268314
D2HGDH,0.0900637575167,0.35928227585884326,0.029890826508683282,0.1674809336591315
RPL37,-0.816584662406,0.3600858952661883,-0.8906207408715592,0.20560671617206516
C1RL,0.08667215634339999,0.36009432767946087,0.022908337111889627,0.17707532257567227
UXS1,0.162255527205,0.3601131610170043,0.10785596876124993,0.1510624001914258
ANKRD35,0.130597699348,0.36021443226257943,0.07652272340681157,0.15011884893543162
PTPN5,-0.0581905564683,0.3604648073705861,-0.12204941685016107,0.1771569902972779
PGPEP1,0.0979360823337,0.36054704362292345,0.042176412100279816,0.15465296753822838
ACTN1,-0.0836300614919,0.3609397524052266,-0.14370655999806733,0.1664446714606252
CDH1,0.00463328620824,0.3610639721202319,-0.0510001669423132,0.15408198393172176
OR8U9,-0.0370434819118,0.3614632054043962,-0.11315851177558599,0.21057476591187296
GTPBP1,-0.0117764786165,0.3619012088530485,-0.09868932280366108,0.2401562693382779
MSR1,-0.0694723988357,0.36249980284096023,-0.14039942031789923,0.19566085533380853
PTF1A,0.00327644597411,0.3628206069753608,-0.0398267243557555,0.11880022661665589
POU3F4,0.050216291859499995,0.36304981030187095,-0.006984286372834312,0.15755573094714692
DLEC1,0.0774966303072,0.36345112935974105,0.009249524328164989,0.18777519304798904
PBK,0.011758125146700002,0.3639106582909097,-0.058801825239296744,0.1938936076161617
PBLD,-5.78258815282e-05,0.36397825565814645,-0.05891621837111911,0.16170854048180158
ARHGEF12,0.105974779183,0.364515594448937,0.05153915757956953,0.14933688004685916
APOBEC1,-0.056614698775899995,0.36473290580126844,-0.11057947595637452,0.14795697432871122
CPSF1,-0.622629659349,0.36479102305881,-0.7025196897419761,0.21900218301176924
MAFA,0.006971616614850001,0.36532460651507914,-0.04934244193607094,0.1541480030269916
DMBT1,0.10649132318499999,0.36580667412280143,0.04184375349035145,0.17672605304337974
ZNF267,0.152744338655,0.3659913715137762,0.11031845680699005,0.1159204428031523
SSR2,0.0831603288995,0.3661429624476068,0.022110099342772884,0.16673877642933826
UGP2,-0.0029151328307100003,0.36688070972593495,-0.06974550089179886,0.18215830456447843
TRMT1L,0.0514857083423,0.3669564989662934,0.0006317536595093054,0.13858306046096722
TMC3,0.166448239142,0.36710218442490383,0.1152583646565056,0.13944312144502108
MAPK4,-0.0710152473123,0.3671758177653134,-0.12579900969246047,0.14920307855125808
PRSS21,0.0896815704543,0.3676105530576837,0.0018057443161985968,0.23904598332984295
RBBP4,-0.252965382774,0.3680105152153348,-0.3559169679278443,0.279751748652084
GNPDA1,0.0642235828361,0.3680562123210521,-0.002181959706048685,0.18042228420321765
STX4,-0.000319591206636,0.3683585441935724,-0.07041447496054619,0.19028982728598073
RBAK,-0.23385551830899998,0.36842273959944233,-0.3185542962096319,0.22989563020110637
PRDM16,-0.0361535915,0.36912188604165064,-0.0947696380792596,0.15879862125716798
LAD1,-0.023407792637,0.3691288629060196,-0.07893381870655027,0.1504245038776261
ZNF33B,0.12105916910900001,0.3693570870942483,0.06134413777899991,0.16167289979402155
PCGF6,0.07587438587050001,0.36939378295700004,0.019707201867911715,0.1520523262545719
EXOC2,0.00626694577701,0.36942072956449173,-0.043483495708651176,0.13467149378518017
RBM47,-0.0130821858241,0.3695746288737307,-0.07608741011065984,0.17048038302457788
GRM4,-0.204136836177,0.3698011255545445,-0.2748832210131731,0.19130927395119093
TCL1A,-0.0133098160696,0.3699687682893025,-0.06511379027493285,0.14002256040386624
DEPP1,0.0013104680529300002,0.37073260966975985,-0.0738486065830124,0.20273122103526958
OR14A16,0.06790308630030001,0.3718259606954011,0.024948507168157382,0.11552334606171007
IRX3,0.0425362932504,0.3720019966427603,-0.03588442824917477,0.21080725965802677
HOXC4,0.0705800029971,0.3720953291641752,0.018749148592966867,0.13929455798480186
EIF5A,-0.38220866543399995,0.3721188230684093,-0.48082398821767386,0.2650103049625757
HBE1,0.0261381163359,0.37225393365162984,-0.02486256240981999,0.13700507673734477
TSKU,-0.05961207750630001,0.37226049214883233,-0.1268037438263097,0.18049636675692676
EPHB2,-0.0314414375706,0.37269719385617994,-0.08284733750659584,0.13792939894211506
HSD17B3,0.062879201919,0.37309279557212494,0.018737599618800296,0.11831266329469073
RPS13,-1.1364851343100002,0.37434382673224675,-1.2302809025055865,0.25056047808870296
INS-IGF2,0.26314311627799997,0.3746463411134424,0.1924426692156903,0.188712498438365
COL6A3,-0.06993462342739999,0.37502935821809624,-0.15434577863472398,0.22507879278676404
H4C5,0.151888241015,0.3751931004527717,0.09767765918738812,0.1444871501160128
MMRN1,0.0358295805705,0.37529959352529313,-0.018857088915980275,0.14571470481167653
KCNAB2,0.0704283215271,0.375582214787023,0.002871613080909746,0.17987195821958407
GPBAR1,-0.052976225803300005,0.3761710034244189,-0.11920407903603704,0.1760578370736746
A2M,-0.025497936057099997,0.37650569154166735,-0.08950440360530637,0.17000132796431544
BRS3,-0.012594216222899999,0.3765834781870682,-0.07137470498975286,0.1560888678649189
ATP5PO,-0.221988681611,0.37678957011617553,-0.30458088560805624,0.21919981482393633
CITED2,0.0506653923706,0.37700852368019483,-0.0006148165780430456,0.13601869912135603
APAF1,0.103731010186,0.37835020642257183,0.037641282356340434,0.1746787148725519
RWDD2B,-0.00582094430592,0.3786563131434315,-0.07240230933889906,0.17583587734283634
OXA1L,-0.47018783436899997,0.37878077334740445,-0.5700461518079222,0.26363090332289824
ATG4D,-0.0363290654636,0.3792050755775676,-0.1062089393056976,0.18427990114758747
DGUOK,-0.039943266143,0.379226708505755,-0.11670185166946254,0.20240817380429224
ALDH3B1,-0.0383986363532,0.37927759007532136,-0.0929728873152299,0.14388999611390674
WFDC12,-0.014785713914700002,0.3799546995186463,-0.06335669152958394,0.12783360141726663
ST18,-0.0542253099658,0.3805480286255226,-0.11139586961594355,0.15023217925115598
BCL2L13,0.0301569543451,0.3815280918380546,-0.0199458247777744,0.13132133699906243
TONSL,-0.47859913239600005,0.38168109366870157,-0.6140322281584031,0.3548331264213959
ZSCAN26,-0.090184162839,0.38206711860192766,-0.1500507472858376,0.1566912763021935
VPS8,0.107761416317,0.38217727618433683,0.014595209476867585,0.24377746309331913
MAGI3,0.04578029498930001,0.38218316994892076,-0.024638103919274023,0.18425300862407293
RNF138,0.0406933913799,0.38315380360455387,-0.01676819010884133,0.14997001451679806
LTC4S,0.08027433423010001,0.38316209443613053,0.014419544759701398,0.17187187988235608
TRIM52,-0.265142042229,0.3833448637140998,-0.3412149479884709,0.19844508942268335
NUTF2,-1.1176834096200001,0.3838528477949023,-1.2674327796045748,0.3901218158073631
POLR2B,-0.805551126865,0.3842944040323992,-0.9194410382536994,0.29636109762112894
OMP,0.0115163341163,0.38502457215669633,-0.059079914288680056,0.183355176552859
PUS10,0.154694562847,0.3852157945187531,0.08345500189611231,0.18493416408298285
SULT1B1,0.0279471872726,0.38570655322454767,-0.030704710360027948,0.1520635237910579
PIAS1,0.0373161407671,0.3857852764867872,-0.021729803106467604,0.15305390711454453
GCH1,0.019248907969900003,0.3859949359661119,-0.055656287527631354,0.1940574565053558
CHST12,0.10479586606499999,0.3862025255840775,0.06128390130384872,0.11266618387682859
ACY1,-0.021086217911099995,0.386404683165045,-0.10531562556492724,0.21798236751144745
EPHA7,-0.0700654059315,0.3866130972242934,-0.13373352489676762,0.1646817436408022
WIPF1,0.17704358617,0.38683165650779877,0.12348252212964997,0.1384609122321668
FMR1,0.0203540731357,0.3870528250090006,-0.025805747532729705,0.11925974359535108
RFC1,-0.431516509736,0.38708449424937824,-0.5242318933953761,0.2395223395325272
TUFT1,0.041285902098599996,0.38724730175693156,-0.013065805736690477,0.14035400011490876
RNF34,-0.200162101211,0.38818368845620754,-0.28867579326416437,0.22802012213645584
THOP1,-0.176847067596,0.3882646800669046,-0.24885617290576248,0.18546396055740658
NCS1,0.037341749555800004,0.38918455219395875,-0.015594248760910062,0.1360177273694261
AQP1,0.08460317162669999,0.3892096913543728,0.025857403331658632,0.1509360367945045
PRKACB,0.00479745458937,0.3893765625785406,-0.057636310463182745,0.16034289439277516
CS,-0.078935159006,0.3894293962294411,-0.1418096907923984,0.16145296784260854
U2AF2,-1.04148551201,0.38943042077297824,-1.1503294930442716,0.2794953224717982
CUL5,0.122949153981,0.38961635117007876,0.05844108788232132,0.16556816957232642
SLC33A1,0.08627763813380002,0.3906794493551319,0.008804937943709389,0.19830247103595947
SRSF2,-0.37015712106700005,0.39087513653699624,-0.5161742491699624,0.3735646360027349
IL37,-0.08188609697589999,0.39096411583107427,-0.1573885547086379,0.19311863845161847
TAS2R16,-0.111655495441,0.3918972219017521,-0.18761824622767184,0.1938333484938956
ZFX,-0.351201549457,0.3919366812434076,-0.4340184510023716,0.21130173701179844
HTRA2,-0.0534122551135,0.39245654211635,-0.11166758609816617,0.14843766056368973
PFDN1,-0.057790964154300004,0.39248456258589903,-0.1461551199380737,0.2251404620899818
ZNF32,0.12293472835000001,0.3926560335546205,0.06723168842478418,0.14186217749145386
DKK4,-0.0522817876485,0.3930106343908341,-0.11271193561554971,0.15376211908544496
INTS4,-0.76567143035,0.3930571984806062,-0.8732463541405034,0.27368770806473686
TRPC4,-0.0780753107261,0.39331058310690803,-0.13911718715215046,0.15520018796305393
CXCL3,0.0508712066961,0.39358991058512505,-0.008529608159892182,0.1509205730596213
GPLD1,0.043046809999400006,0.3939543318105621,-0.037237223040292595,0.20379020246006124
DTX1,0.0069675601088900006,0.39425946092111436,-0.08434859032008496,0.23161435420124518
CCNB2,0.00549428023469,0.3949369509477421,-0.0629915598414168,0.17340955287105767
SF3B1,-1.2200450972299999,0.3951316459963525,-1.365250857580427,0.36748704342392136
NFE2,0.0543205880968,0.3951862026973811,0.0017882483708512437,0.13293060174516283
DHFRP3,0.16482013074899998,0.395210481335879,0.10031028517400564,0.1632290858201433
WRNIP1,-0.104925431539,0.39597588658915045,-0.17574258628530182,0.17884208898755244
ZNF3,0.12997669631,0.3964220302612579,0.06018321860586847,0.1760585244420822
LRRFIP2,0.128488109633,0.396516471657753,0.07996780950532022,0.12236641752819621
PSMB3,-0.8882455096690001,0.3965630748814618,-0.983653134531127,0.24058625450855606
FOXC2,-0.0638771004924,0.39747858390599633,-0.14050756993673796,0.19279144222386851
ZFYVE16,-0.09245483559939999,0.39861863149790727,-0.174806982295517,0.20659382223720607
GPX2,0.147081952647,0.39867908902144533,0.08083141522979481,0.16617509982732379
RAB3D,0.0682476664497,0.39885802184629643,0.010640659259344853,0.14442985733042252
JMJD7-PLA2G4B,0.0596442740846,0.3992662078206278,0.0005341171504671306,0.14804698162857893
PDE4A,0.0709628379527,0.39986078341014064,-0.0015366476733308923,0.18131181809761912
HLA-DRB6,0.0221115928012,0.4000173995311312,-0.05492268705948197,0.19257732276389847
DTD2,0.0456419355676,0.40054535527343266,-0.037569573459859396,0.207745534761363
SNTB1,-0.0023901864982399995,0.4019902378428116,-0.08481377326133914,0.20503877707430512
RPL6,-0.984653035618,0.4021227987591528,-1.067246706935463,0.20539415216527324
MORN4,0.202308633089,0.40216446311681125,0.14282895671549684,0.14789888672044824
ETV5,0.12148606877599999,0.402326816970406,0.05923811200928072,0.1547198798117851
TRA2B,-0.195945002842,0.40354129994048066,-0.3110358638836393,0.28520218638987965
WFDC9,0.00723014461596,0.4036481977613548,-0.05246705286674496,0.147894126156855
DUXB,0.201913171327,0.4036483269302467,0.15175837562612476,0.12425369400711612
PSMD9,-0.0631481079353,0.40381420696133924,-0.12556203635967564,0.15456100193708908
ELMO3,0.113558380223,0.40421296141255897,0.05547713014164203,0.14368972701515495
AIPL1,-0.0204364646013,0.40434113613417305,-0.08559979260019575,0.1611592840192063
SIX6,0.008395311037890001,0.40528140998755185,-0.047431323050275725,0.13774782832965476
H2BC12,0.143238656504,0.4053680428008047,0.08760302656018314,0.13724720271340152
KPNA2,-0.0327254554845,0.40570827950226845,-0.08257666556247138,0.12287451993617163
USF3,-0.0315404681714,0.4060838715398618,-0.10034156522700297,0.1694258301732364
PTS,0.0182141797613,0.4060983313953118,-0.038639786338738415,0.14000049176438148
WARS2,0.0366804454255,0.4064456870019206,-0.03221426418108863,0.16950532828821258
EWSR1,-0.316661650359,0.40660755275618365,-0.39957337051581443,0.20391091998857
POLR2M,-0.0933168306951,0.40741406682106107,-0.1603010471267989,0.16441311649928578
GPR141,0.075383644359,0.40811816588625366,0.004730583680575086,0.17311912721404463
NDC1,-0.0851791409677,0.4081572503816822,-0.15947055621649167,0.18201664965970626
NRIP2,0.146788320758,0.40837578327716295,0.08592298392799662,0.14904247343357852
RPSA,-0.8060686404299999,0.40865179546707137,-0.9048351722179008,0.24168872591154278
PEX3,-0.072222821843,0.4089743456609559,-0.154508292969524,0.20119959112237212
PLD4,0.0296706443271,0.40952683635298315,-0.0347302598265934,0.15725685947033854
MCHR2,-0.023543545984499998,0.4096209881992129,-0.07462958423274743,0.12471538256092123
SYTL2,0.209473574053,0.4101482023862592,0.1474562679721611,0.1512070654461476
FBXW8,0.0560079506193,0.41023392606573666,-0.01301542597388467,0.16825370162614056
AADAT,0.163929281262,0.4103012724876469,0.0818298525409986,0.20009547672917144
EFTUD2,-1.0407789363600002,0.4103051273853833,-1.1414129369900516,0.2452662516584394
VAX2,0.0578463214351,0.4104755867066324,0.0019817704492213293,0.1360971341416345
C1orf87,0.0706690360703,0.4106690028632373,0.02188355532156644,0.11879513771089344
IL23R,0.042745255008899995,0.41115033029650144,-0.02084478521909843,0.15466372161768766
CBX1,0.0979847809378,0.41131955099934925,0.04328943526644581,0.13297531211065802
TPP1,0.038126363982,0.41137680030667845,-0.02131324047709765,0.1444894423185407
SLC13A5,0.12665861793400002,0.4115240979434307,0.05636352203152316,0.17081647527756644
CYP26C1,-0.0929035836331,0.4119162586348814,-0.16486612026665254,0.17470186020828918
SENP7,0.0663116283779,0.41231335561796456,-0.004903490179688467,0.17272086287588986
AURKAP1,0.182802949755,0.4125544544917155,0.09753835113756648,0.2066747739337419
STX8,-0.008982464948600001,0.4125978729883965,-0.10996784631665132,0.24475497325428852
RPS16,-1.1393452608399999,0.41285043743058886,-1.2811316863228004,0.34343290603062177
KCNK2,-0.103139943924,0.4129655489650924,-0.19723433312598107,0.22785045735118883
KCTD10,-0.0838971900788,0.4132254210451552,-0.14778067456161584,0.1545971792375159
TRIP12,-0.013033655644,0.41374169848025233,-0.08593779465691068,0.17620689256292196
TBP,0.014330557296,0.41414106687195323,-0.050570977865993086,0.15671359436097593
NRTN,0.184065547892,0.4147355128339294,0.11495109636390276,0.16664705430174342
TSKS,0.0231152817499,0.414766690158421,-0.0656561104562971,0.21402729368718276
AKR7A3,-0.020392392943400003,0.41509831706824957,-0.08077847975093441,0.1454741788259427
PRDM4,0.0244924444408,0.4154330736178149,-0.03200954495394312,0.13600744134956172
PYGO2,-0.0373934656494,0.4162166030223791,-0.10598329731590095,0.16479359825733098
MTERF1,0.216887997641,0.4170266643366937,0.1325974671224043,0.20212264041356903
SWAP70,0.164030353343,0.4171388445977051,0.10244207137798444,0.14764456190698858
SGCG,0.140516431398,0.41781392154724045,0.07698402075309534,0.15205910422906124
MYH7,0.08949928492,0.41828352724957296,0.029480206109508657,0.14348898510335162
ZBTB21,-0.0521304985915,0.4184398482989516,-0.13254242957113285,0.19217082528474458
TBX1,-0.00581580099031,0.41855183027745496,-0.0660724943970073,0.14396471129215604
KCNJ12,0.0216512395969,0.4185817486213949,-0.04263296680632372,0.15357622881299696
ZNF613,0.208677480515,0.41865476923059763,0.15282269458267705,0.13341490420609015
MCM5,-0.45130492961,0.4188032489809969,-0.5425783410393124,0.21793864219390008
SLC6A2,0.0842393811762,0.4191048503001904,0.024558403004186505,0.1424010677262887
FGF12,0.0982722464565,0.4194922423964081,0.03970149927041146,0.1396229566761353
SLC14A1,0.14336329106100001,0.4197569366705645,0.06128897735916228,0.1955281891297288
KCNH2,0.00423329487166,0.41986766527770825,-0.07937313671562961,0.19912567339995274
PITX3,0.0142692790436,0.4202539355171251,-0.06496392051276477,0.18853648439691068
SLC2A14,0.21192065321800002,0.42112163286296495,0.13962999233992845,0.17166218792088342
MTHFD2,-0.00126444086778,0.4212493460914072,-0.07260802670190676,0.16936189099423757
SSX6P,0.207073595095,0.4216041739983993,0.13204553728933144,0.17795852705659748
PLOD3,0.13411363514799998,0.4220336990366612,0.07486931784269102,0.14037816752676552
MAD2L2,0.00495510941569,0.4225760597960468,-0.06601607213714711,0.16794889324087792
TAF1B,0.04919972164750001,0.4227327598714681,-0.00813595246640496,0.13563101693688911
SLCO1B3,0.022873816351299998,0.42292569422891785,-0.03553730522396733,0.13811201913793164
MEX3D,0.0213781677924,0.4232029487822926,-0.05498826009791436,0.18044871405090182
MSRA,-0.00125732188594,0.4240909032885376,-0.07853845671491616,0.18222775878877223
SAA2,-0.0803369029175,0.42432688578350697,-0.14411144086890273,0.15029577452686024
POLR2I,-1.0398919551399999,0.4253550640405136,-1.1378592770206202,0.2303189268514016
TRIB2,0.0488935156916,0.42566424068167164,-0.01806804070306407,0.15731073929872474
SLC37A4,0.00793597590499,0.4261189280898713,-0.05615625324161298,0.15040925178776735
MICAL3,0.071192570957,0.42616432942859805,0.01618138090710243,0.1290844546366813
HELQ,0.0325901710109,0.4271915088710402,-0.015021188367193107,0.11145202652533512
ARL3,0.109214895047,0.42739856240424917,0.06081758239504126,0.11323695704475203
ART1,0.21944350834100002,0.4275673527690932,0.13429414705152368,0.19914841658984442
CUL4B,-0.169736200191,0.42774724750771376,-0.2398604271028411,0.16393846440958462
SULF1,0.199072249199,0.4278406058563642,0.1417680674633182,0.13393815582553686
MAST2,-0.0531187169551,0.42784683272405083,-0.12566390193102028,0.16955877530758742
SEMA5A,0.17393057835099998,0.42791286701696585,0.08030566255938491,0.21879434578419218
PLA2G4A,0.123136447459,0.42871583651229367,0.07646785660155894,0.10885669919987388
TSLP,0.100408316374,0.42905674247819253,-0.011025379186827286,0.259717852042591
FIBCD1,0.014795181713900001,0.4290775545640158,-0.07510856968338597,0.209527975632836
TFAP2B,0.0376369858856,0.42910900142482655,-0.028935281868400397,0.15514069276792566
NTSR2,0.124965283792,0.42943974396683404,0.04839723126433199,0.1782975460547532
UBE2O,-0.0705452205386,0.42966023340738735,-0.13820880549752163,0.15748160918296017
CAMK2B,-0.005751905233390001,0.4298844003928156,-0.10822494175572649,0.23837347070212286
SLC27A6,0.0626594555788,0.42991930587358274,-0.004750432266711833,0.15679660560610792
GTF2H2B,0.08666730403419999,0.4304149466288477,0.015008480640345124,0.16648776710732394
DUSP18,0.167447604369,0.4305648684318047,0.10895275460509794,0.13585606734927283
NAGLU,0.15032027860400002,0.4309144952464245,0.07577548300165861,0.1729920817811244
HIC2,0.0525411847254,0.43174732825512785,-0.01279050552651896,0.15131926934198234
GPR42,-0.0356535034164,0.43200949208682954,-0.10670834644658828,0.16447518939215106
MR1,0.0796863324113,0.43286544051662634,0.014204285785749683,0.15127575568841273
CEACAM1,0.0924224466978,0.4329131877642814,0.01747102002267315,0.1731326944836281
CCR9,0.017204484280099998,0.4332709651290356,-0.0413289219405577,0.13509653526685184
RASL12,0.0553137390299,0.43336293847778845,-0.01647128728790171,0.16564643614876395
SGPP1,-0.0318002945918,0.4334640452459039,-0.09448172790930791,0.14460584217994085
TAF11,0.0115159263135,0.43399025191880597,-0.07793400667688338,0.20611046583396145
AKR1A1,-0.023966708720900003,0.43500936490014114,-0.11040125849451356,0.19869583679757125
ADGRL4,-0.119308012728,0.435415542388108,-0.19274221772938493,0.1686531550955278
POLR2D,-0.886922808678,0.4355803019304244,-1.0342250115404112,0.33817461948942756
UBL4A,0.0155915660799,0.43608493480176835,-0.04895124869927103,0.1480051467691961
FBXO8,0.167432910929,0.43620356000339927,0.09399925498541248,0.1683472183102203
L3MBTL2,-0.0112352962635,0.43639014471738596,-0.07870301760693978,0.15460413613862217
KLF7,0.0984040372731,0.43673025181743663,0.02640215602212757,0.16486579748331903
MXI1,0.0541381768349,0.43701407569607287,-0.006901550368182592,0.1396745107256762
MAP3K7,0.0430445990181,0.4377527432719873,-0.059382298144735085,0.23398345010300609
CHTF18,-0.117400597949,0.4379822003607916,-0.18567039123550258,0.15587344241447426
ACAT2,-0.04649568734640001,0.43807442961936394,-0.1356117331422196,0.20342672333843168
HS2ST1,0.023677054197,0.43828825879606265,-0.06526484528441341,0.20293014402377238
SLC17A3,0.218730218387,0.4386668056730902,0.14439827285396084,0.1694496701636319
IL4R,0.102844468025,0.43883146954139,0.03179863679674962,0.16189775838660408
MAP3K9,0.164193695244,0.4389062411991274,0.0916843426886987,0.16520465135606152
UBLCP1,0.0746997481504,0.43895634952991897,0.017844708665378753,0.12952321921281615
INMT-MINDY4,0.15722434751199998,0.4389744219525931,0.06370759024782231,0.21303463843794748
HBA2,0.0689276242535,0.43919800332981596,0.007845186136736963,0.13907722178530296
FKBP1A,-0.047645919971799996,0.43953538608479653,-0.14959810182785235,0.23195443434987376
FOXP1,0.10627760092,0.43966552521011937,0.03574415045501027,0.16042524696763816
SMPD1,0.0241237525092,0.4402752149916225,-0.04196499685663572,0.15010781237615944
TGFBR1,0.038545360689199996,0.4403465111369558,-0.019033636803110283,0.130758382401268
CNBD1,0.12541070911,0.4404570208057035,0.058962288913031284,0.15086243846316336
COX4I1,-0.04761404636680001,0.44074406273586914,-0.13855152536366871,0.20632717870862413
ADIPOR1,0.0489300186282,0.4408401731833418,-0.010001671581308349,0.13368039891636452
ALG5,-0.023465366349900003,0.4411663890490848,-0.0996514370366967,0.17269237316789365
NCLN,-0.0587569069137,0.4419197978690143,-0.1571113231953147,0.222561688242732
OCM,0.0193931674455,0.4422728439623255,-0.0580488925580743,0.17510019224732484
UBE2DNL,0.0456529864549,0.4424587201995024,-0.04572357771520519,0.2065199757593295
DARS1,-0.725449812486,0.44245942328934673,-0.8605881701316708,0.3054254255475465
INVS,0.0337104475565,0.4428926859499527,-0.06294261572470373,0.21823133762955307
STON1,0.211651524666,0.44381713944728024,0.14394720591919166,0.15255003182420077
HBA1,0.100828273776,0.4439028704412793,0.04050075803681153,0.13590251326651143
SF3A2,-0.825836391796,0.4443854427964288,-0.9181405449780499,0.20771191918708742
PTGER1,-0.0027002607557600005,0.4445752202833266,-0.0885292047271567,0.19305831736797688
ACAD9,-0.069057696006,0.4448527302582697,-0.14460200217601182,0.16981868612147846
ZCCHC13,0.12680457191800001,0.44515788329055145,0.07395335827958462,0.1187246494384101
ZNF620,0.121198932563,0.4453367086199163,0.057301839573832516,0.1434804087612325
MSMO1,0.043455504823699996,0.44559517815373023,-0.02834725118137544,0.16113898786468353
FCGR1CP,0.222398910875,0.445789055426907,0.1486771107438397,0.1653737327861517
CCNB1IP1,0.16570345110200002,0.44626286854481856,0.10680496314295021,0.1319816012277853
ME2,0.058420448546199995,0.4466650561655487,-0.01632858873175656,0.16734919431497258
PRMT8,-0.07591297663869999,0.4469238206126076,-0.12941403986310826,0.11970958082089532
NRBP2,0.082773602075,0.44695959812919156,0.019871520211574012,0.1407332611867179
PASK,-0.0105025311369,0.44705527732162653,-0.08636635654269952,0.16969674502068463
FAM13B,0.05164846830030001,0.44745619089756444,-0.012442658526977542,0.1432344174269115
UBR1,-0.053965955197900005,0.44768035802857853,-0.13135937245030532,0.17287650857236125
BECN1,0.06652944835249999,0.44789225333076493,-0.017035505107043276,0.18657378607937475
FCGR1BP,-0.007967643919640001,0.4483945877273009,-0.09189126046777464,0.18716465105768465
COX11,-0.149212325537,0.4488732065736752,-0.23638220453291792,0.19419710893706552
SLC39A7,-0.20449282372400002,0.4492285788223732,-0.30502706871905183,0.22379307491655256
MAST1,-0.130706701949,0.4496111414140632,-0.20548183438913603,0.1663106750534745
FAM13A,-0.0303260922787,0.44975721757929993,-0.09571755859244023,0.14539281140543475
CHD8,-0.042902819813,0.4507137603698491,-0.1508731167656123,0.23955402840155898
TDO2,-0.0842587704395,0.4508176049815258,-0.17327172720386397,0.1974478276375468
ZSCAN2,-0.00550948131287,0.45130702393029404,-0.09159512618983609,0.19074740766778386
INMT,0.161416241381,0.4518318796344706,0.06795670424134947,0.20684582330768417
SLC2A3,0.0642630768833,0.4518932910310557,-0.020649072973942258,0.1879030991221483
BGLAP,0.317435131043,0.452108391046332,0.25937700440796857,0.12841638816007203
H2BC21,0.248463548684,0.4533475351199302,0.18064648926011487,0.14959176827981333
PNO1,-0.62198962696,0.45341080561333813,-0.744158922993244,0.26944504745091613
ZKSCAN4,-0.170874246223,0.4534992404237389,-0.2596981812314749,0.19586347030147164
PDIK1L,0.06679988686459999,0.4538198098429308,-0.005648982721664837,0.15964236909653576
ELAVL1,-0.08458347636010001,0.4543871859115102,-0.1711942967483345,0.19061017360005733
ISG15,0.053008178153999996,0.45443795242409146,-0.01013942420057877,0.13895758929845728
CNR2,0.0248316911937,0.4546990799121876,-0.04971095962321237,0.16393842457589358
RNF175,0.0558067421947,0.4549674476936081,-0.022307527468886427,0.17169199699797305
FABP7,0.069351779096,0.4555235314835083,0.005533982254242997,0.14009769513755066
RPL31,-1.04099651248,0.45575304366526553,-1.1359241929503747,0.2082875403462927
SLC27A4,0.238853154221,0.4557911756391318,0.1630462673390284,0.16631933862184062
SMURF2,-0.171744622588,0.45579524312394765,-0.26251279376222075,0.1991424275341494
RDH12,0.0430798344535,0.4565017623804714,-0.015826906825316435,0.1290394608153136
GABARAPL2,0.0578866531422,0.45652566603851746,-0.004182563953792741,0.1359599727099591
ZNF576,0.025649062306,0.45654650254810913,-0.032410100690378786,0.12717031599702316
CLU,-0.0846470392887,0.45792801005285777,-0.15300456932543074,0.14927571263622935
NEU1,0.0938244463493,0.4580003748824186,0.02702589303099864,0.1458482503108221
ACER2,0.0608514237942,0.4580397499494539,-0.031417937273971915,0.20144400366639384
SIX1,0.07024587390489999,0.45816527362140236,-0.008084881224681768,0.17096615487779013
SLC26A1,0.142889468584,0.4583566445715565,0.05097808664266597,0.2005237254218211
ACSS1,-0.20059189017499998,0.45916290786890723,-0.3024467784782812,0.2218273439725693
SAR1B,-0.138714305527,0.4594186487057056,-0.24444081535920337,0.23013108007274133
DUSP26,-0.00764896032367,0.45963754377563465,-0.08723460146349482,0.17314869557016296
KLK10,-0.010113951389,0.45966472188737767,-0.08817394429602471,0.16981941225881192
C1QBP,-0.155377013818,0.45977498343384676,-0.2320453234821014,0.1667518077897611
ELL3,-0.107413653007,0.46063750698555966,-0.23119310466153487,0.2687133587200818
ITGAV,0.027933325880999997,0.46065874614397984,-0.1736463363598493,0.43759000329029935
HIBADH,0.10578904842299999,0.4607916857389759,0.029271971827883818,0.16605567974258265
FOXO3B,-0.00745746435928,0.46180083540936495,-0.07046341667063175,0.13643533636204858
TEC,0.0285464082219,0.46183952706150677,-0.06083542615397632,0.19353439698974195
WDR83,0.0946534216707,0.46194700185081206,0.018365369670470116,0.16514459817809893
ASCL3,0.0291595069232,0.4622060883063272,-0.04136036079045029,0.15257234704990133
FGD5,0.0391944470989,0.46322812650366935,-0.03638696393061274,0.16316239603148114
COL4A6,0.11938853345799999,0.46425909311813446,0.045670493380524514,0.15878642156981368
NCOR1,-0.17219757814,0.4642929252421787,-0.28076801267121637,0.2338403809934972
WWTR1,-0.0571802843821,0.46435661381680005,-0.1554858162828617,0.21170266337488977
ALOX15P1,0.169131302373,0.46446882585011745,0.07903067977323015,0.1939863723574099
INTS4P1,0.024001381824699998,0.4644818765466332,-0.049021451983493426,0.1572135265020659
MPZ,0.0761334462433,0.46496199152174505,0.020306246087916546,0.12006830918086464
SOHLH2,0.100853700353,0.46501306285224625,0.023738444271845092,0.16583460173818299
OAS1,0.104022351199,0.46510150988008836,0.042096590751006045,0.13314461280497572
IFNA6,0.11683532000199999,0.4656907549489841,0.03648279721605725,0.17254480990232512
ATP5MF-PTCD1,-0.213111346432,0.46620739658074095,-0.31204912412302777,0.21221837837978844
MARCHF5,0.0360053900591,0.4669988642651982,-0.04624540310812575,0.17612632376878193
NR2F1,0.013608411595499999,0.46703661025858395,-0.06266016109218832,0.1633031993904305
PLPP1,-0.041329973163199994,0.4671082028649843,-0.15755428607153993,0.248816681435873
G6PC1,0.0987619934376,0.46716699541291906,0.02096218043674775,0.16653533696678774
SSX5,-0.029908912845,0.46718157543035665,-0.10561697268941639,0.1620527517051072
ABCC12,0.0287882880302,0.4674781952844161,-0.04212566069340634,0.15169466605915585
UBXN2A,0.12320490581900001,0.46799137461259926,0.054990389335180224,0.14576020026071507
RFC3,-0.250958137542,0.46803393384152425,-0.34229417707296916,0.19514832777465962
METAP1D,0.12070758427400001,0.4686062458644503,0.054352479521698006,0.1416009823554421
TGM5,0.10076574312000001,0.46892354561874316,0.04427701791214538,0.1204646807259762
TLR8,-0.0605956740438,0.4690674671378823,-0.13559666714572824,0.15989382840716537
HRH2,0.035613764292,0.46949081320032404,-0.026533304745303667,0.1323712142814316
PSMD14,-0.5980748956790001,0.46969902043537665,-0.7330121792320479,0.28728457519023737
FASLG,-0.127652423128,0.4702462039002863,-0.20792715898608866,0.1707078870435934
ZBTB33,0.0525249147757,0.47030214924230607,-0.024706484606521004,0.16421655632798382
SPTLC2,-0.137958316625,0.4708639146560811,-0.21516601786800976,0.163970308277716
AGAP2,0.035893624556199995,0.47157658000518143,-0.030684971408592363,0.14118299930005182
PLAG1,0.0905940326532,0.47241340234224344,0.023545361253994333,0.14192796196461793
TIMM50,-0.017890823907900002,0.4725211248941565,-0.08626811145494767,0.144707366389945
CAMKK1,-0.021270813462200003,0.4727278329311566,-0.12472116136010104,0.21883701506732844
PRRG3,0.131471884059,0.47278310215244773,0.05718363558264732,0.15712966080669824
ACTR1A,-0.461496220321,0.4733094929727879,-0.5866077625476663,0.2643334733069877
AIF1,0.185534917271,0.4736909809282152,0.11520405414270554,0.14847414445273688
ERCC5,-0.0680283555571,0.4742038681803143,-0.147034564463271,0.16660810720364935
H2BC13,0.061557820056999994,0.475353858827625,-0.006278597217151973,0.14270719804706816
PCDH9,-0.0601687101126,0.4754736918570322,-0.15529503661890953,0.20006643508451483
LOXL4,0.0636575272186,0.4756262261829346,-0.002032950347424934,0.13811365721611651
FZD7,-0.0186597690275,0.4757011364141726,-0.08863013306986454,0.14708891504821706
OR1A2,0.203592153942,0.4758161280566647,0.1310273278540484,0.15250602451060657
SCG5,0.151002854787,0.47587806083178985,0.06425291371336238,0.18229447460134418
PRDM10,-0.13192815697899998,0.4759944007979775,-0.22542651227997618,0.19642742676012895
NSDHL,-0.009542503251629999,0.4760205704622109,-0.07239445909633385,0.1320362180644321
EPHA3,0.146723354159,0.4762644964739232,0.07755874793130518,0.14522309922272733
UQCRC1,-0.289131749905,0.4765369962831421,-0.3811534888200215,0.19310513062525217
VHL,-0.0160205431886,0.4767495155642241,-0.09497079131890801,0.1656011082399777
OR6S1,0.127015783527,0.47684919627523503,0.060830495261035324,0.13879710563203476
OSGEP,-0.325729317348,0.4769193282705986,-0.43396912094771617,0.2269562107960996
ETNK1,-0.103041511675,0.4769558289552489,-0.19810804351046357,0.1993193626414058
DHX30,-0.0864999753178,0.47700540846314937,-0.16745734535240683,0.1697200253880583
TRIM32,0.05551064337640001,0.47706137599825255,-0.03558256511063027,0.1909465177230444
ITPR3,0.15165593595000001,0.47727531608144097,0.07354509299533837,0.1636599260904015
NPAS2,0.0206944512719,0.4773128525870428,-0.046834739766883245,0.14147783926783872
DDX42,-0.126963089753,0.4776180016702937,-0.20485629928563773,0.163086837724363
GNB3,-0.0331953270585,0.4778121592151442,-0.13765718810333893,0.2186253719797092
LRFN4,0.167511889195,0.47849150951871455,0.0985132811139199,0.1442002767206499
ABO,0.126890582097,0.4787318084451124,0.0551391931241997,0.14987804801574353
PHF12,-0.0149711393496,0.47916683544673244,-0.09417243343161304,0.16528959899357978
PIP5KL1,0.0883816890687,0.4793401379975277,0.026741760079488343,0.12859329754173346
PNPLA3,0.10260590051400001,0.4794352101455184,0.023664120009137413,0.16465578421097224
E2F8,0.0767608151836,0.47947184647998,0.011650433260216832,0.13579604809205792
PMEPA1,0.098901855539,0.4797508961376193,0.03802380585767695,0.1268951244728052
GPR135,0.03918308423669999,0.4801164711516626,-0.047651161008568754,0.1808607920427686
PHF19,-0.154234886422,0.48022911105252286,-0.24185337356754155,0.18245142813917975
BLOC1S1,0.315183209914,0.4803122194169329,0.23014848933608537,0.17704051061024667
MIB1,0.0199097064971,0.4804770117475639,-0.05552930856968959,0.15700858359988348
BAK1,0.215590079871,0.4806471543765686,0.15667909535065105,0.12256596961810881
CR1,-0.0620530318457,0.48128481865634104,-0.15480738012104564,0.19272236455390132
KRT83,0.123912856667,0.4812985992948437,0.05993565474755005,0.13292621672530047
GLIS1,0.112669097802,0.4822772229974,0.044862865314180704,0.14059596691379483
MSC,0.05509052140819999,0.4822807925676854,-0.015341982157025692,0.14604044915460918
KRT17P1,0.163734517134,0.4829431521945912,0.06575928830537597,0.20287114204519682
PNPO,0.0598583670939,0.4833356815589212,-0.02967783444924471,0.1852464135367787
MT3,0.0891991615516,0.4834811744299959,0.007700039416545145,0.168567312328425
PABPN1,-0.8625083733679999,0.48367544696473636,-0.99948188607866,0.2831930245172161
CLCA4,0.103313902703,0.48385041026001463,0.03335447136446014,0.1445889676955004
PTTG1,0.048967283394800006,0.4842924342515426,-0.014778413097333463,0.13162645538877818
HNRNPH2,0.0870305093955,0.48436001472705975,0.01994785915284184,0.13849749814806597
TPRX1,0.144368954738,0.4844737308579186,0.04877895339283556,0.19730688220368767
OR2S2,0.0821845339657,0.48467610868835853,0.00876090875818896,0.15149008562896096
RABGGTB,-0.00640736462925,0.4850824199548051,-0.0747238549997607,0.14083480983886348
HTR3B,-0.0038379900515599997,0.4853789057409582,-0.0644056495543135,0.12478428457926814
TNKS,-0.024093238192599998,0.485626227056018,-0.09396994036389514,0.14388988542670847
DDX39B,-0.6610862479590001,0.485883699251338,-0.8070349200736324,0.3003777906925336
TNFRSF1B,-0.0949510207312,0.4859607457389782,-0.17288011468239356,0.16036088230272666
EHF,0.0129180660889,0.4864142954925189,-0.06532800164550925,0.16086301011194826
SLC43A1,0.170903337357,0.4867793546249664,0.08928255832464123,0.16767510424767823
CTSG,0.057914297097300005,0.48691101100341233,-0.015325625250247006,0.1504174699122459
CDKN2A-AS1,-0.08230875162769999,0.48745848400339264,-0.16475237438303542,0.1691295268434832
GALNS,0.13608802729900002,0.4876766559476335,0.0566985589093135,0.16279120072995934
GPC3,-0.11195167869599999,0.4885813736271806,-0.20659290721381252,0.1937061738870748
S100A1,-0.08832122973069999,0.4889319990265803,-0.21729887964484437,0.26379465891152004
CMPK1,-0.351442212438,0.48958659379452846,-0.4948577841526359,0.29293198288600425
GH1,0.172344233488,0.48985462158758614,0.09028689469401241,0.16751365645596078
CRK,0.0604950713798,0.4898829351059949,-0.0373698860068039,0.19977212997923488
NUDT13,0.076790959671,0.48989489421753507,0.01157262474245977,0.13312719870801593
AQP8,0.08462773658770001,0.4899437461260354,0.013668576058579329,0.1448312405050412
GHSR,0.167681078984,0.4901403881214937,0.09608019378018161,0.14608240197922703
IL13,-0.192938236677,0.4904501704370494,-0.28919700540577614,0.19626615409879078
GJB3,0.06378463380369999,0.49057225775277513,-0.0038346981059058675,0.137837659673945
SLC7A11,0.124810078387,0.4906792909463999,0.03403984221015241,0.18498892831155375
SOX18,-0.0236543556236,0.4908786992440388,-0.09022138109813052,0.1356078916788299
ZNF263,0.013355771123,0.49176502289372354,-0.06455790068711559,0.15843679030209046
PPP1R1B,0.126983805286,0.49208373943882666,0.04741337347155342,0.16170099809676475
IGFBP4,0.0652209871447,0.4921858962501565,0.0048170909221734075,0.12272577634330654
FOXD4L6,0.095580337399,0.49249630987310156,0.022046988008469295,0.14930741188594404
MRNIP,0.11497092358,0.4926677146133876,0.017607468127092695,0.19762499665583236
RPS29,-0.764720683849,0.49409366532490895,-0.8663873345635307,0.2057639226110622
BTN1A1,0.0125601193679,0.4944143229760949,-0.06531255465271199,0.15750489094220105
GFUS,-0.164084613172,0.4945275768038639,-0.25848729056866365,0.19089466760739413
HTRA3,0.03793426920430001,0.49458111416504874,-0.0250211971462395,0.12729047783561417
SERTAD3,0.076458890844,0.49470289947519885,-0.03797010577380639,0.23130852222454604
GGT5,0.052535607471,0.49490615338905486,-0.02676564563043243,0.16023493051841742
ERGIC1,0.09095045750669999,0.4954011352992099,0.027360930256272124,0.1283596720302657
TTBK2,0.0832679827155,0.4958232244176379,0.012926161441476704,0.14186875041329958
RFX5,0.0355396388736,0.49592049515817044,-0.032596151521297835,0.1373925680832497
PPM1L,0.0344026396916,0.496094289724234,-0.04877915696893144,0.16767336045486442
PAX8,0.0529621059059,0.4962614425283193,-0.06708856739038528,0.24191013648906357
CHD6,0.0816427130762,0.49644561529320347,0.02711320581786337,0.10983984061603849
CBR1,0.049977953163199994,0.4982191888671156,-0.03413127699583085,0.16881973243600693
MLLT3,-0.0264739264511,0.49939329094285545,-0.12327618412904369,0.1938397239882435
HSPA8,-0.113499821253,0.4997942257764776,-0.30635327270687046,0.38586570533954123
IL22,0.0575129378349,0.5000635639879477,-0.05135152303571945,0.2177012458225076
PLD1,-0.00955873881963,0.5007954058158853,-0.09294156354998093,0.16650077808622343
TUBGCP3,-0.350204067263,0.5011400611676368,-0.5147817543429618,0.3284065670114303
TERF1,-0.0033775843689700003,0.5011951593051991,-0.09643529413762578,0.1856716052438746
LHX9,0.0680343775278,0.5015312482088029,-0.002711576164114444,0.14105991190893996
RBM25,-0.7197958597830001,0.5017342738519708,-0.8534090720311357,0.26630274073633686
GAPDH,-0.334509008082,0.5017712431979031,-0.47642203778333053,0.2828241586681737
MLNR,0.08825033705060001,0.5017949432314688,0.018211885985951894,0.1395758407081848
TPTE2,0.055697470972100004,0.5019017860881996,-0.03151523326078542,0.17376448271407322
SFPQ,-1.0423268163700001,0.5020357149040687,-1.2174687719732724,0.3488635377997743
BIVM-ERCC5,0.22376186911999996,0.5020656517077289,0.1436002929621018,0.15966353381322965
SYP,0.0929129998752,0.5025480381404921,-0.0045971150832591545,0.19403143094391956
CD8B2,0.0341815461251,0.5027533957270884,-0.056633215326706496,0.18063480470473803
FGR,0.031999642165,0.5038600752893498,-0.048082528361460576,0.15893732100220898
H1-3,0.039146138091599995,0.5041076119246182,-0.051809803008734744,0.18042961254458473
BSG,0.009275662318450001,0.5052900733983626,-0.07885374533312925,0.17441349492353758
MMP10,0.150535402987,0.5053144533917737,0.06371592877780154,0.17181276653863436
NR1D2,0.107936429452,0.5055248356534126,0.037118225314337144,0.1400884766544205
DHX8,-0.9221964224879999,0.5058169461069664,-1.1200770029189249,0.39120986743112923
CENPX,0.0867618809306,0.5059512299724811,0.021731868444208737,0.12853019942243893
PIK3C3,-0.119950590006,0.5066291203443894,-0.24354171095977997,0.2439479216468388
OR10A2,0.0549459781738,0.5070208623612558,-0.020379171187460354,0.148564201106957
SCUBE3,-0.0524479341036,0.507054238727297,-0.12816159279314693,0.14932063062836778
UNKL,0.11150010681900001,0.5070694345771426,0.000846730092684172,0.21822135033359358
NUP107,0.167905486216,0.5072775019443474,0.052787867726352515,0.22693223738173357
ITGB3,0.0503301400363,0.5075447647076576,-0.04195379332950377,0.18182422474391727
XPNPEP2,0.184912860255,0.5077749949545178,0.11425245790883438,0.13915691605195088
THOC7,-0.0351966522621,0.5078720689102902,-0.14210113530830265,0.21049490529294315
H3-3B,-0.010490635178100002,0.5078929910324875,-0.11252134079895054,0.20089016273572502
NEK1,-0.0632778777046,0.5086037684060976,-0.14059501884071224,0.15201841971878183
S100A6,0.137105354307,0.5090020189383682,0.03633496994081822,0.1979763942319125
CSRP2,0.00632514181982,0.5091359180200884,-0.09062657662802695,0.1904240400576524
CLASP2,0.0439076146398,0.5091937021974142,-0.03300546774322,0.15104876994963465
FUT7,0.172777687301,0.5092385865178124,0.09201843296844331,0.158588246198684
GPER1,-0.0523637023104,0.5095921754064987,-0.12464386975106999,0.14183924112063243
LPCAT1,0.169013043601,0.5097520806943521,0.07220478572358514,0.18991243301164903
HTR7,0.037936959824699995,0.5098061744585662,-0.04471149084963576,0.16211739836637246
SLC40A1,0.109074236328,0.5099358026841199,0.01898852618327268,0.17666088490070384
KCNQ1,0.040157804659800005,0.5099636365924888,-0.04908665596943421,0.1750016162437663
GPT,0.030880011647900003,0.5099837840601225,-0.0422117393223501,0.14332171581681755
SBF2,0.12516428196499998,0.5101949219241861,0.05045220571852884,0.146438298454043
FBH1,0.222494387213,0.5102086927057012,0.11050174537391114,0.2195035941962841
TAS2R14,0.14814559641,0.5102985861291285,0.08775905359547746,0.11833570473432983
FIZ1,0.155015534419,0.5103445457828016,0.06341529957272558,0.17948704576781882
GJC1,-0.028447043889700003,0.5105204209268546,-0.10165324172010348,0.143395239112075
TRPM4,0.17578098031199998,0.5107470605659552,0.09891346125450307,0.15050016924682946
NR0B2,0.123361453297,0.5111293886377609,0.05397640808235185,0.1357484949154852
WNT5A,-0.024238058875500002,0.5113084517095381,-0.09531237681377755,0.13900477823248097
RNF43,-0.024345847140799997,0.5113679242335624,-0.10006046432905154,0.14806289874698833
KRT73,0.12172653417899999,0.5116752870242256,0.0433285760711038,0.15321818367238127
DUOX2,0.0162302551007,0.5123150117383366,-0.08062649393527273,0.18905701924940282
IL21R,0.053123492232200004,0.5124274013198628,-0.0263571493956843,0.15510615049695914
SMO,-0.0505027174814,0.5127749144527698,-0.1419679142479942,0.17837299405374635
DHCR24,0.103454622875,0.5135310010350597,0.00836488382027704,0.1851684491550901
PIK3CG,0.0632255635485,0.5135532897542734,-0.03166594461863051,0.18477441399028813
WEE1,-0.303850199366,0.5135705044230926,-0.45637316931114996,0.29698545502819146
CBX7,-0.016154595142700002,0.5146408092941847,-0.1038353002337931,0.17037262398865086
NDUFA5,-0.26047819397,0.5153673420680555,-0.3459560161677533,0.165858049628736
ACER1,0.0704589207258,0.5154098400934674,0.0005545396797317175,0.13562872806889256
SLC26A11,-0.116866726788,0.5155978339643427,-0.21379840925388843,0.18799862233826212
CLNK,0.0938570330314,0.5157147091483728,0.018847139202489364,0.14544842816831513
HIC1,0.08086842804439999,0.5159447207308099,0.009706353148524872,0.13792577389895103
S1PR4,0.0749512917617,0.5159735589931703,7.297863988040106e-06,0.1452477410740808
USPL1,-0.411841150877,0.5168688077590452,-0.5845013666544803,0.3340503686536474
ADAM19,0.06694744106219999,0.5174201876239668,-0.03840092276395437,0.20360311859868116
IQGAP2,0.033779978174,0.5178576762675751,-0.044474715227352205,0.15111235574485973
TRPM2,0.102667801349,0.5189457663304603,0.029194952101301228,0.14158097823446136
CLN6,0.125510605164,0.5190508639615593,0.04412824179105669,0.1567907290468752
RXRA,-0.109102889055,0.5190584266478167,-0.19194992066443284,0.15961022373622863
PSMC3,-1.0428717818000002,0.5191152956339046,-1.2086986361467538,0.3194412796954062
PCDHGC3,0.020071176055299997,0.5191341996096407,-0.06310660325479268,0.1602240410526558
TRIM5,0.140356591418,0.519362831429014,0.06075791954767569,0.15326216481705196
UCN,0.11523000910700001,0.5194883345567924,0.044188413489581774,0.13675301424819908
ICAM3,0.164766112986,0.5194991892822938,0.06594771742397652,0.1902185751214444
MT1F,0.140942867841,0.5195177350957335,0.056825638987179045,0.16191406601031694
HNF4G,-0.0157126160761,0.5196672651524827,-0.09944393645069993,0.16112486967989254
TSG101,-0.728278404611,0.5199402247288737,-0.8839178234580022,0.2993409846836939
TPH1,0.164766822468,0.520053444901257,0.07186414304638604,0.17864063844294595
PRDX6,0.010294098443399999,0.5202465968494511,-0.09026250544802951,0.1932864232085089
CCT6A,-0.966201670854,0.5206403603668827,-1.0873061306456755,0.23260674548230592
KCNE2,0.0594341792467,0.52147235022287,-0.01971066358233674,0.15177188741687136
PPP5C,-0.117282054836,0.5215347198151666,-0.21550415446631518,0.18833281064226245
STOM,0.053929260858,0.5215444010840478,-0.022655042099859485,0.1468413864642711
TUBG1,-0.17754943037999998,0.5217436702859404,-0.30879547647404665,0.2515527328239892
PGBD3,0.310325641049,0.5220607981975236,0.22856118483785917,0.15661864766219233
ENTPD1,0.101976733405,0.5225410404636639,0.015519951499642594,0.16545452932968122
FOXD4L3,0.22321652010899998,0.5225433972287501,0.1458170526698453,0.14812064959510354
CHST13,0.10460197781,0.5228655473905127,0.025948937892673808,0.15042689331868062
SEMA5B,0.030768508007,0.5229419664053987,-0.07342448791061135,0.19924389819737306
MAFF,-0.176547973457,0.5235711975231743,-0.27934914933833505,0.1963461251643524
TH,0.0695359485317,0.5238490090559347,-0.01922373969274435,0.16943754152442603
ASF1B,-0.0229190652475,0.5238578868855138,-0.1118928825470411,0.16984342419375625
MPST,0.118094228853,0.5242576256280963,0.03622435640261328,0.1561634365400046
WDR86,-0.08593247221650001,0.5248467032910784,-0.17757977722460752,0.1746172824053735
CD226,0.0780341897426,0.525530776902519,-0.01854619291083687,0.1837768345798549
CSE1L,-1.03587467363,0.5260466500691908,-1.193085290138238,0.29885299428778833
BORCS8-MEF2B,0.0504849976358,0.5263084952344437,-0.0461354417119122,0.18358137902500074
CPT1C,-0.116485568356,0.5272995234931876,-0.21750865940838865,0.19158578104365342
CKAP5,-1.12250783993,0.5276512999209333,-1.332456855222592,0.3978934863309389
TNFRSF11B,0.0384654710134,0.5277036956043594,-0.03328227026016222,0.13596217322562468
CSF1R,-0.00367942863201,0.528065955381758,-0.12130207360079368,0.22274233695628037
HOXA6,-0.00277384707696,0.5285393870253642,-0.12317044808912844,0.22779116177086478
HOXD1,0.0464411101702,0.5288646214082925,-0.038001051645156284,0.15966687578854985
SLCO3A1,0.11672801050699999,0.5293069720605145,0.019478538581600497,0.18372981475536126
NFKBIL1,0.19895032936999998,0.5293294932415628,0.11135011498776017,0.16549278946424195
MBD5,-0.0294989413785,0.5296636007450064,-0.10631003788643163,0.14501864277607868
USP9X,-0.13387168036699998,0.5301977129162198,-0.26688766054672286,0.25087995843682875
KCNE3,-0.00232549990279,0.5304316853467561,-0.06725329191248408,0.12240556852716897
COX7B2,0.122778351504,0.5306378456691084,0.05174356032843472,0.13386680153955827
PTBP1,-0.250555108706,0.5309492059128096,-0.3715099042286954,0.22780860047572635
SLC6A18,0.143315417186,0.5311224241261192,0.0750458544897418,0.12853827967927609
ZC3HAV1,0.00447939749211,0.5313197199850231,-0.0763750908747733,0.15217671267530297
LAMB3,0.0862248777633,0.5315986412073433,-0.010132878408455748,0.18126035076559313
QRSL1,0.15681683890599998,0.5320608560752432,0.09547016895663626,0.11530010007104934
OR1E1,0.00368268244728,0.5324280934724167,-0.11024610365267802,0.213979666919774
NHLH2,0.12070236303,0.5325502625546752,0.055571190153449794,0.12230051782175848
IFNA21,0.339999064466,0.5328477057137957,0.254306520226979,0.16081995534583068
DKK1,-0.00615512358951,0.5333559007234672,-0.0985250100046511,0.17318620885200026
VPS26A,0.053462423649500004,0.5335312036648164,-0.029981639280669898,0.1563995926704832
STK32C,0.08388259169939999,0.5338887883192227,0.0018218577800489136,0.15370379696058598
TMEM126B,0.129919109021,0.53411447012613,0.050687086775611526,0.14834277421219838
CCNB3,-0.31250253088,0.5341679376356238,-0.4283022994261816,0.2167853223440247
PLBD2,0.0629632531563,0.534325795293929,-0.014022652271608285,0.1440804582259759
COPS6,-0.804138317736,0.5350260239015204,-0.9674043869328538,0.30515537918377106
POMK,0.027270900564200003,0.5352942306564525,-0.06359480774466963,0.1697490895753489
SSH2,0.0311482786998,0.5354323256157141,-0.07334545111827745,0.19515767879333046
BUD31,-0.6389720594430001,0.5365483478761839,-0.7809748617023832,0.2646598443951453
PCDHAC1,0.0361575821746,0.5369226766084795,-0.06982910148747089,0.1973965494092098
SNX6,-0.0732636826611,0.5372660913777951,-0.15710955013058464,0.15606022567786776
MAP3K5,0.23997961394900003,0.5374918377432714,0.14290110053930874,0.18061393046876378
S100A13,0.15142555323100002,0.5377974870684512,0.06509256339442585,0.1605306679790894
MAOB,0.21711279621500001,0.538259550192512,0.14863217885587277,0.1272260145400759
MNT,0.0658682745476,0.5392958458874533,-0.039665007523031204,0.19568717778081152
MCM7,-0.732218473572,0.5398504024720594,-0.8850173329323414,0.2830392617300118
KCNG2,0.08523754820460001,0.54006363603204,0.0110174415103466,0.1374284468392725
ACTR2,-0.14775952409600002,0.540346668203167,-0.26516469003559673,0.21727748656248416
RNF146,0.145720653087,0.5409535109789475,0.06252034560926316,0.15380306401408084
ADIRF,0.06240186448269999,0.5409759534241387,-0.017923835579631148,0.1484829400528895
LTO1,0.139817257896,0.5416682149053123,0.060620086321268016,0.14620974499782355
KDM1B,0.14807903624500002,0.5424679697547253,0.07490114407787737,0.13489808845342469
MATK,0.074155379996,0.5425510490653374,-0.0008510967297735716,0.13824777752248124
TAOK3,0.033950528401099994,0.5426223100852389,-0.058358541753359486,0.1701166141509348
AKT1,-0.00120664614797,0.5428349045644613,-0.109994595976143,0.2004070646773498
PTPRU,0.13707570203299999,0.5446374788458065,0.02613419328829565,0.20369789640590127
CBX2,-0.04870030276600001,0.5450397455596797,-0.12961439717933607,0.1484554017803758
LRRN2,0.165169144426,0.5452888082833709,0.06064849056983251,0.19167944081817853
PSME1,0.223158986576,0.5463257742901633,0.13221878494838113,0.16645782774165607
PEX12,0.19796354002099997,0.5468205708545123,0.12122446357660237,0.1403368500282973
SLC12A5,0.138380556008,0.5468956748813337,0.042248747979643085,0.17577723219189062
EFNA4,0.06618966133330001,0.5470467617848837,-0.03486052662620268,0.18471947010489548
NTHL1,0.015819946106499998,0.5473030406484483,-0.07362885183935756,0.16343559472989228
KCNJ14,0.06955637269260001,0.5476254462157782,-0.007050054389673137,0.13988836276992192
POLR1B,-0.874757526146,0.5485437058050195,-0.9946024759035758,0.21847839741720557
GTF2E2,-0.240440910595,0.5486694664827947,-0.3566689741833204,0.211836215952369
CCR6,0.0333961216548,0.548839776044052,-0.07413219782530182,0.19591932686648278
GDI2,0.182258918448,0.5489546134056569,0.10880934005551668,0.1337990001337448
NLGN1,0.026215237330099995,0.5492039057633483,-0.05241304293425172,0.14316773686280485
IL4,0.015583312407899999,0.5492515489304328,-0.07573173693615466,0.16625360369374298
POLR2C,-0.526919532506,0.5499309422752038,-0.6781824011081062,0.2750579335948863
EMP2,0.211348418689,0.5508608183051571,0.12824695192118965,0.15085746527315205
TRHDE,0.148419158091,0.5509198618592358,0.044544738380738955,0.18854724053641356
MEF2B,0.182721602229,0.5512091189544165,0.08795250934186401,0.17192947218816446
GRIN3A,-0.038265838337,0.5513312034695783,-0.13484144145782664,0.17516803422891253
CD40LG,-0.113483401633,0.5513870889267029,-0.20469239397831782,0.16541735230482055
PHF1,0.049977027267699994,0.5516620573415385,-0.028754108581605344,0.14271624231093757
ANKEF1,0.160480547902,0.5518050573667057,0.07803351524316282,0.1494133327669856
FOXO3,0.11993812717499999,0.5520133431229677,0.05829960582559218,0.11166128883894946
CRCP,0.12375210425899999,0.5525130208669127,0.056788650607755065,0.12119796479398237
HRK,0.18206349280099998,0.5525653147670136,0.07191302884866452,0.19934378979031617
HTR1A,-0.0875319515771,0.552880240863269,-0.18166215801888827,0.17025424221132057
ZNF2,0.0244838207567,0.5529277777344698,-0.034535286216976865,0.10673926930475061
UGT1A9,0.154500922555,0.5530450294665896,0.06611271873655836,0.15982098944762568
PHF21A,0.118411722353,0.553298636766815,0.010602939265156834,0.1948473679924837
SCHIP1,0.0251143513335,0.5537519560225317,-0.08266974698833864,0.1946432823389485
PAICS,-0.041454795936300005,0.5537675708781631,-0.15668724126408284,0.20808810661311847
SF1,-0.201899495894,0.5546485481790537,-0.32287881665145457,0.21811888114489317
ZNF491,0.0817768126252,0.5546722681771675,0.009535502226635727,0.13024143182058223
RSAD2,0.08643593106139999,0.5549931647930267,0.005504020425909242,0.1458250583422458
RP1,0.153508409183,0.5551214896239168,0.05084653637031512,0.18493586490812333
IL2RG,0.007374797141430001,0.5554040806288978,-0.07196386298524415,0.14284853657689556
CCDC169-SOHLH2,-0.0855240856085,0.5554523146957134,-0.162518271922687,0.13861529473752535
TGS1,-0.014014943180499999,0.5556148159961367,-0.10192345478674773,0.15821844392079526
SLC37A1,0.20881612959399998,0.5564230876871139,0.13237451714926457,0.13738037499932032
MCM2,-0.42793886421599997,0.5565718584384091,-0.5742000428911407,0.26278938911052785
SSBP2,0.154833572266,0.5570511118223391,0.06388164898988533,0.16327392827307033
ZNF675,0.13035775970799998,0.5571918489689469,0.05003755747733391,0.14415178969199607
GABRB2,0.10270251761,0.5572501348607963,0.0179446068671708,0.15210029651047483
AP3S1,0.11129757554099999,0.5582310087031341,0.023498589242877087,0.15728074028365951
CTTN,0.20553444906399998,0.5584344862808298,0.12102614334032454,0.15133074299637228
GLA,0.260412833367,0.5585458243185714,0.16294386951594114,0.17450486532590495
LRP2,0.0946373523912,0.5591409991919087,0.0003844194377056206,0.16856737940825695
DPRXP4,0.169929118351,0.5592101421884142,0.08301680048249914,0.15541978106544704
CDK11B,-0.592415445472,0.5593068694874599,-0.7455172447306602,0.27373488081589326
CLSTN2,0.15377044529300002,0.5601321411469345,0.03717471399785102,0.20815754485433724
NOX1,-0.0116427326685,0.5602532823548525,-0.08029302008561683,0.12253437789523774
OR7D4,0.047560469594900005,0.5602796661789209,-0.04729725774637053,0.16930424762368312
BCL2L12,-0.0230030590851,0.560353865116829,-0.16048575446079558,0.2453497761580204
GCOM1,-0.00215679996314,0.5607075358232377,-0.0690414349896256,0.11928613537944475
RABGEF1,0.131194597129,0.5607348575714097,0.04629048302736897,0.1514157947471965
LCN1,0.0390723916345,0.5626446954743474,-0.04543181931640794,0.1501910737462213
NAGK,0.022317462395299997,0.5630645101976193,-0.061436937864552406,0.1487474325640894
BCL6,-0.022295810422900002,0.5630772594666497,-0.10487145524848214,0.14665064773490996
LEFTY2,0.0575165199095,0.5630859219556088,-0.053018925477667136,0.19630298161828535
KCNC3,0.00640911913922,0.5631435120564097,-0.08269973205814851,0.1582347115604211
VAMP7,-0.0050939375705,0.5635673189462976,-0.07571074557737913,0.1253032346497867
USP17L1,0.21460970453699998,0.5643751594192331,0.09956584117989231,0.20384288967553582
TIAM2,0.060460467868599994,0.5648557757500582,-0.049197589155233847,0.1941346122879271
AP2A1,0.0846349221482,0.5649122098357504,-0.0031196000931236036,0.15534187562849533
SACS,0.055276132813800005,0.5650503763634472,-0.023657509557357657,0.13969310644328567
RPL36A-HNRNPH2,0.0012393220346300002,0.5652216509592267,-0.06501381854684436,0.11721621149691883
TRIM34,0.0729042728177,0.5668507929959815,-0.05098608974351148,0.2185590354498979
FOXP2,-0.08751152679860001,0.5671530817718354,-0.18970907552524116,0.18019394059777855
GLI1,-0.00710193062489,0.5677011086055048,-0.10794302458538746,0.177630609544171
BCLAF1,-0.218990145333,0.5681512852503762,-0.35735236354545824,0.24353059089091733
ADAM8,0.0644301624369,0.568997358067816,-0.04252969584891391,0.18797953412125668
MYBPC3,0.19386645906199998,0.5693713810653888,0.10109616959946345,0.16293458460969332
CFAP20,0.130715396097,0.5700276543080918,0.03657967980539963,0.1651423673573587
BRPF1,0.0316742653028,0.5703932215336776,-0.055095734922055176,0.15212312655390145
ADCY5,0.0700950279424,0.5708391230067273,-0.01623433156206785,0.15123238058693894
HDAC8,-0.0404342519738,0.5717186990821902,-0.14171377931984142,0.17714923004727798
ACYP1,0.0769039018825,0.5721396695102845,-0.002957154724202726,0.1395831487704021
MGAM2,0.170479563472,0.5722246899511955,0.0854347942413448,0.14862128587619766
CCAR2,0.036440470715099996,0.5723915907593061,-0.06035334271403614,0.16910418495270746
HNRNPM,-0.7982022296879999,0.5730284922547599,-0.9805992671674914,0.31830360958456566
MID1,0.164257288925,0.5731620523823966,0.07406668291105664,0.15735620604863576
PLCB1,0.24154079600499997,0.5732002206519582,0.14288964365090032,0.17210592180493892
GMFB,0.235764546141,0.5738780563110676,0.15060332297201684,0.1483960263551565
TAAR5,0.10464066552100001,0.5741063504513446,0.015707147082510635,0.1549077420386878
RAB32,0.09555932816700001,0.5741963495304159,-0.00032342218499700694,0.1669859977870131
FGD4,0.102599547703,0.5746113615284988,0.028222715379041877,0.12943849931214646
LGI1,0.10624898968699999,0.5747057422571357,-0.0057443926021761215,0.19487082528412925
SRC,-0.11038301836100001,0.5748255446936184,-0.1958115020088707,0.148616366194032
KCTD4,0.07722236193030001,0.5750631939370372,9.713243522400043e-05,0.134116094210544
PRKAR2B,-0.040374352914900005,0.575115893091169,-0.12985080275326746,0.15557985949135195
ITGB5,-0.0354561326605,0.5751422387412425,-0.16290594163007638,0.22159702484817195
NUDT5,0.0027710011375,0.5759131410801599,-0.08247583008334151,0.1480202918463641
UBE2T,0.022932991190499998,0.5759920417319155,-0.08335900190131168,0.18453725987638425
DNAJB2,-0.0222876880267,0.5766489588250749,-0.1189689767799213,0.16766056241601457
APBB2,-0.013160264311600002,0.5769527818548595,-0.09324612874115783,0.13880835130404923
MRGPRF,0.143129775667,0.5769683874094345,0.07097851442792681,0.12505236476304973
PIWIL2,0.036025236909599995,0.5772014369161859,-0.07272638691621618,0.18841190764673676
HADHA,-0.0232431779941,0.5773087925872173,-0.13109072505895744,0.18681085140161674
PROCA1,0.168881036326,0.5785955427554733,0.05660053839816941,0.1940569700781167
GPR139,0.073350502165,0.5790160829537553,0.0007461106297000226,0.12539270267748112
PCMTD2,0.15207516407,0.5794845533370303,0.07076726760446624,0.1403107226884869
SRGAP3,-0.0146523174897,0.5796280097834117,-0.11053810575767661,0.16542642289458379
RAB3A,0.054862415539999994,0.5797051118860846,-0.02387032898698378,0.13581516345582131
DVL1,0.0501775230191,0.580013724391317,-0.05401355262764052,0.17963553492821502
SLC17A8,0.241007529152,0.5803995502395854,0.11325529476414921,0.2201108431857251
KCTD5,0.041513819329300004,0.580799994008948,-0.047283215100646904,0.15288745755148694
TUSC3,0.114931700729,0.5809820808957892,0.011672746291156869,0.17773173705914122
TMED5,0.0800828576288,0.581924688419592,0.003947204352520598,0.1308342037919904
MS4A8,0.142202460753,0.5824331804553984,0.06107443243762332,0.13929156345787774
AADAC,0.10971138719000001,0.582987739625429,-0.038545870450053574,0.25430596145179524
CXCL9,-0.0726548712106,0.5837589893028737,-0.17590163392579325,0.1768653924087589
OR13C3,0.0753628409976,0.583852568673627,-0.02884932645780308,0.17849055231896666
PCSK1N,0.08470537921730001,0.5841537427780455,-0.004184529995450374,0.15216868899960967
WHRN,0.0293167526203,0.5843423658421925,-0.1315329283836862,0.2752661631373572
PPP1R9B,0.09345725432320001,0.5845423603953293,0.007441414408478765,0.14715073832553086
USP16,0.0713229490845,0.584600849905115,-0.0011403522547622914,0.123953465601399
HES1,0.13046712450200001,0.5854146522776413,0.039247819597581717,0.15581998938618336
SV2B,0.17147236882599998,0.5854932172199363,0.08059551833895674,0.155214181504183
TCF7L2,0.0357820217738,0.5859933043301854,-0.0813818978431787,0.19994071391464432
SLC1A7,0.154557595758,0.5862681182169365,0.025470048532094138,0.2201851733273677
SYNPR,0.0988161108891,0.58638402239918,0.015260488142041236,0.14249300723643937
ADAM9,0.219324128693,0.5863903496082135,0.13358907225233374,0.14620816406332174
CES1,0.19467037161800002,0.5866371514150144,0.10295697902630005,0.156337511817109
BIRC6,-0.0753957341237,0.5868100398787659,-0.20327651197627022,0.2179253406758177
GFAP,0.25861542558600004,0.5870824458485367,0.1441239917689161,0.19501764126434457
CTSV,0.0900260363547,0.5880854564714131,0.004445000146900951,0.14552483021990725
OGFRL1,0.0398042914051,0.588129824668619,-0.045029570614098784,0.14424342799992898
EXT1,0.07271243138339999,0.5881594654546536,-0.004967518104418452,0.13207293948380308
CYB5R3,0.148128291403,0.588879543881224,0.023693817114047482,0.21130717747270014
TSTD2,0.172554718457,0.5894705890149031,0.08810539555898989,0.1432629964442128
OR52A5,-0.043475604127599994,0.5902171553807897,-0.1692039545668858,0.21302049473328136
RPTOR,-0.162126303616,0.5902502385797336,-0.3057730463189714,0.24336583590142333
GTF2H4,-0.0746171504429,0.5903233951717595,-0.17777767102607347,0.174752553307087
PCDHAC2,0.175609730982,0.5903746710731368,0.08839788377032344,0.1477228808836763
CLK2,0.043902252032900005,0.5907726389475844,-0.03672586972457303,0.13647910624484197
NCF1C,0.221580156318,0.590836005332369,0.10357228564583078,0.19973033059450232
TAS2R31,0.123844216117,0.5914925475149673,0.01341671944332711,0.18669296365205448
RAB11B,0.11416972762800001,0.5917183521659278,0.02899617927174712,0.14394271876896053
ZNF814,0.7131302265459999,0.5917715531832146,0.6146514055680838,0.16641357707748186
ARHGAP25,0.08120322825699999,0.592139150413001,-0.02906013877293702,0.1862119181834731
PPWD1,-0.462953906432,0.5922703673604864,-0.6277004234780627,0.27816099897125085
TARDBP,-0.278301534502,0.5930466886784894,-0.41425672418337606,0.2292487122461313
FOXRED1,0.139360872385,0.593069042245617,0.03669524245063731,0.1731090693009806
ABCA5,0.181455495934,0.5931808262008731,0.08294780718887892,0.16606687943039264
DAPL1,0.101774742186,0.593558435173089,-0.0020142140206909037,0.17485886823666275
FKBP14,0.131812025532,0.5941089102883697,0.051157124885119976,0.13575776974583936
PGM5P4,0.12380354066,0.5942857822834704,0.0639570547220106,0.10070321000787971
PRPF19,-1.17373642802,0.5947067869536344,-1.3608171956320056,0.31457647989914594
MET,0.10674629381100001,0.5947844399283314,0.023698619495867018,0.13962650792468584
TIAM1,0.1797751339,0.5948630981548105,0.08036047091844008,0.16712191979958332
DOC2A,0.252037002869,0.5948710838637599,0.1292796990203828,0.20635950742687575
ADM,0.007374621940979999,0.594947426302459,-0.10272208645420822,0.18505283581009613
HLA-DOB,0.07332620229110001,0.5953354323448414,-0.010448444525291527,0.14071839548744683
FAM239B,0.124981213387,0.5957952417101853,0.05893041666194271,0.11086157139399681
TGFB1,0.102176119607,0.5959322114458483,-0.012970144790209486,0.19322040692823447
DUSP15,0.058300967828000004,0.5964083641514814,-0.04529836063214896,0.173705358085548
FPR2,-0.100004619235,0.596537574688002,-0.2359459368954931,0.22788391449036963
IKZF5,0.18011361019699998,0.5967360145271252,0.05524244374636181,0.2092569635663611
NDUFA9,-0.09925208265730001,0.5972209594845447,-0.22122581764995858,0.20423552297617426
AKR1E2,0.141471560079,0.5973011134071552,0.0664666587610744,0.12557301440487673
IL17RA,-0.0388898997249,0.5976560323432623,-0.13527381760573914,0.16126988211420124
ANKK1,0.0029507207475100005,0.5978426583233942,-0.09474628344020236,0.1634159135811694
RBM7,0.0905088828102,0.5986085745338492,-0.011335330689120038,0.17013490590011773
TOB1,-0.0086947988153,0.5986914026058535,-0.09457778979240042,0.14345118470598983
NUP214,-0.555533455257,0.5990072483471053,-0.734283021914985,0.29840968894988285
SERPINA6,0.0498531157264,0.5991400379565192,-0.03642147368321648,0.14399736946953562
PIK3R1,0.192485809631,0.5991685602494581,0.09604301645736148,0.1609610376310224
ZMIZ2,-0.0455072995194,0.5994449112023453,-0.14498812135648,0.16595490257402454
LEPROTL1,0.0277506552765,0.6004831725869013,-0.07897508664757505,0.1777331102623526
ZNF586,-0.033947375133700004,0.6021153899986075,-0.13885267470926976,0.17422789936628655
EIF3I,-0.890600167122,0.6021229842937329,-1.0357110019225886,0.24099866403671344
KAT7,-0.200176880355,0.6027517766274277,-0.3468941668230951,0.24341244963062766
PPP1R17,-0.017675558953799998,0.6028551269744847,-0.16352858212515659,0.24193710336899846
OR10A4,0.06700352143140001,0.6030486854056505,-0.044576946204987054,0.18502729603221116
RPAP1,-0.36017694666699995,0.6034184001230946,-0.5231490469850293,0.27008142324593315
FCER1G,0.0416808091833,0.6037040829125706,-0.047415824877474984,0.14758328887048142
OR2K2,0.044370532925000004,0.6039144349715225,-0.06129303656285635,0.1749644707413541
GPRC5C,0.0235119208757,0.6040404882675782,-0.08515677988779058,0.179903007950938
CIB3,-0.00231594752828,0.6044797703748347,-0.09771028599988751,0.15781229272975336
THBS3,0.238531514961,0.6047424733005532,0.13306077616062076,0.17440603803589788
EGLN3,-0.144752074098,0.6052630701065936,-0.2632337045893124,0.19575228746476542
SP3,0.029513153193599997,0.6055667498635253,-0.09101470094684548,0.1990331440218745
LAMA3,0.07916957670119999,0.6059442623875186,-0.01655881683224642,0.1579821767042748
DHX35,0.06286755224650001,0.6061762996227337,-0.07186493547664899,0.222266175380005
DNA2,-0.11426614941800001,0.6062423143603192,-0.2419579350511398,0.2106282959939454
CDC23,-0.707129388211,0.6064827101258533,-0.8661030534761305,0.26212398574749357
MYLIP,0.11371672277999999,0.6065779489509141,0.042008598198252395,0.11821749324347827
ATOX1,-0.013778390574600001,0.6071429097388926,-0.10945652153080954,0.1575874961586174
PRSS1,-0.0008721630155850001,0.6074017202936026,-0.07638272712371968,0.12431733659172844
ARL8B,0.047849612283800004,0.6079458110850767,-0.03992078270496268,0.14437206966211003
MED7,-0.36403423836599996,0.6087547510314846,-0.5435370980261981,0.29486892604295145
PEX19,0.00374392818941,0.60883587340504,-0.11258051813153179,0.1910604341862666
UBE2N,0.00226768135895,0.608880051195166,-0.1258346645644167,0.21039011817174103
PFN2,0.37107433454000005,0.6094506468222888,0.20332022988460366,0.27525461746587043
MTMR4,0.023463188673499998,0.6101230831487237,-0.08434182624593257,0.1766938801316488
PIP4K2C,-0.00103797770807,0.6102033959560001,-0.07709260122864389,0.12463815184348459
POU3F2,-0.0320343353202,0.6104406036384983,-0.14867617909369282,0.19107812140649788
CACNA1I,0.116617578703,0.6105327420689807,-0.011871735476425258,0.21045442009219548
CHST3,0.107882706787,0.6107178778200675,0.01836854458026397,0.14657203507166544
PRR15L,-0.0646476134865,0.6109217396382344,-0.2279086718075484,0.26723727071445463
CCR5,0.0705753176848,0.6111351923397077,-0.026656121350461644,0.15909972172117076
ENPP4,0.0711977464714,0.6119222490249334,-0.01719467172962614,0.14445040745270318
TMPRSS13,0.11929130360899999,0.612605191986113,0.011484187875145031,0.17598139412487843
IDUA,0.09252650017930002,0.6132187093427431,0.01574189668771974,0.12521568947868397
ALS2,0.07875273449249999,0.6134573957618518,-0.027107053286271995,0.1725625748586907
POGK,0.062682825376,0.6140435063536178,-0.002294464952334507,0.10581870772348033
DPP7,-0.0102440023816,0.6140988265527229,-0.10897365090740747,0.1607715961289679
PGAM1P5,0.237929112302,0.6141946160936129,0.1299775490613974,0.1757611682225314
ADGRF2P,-0.00123994653644,0.6144134653899691,-0.14613030354528836,0.2358189804920474
IP6K3,0.13020353716,0.6155782264146326,0.04516543880179998,0.13814344742746185
ADAMTS14,0.223166497808,0.6157561889918741,0.11912970078883423,0.1689577772486485
KRT10,0.15764606856399999,0.6160031718267609,0.0684194803899874,0.1448476115949381
CTCF,-0.277876942846,0.6160345787838768,-0.4168659317777668,0.22561881056441194
PSMC5,-1.09975012017,0.6160859416228767,-1.2902178645517821,0.3091577514008147
SLC45A2,0.0609421305846,0.616333957371976,-0.02900575859503959,0.1459401808123211
SLC19A2,0.0557785152379,0.6168113459877838,-0.037414979745091295,0.15108913866321297
EFEMP1,0.317768449175,0.6173174466265577,0.19852697068446054,0.1931607135715279
GHRHR,-0.138134415899,0.6173675385166753,-0.2576307910473361,0.19355791759872143
TUBB8,-0.023396098461899998,0.6175704905022719,-0.14593926086189465,0.19842781396554415
CNTN6,0.13687741098200001,0.6178088076287139,0.04804605318809422,0.1437845441777693
CEP55,0.0258363861256,0.6178958339616968,-0.09190148326597662,0.19054646903295866
CDKAL1,-0.0642936363429,0.6181841258773211,-0.16946159802315697,0.17012400881534057
PIK3AP1,0.144446903263,0.6199853732640381,0.03200042259775251,0.18136957017751934
OR3A3,-0.0400511383006,0.6202357243835787,-0.14792522391980908,0.1739243345365502
XRCC2,0.0613759026149,0.6212369360841841,-0.033265381501741076,0.15234329869886584
ZNF862,0.09663981810410001,0.6216737982160269,0.006351359157414163,0.14523446091146228
TSSK4,0.00425575058924,0.622394482778561,-0.08902234746313172,0.14986973797702946
PDAP1,-0.12331546804099999,0.6225057445508766,-0.22026201310667262,0.15573598463033833
TMOD2,0.184294672771,0.6240441614308222,0.0940851291960453,0.1445563457690563
CCL3,0.058190336272700004,0.6241769938860631,-0.022317525878993143,0.12898242476137947
GRSF1,-0.158279563511,0.6243516537995129,-0.2762557205211133,0.1889578674007916
SLC7A10,0.131880913564,0.6243898035237122,0.0452920823073824,0.138677522867859
OR6A2,-0.184529450773,0.6246157543329791,-0.2922788773240262,0.17250513744420473
RPS5,-0.864486858414,0.6246665435436002,-0.9985595837201254,0.2146308725701227
STX19,0.0829302297425,0.625512514793052,-0.016835037183518177,0.1594936385230039
DMTF1,0.0972827523582,0.6258666561844344,-0.016697785861104313,0.18211632956160523
PSMA6,-0.849192219747,0.6259318611187445,-1.0664901128459285,0.34715902256604464
ALKBH3,-0.0315594349973,0.6260901433256366,-0.12642574248377458,0.15152180320643308
FBLN1,0.031889304002999996,0.6279601574958608,-0.05757047799023158,0.1424609203710846
HTRA1,0.204073342604,0.6279604480244435,0.09408459755465946,0.1751523450168938
SDR42E1,0.33200891290600004,0.6288533340686873,0.2196683132121047,0.17864356219128324
AOPEP,0.100532604061,0.6292133500399585,0.013330367124404338,0.13858929873477388
EIF2D,0.158787598885,0.6294570326275388,0.06076752437848962,0.15572162900038744
ITPK1,0.0693511485872,0.6300780405439564,-0.02433226677313592,0.14868541566606183
CERKL,0.312517951047,0.6306559965100818,0.21809936641706484,0.14971487649753243
H2BC14,0.128295957001,0.6308275764993015,-0.0008906807950296544,0.20478914145277965
SLC30A10,0.231021951589,0.630908110551633,0.14507426412793425,0.1362285347479803
HIP1,-0.09451307861269999,0.6317034187914364,-0.28072043925293216,0.29477022776998857
ACKR4,-0.005761978404239999,0.6336261185361183,-0.09689532529529171,0.14382826753038414
PKN3,-0.0188237240338,0.6336649956467757,-0.11987117465221177,0.15946509798173972
BLZF1,0.0279498255761,0.6337094963331928,-0.06718241093768933,0.15011963220410782
TLE5,0.0788232203302,0.63382071784791,-0.04515831988427772,0.19560979425766895
ATP5F1D,-0.011168853357799999,0.6341797672020819,-0.1333787288849862,0.19270541547921052
RRAGD,-0.00239839372968,0.6343977586130908,-0.14492867845108345,0.224670221144855
ACTL7A,-0.0718587054649,0.6346386683867439,-0.21750617561500726,0.22949668434220089
DEFA4,0.05694968983419999,0.6350581424060199,-0.029688943411802598,0.13642630093326288
NUAK1,0.10980539980799998,0.635246526994268,0.026741898217252088,0.1307578995886386
CYP39A1,0.038763412496,0.635278940355244,-0.06108785460701969,0.15717704579847003
BMAL2,0.08403104105630001,0.635639671676258,-0.010801912245170662,0.14919294299455035
LONP2,0.0197626384631,0.6362163938149352,-0.10383874071434357,0.19427569043968576
PFDN5,-0.032347540512,0.6365436613843958,-0.142794198123944,0.17350994803991537
APOA5,0.0646382913502,0.636644617232668,-0.05272789630316517,0.184351181925524
NIN,0.119678317042,0.6369142688235095,0.019770069672501688,0.15686294413539525
SCD,-0.0148609355211,0.6369865113292363,-0.19992753458346904,0.29053456512945613
ZFAND6,0.07172734827119999,0.6374848012929627,-0.039211362026576636,0.1740256553140843
CALY,0.110612730572,0.6378781606995769,-0.017535675771594712,0.2008979366891181
MDM2,0.129190353865,0.638474104052214,-0.0862264007681362,0.3373930959234637
CSTA,0.119587492482,0.6389551258511303,0.027444020483147414,0.14420961390068107
NEDD8,-0.723778002293,0.6390404452142115,-0.9537418886144837,0.35985810920684047
IKZF3,-0.023253026192200002,0.6394340533275614,-0.11015462362258806,0.13590392469428145
TSN,0.141165675805,0.6397497123954085,0.06024633413200808,0.12648593677362735
CDK5R1,0.226139305925,0.6408527433979294,0.12716598902342516,0.1544400299775554
CAPNS2,-0.100503075846,0.641544109705479,-0.19302769695143615,0.14422176075767024
ZFP64,0.20155263188499997,0.6425064537650425,0.06314900645953768,0.21541203923233274
ALB,0.023841401208099997,0.6429626699677734,-0.07668008624626638,0.1563410943584092
GBX1,0.0643198850904,0.6430623221168726,-0.03847740420361603,0.1598558736198717
CCNI,0.0607161522407,0.6433460829308721,-0.04532107777795903,0.16482144343770377
MANBAL,0.036982300869400006,0.6438315100880188,-0.06545899190275202,0.1591119589007801
CCL8,0.128132697796,0.6441867086335293,0.04906967669412418,0.12273308350243205
GPR180,0.0020382659974200004,0.6456458512667698,-0.11189211723901739,0.17645956062894813
PTTG3P,0.172618254138,0.6462037563012059,0.05959164367991512,0.1749086249591551
WNT7B,-0.09284828347000001,0.6463588940508801,-0.21033693432342454,0.1817699917720573
IL12A,0.141447040048,0.6463600282347921,0.041571547125940245,0.15451990927536083
CKLF-CMTM1,0.128439199491,0.6464294321049389,0.027541000714480783,0.15608540354972542
ESCO1,0.202082671513,0.6465405871073752,0.0985441352996336,0.16014236117271177
TLE1,0.09794211193389998,0.6467446210712968,0.005767567857555052,0.14252077415605385
RHOXF1,0.289770901026,0.6471472330773711,0.16358640596718388,0.19498575997732784
MTREX,-0.625387834064,0.6484183112680362,-0.7835759519509886,0.2439599794423426
PRPF38A,-0.497193831731,0.6485612744743418,-0.6351703008797278,0.2127423800635608
OVCA2,0.0374420959652,0.6487390582497864,-0.06003283086487166,0.15025290305943093
HSF1,-0.0533345353079,0.6487853850776889,-0.15898587547148887,0.16284482140567583
CST7,0.152765252158,0.6491620143815738,0.060460650306180044,0.1421903928555558
SLC25A18,0.0525762710226,0.6493481733517359,-0.03681938967210136,0.13766984241022565
EFEMP2,0.178473164802,0.6494459547287422,0.07742634241408301,0.15558927059622968
TSPOAP1,0.115022412986,0.6501113357453303,0.02008085327652435,0.14603892362625612
ATP1A2,0.05318153714369999,0.6501522168425187,-0.035382227302834524,0.1362200453251498
SUFU,-0.0301252299343,0.6504658675637084,-0.12095525928389757,0.13963842513335478
PRSS22,0.0932009658685,0.651878486450779,-3.984223369141888e-05,0.14303403171019008
WNT1,0.0416003215795,0.652310154567982,-0.04768307990501125,0.13687262241631465
ELP4,-0.0811436707824,0.6525118565678888,-0.19095871560227984,0.16829586116256945
GCSHP3,0.134058871945,0.6525657612330041,0.013447215506808755,0.1848268229860834
DNMT3L,0.0751283609985,0.6530627427240672,-0.012402868623882504,0.13403188376245542
HDAC5,0.11266814039300001,0.6535595658307957,0.0027931139188309417,0.16811784605202357
CXCL13,0.198664595942,0.6540178812122003,0.0947802467582418,0.15884022771856335
UCP3,0.166419014126,0.6541197849981907,0.056920204071255566,0.16739871284438723
UGCG,0.0619892106707,0.6542367214214073,-0.07077924539813546,0.20293641692930375
LSM11,0.131080805575,0.6542830368647113,0.037882272000044105,0.14244375648428573
COX7A2,0.012970336058399999,0.6545504692220598,-0.0915904570989683,0.15974443236079244
MTOR,-0.384961963892,0.6546124263493036,-0.5778436164263236,0.2946501544585732
APOBEC3H,0.28867819458,0.6548314189792832,0.18626325485188028,0.1563989398794559
RFK,0.1565883859,0.6548331693462536,0.07566691348350148,0.12357570783606714
MTMR14,-0.00396082084491,0.6548411864550427,-0.09687355601125684,0.14188590621388114
ARPC4-TTLL3,0.09166931653169999,0.6551133295266106,-0.009844311550202227,0.15495582749820808
INTS3,0.0249960702123,0.6552672271718646,-0.07364106700402101,0.15052963604183167
ADGRD2,-0.22903437053300002,0.6558546899689505,-0.35831414923635285,0.19711649650545796
MERTK,-0.06462602369749999,0.6560378388086565,-0.1562633521626267,0.13968299241936585
RPS6KA3,0.0809263275498,0.6574474537557317,-0.006208347839780922,0.1325348130741335
PPIL4,-0.0574819576653,0.6575278945905069,-0.1533098708237635,0.1457396924858114
WFDC2,0.0559838159742,0.6576497371831483,-0.04946845101915983,0.16034715902880764
TICAM2,0.17220722548700002,0.6579572530256906,0.04264617754064752,0.19691408119684278
PMF1,-0.341775197456,0.6580046063752713,-0.4462547053894258,0.15878233514043116
ADAM2,-0.0158591369786,0.658114793982325,-0.13756139530927292,0.18492557748814484
ARSD,0.0651605055039,0.6584573085598288,-0.031393479870069824,0.1466366674327782
CRACR2A,0.0517264894988,0.6587537349526926,-0.03292526703551227,0.12850288665215903
MCL1,0.28541244987500003,0.6588875601227101,0.04027237745536226,0.3720514504386504
RNF133,0.173086453336,0.6588943277170721,0.048948477076976964,0.18840346780512524
FGF11,0.23487980723299998,0.6591948514058843,0.13391361348223133,0.15316593194779218
KARS1,-0.979625655256,0.6592557750145415,-1.105600623358284,0.19108663568325263
M6PR,0.113513623037,0.6593651604639139,0.020704510475017233,0.14075525691512794
WRN,0.179603329031,0.6598200285151689,-0.033215851338801575,0.3225412554522191
UBE2S,-0.0205238497254,0.6600692553612503,-0.1644082576425477,0.21798380510602786
NSF,-0.43040465742299994,0.6601458585687903,-0.6293768496847049,0.3014064084156806
TBL3,-0.479784471135,0.6618532676920204,-0.6506039706747054,0.25809270404507956
CXADRP3,0.193575821001,0.661919473830913,0.06659087280459199,0.19184349942368706
CCNT1,-0.0416177034329,0.6619962019423501,-0.14177632552567196,0.15129788025807173
MCM8,0.0519597365334,0.6626110620304352,-0.05388681661074781,0.15974160289416667
FEN1,0.205950016459,0.6632316800463474,0.07915500776671155,0.19117755153587937
PTPRK,0.0439012941319,0.663707153866589,-0.04568337675636703,0.13497620202881577
DUS3L,0.125053875537,0.6637846402581304,0.023032063517997303,0.15369715692627173
KCNIP1,0.068310454243,0.6640759120361226,-0.02116309621354425,0.13473391947346725
EIF5AL1,0.053958893897900005,0.6648336302137173,-0.10359094731958511,0.2369763412341809
KIF6,0.10201045989499999,0.66502010187318,0.002772054502395232,0.14922617393531004
PPA1,0.140950876384,0.6651497656808598,0.02202660566730431,0.17879322350051882
COX6B2,0.0964017921278,0.6654805551709385,0.013311897273999939,0.12485698373629744
TIA1,0.08511336555510002,0.6655540202803978,-0.02393960322112634,0.1638529187011482
SMAD2,0.0471016442134,0.665591181139108,-0.05889682640013492,0.15925461997877843
CPM,0.07217085202010001,0.6656155966155627,-0.02046906933026168,0.1391793128367264
DELEC1,0.0219971462671,0.6656510283356335,-0.10932700714719437,0.19728678815783082
SERPINB2,0.0495975340777,0.6661316557919531,-0.056754511917812965,0.1596561956946375
KIF11,-1.0489242299200001,0.6666802648157322,-1.3425345487134386,0.4404064951204026
TMPRSS11D,0.00120342188272,0.6671855020525304,-0.1202045638525482,0.18197035961028607
FGF22,0.132964615191,0.6673868878218571,0.04494379212802379,0.13188875099157066
BDNF,0.06834581654989999,0.6676007659674789,-0.048665892060663456,0.17527198076382
FER,0.0141626334431,0.6676836939995342,-0.12193341169419906,0.20383311193667403
RAB21,0.0386925836268,0.6678999303037678,-0.07461652371373158,0.1696498265675779
RPS6KB2,0.09617000326580001,0.6683601645431534,-0.01789026856074587,0.17065689710054743
KRT20,0.144918330779,0.6684767593919011,0.014652019402217473,0.19487036691489915
TNFSF13,-0.0696993849468,0.6687008412516594,-0.17674933890270136,0.1600864652054686
RNF41,0.05495894717619999,0.6689659254630644,-0.06540741331932878,0.17992898578834202
FARSB,0.0805096472241,0.6692461872565509,-0.051389516071695535,0.1970861632196836
KCNA2,0.06239508006990001,0.6693297067350367,-0.046952557201241765,0.1633688691400463
HTR3C,0.0902177345461,0.6696217022393892,-0.014881983333436783,0.15695387041378137
PTPRH,-0.141810821018,0.6697785582248678,-0.2697332006151783,0.19099204957563057
GPR45,0.116923582715,0.6699022069756126,-0.008083711629668876,0.18660528811964294
RBM3,0.175935607065,0.6707970816615967,0.07322006025751032,0.15312461788452972
RPA3,-0.614929918646,0.670843891449991,-0.8277135489389962,0.3171879970958317
G6PD,0.0850934206351,0.6708495471295558,-0.0009667820697110525,0.1282854003152378
SLC4A1,0.046247109425900004,0.6709316606995801,-0.06559824385570508,0.16670155819593308
OR10A5,0.10845902182299999,0.6710829697807226,-0.006713716048777603,0.1716222033013451
TTL,0.0190260435852,0.6728409299964473,-0.0820316999641479,0.15019559459600876
CTAGE11P,0.182647814753,0.6731693546548825,0.08490768413431868,0.1451939693077536
CRTAC1,0.102943258464,0.6731738789664145,-0.019060328080013875,0.1812363645650321
KCNH8,0.138956195298,0.6734008234021118,0.046958090022371286,0.13661715590254533
EIF2B1,-0.20654522150899998,0.6737267805110647,-0.4184269957008013,0.31449213586414876
SOHLH1,0.128454476224,0.6742559207349044,0.0027910017362760002,0.18637355731449456
FUT6,0.168659023779,0.6746745899736096,0.0378247716076556,0.1939220093889442
MRTO4,-0.728336506317,0.6750744049087766,-0.9151777919350724,0.2767713962482706
NOSIP,0.233137259184,0.6756068804406383,0.10253337611108414,0.1933134295312898
ZNF80,0.16493903941,0.6759095877427154,0.03931445132110033,0.18586004750789034
ATF7IP,0.0444181551661,0.6761173361810568,-0.07482975603728327,0.17637162193908007
STK25,0.0140734315485,0.6764955995824474,-0.08612328218036533,0.1481114049976225
PHF3,-0.100256461338,0.6766187379200708,-0.2170374950026568,0.17259503339154078
PTPRN,0.13552644310599998,0.6766697543997273,0.03405042914439428,0.14996386834464756
KDM4E,0.088669635393,0.6770386589347392,-0.01980995299445833,0.16022657931844161
NOP16,-0.132072981215,0.6775457258528376,-0.27358496338794536,0.20885967806057956
ESYT1,0.156862474606,0.6778546258115135,0.027995249714564116,0.19011041598655273
OR6W1P,0.21449545777100001,0.6780215652954164,0.0939295222594097,0.17782020761988493
LETM1,-0.09902921185630001,0.6784894194208654,-0.21283865581117986,0.16773945281567335
RBFOX2,0.15109934638,0.6787178895568174,0.04563376788012507,0.15538941896572198
NIFK,-0.672330228502,0.679080094666851,-0.850695379665655,0.26265701581366324
PPIAP30,0.0631666563638,0.6792183114786412,-0.050743180290474775,0.16770725218861654
COG2,0.012030714366600002,0.6795535273248786,-0.09833609385247445,0.16241076498203602
RHOH,0.0681989946275,0.6796523999642406,-0.041962220787735816,0.16208464123871533
GTF2F1,-0.21428946629700002,0.6797026128039644,-0.3660402346876205,0.22326053413949062
HNRNPA3,-0.00082693534644,0.6797381534995844,-0.13203061685816667,0.19302091671069763
CHRAC1,0.149530201893,0.6797891485891252,0.05056854473342581,0.1455769886367929
BST2,0.104047240298,0.6806014284146402,-0.052143738184965004,0.22948964248692316
MRGPRX2,0.114602465475,0.6806527984879592,-0.00026948282967867204,0.16876731949073262
NEK6,0.09871036066910001,0.6810198306559668,-0.022939137636023316,0.1786284228874055
HCAR2,0.11337083342399999,0.6812841537604645,0.026313186687585133,0.1277846347311695
SLC16A14,0.230936432212,0.6822530847648798,0.10283637840355583,0.18776031456507142
USP33,0.101728034184,0.6825744199591176,0.027395270923928183,0.1089005990944166
GLE1,-0.0348722036096,0.6828551102084867,-0.1631384547314496,0.18783816537989714
ASH1L,0.000596765289035,0.6835781278511597,-0.1201267632799735,0.17660531203434657
FAU,-0.449724152865,0.6839963368491816,-0.6317192844874345,0.26607617880059453
ZNF790,0.20688412537700002,0.6843675834362107,0.11826724648517599,0.12948725368738032
CRELD2,0.246384665828,0.6844143009087521,0.14475553418449846,0.14849066056708685
TARDBPP3,0.217720924579,0.6844563835696585,0.07989618426711434,0.20136380289578956
MYH2,0.153154394615,0.6845465557449951,0.047350384045956206,0.15456072297945725
EFNA1,0.146627200492,0.685014229425223,0.01611191653287924,0.1905293034111607
NCOA5,0.06443883984040001,0.6851465413739446,-0.04970588708366344,0.16659899748623946
MKNK1,0.101064835374,0.6851630852317745,0.008617676674707883,0.13492723220489825
TCAP,0.122657871742,0.6855414628928493,0.0021942007145999472,0.17572047432268678
PHKA2,0.0668821811656,0.6859781537992734,-0.025040250989789695,0.13400198190901494
SDF2L1,0.0892509393137,0.6860391888888603,-0.007255722261772912,0.14067222855268577
RHBDD3,0.0832022100475,0.6861094192650699,-0.030249484405666133,0.1653551041096194
USP47,-0.0542673102158,0.6864771980980591,-0.18070627322232297,0.18418523347437088
TRIM39,0.0884636737935,0.6866831543657823,-0.006918053390996502,0.13890209273094906
INHBE,0.100947314947,0.6868250400477969,-0.012252276493702955,0.16481576069623974
SDHD,0.0104160931905,0.6870489567763113,-0.11602560801116886,0.1840359408956
C1QA,0.12088474094599999,0.6872396409337597,0.011444504523872943,0.15924610558469746
ARHGEF28,0.06517576718330001,0.6874338334896914,-0.023849369869291266,0.12950357214841138
GRK2,-0.00133022011354,0.6876026130539429,-0.12774231772328132,0.1838447021722185
DDC,-0.0814136823941,0.6878161356694619,-0.23887401604374311,0.2289279437976322
ZSCAN29,0.0098317984745,0.6878463716261476,-0.10817778028180113,0.17156386022261477
CHD1,-0.00870792732127,0.6896805834826032,-0.12992953812517058,0.17576485942489684
MTG2,0.255834802944,0.6902170428765517,0.12535432482362605,0.1890426779040154
OR1S1,0.163360470782,0.6906959537352684,0.04407531712450942,0.17270284126090377
ENTPD2,0.157362578715,0.6908855560798735,0.019766200417225425,0.19915943688055193
POLR1E,0.07154147961110001,0.690885890412736,-0.08059385524968186,0.22020327375609894
CDK14,0.13562539256699999,0.6909028296136314,0.03842305219909991,0.14068887287993573
NMNAT1,0.0728454085657,0.6917387806282417,-0.04746023349565363,0.1739177351775641
ALG10,0.0605776671689,0.6921529380739788,-0.04598558594044069,0.15395911401585496
PCDHB8,-0.06525033176530001,0.6921677575899409,-0.19070717153193378,0.18125207132366578
TMPRSS2,0.145336003398,0.6921728308252234,0.0033234295808377778,0.20516924024286215
CANX,0.0992484581994,0.6922363477283089,0.001523795565106106,0.14117239430578005
GNA15,0.14562542180500002,0.6924364022514634,0.06511038074511885,0.11627788602402439
TASP1,0.050291697594,0.6925437780083936,-0.05489362427658173,0.15188255993443767
DUSP8,0.165908362717,0.6928902807446189,0.06762410413661164,0.14184678485425795
SNX21,0.16188471421199999,0.6930674982003424,0.07461298942509872,0.12592096009914744
RRAGA,0.113264367204,0.6933730266293144,0.029368003791254708,0.12099744320973896
RNF40,-0.185040967749,0.6938306158796682,-0.35038136548858456,0.2383008099605967
TREML1,0.04872362769309999,0.6939215417958384,-0.05131577236857014,0.14416528964178368
PARS2,0.120511123928,0.6942038487553229,0.006661723569199964,0.16399995557922506
SLC25A24,0.200522456037,0.6944229963982693,0.10584178267384596,0.1363443806645658
HMGB2,0.12151042175599999,0.6946372876682538,0.0030931917409207014,0.1704734717201551
EZH2,0.101862857204,0.6946946392534212,-0.04513908471559959,0.21160655864219788
ZNF189,0.0657381772192,0.6954534187055472,-0.0772279412912093,0.20557252961170747
CSF3R,0.049344904237099994,0.6959370642966853,-0.05939079397130892,0.15624357975285785
TRAF3IP3,0.183300908838,0.6964270336505557,0.09034328120729608,0.1334779138934848
B3GNT5,0.171151621584,0.6966826642195765,0.07361381732947242,0.1400032026974424
LRP10,0.0978336392162,0.6977273887564533,-0.0014362868313512768,0.1422760918479612
TESK1,0.0530469324293,0.6978935443967074,-0.04368603042498827,0.13860704634817747
RPP38,-0.284868075038,0.6992767318974716,-0.47485207223656317,0.27168642760791695
B4GALNT2,0.150162229576,0.6998907783788724,0.020168406470477313,0.1857344418890929
PSMD8,-0.287582995877,0.7000851677032669,-0.44138939330692456,0.21969669481001755
SEPTIN3,0.0915931016374,0.7007619348191245,-0.02124903230723812,0.16102777325335757
GJA1,0.19004189114999998,0.7011384625280729,0.062292751054782124,0.18220244206058356
MED12L,0.169868683556,0.7013114440966279,0.05002501504666301,0.17088508895460816
TYMS,0.039369663448099994,0.7015058389655818,-0.22760658877365358,0.3805759516063733
HLA-DPB1,0.14456050211100002,0.7015801617211325,0.005884578275972404,0.19766226498597775
LIG3,0.0380549300823,0.7019426972908045,-0.09530869464567937,0.1899921820437841
SF3A3,-0.468944760904,0.7026042623385794,-0.5869753690659577,0.1679901681340494
DNAJA4,0.151585967503,0.7027170128293445,0.02582702513369876,0.1789610043208701
HERC5,0.051264932656399996,0.7027395497498244,-0.06534370768971942,0.16593436414334747
CCNJ,0.115437284416,0.7040308149980281,-0.009879648343767002,0.17799921550325604
SALL4,0.023924679869499997,0.7041703302649531,-0.06718911340658269,0.12939169595770947
CYB5A,0.10040316706499999,0.7055275218632894,-0.014105336786421873,0.1623019659800178
PI4KAP1,-0.198940193718,0.707847942374286,-0.3633430720740775,0.23225733736631649
SUGT1,0.050754109822,0.708665455823684,-0.0684001372934698,0.16813892385508825
KRTAP23-1,0.13336768943,0.7087110722547106,0.004128880594560902,0.18235754159205614
PDIA2,0.10834851181399999,0.7088844839368044,-0.00651487650242449,0.16203399978305114
OSCAR,-0.0480796992703,0.7099538829803748,-0.17436197070205256,0.17787390767076539
VENTX,0.141274158594,0.7100949095628133,0.025265126014361466,0.1633711649208445
EYS,0.0440329069156,0.7102439360082364,-0.06956529542082039,0.15994251633442041
MTF2,-0.0102757907346,0.7102564456948559,-0.11115977590292558,0.14203881679613492
ARSL,0.126824055437,0.7106743805000866,0.03992239039846899,0.122280565365787
PGA5,0.10907246278100001,0.7108132743927432,-0.0017197398758414884,0.15586681713491168
CYP4F11,0.141833209351,0.7110206698839914,0.03265255787443567,0.15355482069793838
ZNF256,-0.0319278284579,0.7111566389412028,-0.14841179859652837,0.16379509627028743
COX6A1,0.0489024702886,0.7114161977709828,-0.0544715454597671,0.14530736869958785
TINF2,0.037280302463699996,0.7123303738289449,-0.10007701369149306,0.19282810505028006
CALML4,0.141282164607,0.7132968436537057,0.04500158618827933,0.1349796782017773
KRT38,0.210670759575,0.7134801333287079,0.08713205397075295,0.17314946812587909
DPF1,0.117201884508,0.7138254404548938,0.01640458743000086,0.14120720748445847
SLC2A6,0.223173674667,0.7153292644140684,0.1240940402426771,0.13850913048479818
APOE,0.0073294913762499995,0.7160807579666412,-0.12267953489038004,0.18155637450138906
HINT3,-0.13865298709499999,0.7162694704151237,-0.30243790494479433,0.2286638264155955
ZNF101,0.14384089144099999,0.7164052855733303,0.02972432337513798,0.1592905166445498
SH2B3,0.110007990111,0.7166333372162549,-0.017971639617152396,0.1785845328174185
RAC1,-0.0361640262056,0.7166899666368082,-0.2499758905521041,0.2983324370366915
ADGRG2,0.08343905895789999,0.7170573580531968,-0.016470589731909784,0.13933285471201834
TAF9,0.171452979815,0.718250144812259,0.06514347798736563,0.148011807022221
SSTR4,0.17363925589499998,0.7184455410309992,0.0564592072052341,0.1631022005114092
SLC2A11,0.023446847476900002,0.7186222640082199,-0.10506524478710093,0.1788312145343314
CCDC28A,0.24266778545899997,0.7190053968834135,0.13976670485796217,0.14311586678913787
ADAMDEC1,-0.11207906485500001,0.7192955846507764,-0.2629876874602579,0.2098005685361258
ATP6V0B,-0.032071949943499996,0.7195444874135573,-0.20165187895999942,0.23567678160674113
EPHX2,0.147966164533,0.7197855235471694,0.03984369008770839,0.15021484999094464
NECAB1,0.139833967652,0.720066123765493,0.03186265414910673,0.14994638678219052
NUP35,0.213648686674,0.720112545532256,0.0818251053363904,0.18305969275979628
BCL7B,0.101348377881,0.7214661067266788,-0.06634196946916117,0.23242997250554032
SSH3,-0.11596485739399999,0.7220704411110875,-0.22555715552561137,0.15177507884546
EIF3G,-1.12014596756,0.722095667445825,-1.3357332613055064,0.2985577998384552
SOX2,0.0376551601048,0.7221858152412315,-0.08252468530068864,0.16641125160474804
RPS4Y1,0.255316609697,0.7223614768988209,0.14988787555613614,0.1459501060237615
CCL22,0.156851321227,0.722433827920762,0.04612104606999756,0.15327393441098322
TRPM5,0.140955203837,0.7227422192132862,0.02562217142202986,0.15957699626363542
UFD1,-0.108035626805,0.7243918698279346,-0.26643976322393703,0.2186718860560416
EPS15L1,0.0457095639994,0.7244882810574752,-0.06925332037908673,0.1586814961460591
PTPDC1,0.08123653989110001,0.7250034833157791,-0.01858287899286151,0.13768129558142364
TPMT,0.0807623583972,0.7252629085812048,-0.004134752491389023,0.11705701461373359
LYZL2,0.123749544101,0.725777613105508,0.004106385502239227,0.16484823510444646
TNFRSF6B,0.14387663788399999,0.7258764490764105,0.06971267309441868,0.10217160907196525
GPX1,0.137710270842,0.7258882175818067,-0.0012776369575698296,0.19147288030461254
TRIP6,0.0680440688882,0.726303862294878,-0.052625371107695725,0.16614181234644756
CSF3,0.285135621783,0.7264490435080742,0.11910975760186768,0.2285444046830616
MMP14,0.0554093690442,0.7267374407038258,-0.04864330114462767,0.1431778030977122
GUCY2D,0.0424707027871,0.7268183473479696,-0.08932147467923063,0.18132753245321442
ZNF510,0.17999798974,0.7270459859304328,0.07936910231667178,0.1384078715386194
SLC25A5,0.16793628238699998,0.7275029033268041,-0.0035939110535408284,0.23577939367135023
PARP9,0.0819852178841,0.7275079651488593,-0.057529628125327796,0.1917708845715262
DGKB,0.0880554600657,0.7280601917078157,-0.028817721086809123,0.16052681149666886
B4GALNT1,0.139601863648,0.7288847261488209,0.01193628667475818,0.1751519443242875
TARBP2,0.0550992962436,0.7291938369626898,-0.0633284394918693,0.16240912872872898
DHRS4L1,0.214781724575,0.7292120688275967,0.10559706362040505,0.14972964055592014
PSMB9,0.110586891985,0.729686197872925,0.012830049317275948,0.1339710727058982
SEC1P,0.24478116391999996,0.7296899264424064,0.1243241423200407,0.1650797376184784
BCL7C,0.274408982153,0.7301074625555044,0.1836759542854281,0.12427352481782665
NDUFC2,0.017916938945599998,0.730443266717567,-0.06405368656926635,0.1122203862364592
UGT2B10,0.19057991300000002,0.7305776746230899,-0.022338258479519587,0.2914381028538349
PER2,0.0620821114301,0.7311259527016549,-0.03502486660003279,0.13281839835024775
EPHA2,0.119742974963,0.7316270435877368,-0.008738981093447352,0.1756112724133328
CHST14,0.100233161136,0.7321052327539637,-0.011356610860001774,0.15242313127066995
RPS6KA5,-0.017780454836,0.7322304584793297,-0.13279958430805155,0.15708050401361237
MRPL38,-0.21483790241599998,0.7325142064501436,-0.4282777332170905,0.29137978338392495
ADAMTS10,0.0149320760534,0.7338009019496735,-0.1065991561478663,0.16561881005919138
PRKAB1,0.0841234294509,0.7340569502014478,-0.0279433652402422,0.15266771149076053
FOXI2,0.110009685484,0.7346205416932463,-0.034469063957139286,0.19667126256519643
GNL3,-0.358795581098,0.7350281964070234,-0.534222356428601,0.2386667289610453
GNS,0.184383567227,0.7354033387742072,0.05709930061099268,0.1730808930350638
ADH4,-0.045587383935599995,0.7355211785440319,-0.23856297640570817,0.2623657864646459
ZFP1,0.119461502404,0.7355562300402728,0.03847296202056475,0.11010516541883006
ENTPD7,-0.0658795275531,0.7363507193715761,-0.1751165299897422,0.1483491487994584
SLC17A7,0.23679187702399998,0.7369027016571104,0.06817184302108864,0.228822656809002
HSPG2,-0.0169710957325,0.7370457832669268,-0.16422354192143374,0.19978738028490303
MBTPS2,0.0325110527184,0.7375370762026413,-0.05922644284154964,0.12438357137552823
JARID2,-0.0230670939346,0.7388076939480832,-0.11108507677364927,0.11913517355063494
FEZ2,0.10830373457499999,0.739723144140595,-0.023401540579178617,0.17804671409489672
MMP2,-0.0082237278345,0.739744403244577,-0.10851131992666078,0.13557059932091617
FSTL5,0.029530290178900003,0.7399676665240553,-0.0938272966786979,0.16670672576419623
THRAP3,-0.169842019798,0.7410642046418727,-0.3153071907277334,0.19629226458189408
CEP43,0.051146428190900005,0.7437135283990958,-0.07949059320108108,0.17565502899105245
NDST3,0.143037099657,0.7442804084593252,-0.0004401495934341408,0.19277311026825875
ANKFY1,0.0821224695834,0.7447305349049513,-0.024851669896093918,0.1436414037906299
RPTN,0.208527933909,0.7449148433934942,0.09455185171099252,0.15300551896480427
NRG1,0.04418335528199999,0.745275030205561,-0.053713030315524886,0.1313560519671821
UBL3,0.138769002913,0.7454193256135812,0.020277320662502703,0.15895976691101024
NCF4,0.113295026063,0.7469093776517821,-0.03364022510467369,0.19672433572815126
MED21,-0.142756977096,0.7471871463499419,-0.2822743457685532,0.18672345924860284
KRT6B,0.167883946613,0.7473174071743329,0.05557640966878094,0.1502809058989578
CRLF1,0.22127392734200002,0.7473191348757239,0.11514332991101037,0.1420150943259853
GPS1,-0.652426194783,0.7473669861384925,-0.8649624426992742,0.28438003264555456
HSP90AB1,-0.0590580638118,0.7473764649204029,-0.20147485072304955,0.19055562169249898
ZNF585A,0.149046069593,0.7477940855457891,0.041554582362364485,0.14374476785568746
NANS,0.16408917806,0.7482181296264616,0.044872065333518396,0.15933470201530567
CETN1,0.07501198412539999,0.7482726348811097,-0.05417960962247999,0.17265310493201017
CHST11,0.160515309598,0.748311175376073,0.02006826046718138,0.18768535570811867
USP20,0.0740560085078,0.7483713203796681,-0.04122664306524697,0.15404472142860992
SLC25A33,0.381816116606,0.7486644214057039,0.26363200355387806,0.15785992986045422
H2BP1,-0.005196763377470001,0.7487990905596125,-0.1274128904497644,0.1632161798980773
KIR3DX1,0.102554533813,0.7490920701416828,-0.010432593953394503,0.15083209697444028
ST6GALNAC4,0.161845522558,0.7492521006780491,0.04224226892263149,0.1596301879262419
ADORA2B,0.109305407288,0.7498481764584103,0.017622727903990908,0.1222683234585344
BCAR1,-0.00889285982558,0.750293808478045,-0.16007447161261146,0.2014965471908933
CHST2,0.05575677227419999,0.7504472325059154,-0.03122030503106974,0.11590032388397693
IRF3,0.0490501130521,0.7505916706386517,-0.06622262675704287,0.15357583133191632
PPFIBP1,0.0760554678942,0.7510647820658565,-0.09359065376542297,0.2258741532161838
PABPC4,-0.0412555318406,0.7512573979830887,-0.14821368795339104,0.14237218348856615
KRTAP10-4,0.193823975319,0.7514282229243319,0.08722758479444588,0.14185838017863256
GABRR1,0.11571888574400001,0.7515954071804638,0.015408282699104088,0.13346356575168716
SLC30A7,0.048163053138800004,0.7516411790222761,-0.06719902539073444,0.15348025327669748
DIABLO,-0.170529787691,0.7522846285198699,-0.312765582333534,0.18907178114536896
ADAT3,0.113095513166,0.752621014259596,-0.02478135687470574,0.18319561562647102
CACNA1B,-0.0568279478534,0.7529187703309489,-0.19218981035059854,0.17978282363408155
KLF10,0.107990379727,0.7539403474975449,-0.02296507694274542,0.1736947188254464
MS4A7,0.046529369567,0.7540281143338414,-0.11098715157019341,0.2089000637281993
HBD,0.104737631968,0.7542100995915363,0.0018781062602073767,0.13638046714502908
ZNF396,0.083093977158,0.7544685883202151,-0.04815306111522229,0.17395957937153747
RACGAP1,-0.34253849219899996,0.7545977632455988,-0.5597374547410963,0.28783409270642724
CYP51A1,0.06552159472630001,0.7547046988928954,-0.04182246848539283,0.14223319845385868
CTNS,0.199218754263,0.7548202453803508,0.08787655201974179,0.1475082351390209
SP4,0.0650746001023,0.7548968030116121,-0.03302999206252732,0.12995762039717929
PTGFR,0.046780201475400005,0.7554356205254874,-0.07997417390364042,0.16778977842065354
MED8,-0.414788016857,0.7554783824394774,-0.6351723182215474,0.2917149007664726
CDK11A,-0.37037227017700003,0.7563469757916468,-0.5510633184657499,0.23889967709545698
MIA2,0.0999024263547,0.7571245700902035,0.0037577769611860682,0.12698656626882324
TINAG,0.23885798812800002,0.7571468421588272,0.12764455757121163,0.14688488991077253
TRAPPC10,0.134924453089,0.7581330035934865,-0.00708678322933365,0.18731704812376243
EGFL7,0.127297363686,0.7588877365900114,-0.016178407253956875,0.18906060016815054
ACAD8,0.11584414919399999,0.759157428266728,0.015879102488538493,0.1316789416573278
MSH3,0.129767350146,0.7592162373909375,0.0009094162317475747,0.16972494471018615
CAPN2,0.115554316699,0.759727423476964,-0.03087570936374828,0.1927402138422192
COX5B,-0.181953447215,0.7599587781287108,-0.32665683356392616,0.19040952024429197
DLX1,0.046625927973,0.7601355485461628,-0.09556217642814946,0.18705624894546607
URI1,-0.185070643792,0.7613457409056844,-0.4362922784364029,0.3299704997962604
RFC2,-0.18877006836500002,0.7616935883329425,-0.33484670376320236,0.1917787383741913
SHC1,0.0789351363739,0.7621124851030526,-0.037360470524733326,0.15259638068113773
GALNT9,0.10832467053099999,0.7624035341832991,-0.021141697144995898,0.16981344113873068
CASP6,-0.0244574978918,0.7624834031491204,-0.14877597392344855,0.16304417318226574
PILRA,-0.025672035600299997,0.7627634023577883,-0.13119213610852715,0.1383392283662962
KIF17,0.106422109761,0.7628654437125468,-0.006432491877464981,0.14793513399853173
SEPHS2,0.22567537245799998,0.7632490611128528,0.08960299206188181,0.17828044255661224
AGMAT,0.0537750343788,0.7633313836605872,-0.0531399941082865,0.14006371384125604
DUSP23,0.035210348892000004,0.7640162085899238,-0.06293205420936318,0.12845591755506838
LTBR,0.23975917306400002,0.766021636304042,0.13145653802398058,0.14138325852330494
PTPRE,0.047479338552900006,0.7665214440005002,-0.07516831661224763,0.16000551077220432
B3GNT6,0.23437929215300002,0.7668869757718153,0.08539143891744976,0.194276155342976
MTSS1,0.09784735476780002,0.767185409631349,-0.017405192472139064,0.15022776214594682
ERBB2,-0.0124899694261,0.7672890413915433,-0.1955605441102859,0.23859401712837183
AKAP17A,-0.0262235270395,0.7678022819892019,-0.14061701775852767,0.14898821402648094
RAD23A,0.11348949865800001,0.7684830396194937,-0.0019305570616185953,0.15019206640756527
PPP1R9A,-0.19165524218899999,0.7688583537031464,-0.3217425418680096,0.16919540387700058
APBA2,0.126267730361,0.7690904371579509,-0.021287048103119984,0.19185621265736286
FBXL9P,0.0589292212258,0.7698043267299995,-0.1388440547675653,0.25691369758010224
PLSCR4,0.268608091541,0.7698872806136635,0.14454813168638087,0.16114042013492308
SLC8A2,0.09022256054639999,0.7699026308880942,-0.022908663070762402,0.1469422483810243
NECAB2,0.229195345433,0.7705539632202117,0.11650885798355282,0.14624087711978093
TRPC5,0.112727474371,0.7708457549450535,0.008575760475056234,0.1351135596554823
DCC,0.14383678224000002,0.7710891867247198,0.04862673715003101,0.12347475068919511
SCYL2,-0.0268845210838,0.7711725548533249,-0.14802803376127247,0.15709002079374265
GPR34,-0.056559124930300006,0.771295824407992,-0.2082808280315069,0.19671013157326617
OR10H2,0.120826321218,0.7714954720387691,0.004025146564057848,0.15139580060694466
ZNF688,-0.00815761521992,0.7717179895785452,-0.1621306974693513,0.1995198820407438
AICDA,0.14249106701,0.7720370556344157,0.0409452005365971,0.13152978310083618
JMJD1C,0.0992732886478,0.7721554346112326,-0.002189289652956277,0.1314017537826966
MUS81,0.051960973728199994,0.7722400757999985,-0.04373046936605513,0.1239141118066477
TAF7L,0.013918829649399998,0.7728066372697113,-0.12133623636983432,0.17501799220705966
IL1RN,0.130894369738,0.7734684867516772,-0.0018239318129041758,0.1715885053162011
KRTAP10-6,0.059829825782500005,0.7736359070268191,-0.0468984001227162,0.1379566601495868
GPRASP1,0.22719671548599998,0.7736627662303289,0.08597360857780426,0.18253832686857244
DNAJC10,-0.00554017876159,0.7736817138433113,-0.11901642844280552,0.1466704558874932
GTF3C1,-0.045521434847200004,0.7737328858107674,-0.18636255838940938,0.1820280953867263
PAFAH1B1,-0.5593488964769999,0.7741279077596684,-0.774957521496287,0.27851808836508685
QSOX1,0.24146598937199998,0.7743255844876384,0.08728722669975023,0.19911361029645935
PDPR,0.233017649608,0.77433951063467,0.08362797096577837,0.19292529515868012
OR2T5,0.072011326511,0.7743503770666865,-0.03373847769779184,0.13656583291065505
CDKL3,0.126667640957,0.7746575988413771,0.015783670255496738,0.1431393313217966
TBX5,0.0375567776244,0.7751019774288265,-0.07247673351800268,0.14196004441558335
EXOSC5,-0.291750728874,0.775607196321456,-0.4840644906565322,0.24795252377058444
SFXN2,0.148561094763,0.7763536116268894,0.030607445186424338,0.15193289218993605
ATP2C2,0.116374915365,0.7763752177443538,-0.027574675591048464,0.185412398111152
WNK2,0.0328100946443,0.7764923162253788,-0.06550707073984273,0.1266170486555155
SLC7A7,0.113266318661,0.7766381554118761,-0.030853179786929665,0.18556839815769605
SKP2,-0.0697154494579,0.7770114500288146,-0.28608820341118163,0.278467909250575
STK31,0.0598289360931,0.7772589068919815,-0.07041269634787732,0.16756531354754545
TAF4,0.029116530079799998,0.7777658270233435,-0.14820833684640555,0.22799261778427737
EXOSC2,-0.0819675683598,0.7782411881024472,-0.25309017403255213,0.2198837690536441
ZNF578,0.0852038054898,0.7785986295869236,-0.07190813629681501,0.20178810470032413
USO1,0.060205643361999996,0.7787887454979865,-0.08136560380360922,0.18178388938464088
KRT25,0.200366235335,0.7789691039296293,0.04518811942956734,0.1992095901141815
KAT5,-0.11053154875099999,0.7796460811113588,-0.2711287393472663,0.20598729922087275
PHF10,-0.042902855764699994,0.7801978592595683,-0.16951002137259594,0.16227571519877027
ZNF91,0.380485851926,0.7805471389717917,0.2620448012001587,0.15174106061276796
PPARG,-0.00452355450841,0.7810425469772553,-0.10068938541967747,0.12312495815169454
SLC25A4,0.151163172184,0.7814435015618677,0.017083339542467324,0.1715796885808736
ZNF582,0.287402255911,0.7815431725502515,0.17881091569437668,0.13894477494094049
HCAR1,0.100175176882,0.7815750054177215,-0.02812636369312461,0.16415768120239774
SORCS3,0.245848209324,0.7817772981580925,0.11513420050041727,0.167201080322429
AK7,0.0733032490972,0.7819828309563048,-0.032859460662378645,0.13576092154063002
CDH7,0.241776197409,0.7820115775341125,0.0946852843916024,0.18809301197459735
ATP13A2,0.112283831036,0.7822765914629485,0.008386797061215543,0.13281368138663702
SYT5,0.207107947213,0.7823802503778153,0.11693944790289872,0.11524894610588453
ITGA2B,0.0220095944497,0.7831816191262627,-0.1095969555322376,0.16804090745740588
EPHA5,0.06886804018239999,0.783287876046526,-0.05499826063457889,0.15813636927736824
RPL34,-0.863728888797,0.783791692480112,-1.030585435005168,0.21288379018179215
ESRRB,0.12143495269400001,0.7840471872076988,-0.020537448773313045,0.18107634818885424
MBD2,0.0951171274082,0.7854099395472833,-0.04007600824240624,0.17213066558405493
HNRNPK,-0.710707347231,0.7857133547173629,-0.929781150447793,0.278821534471179
MAGEC3,0.0390650951907,0.7869237773320972,-0.09396944545495751,0.16905645054554544
HESX1,0.180606947151,0.7877960928573715,0.040838154092616284,0.17741747430028001
CYCS,-0.11556104021,0.7882549584160359,-0.27852574048847023,0.20674110392650208
EPHX4,0.0999687904242,0.7883547245282865,-0.02693496156721249,0.16097290730051195
KHSRP,-0.00494507513317,0.788652174646147,-0.20032421374963894,0.24773803318824522
RAB3B,0.120847680196,0.7886623231614123,-0.043166302049505556,0.20796477456669055
COPS5,-0.676097015041,0.7886834570929276,-0.9617001599940951,0.3621264556579175
F9,0.15596694953600002,0.789818854422674,0.013253647972736069,0.18069118097665784
HSD17B4,0.0315666205996,0.7899192220790412,-0.12689833894493677,0.20060906876966766
RASGRP4,0.0979368184917,0.7900066025458571,-0.021074953138749117,0.1506465531388276
MGLL,0.0586803643045,0.7902690168153272,-0.06402017670322993,0.1552642687450861
TRIM17,0.09022086262430001,0.790378810099124,-0.013804571767101717,0.13161465497582805
PTER,0.259219549378,0.7904073791559774,0.158765395678091,0.12709161927002405
ZNF579,0.049456527561999995,0.7904524888507105,-0.08662184782809892,0.17215250417890643
VAV1,0.24069402431899997,0.79074814038171,0.08292787277212395,0.19951504592943983
NEUROG1,0.17950937502099998,0.7910347825616016,0.05133777777788822,0.1620302925593925
QARS1,-0.443430464243,0.7914901402864717,-0.6789123745941895,0.2975171747129526
HDX,-0.41805485176,0.7921587183065605,-0.6358072077587267,0.27488475600474027
POLR2J4,0.312919973447,0.7923914477409606,0.17682444774749195,0.17175289572786862
CCL19,0.07940901964739999,0.7924403006328166,-0.026719337146571577,0.13392599632959223
ECT2,-0.187168301512,0.7929019498662956,-0.39411598136365833,0.26100034170247055
H2BC7,-0.0812505095221,0.7929946108253281,-0.21182831342298575,0.16466417566821012
CLEC5A,0.061725040354000005,0.793413009348021,-0.09968887006696471,0.20344248017007552
FPR1,0.08576182082630002,0.7948966281725416,-0.015233261068600183,0.1270543594166285
NFKBIA,0.0165398181984,0.7957446497040291,-0.09120569615668415,0.13540212227020218
ACP5,0.0287045440039,0.7959591365227269,-0.09577407491445172,0.15638820286950436
DVL2,0.155908611464,0.7976345822182648,0.029352218872448772,0.1586646258987306
CTHRC1,0.0266977260338,0.7977046471642989,-0.08948354294394985,0.14564446802554556
ZSCAN5A,0.035503645142599995,0.7982159524650186,-0.11598953099093823,0.18978971250286722
PTAFR,0.152463968134,0.798233299620202,0.0324382021178883,0.15036426828249305
ARHGAP31,0.0567583701222,0.7985850974988445,-0.08015064852975591,0.1714394860118887
SERPING1,0.0334010179885,0.7991631259199202,-0.09221533168965275,0.15718486702393233
HDGFL3,-0.00043254945460900003,0.7991786481658987,-0.13294489569207804,0.16581066891812316
AANAT,0.113022437176,0.7993382186132713,-0.00618361041885167,0.1491309245811564
INPP5A,0.0578743595076,0.7993574627958546,-0.05982911645287622,0.14724761003518164
TPSG1,0.0607192399022,0.7996283280622746,-0.11036095064450493,0.21394963702859374
GABPB1,-0.15380349099,0.8000139478332521,-0.3435694946288338,0.23720336895724592
TBCE,-0.45325315218199996,0.8007396828008149,-0.7232189142615439,0.3371454767113101
HTATSF1,-0.42842454015799997,0.8007597393661894,-0.6685704955984465,0.2998976392476036
ALDOB,0.192885773228,0.8010308158226513,0.03593043360316583,0.19594169977548548
GP1BB,0.122512504206,0.8011502639901094,0.022989148764013607,0.12422557903970817
SLC7A9,0.144614824147,0.8013654354249454,0.01239776877778477,0.16498971570829432
ARF6,0.151371331045,0.803388695512493,0.027328086814143424,0.15440003689836293
ZNF41,0.106721747704,0.803522119699221,-0.04581402179340082,0.18983393954916747
VPS29,0.07297367450119999,0.8044161899513409,-0.07515333579352929,0.18414225390427494
PPP2R5A,0.19365819126699998,0.8044703302675268,0.026229630965952478,0.2081227287094219
SCPEP1,0.278174777159,0.8047552844206212,0.104601813101224,0.21568415569055732
FOLR1,0.078227133787,0.8048337333508465,-0.016145848382797066,0.11725773692025107
EPHB1,-0.014110182245799999,0.8053505210661397,-0.133557457547365,0.14831712673810432
PSPH,0.0820019181779,0.8054956519674504,-0.04528271855392957,0.15802026543648312
HTR3E,0.114973325724,0.8056217572615575,-0.025859471821777474,0.1748125547459041
GPR6,0.07383491061900001,0.8058641129001626,-0.10560012023434508,0.22266164726902915
NAT10,-0.277136313914,0.807205949863518,-0.45570288236392625,0.22121562468675832
SNRK,0.137061210999,0.8078518163727723,0.014795752559049856,0.15134639294235666
HELZ2,0.196823299031,0.8083640375348321,0.08965884267274503,0.13256954958691775
TOPBP1,-0.283668077407,0.808378238161606,-0.47734075273293636,0.23958175292593475
ZNF541,0.19558248236900003,0.8085339436059956,0.06212641399273479,0.16505932673780152
GAL,0.200862842901,0.8090527337955243,0.07366345517443328,0.15722014451373753
DPEP3,0.23019218834199998,0.8096547547050827,0.10619815345212716,0.1531443299373172
MARK1,0.0764134302946,0.8098123362050946,-0.06894163399557204,0.1794922820901053
ACOT1,0.103488855189,0.8100815952020798,-0.029333111740195043,0.16396122034603414
MRPL12,-0.219862603255,0.8107599748048219,-0.366361846321072,0.18069372887005114
KLF17,0.127646463693,0.8112894544328797,-0.014452437366749265,0.17515191437941402
SCN1A,0.210412745742,0.811555166082591,0.09888486769965808,0.13742488829279642
NDUFA13,0.229261548248,0.8118167367036295,0.09210132147556667,0.16895466744054885
ITGA9,0.0714280944123,0.8120192046360433,-0.05363763753350258,0.15401819468279512
XAGE3,0.091498000846,0.8130490894092947,-0.01964875797802309,0.1367036262284909
KMT2B,0.0228384967333,0.8133421259608518,-0.10833907242581885,0.1612821529490442
RNF20,-0.19909291554400002,0.813502533981509,-0.4250845026458704,0.27780071685309243
AKAP9,0.09715394468560001,0.8143432025831535,-0.023593329037220383,0.14827565741299445
ITGA7,0.123327321195,0.8143626647501487,0.019195827487703602,0.127868698080903
CRYAB,0.23475748978100003,0.8151017094313879,0.1128258643961559,0.14959068785403873
EDF1,0.0519108415481,0.8153626621853737,-0.0876155649602064,0.17112189824138022
CES4A,0.207833078077,0.8154592326253949,0.02051509191298929,0.22970858464737098
ZNF619,0.209579795297,0.8155026812469304,0.07589948306860153,0.163923816932149
PTGIS,0.0650547877133,0.8159375985870301,-0.06028586609156917,0.15361548974078806
PRSS55,0.0732481813308,0.8165381103940987,-0.0397727752773363,0.13841479677364624
RUBCN,-0.018490775917599997,0.8175320803657454,-0.15623004432424537,0.16848179015192152
OGT,-0.205675782921,0.8177073460008653,-0.40379510263282936,0.24228633958196058
EME1,0.0691891533919,0.8180492543922853,-0.06446361198459385,0.16337985110173125
MIP,0.10337737055099999,0.8192690034684592,-0.030666434688846084,0.16361391029363725
CDH3,0.17306510882800002,0.8193112488987455,0.04940903548373512,0.15092685900562672
YKT6,0.121455443725,0.8193429501483279,-0.05158391991761236,0.21119283886104903
BRAF,0.18728178735800002,0.8194815137227517,-0.06526018470961782,0.30817287252810227
HMX1,0.11580739816199999,0.8195872083881518,-0.005796580657442283,0.14837222637795405
LZIC,-0.00728501060305,0.8196434914073766,-0.17408488637459485,0.20350295893296186
KCNA10,0.0255324261234,0.8197540767044632,-0.1039630175475046,0.15796864858726423
ADGRL2,0.09849084922980002,0.8199679041088429,-0.038346700034448414,0.1668815920459303
FXYD1,0.15751648136399998,0.8201626967814508,0.035310004573106846,0.14900272503305226
RASGRF1,0.223638634817,0.8203673553583389,0.0765279287620723,0.1793229643940053
MGAT5,0.201081405747,0.8213026434283471,0.0889828185098946,0.1364887695590197
HIVEP2,0.0607984376554,0.8216133225275027,-0.08824706037275902,0.1814058924576042
EPHB3,0.104960598607,0.8216761892454923,0.0004472209883738791,0.1271953343501361
AP1M1,0.207223694051,0.8221748248418407,0.06486531193671546,0.17314855407019983
LAIR1,0.20667875940400002,0.822191561317006,0.08985836024883109,0.14208416219699851
GMPR2,0.11622542837099999,0.8228026026328026,-0.008253249433820256,0.1512861984229432
NDST1,0.0572517014401,0.8229617708149825,-0.08927966981255112,0.17805367934350158
TUBB2A,0.0858019177075,0.8230875371955125,-0.0590422097228716,0.17597657707696035
DNM1P46,0.026775765879199998,0.8233157818914887,-0.11499471276394017,0.17219453551277272
SH3BP5L,-0.024990938652400003,0.8240141548639109,-0.16967394743509526,0.17558315949874695
FH,0.167723621842,0.8247628540057257,0.04684130827227043,0.1465661468416355
HAS1,0.18726183225200002,0.8247876704965754,0.058020144098951495,0.15669692064533008
BRD10,0.14327951220899998,0.8248158677504471,0.02072599893009779,0.14858287536725892
CD200R1,0.206073791446,0.8253568602938892,0.10823344314690424,0.11854308482303912
ACER3,0.0433698642743,0.825585085333727,-0.109254585587114,0.18486822566533948
ELAVL3,0.0682055068563,0.8267255845482889,-0.04882650837946122,0.14156089689628493
COMT,0.0831672690591,0.826750526354802,-0.04487258118137245,0.1548712049873239
PTPN20,0.175858007515,0.8274901470054504,0.0534899229829726,0.14787860009555062
ALPL,0.16344565056500002,0.8279825679624117,0.00836411603704301,0.18730048255677445
DLK1,0.10527622287,0.828221338958557,-0.050632267509787686,0.1882449570495661
SLC6A14,-0.118026460405,0.8282255326583666,-0.2539889573180033,0.16416119951844838
IFT46,0.019877284722900002,0.8284074014228661,-0.1526764172113594,0.2082957028605521
RIPK1,0.201092648012,0.8299103131651115,0.07176880193369874,0.1558287010376893
USP28,0.133358551079,0.8303144313147403,-0.0430370081844175,0.21244428930870013
DNM3,0.08182685373489999,0.8304601375634177,-0.06106629007668301,0.17206502437411816
HSD3B1,0.17735495707899998,0.8307797522824186,0.046129296184085074,0.1579548135765176
MMEL1,0.0156773979696,0.8309050645887548,-0.16506054544257107,0.21751936666991536
SELPLG,0.253527728171,0.8311125982361317,0.05169504080603103,0.24284638181796064
OR2W1,-0.137053194825,0.8311516943752894,-0.2930956585654529,0.18774246000633807
SLC35F5,-0.014263126321,0.8317023282356331,-0.1749765227844474,0.19323427506134744
VCX3A,0.24270402728100002,0.8318639655058424,0.1742810491343141,0.08225260497379407
SUPV3L1,-0.29099076811999997,0.8319991849976754,-0.49719939057752655,0.24784714477587225
SSC4D,0.17286157516,0.8320213683149494,0.03895842133815501,0.16093715729084246
SLC35A5,0.256803021107,0.8331245166090601,0.13574870633091785,0.14530158741311694
CBR3,0.119839975213,0.8346518680745698,-0.0039002019375325037,0.14825363949161766
DUSP3,0.07985711882680001,0.8349415795836903,-0.05065887332297425,0.15631751411260505
CSN3,0.377365018496,0.8366809631793489,0.1913051721919841,0.2223784865344577
FZD8,0.05134961372690001,0.8367633804184316,-0.09435284666573616,0.1741262390328031
IPMK,0.226412738464,0.8368934194168194,0.11121519179796224,0.13764900522973642
UBL5,-0.6711659108589999,0.8373322959999268,-0.9619034533247699,0.3472188327796154
HLA-F,0.0935694240255,0.8375687450717626,-0.02935590809490894,0.14676446899875276
PBX3,0.074429379464,0.8388607834692212,-0.07110746040831162,0.1734934362653413
SULT2B1,-0.0385618151198,0.8390310305035147,-0.15226425545933092,0.13551637091574126
NDUFB4,0.0816408243468,0.839756419981352,-0.07414795586526847,0.18551662899526034
MAT2B,0.0496434184815,0.8404259259947389,-0.07841002592143574,0.15236731809691623
UHRF2,0.127943691013,0.8417616031615964,-0.01289692284641914,0.1673165101976995
DDX28,0.128382867442,0.8429366222752551,-0.00733217800367018,0.1610026683611729
DR1,0.122577834801,0.843346808732647,-0.10119853676003504,0.26534323631024176
GTF2IRD1P1,0.091531229837,0.8435230122100494,-0.039355717073489456,0.15516701384063333
POLK,0.0419089701348,0.8438840930418539,-0.05993240917925836,0.12068171464989015
MAN1C1,-0.05340571587930001,0.8439439661181213,-0.22975383589678897,0.2089571430063482
BUB1,-0.09510242954399999,0.844702703375253,-0.3058475397363229,0.24949027551377556
TNFRSF17,0.199350996714,0.8452573854396741,0.08574357444446927,0.1344057138411586
RIPK2,0.103478264357,0.84533111324608,-0.027917575799401136,0.1554371276503
GPR37L1,0.127776315802,0.8457765351321853,-0.026358695304108046,0.1822408221363324
LRPPRC,-0.0921946199478,0.8464171511016397,-0.2817699735231412,0.22397390379980212
CD7,0.028566270526299998,0.846554576942166,-0.11920395601335013,0.17455487285109245
EGR1,0.0695969470097,0.8465978179408786,-0.04661645109976905,0.1372710815533719
SP8,0.10742892639799999,0.8469828364732124,-0.045623000002285134,0.18070251227000597
DUSP22,0.101992860814,0.8473403607311792,-0.045201032799061194,0.1737128318613856
XRCC5,-0.552757047298,0.84786933821703,-0.8096209108270324,0.30295217901049115
ARHGEF4,0.08423908675010001,0.847932348982132,-0.04155286537944652,0.14835140124155974
UBASH3A,0.0911958228345,0.8482020683318302,-0.08063874236849686,0.20258682643977288
TRAF4,-0.0587639642234,0.848566807443949,-0.21317509498882947,0.1819669699673339
HOXB4,0.122889031825,0.8491739205993821,0.009744499881665952,0.13324070511194214
TFB2M,0.156662411051,0.8493618663730337,0.032553981614293605,0.14611961561999168
PTGES,0.12444980674799999,0.8493893037939276,-0.004410262610923944,0.15170907943312997
ACTR5,0.039055286487,0.8495541972265233,-0.11616011037293383,0.18270217175861653
TAF1,-0.263312682905,0.8499127842568777,-0.5002469563176392,0.2787748081937642
ISYNA1,0.05645412837719999,0.8499413636678015,-0.08846707160835117,0.17050729165617293
ITGA11,0.10600085348999999,0.8500058577159137,-0.01903021920643883,0.14709436595227124
GFRA2,0.156646007241,0.8517966993574865,0.026421611007780406,0.1528820155460198
CCNB1,-0.0231518748024,0.8519730688701487,-0.20397054074349502,0.21223518975886085
MAK,-0.000784232943283,0.8520399693083726,-0.1125836209777181,0.1312137834627478
FBN2,0.267572904639,0.8525292619238554,0.10299259944153759,0.19304945008698376
DNAJC4,0.177424488381,0.8530828928307871,0.020989976393962696,0.18337551169024183
EPX,0.09281938883610001,0.8537214322136358,-0.036516687100196246,0.1514968127260639
NKRF,0.169153791121,0.8541867654632649,0.038180305870749075,0.1533312040712993
F2RL3,0.06080938880509999,0.8543621519269479,-0.06980860601551897,0.15288363901188762
PRSS38,0.298627351382,0.8544603414785192,0.13319848498748124,0.19360625457264424
ZZEF1,0.23001884150899998,0.8546411627361783,0.06603306441689269,0.1918767597936639
SBK1,0.0650869370933,0.8547192729614373,-0.06329429602609699,0.15020280597462227
SCUBE1,0.238590768594,0.8548493850257503,0.048635842500320846,0.2222086480040659
TFAP4,-0.0201146137225,0.8553079254461534,-0.1759604793094328,0.18221024376178796
RPS6KA6,0.106101237305,0.8563292162397242,-0.014638629257088464,0.14099701875439463
GPR78,0.0631141600474,0.856497433417776,-0.06326715524481245,0.1475559766570452
BHLHE41,0.192921674493,0.8565658080498342,0.010234578452997113,0.2132785295924097
VRK1,0.0516080265962,0.8566517741873222,-0.08333747435494611,0.15752666954920455
SNX17,0.0339912754327,0.8578013854459273,-0.09609423796319135,0.15164992223493148
IKZF1,0.155693373801,0.8578555495928107,0.00824546379086031,0.17187964812971981
SSR3,0.184219039948,0.8583550284853755,0.028833218049346736,0.18102744988031572
NDP,0.135430126972,0.858623062386479,-0.007032566132126815,0.16591994711644753
DDX39A,-0.034675126705199996,0.8587904538297576,-0.21217267472136242,0.20668318706224073
INPP5E,0.046044870734,0.8594772652969763,-0.12015601710335998,0.19337438527816367
SIRT4,0.18076700054699998,0.8603197967158241,0.035321079578075655,0.16906029772201928
USP13,0.179316877465,0.8612630979249427,0.06841812548167484,0.1287629207039238
HOXB6,-0.0351771322974,0.8615659129833897,-0.19243610397027225,0.1825269190703278
MEGF9,-0.0101284823335,0.8616602377848703,-0.1373756782593011,0.147676764397211
SLC16A12,0.34206794902500004,0.8621489412089998,0.1180758956827583,0.25980667914309047
DNASE2B,-0.08639578214610001,0.8625927193722948,-0.2238480342297265,0.15934779994856663
HS3ST6,0.0487628424961,0.8626538868140101,-0.09629058154754272,0.16814788208902665
SLC23A3,0.263337822213,0.8629128481265609,0.14104763100130502,0.1417178936171768
EVPL,0.199582104344,0.8636078023408896,0.03582297182596753,0.18962210864022772
FGF13,0.320831293648,0.8638081846848235,0.09381785855193672,0.26280537637981904
POM121,0.216157261004,0.8640271118287567,0.10473965843065132,0.1289515121088362
STEAP2,0.14329125658,0.8641746868842469,-0.03240417912707339,0.20331009270884504
PPP3R1,0.04013140291719999,0.8642288846143982,-0.1207161095383353,0.18611679766674574
HCN2,0.161686622766,0.8647137944465945,0.018421883307427743,0.16567879497083748
VN1R10P,0.132484693243,0.8649119458216648,-0.0007912411095348366,0.15409191073887057
CDH26,0.192454836241,0.8649246092717104,0.007640397349382686,0.21367693427897258
RBL1,0.22446771874000002,0.8651791224639265,0.0815281949247471,0.16521379227018135
CYB561A3,0.18018383028299997,0.8652226912711413,0.02638770245106183,0.17775322975636326
TSC22D1,-0.050369524366699996,0.8658532322323237,-0.1995881726406197,0.17233711525128512
ADAMTS1,0.0057184795618,0.8661078082864065,-0.1347749304998101,0.16221238131956825
GUCA1C,0.0494185279344,0.8665169926379698,-0.08955091971112733,0.16037705991484077
RBM24,0.150189910383,0.8670194510655777,-0.039175361409993024,0.21840948500089677
DEGS1,0.189348620702,0.8673699521710871,0.06395193443902,0.14457116706556805
PPM1A,0.139579933958,0.8679228373473942,0.017322259859566112,0.1408623772040453
COPE,-0.185767403883,0.8679228403745624,-0.3816906522579725,0.22573809474862938
MARK4,0.183136168567,0.8680047993203182,0.034690912064618135,0.1710189351701976
THBD,0.12043455851,0.8680752465708281,-0.012944644372480026,0.1536493563309979
FEZF2,0.15053259020999998,0.868997347088537,0.01761625508256702,0.15295367192172898
HCRTR2,0.19866041450199998,0.8690375554791592,0.04955673416130296,0.17157334501900331
CCAR1,-0.097654748626,0.8690649264724379,-0.2775638335031722,0.2070145502332362
MYL5,0.0750899246883,0.8693020479803165,-0.049268326195630874,0.14305528345740962
JAK2,0.10620239138599999,0.8696263484742617,-0.07322543421448176,0.2063274944638965
NEU3,-0.03870556867,0.8704647756581723,-0.17545411197998323,0.15709830786269954
REM1,0.141392946034,0.8705899442916365,0.020612809869139718,0.1387336678499476
B4GALT2,0.193134934193,0.8708764232630835,0.03312155615291782,0.18373832815513447
ZNF490,0.185256741797,0.8710073783288855,0.06566485839406778,0.13730295101791348
ENOPH1,0.00383834504671,0.8716786652194366,-0.18158405388431437,0.2127187532854737
OR52E8,0.180229471503,0.8720644779914635,0.0835625456615521,0.11084836990963202
C3orf33,0.219220813947,0.8726267791791992,0.10454750153212355,0.13141163570838293
E2F3,0.042794701206099996,0.8729749491139295,-0.12764062751657884,0.19523507392241995
RFX4,0.18730669154399998,0.8731977732317506,0.07149351569388204,0.13263109389467098
PPP1R2C,0.158336314817,0.8737516274431155,0.012718261319631087,0.16665840603180931
DNAJC12,0.10992837923800002,0.8745573316412776,-0.06434990331136227,0.19927599511663238
H2BC18,0.26149372346599997,0.874916520836464,0.14004626076160734,0.13881034340085702
SMOC1,0.126712264869,0.8754676512562342,-0.037721141466058476,0.1878235090686768
DDX21,-0.453391899855,0.8759643095986933,-0.7429521974451813,0.33056175282168504
RNASE4,0.21263732713199998,0.8762400075912172,0.07132914350961253,0.16126652788982265
WDSUB1,0.0668309256516,0.876369447475449,-0.09338020721522149,0.18281232113732457
SPO11,0.122919931218,0.8765116342612552,-0.10734756251524215,0.2627089986401801
PSMA2,-0.693121411679,0.8768523967541865,-0.897086057555142,0.23261001125292097
TCL1B,0.09116781494550001,0.877031030560271,-0.02639037294964337,0.1340410815567655
ZNF542P,0.151952080171,0.8771153733710836,0.02779291707962426,0.14155396982062404
TNFRSF8,0.201067412238,0.8775041432783414,0.04516859696465172,0.17766162868577784
ZCCHC17,0.22484820033300001,0.8778732024744503,0.07617547896677063,0.169355575437509
SERPINA5,-0.101914023389,0.8779524036991675,-0.2871147333875817,0.21094618480256608
TRIM63,0.320731218796,0.8783012787818094,0.1934780530163667,0.14488555220610802
MAP2K3,0.17740474063099998,0.8786922866785893,0.023835666541799104,0.17477002634185387
ZNF655,0.14898584205,0.8788875783761768,0.03778148428857853,0.12652853504526876
HOXB2,0.081649897193,0.8790725767414079,-0.0642918370965014,0.16601784443155518
AKR1B1,0.0364297401374,0.8793089316820714,-0.08644505521185408,0.1397401879157546
IL17RC,0.129896654373,0.8793447304425303,-0.019182233251827833,0.16953406606508448
AP2S1,-0.08827809899019999,0.8794513872856525,-0.3540512938890924,0.3022033949132509
PRAG1,0.109159028642,0.8796021191374755,-0.05244147775110886,0.18372000575848071
STON1-GTF2A1L,0.13514346399,0.8797284817914537,0.010718572729286842,0.14143556089867398
PDE8A,0.0044735370678900006,0.8801899908808404,-0.14402668864199517,0.168713831386875
ING1,0.100211252622,0.8805461055401103,-0.04061930832486984,0.15993547647398546
GDI1,0.0685075100174,0.8807506657517609,-0.107879966069116,0.20026947800937653
ZNF461,0.0810258078917,0.8831460839783344,-0.09773151314007876,0.2024096854130014
CRLF2,0.11755461853299999,0.8832768764387839,-0.04326781396250908,0.1820747681564094
SYT7,-0.015317799372700001,0.8833727291037675,-0.15364456278486663,0.15658935221206918
ZNF480,0.0574314603271,0.8833727819972133,-0.10871994219325563,0.18808752760607444
PLS1,0.160700909308,0.8834017300000158,0.050183896742375195,0.12510391231135898
LBR,0.0283542559116,0.88532386962529,-0.09620665504178894,0.14069530397515304
GPR119,0.10844128866599999,0.885338966884942,-0.0443846811478363,0.1726185964134768
OR13D1,0.263290799705,0.8864325631597715,0.12755860692657686,0.15312184865433318
NCAN,0.14292564175300002,0.8866247271572727,-0.015580280124360833,0.17877453337622118
PLA2G5,0.237853957885,0.8871464182500122,0.08866366726738015,0.1681687346626649
CNOT6L,0.0684166867066,0.8873848282641402,-0.07497719732083749,0.16159154344337592
SLC37A2,0.155046145538,0.8876531064426182,0.008921932588195468,0.1646186014437732
TAS2R1,-0.0169968698106,0.8877946270462811,-0.15221722848637292,0.15231040440699112
SERPINB11,0.10724785977199999,0.8878941451666277,-0.0177171129688678,0.14074309806087987
OR10X1,0.13235989972999998,0.8885137348462631,0.00018933870088264646,0.1487546628100087
HMCN2,0.24305506189599999,0.8890767201494465,0.10584601228927763,0.1543275698228367
TRPS1,0.0358560513616,0.8899124853191531,-0.11857544113353444,0.17353559483969933
NAA15,-0.333137996279,0.8899470287420467,-0.559223637362023,0.25404393046021895
GAA,0.252643233226,0.8906464973326006,0.09436138862988268,0.17771567627577947
ICMT,0.179798056617,0.8908905326696724,0.026233775195547527,0.1723716616016522
PSEN1,0.146156635719,0.8914275279294906,0.015465918195967423,0.14660834832707773
BUB3,-0.310753283664,0.8916451587708583,-0.5413273068556135,0.2585939271060049
PCDH8,0.18173689602,0.89171334212324,0.03366558072086937,0.1660525959458688
LACTB,0.114967918813,0.8917437576426593,-0.014824073453308162,0.1455485291081999
WFDC8,0.202684771519,0.8921382700671538,0.011184444771088079,0.21465319129678984
POU4F2,0.151450998086,0.8922492218880156,0.022192249427022158,0.14486843528477836
ZNF805,0.126098058275,0.8925643537013808,-0.0049087712656623594,0.14677578036517963
AMY2A,0.16871177464499998,0.8931958526497099,0.0038314710311516263,0.18459591267102587
ELMO2,0.0535794531948,0.8933511191460494,-0.06530545301069691,0.1330774693819587
NOXA1,0.153533466939,0.8934787945337531,0.01042376746087425,0.16017134413671802
MGMT,-0.0249902341688,0.893710689841316,-0.19002815258137012,0.18466593304582007
SLAMF7,0.0373619623526,0.8942616308052486,-0.11737615010063479,0.17303449809637814
CELF4,0.04997097353080001,0.8943780333600233,-0.11232772630302523,0.1814654360685684
PCDHGB5,0.132962701806,0.8944991300037621,-0.0009909598116276503,0.14975270195854104
CSGALNACT1,0.214626778563,0.8950453559857673,0.0494122933908521,0.1845878357641298
COX8C,0.238607781828,0.8952534541799726,0.09648135689040134,0.1587555169700881
XRCC1,0.0119025079737,0.8953338651181018,-0.11412066185874357,0.14075550444617674
CHEK1,-0.11260810910999998,0.8953342242083538,-0.34033495775506,0.25434842373686095
SLITRK1,0.131713394012,0.895448001525089,-0.011568894509997632,0.16001184689447664
EPB41L4A-AS1,0.240004484302,0.8959068148925223,0.04277931365750869,0.2201402728119123
ITGA3,0.0746609010425,0.8962856959362121,-0.0730647976059089,0.16481987754373625
VARS1,-0.794709948293,0.8972834535565763,-1.1492845977567165,0.3951645915884033
MYLK3,0.0742522025915,0.8983736059286955,-0.053444977147522055,0.1421426218405146
PRDX3,0.0311394816347,0.8985300838561662,-0.1011380029441519,0.14721542100311744
MAPK10,0.128818129658,0.8985804350121575,0.012701906808794967,0.1292218462865086
RHOF,0.086366882037,0.8994536128263069,-0.0880462348707516,0.19391007431689805
GLUD1P2,0.271237016757,0.9001044423960132,0.13956770469630392,0.14628225998996502
IL36G,0.188756832966,0.9001908869033254,0.061199977053933236,0.14169978586526785
TOP3A,0.0378069421448,0.9003935425489846,-0.09406493897088206,0.1464602697420031
PSIP1,0.229588192573,0.9007440766064089,0.039433783782270186,0.21110814240060788
TRAM1,0.13300430057,0.9007822636126055,-0.0007562587297848024,0.14849377558049975
GNG3,0.10409728876700002,0.9008666672802906,0.005485172974906239,0.10946360807177269
SNRPD1,-1.2673654531899998,0.9014276460644799,-1.573569770342419,0.3396881807311644
AURKAIP1,-0.0677273084513,0.9033851852843864,-0.21849165803087017,0.16688822446441764
BAG1,-0.0471822257168,0.9034919864480503,-0.1901458120966484,0.15823448190380673
RIN1,0.14836434263,0.9043204268815981,-0.032042139402986905,0.1994939809720868
MFSD11,0.152943944174,0.9043567030608454,0.006781061556705898,0.16162083182730633
HMSD,0.166082911309,0.9044358125608897,0.020197557067300854,0.16129984263739847
HSD11B1,0.0928916137407,0.9051437840024942,-0.054425991744604815,0.16275602626786517
SDK1,0.238200247645,0.905655799445556,0.11312254444723203,0.13810732871620846
SYNJ2,0.15656317034199999,0.9057296036272632,0.031115263613901507,0.13850481007323276
CCL7,0.202235518004,0.9059533361310924,0.05778434851818511,0.15944658927213515
ERCC8,0.2273883368,0.9065862653377278,0.07330992643500253,0.16995449441052266
AP4M1,0.0855216545491,0.908326204277052,-0.092860087516741,0.196385110575795
CALR,0.0779549948988,0.908503578658404,-0.05126605447352518,0.14223504717851213
TAL2,0.173878779919,0.9086360603698942,0.023504797497208577,0.1654941829631724
FXYD6,0.236723858499,0.9089503684139993,0.12160556932059334,0.12664969747388205
CLEC3B,0.179178554622,0.910617880065929,0.014838538712083635,0.1804708863151447
CCN5,0.130614997494,0.910643797603667,0.010693507601821776,0.13168869123992077
SUPT3H,0.298401510106,0.9114239322684812,0.16214260381136875,0.14950112836678622
BTD,-0.0011942806554200002,0.9114588677071874,-0.17221473489012096,0.1876337597821721
JUNB,0.138298734611,0.9121875210277585,-0.022110673318449785,0.17585135099054752
H2AC14,0.364460678695,0.9125923916148746,0.20360770110968338,0.17625938925556875
INKA2,0.149331175874,0.912817095398187,0.022565176290902867,0.13887338462674118
CSTB,0.208994777926,0.9138698361172986,0.053168846573756284,0.17051217273380154
CSN2,0.156891451259,0.9147163112441398,0.048590863984788416,0.11839800596417475
ORM1,0.138325135893,0.9157623155979034,0.024671926871034967,0.12410775928004919
PSMB5,-0.680352466845,0.9161821390260653,-1.1274296782486224,0.48797852780548817
STK32A,0.008868631356860002,0.9164365161842475,-0.16012834227884362,0.18440663444900002
POLR3C,0.22747397063000002,0.9174576207813723,0.009887890672705173,0.237161995310457
CCL15,0.114724572992,0.9178543156282938,-0.03149961666923893,0.15931089190461004
OR2H2,0.160411193481,0.9181181624112407,-0.05475443502070688,0.2343550507013394
BCL11A,0.213267829767,0.9182746548766546,0.06120543324665684,0.1655957677942975
PTPN1,0.125355414897,0.9185492010665607,-0.08644372901076089,0.23058007525544985
DUSP19,0.05297923926919999,0.9195958932318621,-0.07194947426401938,0.1358517523323916
LYRM1,0.166834911162,0.9199238881318693,-0.04533372668948345,0.23063716530108136
ALDOA,-0.317264261444,0.9201787027167023,-0.5460819902486872,0.24866662109124457
TMEM158,0.124996412926,0.9204280600416991,-0.055147867677161545,0.19571793649467867
CLDN3,0.188533161314,0.9204412851120898,0.05457257314023466,0.14553952581282992
PRDM8,0.13631989254899998,0.9204987545012744,0.017845109552528625,0.12870716273881425
SEC14L1,0.193293634316,0.9205270200139031,0.05442269359623441,0.1508602547241559
RSC1A1,0.39501874858999997,0.9206610434351078,0.1974609040704723,0.21458260445387511
ZNF497,0.148647297568,0.9206732592970605,0.0010022197818772092,0.16036642347889055
HSPB2,0.26587102584899996,0.9211031717038792,0.08305250845861457,0.1984777851239001
THOC5,-0.22369352357099997,0.9220743109407471,-0.441181550803301,0.23586822087084142
SNUPN,0.0563841855782,0.9223633845955826,-0.0786873216840361,0.14644066483781687
OR10Z1,0.23383796670200002,0.9225763542634179,0.11812279029788307,0.12542612421115387
CD3E,0.213880495845,0.9226554433441306,0.03025614972157175,0.19901724684773828
PLD3,0.171401019095,0.9235254710812674,-0.01955426063728106,0.20676774567864364
ZNF140,0.0793507746247,0.9235977225958252,-0.09683798090893013,0.19076352314776324
UBQLNL,-0.0260302197413,0.9236406396150875,-0.16527719203856175,0.15075881931233634
RITA1,0.159174468136,0.923682877261334,0.002940158768610348,0.16914280129411438
GPT2,0.0155067098516,0.924030576966574,-0.10047021291352166,0.12551199674133406
UQCRB,-0.10339871297499999,0.9240597875455996,-0.27753834339755895,0.18845060976529693
SATB2,0.14082222549,0.9242696173151351,-0.014077238431956648,0.16759121042182087
SERPINB5,0.038753725740900004,0.9242892020473726,-0.08867239606196552,0.13786390830987394
SCNN1A,0.0168415438907,0.9245326046877275,-0.12507398037338896,0.15349975062482812
OR9Q2,0.30119664604,0.924728750592791,0.15141172141560302,0.16197714684265888
TEK,0.0747247385078,0.9255373242975821,-0.07257607892262258,0.15915167715382364
MAFB,0.170862457326,0.9255430177029595,0.0147133103436745,0.16871084757341817
CHRND,0.143553275783,0.926199921359279,0.012581040042201926,0.1414081697918792
HDAC11,0.0211663835351,0.9263060163804772,-0.16088138627552825,0.19653091590830468
PCDHB16,0.342418626795,0.9266578796606821,0.17532376175636993,0.18031990954397953
SAMD4B,0.019029072375299997,0.9267961313756674,-0.16695909314828583,0.20067861660958683
CLEC4C,0.11340289808599999,0.926905920037458,-0.019387472913139258,0.1432619731178035
FGFR4,0.0350836640913,0.9269621890071053,-0.09815965348624076,0.14374191219197555
TNFSF18,0.187673443564,0.9271389283012506,0.04775437823795687,0.15091488562820862
GIT1,0.115995053136,0.9274451405825559,-0.03679849453229873,0.16474672299466095
MRPL37,-0.258592090231,0.9278523473353958,-0.4578921521500913,0.21479717380835517
CHKA,0.0500577800373,0.9279730990986104,-0.10829105770617516,0.17063946993429854
TRIB1,-0.0358848628845,0.9289660114242466,-0.18118733945912124,0.15641312468671528
ABHD13,0.114090314264,0.9303355366193844,-0.01971593518150329,0.14382579636990223
RDH16,0.0907865989608,0.9305750979180039,-0.033544517331389835,0.1336067519648426
RAD51,-0.522636783605,0.930637586489615,-0.8129134578441052,0.3119116167809588
KDELR3,0.0350724282971,0.9314475409464399,-0.1011858982181925,0.14628663507645423
TADA3,-0.12100576083699999,0.931666179897332,-0.3214454387259007,0.21514109046116583
PPT2-EGFL8,0.158030135886,0.9319969686597199,0.005090378798004299,0.1640989855449147
CHRD,0.111236055674,0.9320705360401824,-0.08329865205196194,0.20871243130635272
HES3,0.0377459640649,0.9321876574729668,-0.1224958315173912,0.17189864540438649
ADH1A,0.193748708488,0.932288694840001,0.05555871518727433,0.14822661056127232
SYNJ1,0.101117773201,0.9327778987899552,-0.03624086697580714,0.14725760586201223
ASF1A,0.0309553368466,0.9329111889650589,-0.11789769687906605,0.15955756076931474
GET3,0.15951320015599998,0.9332772099287127,-0.00852336659289726,0.18005000546593497
OPN4,-0.000844022278337,0.9334273199853392,-0.13119803634567903,0.13965095222345691
FCSK,0.028489717603199998,0.9336236059751868,-0.15271902384596736,0.1940918591704754
CPS1,0.09980169268549999,0.9337220797898877,-0.01994208103372172,0.128243485198687
AGT,0.21700898334199997,0.9338166508882165,0.014373627591512757,0.21699693998575303
PAPPA,0.145221488491,0.9342178094486575,-0.0012725688961952848,0.1568093178117113
PEDS1-UBE2V1,0.356373980252,0.9352370521390171,0.2113204798992143,0.1550981112446606
TPI1P3,0.296612391628,0.9354663795166752,0.12344770110369926,0.18511054412641667
BCL2L10,0.12389704472000002,0.9355943000011275,-0.04901385406035061,0.18481397201772418
CFL2,0.147128090649,0.9365989222165199,-0.013465866009996212,0.17146502398159993
PPIA,0.15598868273,0.936739775400751,0.03410495180015686,0.1301148239143571
SLC25A37,0.11359834718699999,0.9367913505040322,-0.004497533117746254,0.12606423003500813
TM9SF2,0.10135580358200001,0.9370735963133912,-0.047054160670172984,0.15837599611817402
DTNA,-0.0119369205731,0.9371341767047122,-0.1510073346397835,0.1483996822693023
MAP1B,0.162242672611,0.9384258411392251,0.018363350781147685,0.1533198634589884
USP50,0.171658169231,0.9393362567581585,0.021437227679408647,0.1599224350926627
RWDD4,0.0551765632714,0.9395069852319162,-0.07890534440049059,0.1427151791093843
TST,0.24636560883900002,0.939758488714874,0.058081090371996165,0.200354155592129
SPDEF,0.0901088434124,0.940057520948722,-0.13106047379607583,0.23527211078027227
FGD6,0.18014506218100002,0.9401102160613711,0.0008502286480536233,0.19071682284669683
WNT9A,0.016981140840300002,0.9405091648318593,-0.11096331009708296,0.13603743134205012
PIM2,0.09073676070930001,0.9406135660586521,-0.08767488984389069,0.18967582117783938
DUSP7,0.0711633344405,0.9413365718307614,-0.07339472232893283,0.1535668124401973
PGS1,0.170948151543,0.9416017127853433,-0.03177890097553237,0.21530021639281788
RBM12,0.0617670309055,0.9424022582509781,-0.047648610303031816,0.116102906429361
OPA3,0.0857835439174,0.9432164616969575,-0.05660821767898933,0.15096403357953464
ACSL6,0.178260636862,0.9436859625014379,0.022757782884301855,0.16478241719894313
OPRL1,0.056280638784,0.9441347462661166,-0.09831495139189797,0.16374314237167498
GPR75,0.128488056589,0.9455650239001766,-0.00011095875995719418,0.13600229714348383
NALCN,0.23603095671799998,0.9457827005679039,0.07046467343498386,0.17505742406115096
ZNF605,0.0824989098535,0.9471720735931346,-0.09952608552095484,0.19217732495420375
GSTP1,0.128866195759,0.9472852354561676,-0.0060113054678998055,0.1423831979836033
SGPP2,0.014726720420600001,0.9481469040101743,-0.1246753130397564,0.1470257750890262
TRIM40,0.06933345853089999,0.9481632516914207,-0.0951737878808512,0.17350097266297554
EFNA3,0.144241063914,0.9487969351648269,-0.013113555133637513,0.16584646642044806
OLFML2B,0.148044861131,0.9492594218870714,0.012448277562714475,0.14284460121420503
SPOCK3,0.0035638633717499997,0.9493840048653599,-0.1603383676006046,0.17264060710144252
XCL2,-0.045782904370599994,0.9506778062601317,-0.22869755077687998,0.1924044562750942
CASP8,0.17760728475200002,0.9508601403970631,-0.008240751795071985,0.19545254727941902
EXOSC3,0.146691445155,0.9510333683714784,-0.015548705542623676,0.17059354181803202
BOLA1,0.22231279956500002,0.9521541550793466,0.06634342571198037,0.16380685104506226
TAF5,-0.150350818527,0.9525778666349427,-0.37625707166945765,0.23715253214993282
P3H1,0.178010425939,0.9533459211310474,0.04300237383261346,0.14161496799211484
POMGNT1,0.193525666778,0.9544113442517668,0.06203628721191267,0.13777013481453484
MPP3,0.179348626325,0.9546371498087757,-0.002339808332108835,0.1903219822248726
NACA2,-0.18850817859000002,0.9547915763583092,-0.41419060231096444,0.23636826016180884
PEX10,0.100667633656,0.9552113170073238,-0.05431643735468293,0.1622510833479736
TICRR,0.195311514656,0.9554396629741397,0.06183247704180983,0.1397043086935391
FGFR1,0.182189478849,0.9561951902638229,-0.001985582653591527,0.19261241154306158
SMARCE1,0.0773179521586,0.9564677250760308,-0.19813639035352748,0.28799125709153567
GRB2,-0.031179122527,0.9571765347633967,-0.22505969303486634,0.2025546630808197
MAP3K3,-0.053249468336699995,0.9572912049805227,-0.2659794690375781,0.22222078255195749
EIF2AK3,0.014718828031799998,0.9581091973975604,-0.16607777526496542,0.188701458860691
MIPEP,0.15876025605,0.9582564036734211,0.02808858271365816,0.13636399697974305
GRB14,0.25827035141,0.9592347783696487,0.09200458377062451,0.17333167164973626
MAP2K4P1,0.316129243713,0.9596911232882219,0.13373556492894081,0.19005456480530694
MICU3,0.248561659413,0.9597207437491574,0.10065318895639083,0.15411615453762462
WDR18,-0.0144196458429,0.9597653442336066,-0.2672212980824442,0.2633994379547136
CD82,0.0608631081171,0.9602348261159479,-0.09224747736486014,0.15945118976914935
PRSS30P,0.0609253555687,0.9605897309766358,-0.10268510006101574,0.17032292804480875
CATSPER1,0.16556416990700001,0.9610814279565654,0.020468595865176024,0.15097115584714157
FOXO1,0.20720763998199998,0.9611156393643121,0.034056452591910834,0.1801564559958804
HABP2,0.34991045608099997,0.9615368684577564,0.17349331215235597,0.18347413366645607
GDF3,0.14969964444199998,0.9620563617063431,-0.028202850132785916,0.1849189939966206
BMP2,0.0608988807242,0.9629191634590591,-0.06523002353644736,0.13098597374213544
KCNJ1,0.11260720153100001,0.9633397221549755,-0.027377839377182637,0.14531222754423367
PPP1R16B,0.115619534805,0.9635714217173439,-0.008163803096058707,0.12846306471028732
FKRP,0.18958123851199998,0.9637434390109056,-0.03765594719663381,0.23578597426494377
NEDD8-MDP1,0.0624438045957,0.9638853907990145,-0.16723584189008167,0.23828522423748774
PLXND1,0.14513351185,0.9640645219273687,-0.018389111452166186,0.16961792450908775
FABP6,0.180726476056,0.9643859795580284,0.04311732842160871,0.14269094589850492
MBTPS1,0.0290200818003,0.9648609010902873,-0.10148838283548402,0.1352614293814893
CCL17,0.213087208251,0.9651893093246208,0.020855851936320773,0.1991644068759845
PTGIR,0.147761836565,0.9668201755007065,0.026630547271949558,0.1252883342347689
HCLS1,0.0995833268609,0.9668406980763304,-0.020391981588557012,0.12409004781052893
MFSD14A,0.245210836358,0.96701949942206,0.05742020327967692,0.19419529098488325
ADGRB2,-0.0506874263426,0.9671523175152229,-0.2290633831962617,0.1844341926532726
ABCC10,0.292471314498,0.9673237231304435,0.13594731391693418,0.1618113945086805
PLCB3,0.19373710335900002,0.9675989242029623,-0.0032159498629472138,0.20354823501295521
JAK1,0.216343260589,0.9681027828182317,0.018292469026567473,0.20457620314434938
KRT23,0.13297726938100002,0.9688207832940596,-0.048595603299847655,0.1874163682404572
CD320,0.117529257556,0.9692567171847808,-0.06666897347460084,0.19004070620795602
HGS,-0.172743292361,0.9707263450027918,-0.36772240847119825,0.20085899297359391
MSGN1,0.008045211817080001,0.9711542697671625,-0.1327469616347876,0.14497405596087531
ZNF12,0.310867192898,0.9716242854323274,0.11984840776509677,0.19659737616367715
PPIL6,0.081401148955,0.9717146749690236,-0.08378927356202046,0.1699988965611602
PLPP5,-0.00639107075426,0.9719969822973816,-0.1335497661185571,0.1308221092042372
TP53RK,0.137126210691,0.9726274386699834,0.006935072138713296,0.13385509535934562
CYC1,-0.026244316927799997,0.972731728314192,-0.25419124560266926,0.23433689067582517
SLCO4C1,0.18228755725499998,0.9730012631313844,0.015601724222070082,0.17131101402323903
ZNF317,0.277794841049,0.9734288583751098,0.13485575846289202,0.14684081055980625
RGS12,0.0975804651956,0.9740081517981495,-0.046475240207529835,0.1478998970770252
RPS6KA4,0.110580983314,0.9742770954633413,-0.03321329967867623,0.14759074565361852
GALNT6,0.20376382398200002,0.9748795150701577,0.05565316244376374,0.15192714509708147
SLC28A3,0.114346954848,0.9749307971911079,-0.05969022386138671,0.17851234078440095
PTPN14,0.160117335856,0.975616345170465,-0.019423770628326564,0.18402839125553616
TXNRD2,0.08810331819530001,0.9771973363551075,-0.033681210123297514,0.12462634085030065
MTMR9LP,0.07604927114769999,0.977312677255532,-0.07663551175860724,0.1562292053092704
S100A10,0.21328681634,0.9785652885149934,0.07215953803250236,0.14421856156543542
KLK14,0.08445838548589998,0.9787290142944409,-0.07692406061859067,0.16488981500239897
TNK1,0.111584259615,0.9788150974674253,-0.03246753735475887,0.14716956996523325
TIMP2,0.23814517271699998,0.9797065206072594,0.03280893041094175,0.20958954338568964
LARS1,-0.0669534603993,0.979880562974685,-0.28735573669820347,0.22492769489152273
UBE3A,0.344091603962,0.981612173016033,0.12007592365059615,0.22821200314082182
PTPA,0.022243682576799997,0.9818925647670848,-0.1706662599655904,0.19646746442993046
SHC3,0.07495749426,0.982494841564142,-0.09872812100957304,0.17678018033465065
SPINT2,0.0271954344595,0.9825137972464223,-0.14436361205961523,0.17461235353633092
ANXA3,0.112484309541,0.9829161672436018,-0.05143406792137054,0.16676740389981368
APTX,0.108023461151,0.9831419960287159,-0.021334656962765153,0.13157623073400562
TRIM8,0.312297341692,0.9834682823739228,0.08470436073850512,0.23141873005210162
HELT,0.125812650867,0.9835467760129727,-0.013118144775415386,0.14125489405354213
MARCHF3,0.183297244793,0.9840801082419771,0.03378870678244477,0.15192720263154869
PRCC,0.0829564433864,0.9845724439166638,-0.11747122500765404,0.20356822865846796
C6orf118,0.21653707581599999,0.9849433698677322,0.0626051399846094,0.1562850622082588
IL4I1,0.0539249154083,0.9849758654037004,-0.11032016414677095,0.1667503593986577
CACNB2,0.13594706854900002,0.9854393612909037,-0.01114447825106017,0.14926493965836063
SH2D3A,0.131741014904,0.9864361113626616,-0.03767367953043145,0.17174421382485908
YBX1,-0.0031944980067899996,0.9870030385533566,-0.22227278191131652,0.22196313014965793
TOX2,0.261862750064,0.9877876716385764,0.10301682643034904,0.16080978553837572
FTH1P3,0.267095362778,0.9880468378784548,0.06341403383321767,0.2061454185533645
USP14,0.11766144068199999,0.9884302773185736,-0.04540300755876088,0.16497314174058308
ENPP2,0.214864418329,0.9884628716348739,0.024442633270810435,0.19264434762556165
JTB,0.0981951129191,0.9885264026894688,-0.06790518104612807,0.1680281816583973
FMO5,0.142242699949,0.9893156188659038,-0.02378420754786973,0.16781995991046184
SHMT2,0.157790322031,0.989402630225148,-0.009435882432214942,0.16901734375333227
SPEG,0.174709961439,0.9898295066993776,0.05286764041917903,0.12309425026751183
SOS1,0.119506232759,0.9901750638969584,-0.11403058601427453,0.2358540699400781
NUP62,0.07279887963880001,0.990963896772877,-0.09933610452349183,0.173704596830276
ZKSCAN2,0.248070213613,0.9913869176718338,0.11859015654832958,0.13060496841005376
DYNC1H1,-0.416265896589,0.9914392281046167,-0.6568523908575448,0.2426638844304011
NXNL1,0.235580498952,0.9916785098552003,0.07500578784389664,0.16192214463894114
PRPF40B,0.261598163206,0.9921048563886411,0.09184306116473162,0.17110600855154925
GPR173,0.06995003141539999,0.9926888140223061,-0.08652707775360594,0.15762956825812466
WRAP53,0.054876213196700004,0.9940153232521194,-0.10385386167425789,0.15968574242059044
EPPIN-WFDC6,0.278975039114,0.9947702280607242,0.1397738367110222,0.1399330201853211
PLPPR5,0.263617353085,0.9952246651588035,0.04668105083895425,0.21797721644230977
PTH1R,0.155184400832,0.9957971684820623,0.0148686723476533,0.14090794081914912
COTL1,0.254705287358,0.9963735872749563,0.0775149197580046,0.17783527169222169
GLT6D1,0.165509528682,0.99680165704004,0.01765995950316311,0.14832396007232762
NOTCH2NLR,0.252919436266,0.9968079029359944,0.10915894037337456,0.14422086288561095
CNOT7,0.11134756539200001,0.9971335486514216,-0.06018476311582691,0.1720254310366116
SNRPF,-0.656139478019,0.9973592463261634,-0.9647878529317147,0.3094655973257788
NEDD4,0.12602667112,0.9977072973544209,-0.028170233466294957,0.15455124463374428
GALNT11,0.13874177677400001,0.9977645367331663,-0.017119961741329376,0.15621094233880525
MMP3,0.20930312512200003,0.997906730591106,0.055894773401154,0.15373015034178114
SPPL2C,0.150391310462,0.997956406386623,-0.01695155415947693,0.16768554573179006
MFSD10,0.176857306002,0.9983826391657354,0.048855324316043135,0.12820934245503043
PCDHGB6,0.278053619637,0.9988842016611059,0.14366358363140483,0.13454015568782618
ALPK2,0.148738263033,0.9995559986060059,0.0017437392235142056,0.14705981857393316
HOXD9,-0.0363813199358,1.0001963821384239,-0.19176160290922936,0.1553497750524009
ZIC3,0.117570563318,1.00032644584322,-0.04645365907939434,0.1639706948456521
CARD14,0.147535348304,1.0013238787948195,-0.05238603778800618,0.1996570643382928
SLC6A4,0.215586690609,1.0019603619655137,0.08022286657879536,0.13509898112602553
ZNF587,0.200829428339,1.0020763661973968,0.029303788874858287,0.1711702273899884
CNDP1,0.277421019938,1.0021536620881497,0.12967658711422184,0.14742692504453725
SNRPG,-0.9471672030920001,1.0029860518041094,-1.1665240231212177,0.2187037592742712
RBM14,-0.0778560252458,1.003062252431113,-0.28084313148204515,0.2023674061547697
PAEP,0.17849310076699998,1.0032420527103156,0.05240882639700796,0.12567682348379255
ADIPOR2,0.18003349563499998,1.0036977201667063,0.03405797938584096,0.14543772822848858
FXYD7,0.156798584219,1.0040094180710415,-0.013369819977369784,0.16948885252820312
HES5,0.102399274443,1.0042214625558588,-0.03732655028770955,0.13913845694463778
TRIM51EP,0.151451780065,1.0056863329943655,-0.0448475169096412,0.19518938513380496
ANK3,0.18405815055,1.0062340212459515,0.06425033976163735,0.11906555359757437
SRSF8,0.153406248332,1.0062479288397297,-0.005377579091402763,0.15779791726527181
RASA1,0.107002934757,1.0063753985575863,-0.03129686306325728,0.13742366717079835
UBE2H,0.0404092481203,1.0063775485473314,-0.12788536883546592,0.16722811155584
DAZ3,0.316221444144,1.0069794672931245,0.1503378521057321,0.16473383760662158
ZHX1,0.280205426885,1.0075368775430318,0.16508844373732715,0.11425585079168105
C11orf98,0.346306791093,1.0080310911856343,0.14175585751532913,0.20292125447944317
PNPLA8,-0.0357946369869,1.0087543886187753,-0.18459745706977776,0.1475114475453477
RNF167,0.187039186011,1.0087853476193898,0.06703095043727743,0.11896310335685124
TCP1,-0.579418979995,1.0094640383337998,-0.7737982764905893,0.19255693032554944
GSR,0.161821330668,1.00946930919499,-0.019879001227213363,0.17999589511058228
ADAM30,0.045472915926,1.0098899378424357,-0.10937103963803796,0.15332755556991887
RHOBTB2,0.154971942966,1.011372440120526,-0.005210723187932525,0.15838148223105966
ATPAF2,0.245586959692,1.0119331034439063,0.12458223714401359,0.11957778842906878
CHST1,0.0163976340423,1.012022853448868,-0.15130589789104298,0.16571121033663114
OGFOD2,0.197655010138,1.0126160708122605,-0.007316747899466924,0.20241803773966452
TIPRL,0.31009479610199997,1.013342355278719,0.15579004750602235,0.1522730672335671
ALOXE3,-0.0203036601532,1.0143746239868774,-0.20333547477708858,0.18043808499911407
ARIH1,-0.237606421431,1.0144194704590166,-0.505379442182501,0.26396675985560086
ABCG2,0.08282875805289999,1.0145408197710841,-0.059657610182207464,0.14044419451477305
PINK1,0.136881859056,1.0146618599014927,-0.033768404427313575,0.16818436784435847
CD47,0.09171591859999999,1.015860199348301,-0.1043003449746066,0.19295594383986675
NAALAD2,0.226978482421,1.0159252016509916,0.09673496291295332,0.12820187873712205
VN1R2,0.13487435480499999,1.0162017610012346,-0.017387272801732776,0.1498340521046861
TCERG1,-0.335448752497,1.0162063228994587,-0.6054271264978355,0.2656727949010671
FUT10,0.357688200273,1.0164324559427642,0.1529431862144582,0.20143494322860456
RANGAP1,-0.223258267245,1.0167284950779159,-0.4158901091876048,0.18946242076931524
ADARB1,0.0628604215765,1.0169416487808352,-0.0764755845595534,0.13701475035769944
IL18R1,0.0197904192985,1.0170614081700233,-0.13055811010727797,0.14782640280914486
TEX14BP,0.228186795529,1.0182634873835146,0.053151506569959435,0.17189587088976707
TCERG1L,0.201668655462,1.0185423016197865,0.011257831712072362,0.1869444434925457
MAS1,0.154420359953,1.0189840855829524,0.01394961023091092,0.13785372284958397
RAPGEFL1,0.112839921016,1.0195768352611443,-0.020859736316585904,0.1311324980214379
CACNB4,0.147656477704,1.019657076684337,-0.018968007315404344,0.16341227735232752
GNB1L,0.160921649555,1.0198765331444215,-0.016727990466967435,0.1741873984238551
GLCE,0.109598094255,1.0213738710140265,-0.09332353309216461,0.19867516989219897
KLF1,0.187072346554,1.0216104102317738,0.05049876495210328,0.13368460250019587
MAF,0.144355216476,1.0217576075709796,-0.08563533015096286,0.22509306015711347
STS,0.101935296149,1.021774980487127,-0.06483344287734769,0.1632147412210479
NCF1B,0.40507214714100004,1.021893185454275,0.18334459236093073,0.21697723200052654
RBM22,-0.854930011324,1.022121580887703,-1.236638094156078,0.373446848172962
FAM167A,0.426439180647,1.0225190242303075,0.19780542037340815,0.2235985393481495
OR8S1,0.217017929384,1.0230031924853413,0.07098690869171564,0.14274737534054846
GABRA4,0.10461736875600001,1.0235341964881486,-0.07320037187643232,0.17372916434306088
ADGRF3,0.11249100336899999,1.0236070766229508,-0.07011538813765589,0.17839500690939394
KIR2DL3,0.265490860662,1.023748783103653,0.09123641525463635,0.17021211481110074
BRSK1,0.24780927666400002,1.0238230441404568,0.11153236560410677,0.133105922786006
HMCN1,0.286549649741,1.0246854262136007,0.09485274203018973,0.18707878809125378
SLC22A9,0.206242409098,1.024814443746748,0.04148742981973583,0.16076566863745181
HOXD11,0.122672017764,1.0248202197737435,-0.04281737573673088,0.1614813899137032
GTF2H2,0.106389974396,1.0249078762273138,-0.09856736750841605,0.19997635559096694
H3C10,0.135393575864,1.025939695799392,-0.00047758368551096815,0.1324358148006378
TBK1,0.17944210671,1.0260610306205251,0.02025066744762311,0.15514811937268838
IDH1,0.12577368662900001,1.0276463341444213,-0.005913221792026572,0.12814419128995777
GJC3,0.054290366427,1.0276951478053105,-0.1208396891765051,0.17041051130532556
BCL9L,0.122668621928,1.0278086618780977,-0.029251466552866114,0.1478096985515427
CALML5,0.150005018563,1.0282386762969205,0.00015358209152495852,0.1457360435138923
RREB1,0.0338945282393,1.028989169933441,-0.13783268348558647,0.16688923143476278
NDUFB2,0.12137759432499999,1.0290575790527605,-0.03945481904809669,0.15629097598323086
RNASE3,0.30073794971900003,1.0292544471910896,0.1380696319581478,0.15804480437736843
ADAT1,0.308046594215,1.0297247589076357,0.16881452397702335,0.1352128994020484
SLC10A3,0.15601639064099998,1.0299276423868993,-0.005877155044546761,0.15718924225623448
HMGB4,0.17265953357900002,1.031155366398277,-0.020025532737401652,0.1868632725924042
BCL2L1,0.307163903863,1.0319620979742459,-0.25780136569269124,0.5474670733205463
FUT3,0.204228418085,1.032134678747244,0.05629730185132993,0.14332540053127737
SLC13A1,0.307181884331,1.0323497581645684,0.139465960416168,0.16246037022667292
RBP5,0.10307208611199999,1.0328303268361996,-0.05691851286033945,0.1549050166472435
PHKG1,0.135581311453,1.0331932626054094,-0.013375993513782337,0.14417177343099957
FXN,0.0574053709833,1.03366613730927,-0.1681198637865224,0.2181799583344055
NACA,-1.00740582919,1.0337794537227898,-1.3162235672720113,0.2987269063724508
MYO1A,0.19243223667800002,1.033975299586583,0.028494538165378187,0.15855088470504997
ZNF266,-0.054134463330499996,1.0351916698480066,-0.3285892087293717,0.26512456909469617
LPAR5,0.13979321944,1.0365855142879246,-0.007907540140806005,0.14248777119200634
GNA14,0.080027346251,1.0369302947140093,-0.06804334817147896,0.1427971534608482
CLCN4,0.09320829721729999,1.0370402087402222,-0.08983491079914292,0.1765054107581812
E2F7,0.24673058329199998,1.0376633900500236,0.06538023034695513,0.17476799768015555
TRMT13,0.122868506776,1.038789100992998,-0.06250971255159642,0.17845606885015436
TMPRSS5,0.267884662049,1.0395159878671556,0.11883345831929984,0.14338519606179265
RAB40AL,0.152208719395,1.0395996437159796,-0.06633155172971496,0.2102158003282469
S100A7,0.132033270921,1.040160924024962,-0.021863394062390268,0.14795466877171115
CHAF1A,-0.479212842434,1.0401801310183187,-0.7873721081673387,0.2962556739395282
CRNKL1,-0.16894285958900002,1.0404459864097306,-0.4425146471009632,0.2629370395823987
MBP,0.20735166414,1.04054406222872,0.06626718655066863,0.13558722086899944
SOX11,0.136872735347,1.0407014483826675,-0.02315720297910815,0.15377122668062715
IGDCC4,0.192779618052,1.0409372462801123,0.01363595603524859,0.17209842635272993
LRRC40,0.110187104749,1.0412030521541442,-0.030187795288183335,0.13481990832312854
VPS28,-0.235505152854,1.0420084196791417,-0.5660375925417368,0.3172070718867275
HAUS1,-0.217187254111,1.0422402488766944,-0.5408130158112675,0.31050975247699825
NDUFS8,-0.000963895661313,1.0431420585334215,-0.16008753493259054,0.1525426359425995
ILK,-0.0975477369657,1.0443351428528909,-0.3075791701483356,0.20111497216197904
DHDH,0.16214470800300002,1.0444109690187369,0.0029019734840002977,0.1524713347932512
EYA2,0.21827008506599999,1.0444941931465699,-0.010096124671644576,0.21863808457343795
ARF1,-0.0153876315331,1.0447077253028447,-0.20373262238017698,0.1802848646423847
JDP2,0.039284181434599996,1.0447381330327996,-0.13674449189860324,0.1684907133830797
ANXA9,0.17033207688700003,1.0447844589938362,-0.08355930143604265,0.24300837951547333
TUBA1A,0.18210488590799997,1.044866729059015,0.04829297479228796,0.12806600822309674
AKAP6,0.307232538207,1.0451693562608122,0.11757897049465467,0.18145726008543547
TINAGL1,0.110712897325,1.0453201739236526,-0.08963794741315488,0.19166457295675227
VCPIP1,0.269283198326,1.0453990819167205,0.10927557460283352,0.15305889061026856
CAPN5,0.30191369311599997,1.0454740949778536,0.127938743747054,0.1664077093872243
KRTAP10-12,0.222842841434,1.0455823577686425,0.08807321268403072,0.12889432166546747
MFSD14B,0.09388618297710001,1.0462123871675701,-0.08705920917612188,0.17295282905519657
H3C7,0.23950886872699997,1.0469159068622163,0.10395352945371522,0.12948063773294552
OR52L1,0.117600052315,1.0470746415749224,-0.01990605226199858,0.13132407100431098
RAG1,0.09637144001350001,1.0472529377436148,-0.08833402347389141,0.17637139685218092
ZNF785,0.326032987228,1.0474575093511964,0.1502416163271549,0.1678267321886228
NARS1,-0.290385769051,1.0479313870855915,-0.4909199412400044,0.19136192947394315
SLC17A1,0.189401848832,1.0482132485133084,0.035326706194863416,0.1469883564777138
EIF4A1,-0.817016718872,1.0486478394195629,-1.0444647743398168,0.21689650893069265
ST8SIA4,0.22406904079700002,1.049558909302334,0.08732759023324477,0.1302846837388579
SLC16A1,0.142580357879,1.0495774807671374,0.012651318756804466,0.12379175573320252
CREB1,0.131667054407,1.0506280473927863,-0.043996176612838306,0.16719830719897497
TNFSF12-TNFSF13,0.318369647038,1.0507293995058085,0.13283210023746267,0.1765797615330851
FBN3,0.19697539652499998,1.0507798875590961,0.04529436713668603,0.1443509065829768
FOXRED2,0.25854667104,1.051081374650917,0.11732539840819085,0.1343580773455445
RABL6,0.117575445141,1.0511724969782719,-0.09100450715151816,0.19842599848465176
POLR3D,0.298876962112,1.0516207078717055,0.0846542221681681,0.20370722860467522
PARP3,0.144688443388,1.0519807078129866,0.012063907739303024,0.12607126220443388
PBXIP1,0.204315828454,1.0520619117057144,0.052862740052889594,0.14395834191502913
PSMB1,-0.324240030882,1.0522803405697914,-0.6105447388193204,0.2720802593178652
PLAAT1,0.100629807392,1.0525742288742037,-0.10372313703879388,0.19414587477537104
ZNF773,0.16309463179000003,1.052817855702368,-0.0203513675634014,0.1742428648600558
CACNB1,0.296466755031,1.053017967696562,0.0416289041470695,0.24200712495094354
FAM193B,0.21592271486200001,1.0534586213159538,0.055512969127222346,0.15226962169088132
PATZ1,0.113416460813,1.05385727857822,-0.036195861771459927,0.14196639870087996
PCDHA10,0.264500344497,1.0542827216863488,0.08376544207186734,0.17142925584139626
MAP2K4,0.21026380002300002,1.0542979197982443,0.04260757854376467,0.1590216753072214
FABP1,0.17117051786499998,1.054427288485198,0.0103808039085319,0.1524900917420872
IRF9,0.135506574814,1.0546046438506766,-0.023559951919897976,0.15083048198337015
GABRG1,0.182950158533,1.0546320291165145,0.008882325164641136,0.16505077464239243
ATP6V0A1,0.20915059698199998,1.0547452060442841,0.053677468636248005,0.14740349371090133
P2RY1,0.138342580685,1.0549648009929902,-0.003312052047384738,0.13427427398435635
UTP4,-0.359103529225,1.055459501128822,-0.6179104184578584,0.24520778765652546
CAT,0.08925675090289999,1.0561213877389493,-0.05382871952091866,0.13548203083941932
TULP1,0.239960209432,1.057433475591809,0.08283426184971523,0.14859180384311818
STX5,0.134447724618,1.057454066855984,-0.08907558097464348,0.21137873747766808
GPD1,0.182386204527,1.0580565660692063,-0.001915244076574889,0.17418865353132731
SLC1A2,0.059574387936899995,1.0592411738075154,-0.08769513168625254,0.13903303918387358
KCNJ10,0.0929353166338,1.0593695354679704,-0.08961294326553476,0.1723178303581244
CCNE1,0.251512610282,1.0597696595371167,-0.03164072302116989,0.26718384580555443
ATXN10,0.18349312685400002,1.0598784236964958,0.04671357240549987,0.12905211710175168
PGBD1,0.051326779530600004,1.060370271882868,-0.10490187656403346,0.14733405890116372
HSD17B6,0.19602892442000003,1.0610535670631727,0.06498902656492797,0.1234997948480298
PTPRS,0.148909457638,1.061214588026662,-0.022432075845619612,0.16145795149898076
OSMR,0.0762431555025,1.0618615785038301,-0.08544059024710265,0.15226442789032454
MAGOHB,0.233452730469,1.0623316439509838,-0.035811166935323845,0.25346500684370815
POT1,0.191782655565,1.062490681319152,0.019065850201453995,0.16255841900571472
RAMP3,0.242107926743,1.0626391406143356,0.049068740248872526,0.1816601507662584
RNF208,0.107796085611,1.0627290306622752,-0.05514244857314348,0.1533208649457923
OGDHL,0.208263137934,1.0634531123372508,-0.03581204045941728,0.22951193199010939
KCNK3,0.0958369201248,1.0634561762798946,-0.06016965343910561,0.14669769854516854
SOX4,0.0750751742769,1.0636483847501683,-0.10254163154232095,0.16698827203215275
PIK3CB,0.214052652743,1.0637179740506917,-0.0417197296062563,0.2404513118973276
CENPF,0.225010509347,1.0654138403473832,0.025310657413289805,0.18743876263949896
NDUFS3,0.0652616256045,1.0655015309617837,-0.17192717917322642,0.22260766210596244
PHGDH,0.0544885826437,1.0657123227144247,-0.13445344457623754,0.17729177301684226
PDE3B,0.125602606168,1.0665509900288805,-0.03804807756111393,0.15343915598885952
CDA,0.037760319697,1.0678107270424082,-0.13590863084172972,0.16264020030942472
LMO4,0.0329372463094,1.0686031259062736,-0.13615251789571742,0.15823439039794476
GPS2,0.24110122224,1.0688318389377107,0.034620948154576704,0.19318312438244697
PTPN21,0.152852232589,1.068900410847359,-0.025823126766628957,0.16715809774456541
HMBOX1,0.108268997923,1.0691855859208865,-0.044991994064852214,0.14334367579025015
CBLB,0.226810579243,1.0693911550352437,0.015313421727061415,0.1977734307228007
PCYT1B,0.114781376224,1.069668396086766,-0.041291537320359915,0.14590775432398595
TMF1,0.15526832209,1.070605710236229,-0.001986329966562071,0.1468838159118952
SOX13,0.18269041464299998,1.0706877569320112,0.03284946758589684,0.13994831461084697
ARL6,0.120136567621,1.0721344987964188,-0.030124666235870026,0.1401514772871815
TFCP2,0.143926882097,1.0724902754318941,-0.03127380796017265,0.16335876797262236
EIF3E,-0.385589734843,1.0728423480039198,-0.714237740893527,0.30633392376987545
UBE3B,0.137847640312,1.0732499216862106,-0.033977376507598175,0.16009786103654167
IL15RA,0.24185918316500002,1.0738530112903932,0.03258295371015566,0.19488349639525432
MARCHF9,0.219448231481,1.0739058848167164,-0.00028321974302677333,0.20460959785272836
SYT2,0.160328548414,1.0750370174448827,-0.036733291381214374,0.18330702719761718
SNTB2,0.21869914393599998,1.0757665845219566,0.0709327354546725,0.13735917308399306
ASCL1,0.118095429893,1.0759795009056803,-0.050616132870069316,0.15679811987222836
CD8A,0.23570720126400002,1.0767676576715257,0.08530009724188069,0.1396838983326911
TAS2R10,-0.0264572626347,1.0781015777414005,-0.22448527592370315,0.183682147747031
ARHGAP11A,0.11755024058800001,1.0784312435506438,-0.03279506483476205,0.13941111806791023
YWHAB,0.24941702059300003,1.0791371665561442,0.06714056714909816,0.16890943903415134
CTDSP2,-0.0573908128189,1.0791682572574963,-0.26656516559645416,0.1938292304011346
PDIA5,0.167649076327,1.0794015591745985,-0.016090188112353045,0.1702232712910435
MGAT5B,0.0917003979194,1.0794861291038214,-0.08319368622445171,0.16201605507339595
FCGR3B,0.24237031554699998,1.0807148586978919,0.03906181804155509,0.18812408830059282
RDH14,-0.0172224840875,1.0812837557845816,-0.18142619854152459,0.15185996605939767
LHCGR,0.192042715947,1.0820715221652761,0.02469120136982754,0.15465845939859335
PLK1,-0.49869849214199996,1.0823217896581871,-0.9180545373558694,0.38745967162530115
MED12,-0.0387397944101,1.0824936811598331,-0.4711095109898782,0.39942008355791747
CIB4,0.266572020611,1.0827087798423995,0.09870308233454342,0.15504532834848886
PPP2R3B,0.14655612117900002,1.0829357845389853,-0.04048046914509049,0.1727125402950033
ATXN1,0.22406805813900002,1.0829752151258611,0.03888351933366865,0.17099610057448045
STAT2,0.106506374847,1.0838161837946967,-0.06152021439009075,0.15503236780317298
CLDN18,0.193545216757,1.086296370362235,-0.042592390756873336,0.21737862148534218
HMGN4,0.18648442702100002,1.0864344691156866,0.055197549662997364,0.12084196616558458
TRIP13,-0.151823937029,1.0867089818080062,-0.3541109971373007,0.18614648769327985
CHRNB4,0.0508736459561,1.0872819125551147,-0.1299018967719122,0.16626372667525507
RAB6A,0.11489052007000002,1.0873588944542698,-0.15781997774382753,0.25080081581591984
PREB,-0.00116614201387,1.087616958988704,-0.2422705638719019,0.22168137400341514
LDHC,0.0356857551841,1.0877455980979454,-0.140838126899842,0.16228416128974948
EML1,0.142643583235,1.0887201827374262,-0.041243611954780345,0.16890216430765814
SMAD9,0.054603181482300006,1.090060091867437,-0.12332726490670873,0.16322994274947458
SCNN1B,0.20201827138099998,1.0900635626702775,0.02882954106443781,0.15887947845198117
NCL,-0.415040990017,1.0901558602521715,-0.686719013304339,0.2492102580859358
RNF25,0.120566667827,1.0905325021138497,-0.11859261041414587,0.219305043891464
USP7,0.0703511910962,1.0913423712924433,-0.3120184968102559,0.35036639093708716
PSMA4,-0.9146022148999999,1.0915270057374473,-1.3012068774791519,0.3541869880882679
GATA6,0.200805558191,1.0916564328024256,-0.02299602971927954,0.20501101004438863
COQ8B,0.18832770237100002,1.0918825577270421,-0.08607135796547614,0.2513082184476773
WWP1,0.102942188586,1.0922786636811224,-0.08896231700357594,0.1756918925275283
KLHL2,0.104357923845,1.092386580340394,-0.07075921218857964,0.1603069272226066
SYT10,0.225872916867,1.0925026087159913,0.07526273449162244,0.1378579613209239
MARCHF7,0.251182591425,1.0932372606419178,0.0053233845406962434,0.22489098728664098
REPS1,0.176122618145,1.0932853692011493,0.03467613148219911,0.129377462323633
MYL6B,0.17163470701699998,1.0937067263996425,-0.03351681967143448,0.18757453139542246
KRT40,0.207905839542,1.0937850700124556,0.05169275346983407,0.14281881363619914
GIMAP4,0.256340038494,1.0949178915556637,0.08434267338122645,0.1570869984309043
SLC6A8,0.150259486331,1.0952491331026368,-0.041463809060701566,0.17504994032598337
FDXR,0.0499891739632,1.0954502133308377,-0.09342011181841703,0.13091355867791124
ABCC4,0.07603357807130001,1.095784820292504,-0.09492362714821971,0.1560134818931742
PANK4,0.253823013035,1.0958582373768726,0.09561403797297623,0.1443699282132737
ABRA,0.18680877419300002,1.0970929859381588,0.0281679719706361,0.1446010541091056
SLC52A2,0.0582352798796,1.0979224076263658,-0.11892676088141897,0.1613611668096212
GPX4,0.12843069922800002,1.0993751001003427,-0.3509417387473912,0.43604083622745116
ABCB1,0.18587139123399998,1.1006051629377391,0.044779325495124575,0.12819498807571642
PLCZ1,0.16089005365800002,1.1012234452866518,-0.06108950997394587,0.2015754065008704
FOXD4L1,0.22348638861900003,1.1015466061042147,0.0471818520666151,0.16005181766744525
ZNRD2,0.18196538556800002,1.1016003478915033,0.03876357678040596,0.12999433874697544
CD38,0.0530090401722,1.1017653752533783,-0.12178065131858243,0.15864511212342758
CELF1,0.06245925343119999,1.10198714279435,-0.13568439347466327,0.17980577015029686
SULT2A1,0.0620485444869,1.1023178308075254,-0.12493400971492434,0.16962671652044894
ERBIN,0.255680160851,1.1029153720035028,0.029010523119708732,0.20551861320015347
ZNF468,0.165488946918,1.1032149643705693,-0.002877340142282839,0.15261421617530624
PLCB2,0.138841661996,1.1034118940218096,-0.027716569376258434,0.15094837410640266
KIF3C,0.0904454540167,1.1038803629943166,-0.08499794660558557,0.158933346858702
TPI1P2,0.199435205446,1.104598840812055,0.016903368337407625,0.16524717423603538
KCNT2,0.114347177369,1.104638314149996,-0.026329254598408135,0.12735067231092442
KRTAP4-2,0.234323798035,1.1057472449702872,0.03244657795408501,0.18257085513818275
CHRNA7,0.124205080999,1.106168403694989,-0.019158454300226804,0.12960371569133822
OSTM1,0.12942067774,1.1063095248097743,-0.07894349516975202,0.1883416604820242
SLC26A3,0.0463620551424,1.107052551203842,-0.13668680250389437,0.16534793894584457
MTMR12,0.178230676201,1.1071615624230695,0.021451205159497132,0.14160487173921069
LIG1,-0.08972077952160001,1.1084507379888489,-0.2863232632118507,0.17736691126839102
MOGAT1,0.0791275885266,1.1088244401404985,-0.09343278558184255,0.15562461275346484
C14orf132,0.280858232192,1.1090239655464171,0.09746422052439317,0.16536523769100736
MAD2L1,-0.8340324832189999,1.1092292167890496,-1.2890204873655562,0.4101839342671089
EPN2,-0.04212652282959999,1.1101314214578926,-0.27379562998293033,0.2086861993772668
GTF2A1,0.217673784655,1.110621133345957,0.04999369389506072,0.15097866025182788
PTCRA,0.296622155299,1.1111056561575767,0.10168362198428671,0.17544554132579013
PLA2R1,0.268986895308,1.111678746867324,0.10994799918411323,0.1430619201563882
PRDX1,0.143998117297,1.111856869094561,-0.08795846364119436,0.20862090021271162
PPP1R1C,0.122960728923,1.1118584125221647,-0.05619142944876397,0.16112857208623457
ARRDC4,0.299382093842,1.1125318891278864,0.05061444755544357,0.22360495795007307
UHRF1,0.125042244322,1.112846025086825,-0.0950713455232844,0.19779339179300295
SLC30A6,0.19999576358600002,1.1131006441658602,0.06665349712168743,0.11979353993118666
ACHE,0.163813880239,1.1133922900387845,-0.01716539509880048,0.16254762760347136
IL12RB1,0.27501086887299997,1.114254095404652,0.031992620203181575,0.21809948886170707
HOXD12,0.08366792496610001,1.1145705999646698,-0.09073918047066061,0.15647919067871438
H2BC4,0.332132065421,1.1156841873973617,0.13688755139519795,0.1749998039151771
BRSK2,-0.00388288855885,1.115853642415912,-0.20792600387531854,0.18285831363573715
ETV4,0.120038431882,1.1163496319784438,-0.058652108517440606,0.1600668243001589
CASC3,0.22576670178000002,1.1164193425482498,0.028216253604024716,0.17695004076609994
PLOD2,0.187068868273,1.1167742579399151,-0.052661344001157,0.21466308931258962
EXO1,0.197826528747,1.1172488942669088,-0.007085650690220838,0.1834078158311139
P2RX1,0.138573637368,1.1180991077094293,-0.10841901978557002,0.22090408216098695
APOA2,0.20659868137499998,1.1181438809682724,-0.041057394291993746,0.2214885578522618
DDX3X,0.0727858700051,1.1187901559505413,-0.2795198101122612,0.31489880228525685
PCDH18,0.24880553437300001,1.1188746961224583,0.0929285027036503,0.13931589677517323
SF3B6,-0.777583543928,1.1188769070528903,-1.1912939672132568,0.36975508268819807
APOM,0.19680843832400002,1.1189217050440001,-0.03790600431709258,0.20976842399519163
PPEF1,-0.0157829814562,1.11916832873639,-0.2264377345607347,0.18822436955696994
OR2T35,0.207453378238,1.1205876257864342,0.018957714764027578,0.16821144472453475
COX5A,-0.0956355465965,1.1210666617826717,-0.34734121755137976,0.2245233754026975
FOXB2,0.139186539255,1.121463969271175,-0.019054864672598298,0.14110253049898458
FAM186A,0.180289563077,1.1215714798569016,-0.003739274673952479,0.16408123874051456
LCK,0.0365037814046,1.122087168799365,-0.11679257561119324,0.13661715531407476
S100A16,0.237528204531,1.1226898244126182,0.05592259709033167,0.16175937778333638
PSMD10,0.0914259778446,1.1230452391996666,-0.10720913358047307,0.17687186988712006
BHLHE22,0.180785430144,1.1240778318927644,-0.02216046755280145,0.18054434660905425
HOXA11,0.11337238158299999,1.1251504172858617,-0.1342784873621743,0.22010467679740886
POR,0.21961956889800002,1.125266011781411,0.0731090089677963,0.13020082220226536
PCDHGA2,0.200258372137,1.1253020774176943,0.042412892914845395,0.14026942844038212
ZNF81,0.194034082251,1.125433891580298,0.03800252069086225,0.13864125003472508
RASGEF1A,0.133410636397,1.1258336250506826,-0.042369221293886844,0.1561330677816392
KYAT1,0.0591931201794,1.1268131830317796,-0.15002199177131095,0.18566974109035647
AMY2B,0.43385690332500004,1.1269093937179875,0.24585548099502477,0.16682922635839098
ITGB4,0.26184563894,1.127685970774561,-0.010571337269775249,0.2415716638051844
LMAN1L,0.197816962706,1.1282411198649531,0.04858784647540823,0.132267042570168
TXNRD1,0.170496908512,1.1282885375288472,0.005532723973944369,0.14620744521552667
LPCAT2,0.058165523199500004,1.1284805942228422,-0.12670102456921883,0.1638189869769378
CSNK1G3,0.194326283406,1.128491314157714,-0.008281470579168426,0.17953860295007346
GJD3,0.16511878871400001,1.1286756353635918,-0.019273803467010176,0.1633707563126495
IQUB,0.165903833789,1.128774935849871,0.00377576708906373,0.14363188050226122
SRSF5,0.19587369053800002,1.129171347286179,0.013149833824954486,0.16182119494282182
H2AC20,0.062577452614,1.1292504151346419,-0.06834101979596496,0.11593395995728316
HERPUD1,0.305495218084,1.1293125331664136,0.10524965963435058,0.17731633411363334
ERCC4,0.157899624048,1.12964497686221,-0.02518093221933944,0.16206911022246853
NES,0.20915943591699998,1.1297511786180796,0.035725417877740605,0.153515235320582
OIP5,-0.25285583357700003,1.1297815349676865,-0.5580674212581052,0.27015097895880785
YWHAH,0.0645469115866,1.1301101606194588,-0.12381475971034435,0.1666754957708687
ACOT13,0.20195633636799998,1.1302771183268274,0.003325220607989156,0.17573665125066723
ZNF423,0.101513482322,1.1304742922298157,-0.05615483736733038,0.13947094663987084
ZNF646,0.192674874823,1.130551749443739,0.0014293806824722656,0.16916120313344837
XPNPEP1,0.0626113983335,1.1311326397820967,-0.09128204310423088,0.1360525158812296
KCNK6,0.261183050566,1.133172841712396,0.0687747822957189,0.1697960462761559
PAXBP1,-0.144591912355,1.1335182075850931,-0.39651819447663356,0.22225164133741673
ZNF7,0.317764331021,1.1340268747841051,0.09296189772523908,0.19823377937013933
SLC22A16,0.319342865006,1.13477403506801,0.08785324660903877,0.2039962241320471
DHX34,0.10631583918299999,1.13496104003666,-0.1046882846177175,0.18591309865041877
EXOC5,-0.0444620273214,1.135393860466934,-0.23273871520046882,0.16582500085180968
CDK1,-0.541238991275,1.1355022939474437,-0.9854957983791777,0.3912425447946651
LGSN,0.110831210611,1.1360112062405927,-0.04914893357532174,0.14082620251233682
MAPK13,0.25211968527,1.1360779065627402,0.0399716202173817,0.18673725087611528
DMRT2,0.12018448289000001,1.1366464026314937,-0.04682972228101751,0.14693593784694742
SDR9C7,0.06191866735280001,1.1375265834089805,-0.09481604198460421,0.1377855354093757
YY2,0.19220478502799998,1.137973144708733,-0.0039240281667941345,0.17234924576800428
HBG1,0.06624152684489999,1.1381106140174277,-0.09211524824298502,0.13914005645628758
PRSS36,0.181159468654,1.1381985867931685,-0.07416426485527464,0.22432265904374346
CYP3A43,0.230605817346,1.1383312655223716,0.053598580084138085,0.15549712339723412
DAZ2,0.131761086885,1.1385068519487906,-0.03057791844071258,0.1425893968471386
ONECUT2,0.0996752693673,1.139145687618707,-0.06372818281730662,0.14344385793724812
KCND1,0.17081955654,1.139308615695901,0.02405945867309882,0.12881505137855795
AGO1,0.18643720014000004,1.1395963725063627,-0.006317406965635255,0.16914287528109792
RPS25,-0.534794327519,1.1396577786705246,-0.7576824092638063,0.19557457152165258
TRIM49C,0.08782825274839999,1.1412276231367307,-0.09865708828632896,0.16340766491627948
NFIL3,0.157536190715,1.1420739299327387,-0.013997648627709731,0.15019503978416882
ZNF572,0.226558123247,1.1427481887988171,0.015535462919291844,0.18466243254300976
MCC,0.32649858583,1.1439046840904583,0.12117534850131366,0.17949330935028296
ZNF440,0.24291064048799998,1.1440425432511696,0.036774386070071934,0.18018233293328823
AP3M1,0.20968808510200002,1.1441242870396586,0.012957593977433943,0.1719485316001747
THADA,0.11024253667400001,1.1448355675290582,-0.08180258500815356,0.16774908740532216
HIF1A,0.238595153727,1.1455583726173346,0.07539588291332233,0.14246264067784278
HEPH,0.12851819195,1.147247350002216,-0.11448092869467845,0.21181057480255594
UGT2A1,0.254417800523,1.14825028132819,0.07815908224441671,0.1535020031301046
PBX4,0.213756327497,1.1485940679359434,-0.004583031316397176,0.19009270978193302
HRAS,0.0568629321122,1.149201747573688,-0.10990950639845874,0.14512024443294289
ECHDC2,0.150769945075,1.1498474736614401,-0.012617966401368596,0.14209529108769112
PTGER4,0.109099408958,1.1508977826062547,-0.05084767419969261,0.13897592433924577
NR6A1,0.119687152001,1.1519282313290542,-0.03868051206754933,0.13748049553905828
AIRE,0.08558334754540001,1.1520039514063178,-0.08381858536470303,0.14704978459779092
LYN,0.206119693495,1.1536857476928444,0.011343597179414574,0.1688294205810388
ACCS,0.06878362130099999,1.1547966736138997,-0.11544259662288613,0.15953130289798634
TOM1L1,0.376636470043,1.1549057122693562,0.1302246455320511,0.2133609886011879
ZNF215,0.24683759808400002,1.1549586341877673,0.09060955911906786,0.13526721593349583
AP3D1,0.21649071786899998,1.1551891762337376,0.03995856782985633,0.15281665866597824
ERG,0.184428484886,1.1560155749084688,0.012627494054912362,0.14861477177302782
CCDC6,0.21299700556499998,1.157110591098466,0.000331637096422317,0.18379001117489607
GEMIN2,0.0993286763153,1.157174438003327,-0.10602064735522865,0.1774575352916137
FOXN4,0.130156874034,1.157193037601699,-0.023320412554151466,0.13262894054931024
GADD45G,0.172189059586,1.1574455668741848,0.001248836323072092,0.1476874836754282
FOXN2,0.23039711546100003,1.158190663282831,0.02435264828127529,0.1779020274569495
DPP6,0.224073421765,1.1582208903761317,0.053159330117078685,0.14756605848511076
RERGL,0.17889144161200002,1.1585700318045922,0.010911018756057846,0.14498944236827477
PLA2G10,0.0659678402886,1.1586949402824416,-0.13347129236958846,0.1721239350622982
COL9A1,0.171840582892,1.1592575496620878,-0.039830169534607246,0.18259165315620085
ZSCAN16,0.144812027157,1.1593142591526582,-0.00463642344630798,0.12891107775430946
HHAT,0.11959019386,1.159419104602369,-0.035566163158904374,0.13382249473292607
RPS6KB1,-0.057816766162199995,1.1597695929480731,-0.2308878111509631,0.14922881755230852
STX2,0.187545714622,1.1600105483493899,-0.001007045539646326,0.16254400481956233
DYNLL2,0.0890261232337,1.1605667767308536,-0.09934311525720346,0.16230797078433695
SLC12A8,0.261225067771,1.1609092399556946,0.1189737739716329,0.12253437986659152
CCL18,0.10458225317299999,1.1610419282589004,-0.057584289645153774,0.13967328730439466
IFI16,-0.0681788916477,1.1613602343530651,-0.25483658921000113,0.16072334151020648
ZNF484,0.291047996009,1.1614622791170772,0.1230393649181231,0.14465267973971055
RBM19,-0.261468531169,1.16204456253088,-0.5761651875598663,0.2708128986942389
CRAT,0.17434591867600002,1.1627216345955826,0.0017472346013685535,0.14844368500519445
BMPR1B,0.039081879693400004,1.1628467021261144,-0.15145187137595228,0.1638511342217216
DNAJC7,0.0794203477576,1.16354491669258,-0.1106932186615235,0.1633916866394195
FCER2,0.121716524848,1.164236169114098,-0.037888073218318975,0.1370895375873495
GPSM1,0.118856826699,1.1649519636556138,-0.06712449897605628,0.15964720561648546
SERPINA10,0.071188339073,1.16497462232678,-0.09294455668794488,0.14088967486100734
ZKSCAN5,0.127142288267,1.1649791493499209,-0.06278262489290098,0.1630285943451284
FKBP10,0.224168891465,1.165824757370503,-0.029566932863394426,0.21764490994400484
OR2J1,0.09102955306260001,1.166227667514129,-0.11931618201420775,0.18036421269713993
ZNF709,0.25052319362799996,1.1668825071901723,0.08957786930210467,0.13792761767716286
FCGR2B,0.21009344490200002,1.1672233073082943,0.04743474952654544,0.13935524963989787
BTG2,0.116830584316,1.1676441627171368,-0.08381924851009485,0.1718415928695072
B4GALT1,0.131046017294,1.1683304255061528,-0.06126348623613541,0.16460198188095776
OR5T2,0.235572034124,1.1684566241878351,0.03702587916501714,0.1699217162613865
ASGR2,-0.00339113924397,1.1701628508336024,-0.2229419979989143,0.18762419145210457
PAQR6,0.000894432159209,1.1726027916068094,-0.24412219504897095,0.2089510863882862
GALNT16,0.176823171144,1.1736703213417887,-0.0371813666354177,0.18233786259054316
PPEF2,0.0929594011009,1.1736756549677199,-0.08480463820327167,0.15145925414041309
GRK6,0.139020821757,1.173910816331145,-0.04926113586006636,0.1603886385556179
ERCC2,-0.021786578582299997,1.1744394801745341,-0.31596378684771165,0.2504830714833376
ARAP1,0.19825205386199998,1.1750408042827412,0.038665192942591325,0.13581388862221033
SDF4,0.12271613490999998,1.1752626695029815,-0.17151795860582114,0.25035602776377874
NR1D1,0.0680034224596,1.1764047513031695,-0.158146056625765,0.19223781511834814
DGKZ,0.0860940305171,1.176742740252821,-0.06449031443346165,0.12796709068135734
EFNB2,0.150288875463,1.177013035720333,0.0022391335832055662,0.12578428393461916
REM2,-0.00797060810412,1.1778893696544102,-0.16829151014538515,0.13610862460563924
EHD3,0.18509668366300003,1.1778965301058326,-0.03728965047585272,0.18879954941277532
EDEM2,0.15733939481599998,1.179530651478014,-0.05594309652961539,0.18081979563512082
CYB5R4,0.207088022421,1.1803765979620282,0.01694450541696536,0.16108716263294762
FUT11,0.18927112953800002,1.1805524198760584,-0.04914178506391233,0.20195029935811099
PHF6,0.09047172971650001,1.1809567750027734,-0.10056085458329643,0.16176086063721326
ERCC6,0.202041571592,1.1827633201952228,0.012161211331865956,0.16053960840516518
MYL9,0.22921778494000003,1.18278918868369,0.07553636034504588,0.12993137413268388
C6,0.211160000805,1.1833601770786122,-0.030785879514871887,0.20445666924263844
PAMR1,0.10375296454800001,1.1837273242530675,-0.09726792747053828,0.16982026848571952
BRWD1,0.166967899546,1.1839903041412045,0.010555612759748067,0.13210605377356027
ZNF558,0.24779990460700002,1.1865288347044693,0.0707535653064001,0.14921368459174206
ALG3,0.248891816401,1.1876424098655167,0.07224490159774231,0.14873745947086917
HUS1,0.00802463487683,1.1878609972951875,-0.2523692992725477,0.21921246235233444
TCFL5,0.124299645704,1.1885318770103463,-0.043063615711495765,0.14081512212906247
ZNF286A,0.0301345278119,1.189172906004528,-0.19626526573627193,0.19038425144485244
GBA1,0.193311058533,1.1903418529656158,-1.0618492374611112e-05,0.1624085354503274
TRIM44,0.250638526399,1.1904323801731809,0.09018846316898273,0.13478301321632014
DDX51,-0.124447343245,1.1921569800692058,-0.41522191277577336,0.24390627609620139
SPINK5,0.23294619776500003,1.1936780550488082,0.08453066247953095,0.12433464338037153
RHEB,-0.0208442712804,1.1940490248722846,-0.2842158841502634,0.2205701837895924
ADNP,0.125665235757,1.194853745814902,-0.08579903702835083,0.17697921065739317
CYP1B1,0.178963225443,1.1953339392439424,0.0341279969364184,0.12116716822931586
OR4C3,0.0726304760118,1.1955888933064462,-0.1393684604829808,0.17731758607132067
KCMF1,0.0707426350735,1.1957930922969964,-0.18165741782427963,0.21107334916356213
RAB1B,0.22861440305300001,1.195971210321122,-0.0009839460155004118,0.19197648495807232
PRTFDC1,0.34216286360200004,1.198649651344928,0.15859535126364274,0.15314525986170183
EHD2,0.252651872051,1.1990960883377695,0.07303250585238523,0.1497956401872761
PNPT1,-0.268358372616,1.1991178121729609,-0.6652454939531443,0.3309825917921543
CD3D,0.19631578624600002,1.1992680656123902,-0.015842041610604037,0.17690609292449433
CBX6,0.09233374826719999,1.1993806381770007,-0.05404683502544249,0.12204681202385735
LILRB5,0.16895912542599997,1.1995187216786836,-0.01819125359803748,0.1560212238806304
CRYBB2,0.236993373607,1.1996561940247712,0.03578985731075731,0.16771764885505866
KDM3A,0.08895620005510001,1.2002989154793604,-0.08049878010590841,0.14117731672975276
NPTX2,0.17961222122099998,1.200387433425672,0.020046241459470385,0.13292873227284574
TCF3,0.37985193629,1.201466108723822,0.11162919381130938,0.22324619939849366
MME,0.199759943839,1.2015602642300158,0.025180432583965393,0.14529401183794033
PEF1,0.116278626905,1.2016849116407744,-0.14174346310214134,0.21471692579949206
SLC38A5,0.19720819613200002,1.201922776254544,0.009149770755547302,0.15646464905381377
NDUFB7,-0.0206374660844,1.2022163728536293,-0.2604114009949688,0.19944324526327295
RAG2,0.269286360123,1.2034187253251782,0.015293748805975109,0.21105921486172075
IL5,0.0655358609718,1.203547786001591,-0.12285003351969245,0.1565254796549004
RS1,0.228800294107,1.2042948335611559,-0.031939752271041476,0.2165084820691467
GLUD2,0.111060288488,1.2044073048570811,-0.05695698002511997,0.13950203376843304
RBPJ,0.10927004068099999,1.2046774090950556,-0.07786499356464194,0.15534036982250404
CDH18,0.289892838405,1.2046776364479235,0.01622318467589889,0.22717251939368222
TAAR1,0.173786831491,1.2052333594365083,0.00730231788874397,0.13813467101515822
BTF3,-0.271620041122,1.2052469734010283,-0.5770729912927324,0.2534359819289066
PMPCB,-0.45094120816100003,1.206438479887183,-0.8062032583231182,0.2944717497699009
CSN1S1,-0.012252434724999999,1.2065823382193719,-0.22447580023527192,0.17588800928701065
SAT1,0.122021025582,1.2081173135653096,-0.07012555830554754,0.1590462960260856
AP1B1,0.09467081513080002,1.208663134170212,-0.102071807709378,0.16277705282642582
ALDOC,0.040985670414900005,1.2090083266693075,-0.17795661999071094,0.18109245865061513
AGER,0.131238463389,1.2091265998337022,-0.034799595791207755,0.13732065707845967
BCL2L14,0.17232482384,1.2101863221703646,-0.00902665897729629,0.14985418319061652
GZMM,0.138129112167,1.210680948124545,-0.07100428475559611,0.17274030556651837
GIPC1,0.104675839959,1.2110199599756994,-0.1864185818895492,0.2403712832729779
NKX6-1,0.14701256427,1.2118349642645168,-0.012080618469640177,0.131282878800412
GJA10,0.056212522758999996,1.2119826772355375,-0.10554696975849506,0.13346683542248236
HOXD3,0.218606753818,1.2121384004025908,0.021007210768796088,0.16301731137597375
KDM5C,0.14443020867999998,1.2129320276403326,-0.045548539629640825,0.15662769551829714
PSMA5,-0.191561833211,1.2141691643817452,-0.5156499906624751,0.26692174942237207
KDM5B,0.128905819619,1.2146696784186046,-0.058662724692083154,0.15441938466372296
TCN2,0.0947419546106,1.2150809462756196,-0.12447153323134935,0.18041060434193054
POLE,-0.35389675729099995,1.2158510513062954,-0.7575057555671733,0.331955956153133
ADAM20,0.23196523075199998,1.2167725872275457,0.024987493949372698,0.17010387888030296
SENP3-EIF4A1,0.5877169927920001,1.2171005346728898,0.39608813458848724,0.15744702491237944
HBB,0.208862837337,1.217133695655444,-0.007443110314442785,0.1777174918610391
MS4A6A,0.27610567925,1.2172816476257589,0.0811610568442814,0.16014750800354824
PLS3,0.16636368619,1.2178364095739074,-0.007347933547952629,0.14263953546825742
BRCA2,-0.007765117996970001,1.218539484679453,-0.20598344131050428,0.16266877340103367
CNOT8,0.22188596691399998,1.218688972228932,0.003941710153653446,0.1788350118256469
RAPGEF1,0.150006115023,1.2188915371084668,-0.16689750348381083,0.2599932880480818
ATP5PD,-0.131758586109,1.2201621767746862,-0.44434422248005995,0.2561836797771692
FSBP,0.31822320039900004,1.2208682583256778,0.04927762417804355,0.22029041576508315
SOD1,-0.0966116578169,1.2232908564588045,-0.39810739435480086,0.24646283829070215
AFF3,0.13676914510399998,1.2242285607818624,-0.022586874841181413,0.13016852003796375
CEBPZ,-0.31700961893,1.224275596448687,-0.5823732449883476,0.21675154420140383
CDC42P3,0.263114566426,1.2250443506371076,0.05878953785218457,0.1667899031308967
GCDH,0.20070054910500001,1.2252086752841613,0.029766182253829685,0.13951449275489802
OGG1,0.0781710994496,1.2255913819391915,-0.14756856743043292,0.18418836017176984
ZFR,-0.173215496288,1.2262291904911267,-0.5279365347249854,0.2892779271507256
GLP2R,-0.0027595221911999998,1.2265610903370414,-0.25415845170924434,0.20496242013429883
ZNF358,0.087673069244,1.2269246339437938,-0.08023472944740039,0.13685257761243413
PROZ,0.254081509596,1.2276260003857329,-0.011667664876807945,0.216474051860507
PPP2R1B,-0.00615568259283,1.2284294055611251,-0.29049853791389024,0.23146861678321465
MST1R,0.10904658578500001,1.2288166689587119,-0.0767483762068006,0.15119827610187092
ALG9,0.244516099518,1.230223313698851,0.03513119228085639,0.17020073096127275
ABCA2,0.154633798904,1.2316472415249444,-0.00946898235583774,0.13323845962311132
KCNG1,0.26063203674400004,1.2320072954866632,0.07029619865238348,0.15449246022234855
UBA7,0.12394572852399999,1.232045460146008,-0.05690927318303543,0.14679247443158674
WDR33,-0.163524744897,1.2323109572375732,-0.5060302679429868,0.2779375782016651
ATP5F1A,-0.08379522860960001,1.232523290283022,-0.3759019930691688,0.23699898148982879
OR2F1,0.0411789591054,1.2332861924012584,-0.15383917699203006,0.1581288571128181
SLC49A4,0.25110124921300003,1.2335332525625744,0.08712304132595694,0.13293375557277476
ARF3,0.163182180717,1.2338928460841956,-0.03431726665345235,0.1600620734589913
PRODH2,0.00825631060432,1.2341141840257002,-0.18708914572547125,0.15828799219580417
HOXC12,0.135152008623,1.2342501707113114,-0.042774048360643344,0.14415720670397209
CBLN1,0.17665839167199998,1.2343794264273178,-0.0018489446151765425,0.1446130196805312
ZEB1,0.112115559935,1.2348939779839243,-0.09409568572693625,0.16698700401681016
ZNF48,0.309325837102,1.235087757403732,0.018490278265375533,0.23547764690663567
SLC37A3,0.0694671323764,1.2355507699804196,-0.10331680913804939,0.13984365977707866
ITIH1,0.16993469829100002,1.2361841906571962,-0.04354447968579087,0.17269204669515983
KCNMA1,0.112140191168,1.2361961551955805,-0.0949899375146498,0.16755441910420715
CD46,0.238840850641,1.2368197953730258,0.05252588213605172,0.150640351328429
PDE5A,0.14550545163599998,1.2377676083480937,-0.04256179240648314,0.15194067349482096
TFR2,0.33951211129000003,1.237797728660807,0.08867740168262497,0.20264596048237796
ARPC2,-0.012740269934,1.2391302073353507,-0.25108317785610806,0.19234694345370304
DNTTIP2,-0.820012798379,1.2398096861170758,-1.0972607149272895,0.22362135064180236
CREB3L1,0.129208563676,1.240083909548982,-0.058939236446351864,0.15172183000969763
MLXIP,0.108826608402,1.2409631824602252,-0.0827819489441441,0.1544030959615399
TEX14,0.19166493825999997,1.2413379695524618,0.04245239717357559,0.12020299446750979
NFATC3,0.11667704049699999,1.2416697566394754,-0.0901190113495843,0.16654674138658954
CD58,0.194735628988,1.2417254195652974,0.034441699484893895,0.12908967391456136
LDHA,0.135921559477,1.2419840885762499,-0.01662323392390565,0.12282346835519896
GPR148,0.298568925091,1.2421664817000913,0.08818684881647562,0.16936705294654622
AGAP9,0.270986548387,1.2428048068569855,0.07633377380793309,0.1566237702856474
UBR2,0.315527385007,1.242990088837954,0.07950676879551079,0.1898813339953017
AQP12A,0.177810055084,1.243459896560232,-0.04736985866208103,0.18109141627244554
DNAJC25-GNG10,0.255106522367,1.244777465715917,0.06463159412593016,0.15301926126331403
ADAM22,0.226430869197,1.2454343312095941,0.05863334589372513,0.13473012514462013
GBA2,0.387697706758,1.2456502036658756,0.14582123497341434,0.1941768813369575
UBE2G2,0.16529862002999998,1.2458141809083076,-0.010203000193832702,0.1408730313985322
MMP12,0.159980893514,1.2460317872812505,-0.04127952014081509,0.16152109096185296
ITGA2,0.143461457764,1.2460870025765274,-0.07339980396291818,0.17403380444424452
DNTT,0.121885877077,1.2467551142213416,-0.0803531464472346,0.16221230714625348
RIPK4,0.28490525049300003,1.246823008177704,0.018933009969757105,0.21331996504618167
NAA38,0.190101664814,1.24741468260384,-0.08918065399867664,0.2238889141738381
KCNA6,0.194499273008,1.2476562938578004,-0.038015074299222226,0.18636089799080727
PGLYRP3,0.296588197904,1.2483334451421193,0.09069371304966746,0.1649354871132945
COX6B1,0.105372713673,1.2483912630344494,-0.10134266693233046,0.16558541118180362
UTS2R,0.211090640859,1.2486622178224327,-0.01165391762141837,0.17838656067360403
TMC5,0.330414297255,1.2490029584478144,0.12521036966504556,0.1642941885781996
AGO2,0.248149773961,1.2490421578317334,-0.0145235240066395,0.21029978557619344
RELA-DT,0.213379716389,1.2491875319969887,0.00242586267437472,0.16887284599886143
FAS,0.366543180963,1.2493994755580415,0.12815675699907095,0.19080080360803278
COL11A2,-0.0720814918508,1.2501642555776482,-0.31049549273205757,0.19070614106711645
INTS4P2,0.255791355806,1.2502970579187491,0.02851473477897234,0.1817780979228676
KCNK13,0.145950613681,1.2515037339817032,-0.024661844444746735,0.1363259681079314
MESP2,0.26240916725,1.2520387985398493,0.08449399184307971,0.14210036910550078
EIF3A,-0.917415148742,1.2525416003455747,-1.2934620306316837,0.3002270597526923
ZNF740,0.175519644193,1.2528223947142638,-0.016671379899469027,0.15340644045264118
SREK1,0.0526610426485,1.2540097070363945,-0.1528045602607761,0.1638468998735693
RBPJL,0.118327163494,1.2541360609531984,-0.06687633822359408,0.14767416987980658
OR51B6,0.370510916852,1.2545855857429373,0.13375146925919026,0.1887152620620985
RAB11FIP3,0.313762919686,1.2548644354443415,0.07093470308895089,0.19350952161702217
PAQR9,0.185770040215,1.2566872551484554,0.017343392948666006,0.13402431398608985
ING3,0.152255645163,1.2567440156337824,-0.055529300346500485,0.16533593390911314
VKORC1L1,0.317315615723,1.2576280783343199,0.10211515563549176,0.17111613822469118
H1-8,0.270038601551,1.2583129630055954,0.05093920294601258,0.17412154610697847
DCLRE1B,0.135550107502,1.2599027923493487,-0.06035613119198385,0.15549313794969552
KCNG3,0.26038085653,1.2599473080929422,0.023080053721228292,0.18834184674591709
TOP1MT,0.206150210218,1.259988536318889,0.043154253316850105,0.1293630475221224
CAPRIN1,0.0888689848353,1.260125364504124,-0.08904145072825807,0.1411847111208401
TMEM209,0.18993245678800003,1.2602998906447864,-0.056984149214705994,0.19591892995910692
IGF2BP1,0.0277473671594,1.2603803339404347,-0.16353024828768808,0.15176182164718527
BDKRB2,0.0642993462733,1.2604906206443462,-0.14285357082880382,0.1643430849141979
MDH1,0.224352269755,1.2612393143013756,0.04649563507667257,0.14101735702462273
FBXL20,0.106388440783,1.2631514896025864,-0.05428254763895724,0.12719851082351782
SND1,0.123261773253,1.2634959312219023,-0.08619767696229863,0.16577770061573088
SUCLG1,0.104034598708,1.2639966308334338,-0.06345762480779851,0.132510023705807
FKBP8,0.082312892939,1.2644285189901951,-0.16051754427570591,0.19204758004717934
CTU1,0.0806399952397,1.2661562789043803,-0.129270326238142,0.16578547607052097
NR1I2,0.225975358713,1.2671501039948398,0.029857733709892666,0.15477063402735275
MED4,-0.172035167278,1.2680104244043977,-0.4243909772813788,0.19901714145758215
TMED1,0.32031477475299996,1.2686600094251694,0.12007306558644937,0.15783717282716292
GCA,0.159577544401,1.2691168391071166,-0.0541989480580669,0.16844508391321064
ANGEL2,0.0254558160953,1.2692428755828613,-0.21318643976136878,0.18801937788863268
H2AC13,0.0726035673426,1.2693506216159238,-0.13403748255922993,0.16279272754344995
ALDH1A3,0.125340448899,1.2718183768112716,-0.0656958826157088,0.15020724263607427
TRPT1,0.197650221999,1.272227221882058,-0.012562648497542843,0.16523217463116874
NHERF2,0.130218735787,1.2728224349484032,-0.04607874477104076,0.13850909264118005
GRHL2,0.241049896206,1.2735337521543248,0.02783067938825813,0.16742329479454918
ABCD2,0.13019251508500002,1.274555873655174,-0.06703121891608693,0.1547391825479477
CES2,0.201484603669,1.2750465109335078,0.031005507976817153,0.1337042172425294
SLA,0.210171389311,1.2762306757735042,0.019459979278876407,0.1494333380731005
TPH2,0.325788691922,1.2764213916440583,0.15927298278911947,0.1304551225974086
OR2G2,0.116852135025,1.2790935596581903,-0.08400500721084919,0.15703084478786983
TBX10,0.207549124564,1.2799616437901973,0.028815247578715765,0.13964002581829013
SLC22A14,0.289337692252,1.2805054821015898,0.05065312060169541,0.18639871127968227
PMS2P3,0.18940081675700002,1.2808551477055734,0.033974736687837806,0.12134555601199766
PPP1R3A,0.22076623046799998,1.2812599862470098,-0.025909058918377654,0.19252555455893394
KATNB1,0.126628960657,1.2813207044609785,-0.12659666788509805,0.19762860902854462
RNF19B,0.276469159026,1.2817006842896053,0.08830796195975424,0.14680588016580165
GPR85,0.22638380620700002,1.2818159387733021,0.009508370871968786,0.16919389810566798
SCN7A,0.109893898149,1.2820967102716203,-0.1129534112162145,0.1738147423512247
CLDN11,0.130284684689,1.2820972785884839,-0.049716113099201514,0.14039558526040408
OR2C1,0.0491262026251,1.2831108402549238,-0.143299809258806,0.14996834711931473
NCBP3,0.0255145662873,1.283117241048829,-0.19144766579006017,0.1690899515152752
ATG12,0.221126331358,1.2832914614892648,0.007519855764536661,0.16645203525750277
IDS,0.125520602456,1.2834106314837723,-0.05100551727319891,0.13754453594101376
KIR2DL4,0.2881557823,1.2845763751537689,0.06949113293872375,0.17022315962731388
SKIC2,0.141407928005,1.2852799737748433,-0.07980774176665129,0.17211477210054474
PATE1,0.361002960674,1.2863257482430468,0.09849612791083126,0.2040749266830108
REXO1L5P,0.189502535083,1.2866581679322118,-0.04502306416985985,0.18227498577168005
MRTFB,0.119795297775,1.2872029758638686,-0.07840128521079867,0.1539746152721445
CYP2D6,0.180178109596,1.2910971596585337,-0.05712093531403492,0.18379642704255908
KLKB1,0.296922958238,1.291608030281629,0.0894945867139647,0.16059699743335176
HIPK4,0.205867019087,1.2925500494290023,0.018988018301135386,0.14458163602130564
GATA1,0.0831950302289,1.2927624274940392,-0.12919717252944465,0.16429329801149714
ZNF574,0.19530910171100002,1.2931928031128272,-0.0584021561533138,0.1961898158214373
PPP1R12C,0.273513420361,1.293354408342985,0.08726921506170432,0.14400090500940677
FUT2,0.117341728489,1.2933945172625723,-0.08285688774099571,0.1547854220487262
DBNDD1,0.338151638864,1.2934493147707122,0.08918525134664203,0.19248252302912378
RAB39A,0.319287695305,1.2941756294453863,0.13671114278121846,0.14107556066561383
RNF113A,-0.0011244916508099999,1.29418593154523,-0.307095956815752,0.23642002103949522
FGF8,0.154882406537,1.2944737211592645,-0.07188265064206949,0.1751793439081871
TCOF1,-0.1308700078,1.2945462703219306,-0.49727849799154566,0.28304008793785823
TRMT10A,0.311599746582,1.2946636899314166,0.05134472207629135,0.20102133591117813
ZNF329,0.337674717294,1.295517453148205,0.16143053605744057,0.136041533680826
RHBDF2,0.20619751624000002,1.295667160387824,0.0020156014423946774,0.15758824568532617
LTA,0.00506523831076,1.2960887684367626,-0.2634220772950063,0.2071519498850329
SQOR,0.06534284344039999,1.2965564070515394,-0.20270071875705475,0.20673497947305253
POU2F3,0.266224687336,1.2969247403031987,0.0863336997936806,0.13870580300616672
GPR132,0.16478004628100001,1.2974501470038984,-0.01936692356008717,0.14192990017098045
LMBRD1,0.160489646362,1.2977054071293306,-0.033414307281237086,0.14942062549633225
MSRB2,0.316960611701,1.298214930012592,-0.019562026688034643,0.2592195102745972
ASCL4,0.206228278319,1.2986961354515953,-0.02030989862742679,0.17443508975073121
SULF2,0.13369201504,1.299648636845886,-0.08878545697935833,0.17118278410947158
FCGR3A,0.17926696197099998,1.2999211096299428,-0.026867289006717227,0.15857443151792405
ZNF202,0.11436191425799999,1.3000187351433172,-0.08045462939854278,0.14985672005339656
CDH17,0.23889501617699999,1.3009357646742012,0.040791102868657475,0.15227801301777147
RXFP1,0.124368768387,1.3009636706219876,-0.10077542193305028,0.17305955224130848
CASP3,0.24184654049100002,1.3020639678426635,0.06128813360806202,0.13867091889663288
COL10A1,0.16682819531600002,1.3025247315008555,0.001994850649778866,0.12654910934112493
LTBP2,0.037066515667,1.302529635603219,-0.12777576730206525,0.12655549514059583
SLC10A2,0.136596409163,1.3030921348597968,-0.040995298131622865,0.13628484321542655
ZFP42,0.246038169849,1.3032281505310435,0.05429334295636326,0.1471306668863038
CLNS1A,-0.0840025430009,1.3034132981835893,-0.47646512546599773,0.3011037120858179
NAMPT,0.04189673395369999,1.3038851220546746,-0.17899328337560833,0.1694091094323001
ABCA3,0.206530853347,1.3039762377103834,-0.01786649079991092,0.1720869887482951
ZNF154,0.14465944380999998,1.3043386202989116,-0.07866111194486676,0.17121363446532697
CST3,0.153564922936,1.30635808261113,-0.03685163872613681,0.145761383648758
EFCAB2,0.250195865161,1.3064949149866634,0.0532376528953699,0.15075314110016313
MEGF6,-0.0924274164074,1.3068193229152019,-0.32756855278690955,0.17993392985264853
HTRA4,0.24938805820999999,1.3104616372641802,-0.012542393684460671,0.19987647440125503
CELA1,0.009059901302530001,1.3106416796809748,-0.20683879567706365,0.164727476873882
UBE2G1,0.154949986375,1.311486328392548,-0.022224997329243507,0.13509480035632696
MPP1,0.220019588777,1.3133901633741643,-0.009205655816122281,0.17452943610010851
ZNF551,0.418641953167,1.3138624569324617,0.2273163821076374,0.145620700287045
NME2,0.0216063003727,1.3141679078752668,-0.2897092942167448,0.2368917949706873
LZTS2,0.08782948131560002,1.3147389729230372,-0.09488455914792517,0.13897362459507845
RTP1,0.177350438609,1.3166749063890457,-0.07100676098679852,0.18862454079641655
ITGAE,0.20497166419399998,1.3167622590125434,0.015544811043214639,0.14385805171302443
PCNA,-0.42974412743199997,1.3169216527716714,-0.8935665467321753,0.35220198432001415
AK2,0.291030789161,1.3169966637132804,0.09428455495128518,0.1493900779178799
SUGP1,0.20122066035100003,1.3175388437853577,-0.023111752502364954,0.17026626115162288
FN3KRP,0.13857563164699999,1.3175576733560315,-0.1088301511671807,0.18777605551337903
IRS4,0.151309287362,1.3176980560688862,-0.06269809673597616,0.16241003248986224
OR12D3,0.242288471428,1.3177351504540655,0.04859548093194467,0.1469893175645444
TLK1,0.0814706872638,1.3180709419679748,-0.12352001667465616,0.15552327072197666
OPRD1,0.174087112651,1.3180733509506335,-0.03648097495102818,0.15975445330880883
ZBTB9,0.21587760454,1.3186048371853727,-0.01758733759399777,0.1770545166756253
RAB11FIP5,0.0778679965911,1.3188918102685068,-0.17421913769464992,0.19113556724143183
FCAR,0.184107738157,1.3196095036582403,-0.013309171860310389,0.14960252216282802
CLDN8,0.047302305664599996,1.3200170190568676,-0.13658899674957722,0.13930979658547493
DSC1,0.105401829819,1.3200603384038074,-0.18133042336780622,0.21721147499478516
STYX,0.14277791224000003,1.320086619440081,-0.0409816790642445,0.1392026770047762
FBP2,0.0598035750894,1.3221224251376305,-0.11518885453376577,0.132357205577955
SGCA,0.193062973151,1.3221250453986708,-0.026317390802177744,0.1659301173642212
CUBN,0.326648613782,1.3226777308241415,0.09376615949496953,0.17606893112347538
SLC16A7,0.209286315589,1.3232316482876079,-0.07398275829375159,0.21407368411217315
B3GAT2,0.280059331733,1.3234656898576316,-0.01662445852167507,0.22417187882414244
ZNF777,0.202695460887,1.3238200328807033,0.001205514872702432,0.15220342721045296
GRIA3,0.16059522814000002,1.323878977018482,-0.03623954550580398,0.1486803379030137
RSPO1,0.234944083024,1.3240343419548137,0.014471720016884387,0.16651559254997014
CPE,0.127049813851,1.3241443667537236,-0.09719457786390083,0.169350410231068
DYNC1LI1,0.42488575346699997,1.3244983168183038,0.1169032761704004,0.23252764717469168
CITED4,0.290502670181,1.3248251867866416,0.10836102407678928,0.13748353210735267
ZNF565,0.38165473197,1.324982782170251,0.11372754236687077,0.2022118273599592
TLX2,0.221533617427,1.3250403002898272,-0.010034220278070287,0.17476286393283227
ZNF107,0.384075832143,1.325083102087503,0.16754051219055743,0.16341263397844122
RNF123,0.127270238457,1.326545756813498,-0.10507167458202471,0.1751480579133089
MMP25,0.0902918324111,1.3269451081589696,-0.12984982621102087,0.1659011041741959
CYP21A1P,0.014048308211000001,1.329516844923478,-0.2858171442122849,0.22554468081263312
R3HDM1,0.292511696981,1.3298464318546757,0.059584166485896886,0.17515370565776517
AGAP4,0.20567037890999998,1.330425701539895,0.009900096324806327,0.1471486024049297
SPARC,0.215278984063,1.331688767147072,-0.020364755087127307,0.17695106016021742
DLL3,0.197173674007,1.3327949015677054,-0.053083592615945495,0.1877687754721896
ANKRD40,0.22879430594900002,1.3331960593298022,0.028909188610202828,0.14992927404786918
PSMD7,-0.904885140019,1.3333284316801748,-1.2166080464878266,0.23379303933091222
H2AC4,0.210828146778,1.3344397610379624,0.02409154095705394,0.13993633228951258
KAT6A,0.158365083198,1.334693829830123,-0.077788571108211,0.17693470144854728
CD151,-0.09127264297700001,1.3348001378933176,-0.41532888018281944,0.2427751001863616
BDH2,0.283535988467,1.334991430605406,0.08467123980952454,0.14896331474374497
PRKD2,0.111464986187,1.3371463903587237,-0.16293334667898168,0.20521188618126346
C1QB,0.170668040846,1.3373563133571014,-0.07506142093627569,0.18374270142370122
NCR3,0.209191491593,1.3381324911219123,0.03138145764304254,0.1328792441179562
ABCA10,0.08031635980980001,1.338344784984734,-0.13905584095482446,0.16391306875912903
STAM,0.494451611082,1.338840771703424,0.14009717259326493,0.2646725779331364
HACD3,0.216583687713,1.3395956490262015,-0.0011667826837130598,0.16254940104874438
LITAF,0.190650985847,1.3396869470534831,-0.07717443016283221,0.1999164182340429
RANBP1,0.145698431726,1.339959043055566,-0.13395836127939847,0.20870547831647535
EPS8,0.17607163985899998,1.3399741494138864,-0.05700837347723595,0.1739436640909727
SLC6A9,0.187234530493,1.3404111391006839,-0.042551772435447936,0.17142971751384986
FBXO5,-0.265397499685,1.3404130541371935,-0.6500458741548404,0.2869625696964236
LY6H,0.22332782862199999,1.3412284355300716,0.05042493094978166,0.1289138323434701
NODAL,0.266482493708,1.3420800375355746,0.04224684493622289,0.16708068259739187
ACOT11,0.0515122251248,1.3431415379873857,-0.20514067519515156,0.19108403177265296
MAP2K6,0.155292690516,1.3435400779446545,-0.0381063807470527,0.14394737785486406
ICAM1,0.33019917138599997,1.3438226639068926,0.03531181412441971,0.21943919029037276
RARA,0.15530131103,1.3438304652634514,-0.053924262817095656,0.1556934295324805
BCAR3,0.144428048201,1.3442466659247954,-0.03436845256879403,0.13300869944638338
PSMD11,-0.7973837811579999,1.3445885915426703,-1.1305233067856382,0.24776316541955887
CNTFR,0.219713108654,1.3451948019399615,0.027124226905165846,0.14316802404461695
ALG8,0.196329202948,1.3458779939401042,0.017599207815828792,0.13279806634547384
AUH,0.15164501971,1.3469093265567427,-0.049370125299377295,0.14924177971449284
DPP8,0.34405594748400004,1.3469211997323656,0.10413316044237357,0.1781268177301681
ZNF84,0.134044881244,1.3469247395255057,-0.13496243386694762,0.19971963333728165
CDKL1,0.23333280178399998,1.3479621634127616,0.014857889943405667,0.16207792605058066
RASL11A,0.279067712362,1.347986406726328,0.07911827678216794,0.1483319376086456
IFNAR2,0.267772570443,1.3485260436664699,0.034852592937847635,0.17272189780767802
UBA2,-0.172992083413,1.3485824387757126,-0.5969561924731083,0.3143775989289886
BTAF1,0.187960530812,1.3491483195000527,-0.025294660798865873,0.15806652873413563
SLU7,-0.231670151582,1.3491708931070825,-0.560817024937933,0.24396232904040932
ACTG1,-0.137141409713,1.3491993842607581,-0.4576356309118266,0.23754400197449616
SLC39A14,0.110430783218,1.349206125248897,-0.18217279648189708,0.21687092448229034
SNIP1,0.097139662928,1.3493689573035268,-0.054306631642120025,0.11223490339718384
POU6F2,0.273086145155,1.3495515114994416,0.10021963580747444,0.12809182004135533
PSMC4,-0.501339737424,1.3507206093374378,-0.928767513398198,0.3164442542887252
BLM,0.103758524442,1.3516829924182356,-0.09120338215458215,0.14423641319018485
B4GALNT4,0.35367901221500003,1.3517719170913984,0.13816567632633764,0.15943025089053595
H2AC21,0.26442318802299997,1.3532237509371168,0.07153986448890137,0.14253616476988787
CALML6,0.21571023184399998,1.353393901708877,-0.006941301582801278,0.1645134747139528
TIAL1,0.07977054981430001,1.3544149455535912,-0.15943760872981771,0.17661364364695928
ZNF77,0.20598787532200002,1.3547849488109818,0.010840470118079674,0.14404308622943457
KATNA1,0.15285481501599998,1.3560880768671535,-0.05001265136855202,0.14959755921843823
POLR2H,-0.279015728079,1.3584177673002036,-0.5401582121323485,0.19224018585413372
CLEC2D,0.00237627786913,1.3584570269839065,-0.2947548228368199,0.21872690471898898
TMEM33,0.0494322432808,1.3591244658969333,-0.19940956965781417,0.18308978992177502
EFCAB13,0.32442612011,1.3597753633344223,0.12827640090317155,0.14425156132100586
TOMM22,0.0601783745881,1.3598568012024024,-0.2257738612156212,0.21028113809548082
FOXD3,0.272936253285,1.360097354763163,0.050624152812743614,0.1634530790709229
KCNH7,0.200561570612,1.3607552754426195,0.006018204915245584,0.14296719565057306
KIN,0.165137250442,1.3616804512947938,-0.10950618765337604,0.20169448554117325
HDAC6,0.17454155138,1.3618998439818526,-0.032908312672203774,0.15232387680262344
CYP17A1,0.26213948374400003,1.3620500059512823,0.028445076227588056,0.1715754975920985
SLC22A2,0.345147885282,1.36313438596014,0.10035068175997894,0.1795840571871388
KIF20A,0.10570092924,1.3635191403259415,-0.1297567155409688,0.17268378405358065
GPR35,0.20894658396899998,1.3639287792873416,-0.024573718465271274,0.1712115075072223
TSHZ2,0.329537358882,1.364454043777365,0.12178737617508394,0.15225868812098603
TNFSF13B,0.10923499435999999,1.3645331389165727,-0.10272479525342257,0.15533502526858142
OR5AU1,0.21300062239700002,1.3650159700823383,-0.0009649000669275317,0.15674946458759825
POLQ,0.1263773101,1.3656110753199528,-0.0648477450457887,0.1400289281492434
AHRR,0.05687147722080001,1.3661302615426016,-0.10985076525659389,0.1220397843241794
PPP2R1A,-0.20128481631700001,1.3678285419496534,-0.7572326427730054,0.40644555176745867
ADCYAP1R1,-0.0177883162357,1.3679036527758173,-0.2558597988968957,0.1740411191812299
PPM1B,0.08292810025439999,1.3681515439369785,-0.15260829923451222,0.17215665949631218
PML,0.139681000486,1.368273283941519,-0.06641376838626473,0.15062398081659348
CSH2,0.446017012769,1.3691511521285826,0.1756553126274021,0.19746665641793734
NUP54,-0.0169389338877,1.3696875402965354,-0.4343807473973646,0.30477156375335723
USF2,0.0926589095771,1.3697581245501553,-0.13525886484165706,0.1663927158625965
CDH5,0.179198763121,1.3707595030318596,-0.03036610537155585,0.15288230213180223
TUSC2,0.271479307892,1.3714376347271975,0.003956320451718936,0.19506755587431138
SLC22A18,0.168183235814,1.3714878703646818,-0.03993458095801106,0.15174601341291633
RNASE6,0.17954519574900002,1.371541394958705,-0.08195142378648801,0.19065893344280818
SGK2,0.110993460237,1.3721971171487775,-0.1855462971364238,0.21610580117642977
STAG3,0.32475429460099997,1.372312180149891,0.08998920214825588,0.17107265813752512
KRR1,-0.435788433084,1.3731669101633743,-0.8151568635327087,0.2762726276324069
POLR2J3,0.522391522101,1.3740778995015823,0.23013091935457824,0.21269580338380606
GABRG2,0.131378448515,1.3746144193669954,-0.08836293698860738,0.15985674412232445
CSNK1D,0.191032254998,1.3747515828979995,-0.07685296173868633,0.19486081708811692
ANXA4,0.259726381106,1.3748160933769333,0.04726105929534809,0.15454090393194161
APBB3,0.30277356432700003,1.37578927497045,0.07574347340185769,0.1650180700311235
EXOSC1,-0.0720330123922,1.3758107236110901,-0.38286782560095317,0.22592847102754446
DENND2B,0.340450099292,1.3759394117813117,0.08454184127891753,0.18598802812238646
LRIG1,0.5256944844129999,1.3760533511171518,0.21753812822038887,0.2239421574333827
SLC29A2,0.150529503608,1.3783551604128028,-0.06138844182977039,0.15374698156482627
DNAAF10,-0.0015405870526199997,1.3790307662896406,-0.24233152278306683,0.17460882064169483
LGR4,0.26473704335299997,1.379359502453602,0.0319926860271719,0.1687336455157795
UAP1,0.292422209792,1.3795636260410238,-0.031528736655149874,0.23482131619895047
DHX15,-0.302759517843,1.379687772122928,-0.6632358826817892,0.2612738708875586
ZNF83,0.191857391483,1.3803484977980738,-0.028336553037353097,0.1595205448997884
INPP5B,0.18048835985800002,1.3809094465322607,-0.008904035376735949,0.13715048130805252
TSSC2,0.335798145793,1.3813203817313473,0.08590127799932774,0.1809115908942511
AGAP11,0.208320183959,1.3818453027606976,0.009311871251871945,0.14401634706109467
ERCC3,0.18888893889299999,1.3824890953474345,0.009307766547421601,0.12989699011003605
MMP17,0.245827881321,1.3825420537587978,-4.607088703221126e-05,0.17784193366094025
ROS1,0.175043288518,1.3828623732947216,-0.050169381000915246,0.1628597855203317
HIVEP1,0.249212393775,1.3828828306210172,0.03242063533665447,0.15676798759659913
NRBF2,0.25435200444,1.3831409333321332,-0.008830867860358742,0.19027914362011059
PMF1-BGLAP,-0.0706957213582,1.3835655198099899,-0.23465878867633663,0.11850762755395515
PLCXD3,0.23952061603500002,1.3839484098113715,0.05460897553677278,0.13361165718845705
FBXO24,0.260761249244,1.3845232045103424,0.06525082328597281,0.14121137538259781
RBFOX1,0.166851965237,1.3848803889677979,-0.09165554239875633,0.18666414059659797
BMPR2,0.20877201565900003,1.3858194524569212,0.01095956925496598,0.1427404169088059
DBT,0.258434975504,1.3864585030715002,0.0541517684611885,0.14734173910741025
CASP7,0.148422541334,1.386721829556136,-0.08239464046666983,0.1664480769546623
TBRG1,0.134894421869,1.3868940562857763,-0.07382572490516348,0.15049465806576048
IMMP2L,0.222925390072,1.387302732032392,0.01276083136767395,0.15149149053893662
PPID,0.333995310658,1.387752707172249,0.14218083599847034,0.13821949232610753
COLEC10,0.100889520513,1.3879790809630068,-0.21916452834583716,0.2305899658349155
GPR150,0.241027665665,1.3880696887212884,0.05886153915340675,0.1312370178469984
H2BC8,0.28611963461999995,1.3881034426759498,0.07551733092166195,0.1517194592445822
PNRC1,0.332176097959,1.388246860203381,0.10955624269265854,0.16036042410621926
OR2D3,0.290446990817,1.3884394518113239,0.07694927145320327,0.15376811648881977
ADAM29,0.264803386927,1.3899670888789328,0.044894812005262213,0.1582113538379555
PFKFB4,0.0447122080853,1.390986462665773,-0.16911802287858016,0.15372560172446437
TLR5,0.274726934144,1.391156665951359,0.05491260898100504,0.15800831821674977
RHO,0.0623948203226,1.3913296033107858,-0.22340221635454052,0.20541289137891008
APOB,0.221936085925,1.391834625406493,0.005634045216677305,0.15540786007184618
BTBD6,0.0223133772444,1.3920371907769604,-0.20286791261317547,0.16176384607360336
SEC11C,0.14049600707999998,1.392268137283722,-0.033516018870584974,0.12498456388586023
ZNF524,0.0802476675857,1.3927471289493714,-0.17404794261139714,0.18258562872710915
PCDHGB1,0.307131839291,1.393396909275572,0.136997136990633,0.1221006743791474
GPR50,0.188134575891,1.395387278815788,-0.0666259486454646,0.18257334605534756
PKIG,0.11177982004,1.3960954536155465,-0.2099615465148619,0.23045800036210295
NPY1R,0.158081097902,1.3961876054683637,-0.05860249264383304,0.15519661519495054
SPRTN,0.205885141317,1.3971518151140498,0.028231285780239902,0.12715429605783976
AXIN1,0.301877445202,1.397443012775199,0.04116588900228448,0.186563282950598
MUC2,0.161986776711,1.3976352917180686,-0.026261002366926807,0.13469020150923622
SLC7A2,0.15011753634000002,1.3983850634931352,-0.1345667887971077,0.20358078226749113
PRPF6,-0.35656091663,1.3986129332815933,-0.7566727305947201,0.28607758761813373
POLM,0.319840919577,1.40170159833424,-0.017581178462002432,0.24072320274157458
RGL3,0.23555631484499998,1.4017293608233106,-0.011059612451075554,0.17593690635917394
LSM3,-0.777555734065,1.4017925936311622,-1.128860769517011,0.2506112794775158
NPEPPS,0.110641574222,1.4021359650263459,-0.1368064081529159,0.17647930624920985
ZNF382,0.212223916281,1.4025901302684214,0.036170938789644634,0.12551990327898796
PCDHA7,0.120540000425,1.4033813958520565,-0.06941105801410932,0.13535241310775778
PRKRA,0.28872149685,1.4035169243568921,-0.09966287542860695,0.2767222578784144
ZNF564,0.257318591681,1.403651643654546,0.06655463772878498,0.13590548254233664
OPLAH,0.233717272018,1.4040480079618642,0.021682314658163233,0.151016885574753
PTP4A3,0.187025661132,1.405055449427651,-0.048993411818385346,0.16797847590038362
CD40,0.0033261044911399996,1.4050990031252975,-0.20772995887939436,0.15020725436506038
ZSCAN12,0.24618618831,1.4065818399852483,-0.004283822183983081,0.17806998737919857
VWA2,0.21999747195799998,1.4079751527372883,-0.04052793811950793,0.18503551683494723
CENPH,0.140514335065,1.4080796549107317,-0.11060025806038214,0.17833834346630206
GM2A,0.20483623806899998,1.4081723975259612,-0.024014843595245448,0.16251638085387646
SIGMAR1,0.12115172770600001,1.4083336973131946,-0.10330847749771005,0.1593799861722638
NFIB,0.239954002601,1.4095850304535524,0.0042691013541079565,0.16720162044503079
STKLD1,0.22727156885699998,1.4099713272759424,0.043855503729991335,0.13008496100510608
LMNA,0.15580264382300002,1.410436063810257,-0.16922340249961185,0.2304436582857661
CENPE,0.11229186524800001,1.4113171235301099,-0.29970246420713575,0.2919218668761132
ABLIM1,0.23707906962699998,1.4129546923533172,-0.0017880418434658306,0.1690550396011819
LHX6,0.27614233029699997,1.4135795504074815,0.027335131391400792,0.17601216630070624
CDC14A,0.0958027437187,1.4136531881401604,-0.14027026872174803,0.16699499878823318
RTN4R,0.179826157557,1.415483465944224,-0.03303929228759638,0.15038356502638525
SIAE,0.353958625146,1.415679622384965,0.08991781005212729,0.18651170146042564
DCX,0.181332149295,1.4168247814005328,-0.03780852264662163,0.15467027032446512
CALCRL,0.0729510796546,1.4171575949655506,-0.14421319840147231,0.15323932837642612
GDPD5,0.259420093231,1.4178135412551973,0.05467052568574911,0.14441219637667244
CEBPB,0.118999212422,1.4179641576026023,-0.11413470774212384,0.1644145367949856
SGPL1,0.391447423271,1.4186881107960743,0.11632896890771174,0.1939245506250912
ZNF300,0.17652415533,1.4197597907825468,-0.0028754330251072394,0.12635911336538508
ADGRE1,0.163076656198,1.4198619848294276,-0.03763158109642349,0.14135756815725664
TRIP10,0.212744247161,1.4216539800867467,-0.013821328038560472,0.15936759462786848
LIAS,-0.043675333902699995,1.4225187013204386,-0.23368330454958863,0.13357150979492619
CDHR3,0.38168330897799996,1.4228536080240586,0.06790692269958828,0.22052612054317966
LCMT1,0.236042276216,1.4230659116130602,-0.05107105267522986,0.2017568733452296
HK1,0.18239688498599999,1.4251445483241991,-0.048926265148071905,0.16231557030904722
TNFRSF10D,0.256148766848,1.4255954784759601,0.03345342685596419,0.15621215369601854
HERC4,0.151162726711,1.4259247710491334,-0.042135696777568676,0.13556004314754144
ZNF473,-0.0317195883037,1.4274476315366356,-0.26006033241307747,0.15996435810648307
RHPN1,0.253500828929,1.429526621357403,0.05880350833389482,0.13619705830328008
HDAC7,0.134742317857,1.4298709126093918,-0.08889700292673322,0.1564052522584788
SLC18A3,0.309048748643,1.4300805058559956,0.062114088067739284,0.1726718597757924
DDX18,-0.7488809238070001,1.4306224765338986,-1.1021567041343932,0.2469385083221305
COPS2,-0.5450212522600001,1.4309760910769198,-0.9917538365815453,0.3121873154326041
NSD3,0.192826544987,1.431787386763223,-0.026894193427340757,0.15345905435796128
MOGAT2,0.282834855704,1.4329299844206749,-0.03796344053476307,0.22387576485005997
NCAPD2,0.300690210326,1.4334318048140853,0.09649649934750378,0.14245094206276523
GTF3C2,-0.0174079259182,1.435174589945338,-0.3054857054960679,0.20072664440696375
NAPSA,0.20949350382800003,1.4352339106815348,0.045507061465199276,0.11425764200689083
PKD2L1,0.201535640614,1.4358056983292673,-0.006550181410284261,0.1449261709062843
TFAP2A,0.260065323887,1.4361239920062945,0.02049998196516239,0.16681382892793256
MLLT11,0.163814265141,1.436896297470143,-0.07062819625572121,0.16315892929050618
FHIT,0.23391923753600002,1.4371543621124263,-0.03488812152099285,0.18704139662623415
TMPRSS11B,0.212169756352,1.4372331087333112,-0.03218306585117903,0.17001613775689914
NEUROD4,0.16904360395100002,1.437258238061342,-0.011840110819473018,0.12585331569534755
H3C8,0.239022705792,1.4374158193251525,-0.01712004941070042,0.17819669977122973
MELK,0.18714858920400002,1.4378228294839286,-0.009794003041524089,0.1369727814908961
WAS,0.214839547234,1.4381649320905263,0.0034092702331190534,0.14701392884997166
DENND1B,0.306704746255,1.4387738909263803,0.066105205854923,0.16722540068138342
TM9SF3,0.19106280088599997,1.4388845623558633,-0.06773944220118167,0.17986310358591154
ZNF627,0.23473791249899997,1.4395655827999165,0.04865250585083264,0.12926497331662806
KITLG,0.177511757093,1.4398468681529513,-0.07676078066079649,0.17659693081110744
DNM1L,-0.0035384871202800003,1.4414874311509045,-0.3724822689407279,0.2559465825698375
ABCC1,0.260160725091,1.4421524187498318,0.04980197238101049,0.1458644384428829
DPM2,0.048444460059199994,1.4425252158150368,-0.19502036200285977,0.16877682233409033
CCNL2,0.197417353193,1.4442519955445956,-0.012717101205008088,0.14549708433587522
CRKL,0.13183284889799998,1.4449959753248265,-0.20949326404406832,0.23621250077554035
CHD9,0.19715434532900003,1.446426038303936,-0.007930600011953375,0.14178737101651864
KLHL35,0.198599818689,1.4474931550463617,0.0018240826965158533,0.1359424293693338
CSH1,0.194440659569,1.4478762536197338,-0.07428254525350642,0.18559818503182882
F3,0.304074900751,1.448013324311249,0.11146788881102676,0.1330146682397327
ARFGEF1,0.282200176877,1.4481114325589597,0.021035125723548653,0.1803487254374798
KCNMB2,0.29178528270599996,1.448422640273227,0.03476685967399386,0.17744711790995119
MCM6,-0.27267309055399996,1.4490032275735298,-0.6180283230639055,0.23833986421702466
SLC2A4,0.229154025029,1.4500914345967095,0.04759677305329159,0.12520400275738613
MPP2,0.112290237093,1.4502435472609299,-0.10390455565922163,0.14907481792320196
VIL1,0.358738188982,1.4519150038812643,0.0420621589835545,0.21810920691080818
LCN10,0.0285869000346,1.4519529398978717,-0.44371489499507816,0.3252872610753481
FADS6,0.311709603022,1.452279175251044,0.05686559779979877,0.1754786611039495
SOX6,0.155368397198,1.4528317708108298,-0.07211475854332806,0.15657914447614882
ZNF239,0.27561737674000003,1.4535483578863202,0.029109965802492706,0.16959009970329883
PCDH11Y,0.3071388159,1.4542168276849352,0.06970771084836108,0.16327077264648443
GTSE1,0.157136755716,1.4544215269326173,-0.09757917144698205,0.17513212122222868
HNRNPCL1,0.114878494615,1.4548206038208928,-0.1409857202736048,0.17587337862593605
KLRD1,0.303404571572,1.4549277263841414,0.1335008536477193,0.1167781153958306
HRH4,0.121500682204,1.4551556730796564,-0.06280978611596648,0.1266603097728343
KIF1B,0.20889642557399998,1.4562968830262502,-0.0019369492450601645,0.14477362224448284
PRPS1L1,0.256113271714,1.4564480788167447,0.02908474511793632,0.15587821488322975
SULT4A1,0.25600150595,1.4579655321392255,0.009589954200722185,0.16901054676356178
ZNF653,0.133876926389,1.4586978790408358,-0.0775130554990427,0.14491690495021614
NCOR2,0.17393629446699999,1.458721171587645,-0.08662692511558681,0.17862441750879274
DLX2,0.179086776441,1.459133140809921,-0.036826602345363224,0.14797373368307992
SPPL2A,0.267134949391,1.4592424537676252,0.06220158083064696,0.14043818971359734
ESX1,0.24140321101999998,1.4601236047524764,0.018021114192440953,0.15298848405743518
MANBA,0.311835519791,1.4613483043340112,0.03023195136043724,0.19270119765109633
GZMK,0.26291256216,1.4623572053845282,0.02980428046618856,0.1594058420442599
UBE2A,0.165891661031,1.46238008380519,-0.046246605784462595,0.14506370071962937
MYNN,0.147207132442,1.4628483992609496,-0.04517454903099976,0.13151170112377575
PDGFD,0.262110611054,1.46419526809312,0.01734947832261022,0.16716426972896312
STK40,0.192812376624,1.465481042055175,-0.07592437386605198,0.18337784166295212
CDH20,0.09479836050889999,1.4655699681452716,-0.1556036535168876,0.17085640363024074
ABHD11,0.402865212527,1.4660212192150195,0.12590750366448994,0.1889179400901216
TPX2,-0.222019461562,1.4664824400856526,-0.6179587719259212,0.26999253420367963
RRAS,0.151897749473,1.4665329676106136,-0.020392461215526864,0.11748130761031245
FBXO11,0.17110562785100003,1.467195564746085,-0.12670033377640133,0.20297632352708214
SLC46A2,0.22742003239599998,1.4680136853163546,0.03316399330119962,0.1323257685114417
BBS7,0.221927705634,1.4680906075342757,-0.030700545433606147,0.17207946823657339
SLC16A10,0.22557220511599999,1.4681376806089905,0.010887626782332693,0.14622918624676612
GLI2,0.17704545674400002,1.4685724426064597,-0.01235479523319811,0.12896895412326118
SEC24C,0.38008576108900005,1.4691892625547855,0.06714583813951999,0.2130017765072052
ISCU,-0.23710091394299998,1.4695426925228987,-0.6246158813513032,0.26369765872063283
BOC,0.303541254963,1.4698903200852202,0.08191511788327017,0.15077732947236536
PIK3R6,0.25379826378000003,1.4704514728381635,0.053489221655332445,0.13622281715835544
DLD,0.0883627282594,1.4708921839043008,-0.1018413000065963,0.12931201236050036
NQO2,0.222041844954,1.4716138321125631,-0.027547264129631648,0.16960231253421698
PEMT,0.264667576053,1.4720166160446988,-0.012368653603356298,0.18820183592815093
MMP24,0.14860179200200002,1.4723713638360467,-0.06069286285766162,0.14214800695007762
AKTIP,0.293201418759,1.4724976290462064,0.047367254500165525,0.16695046525682408
RRM2B,0.07978889059510001,1.472774385270848,-0.22680116567258568,0.20817177385340174
ZFHX3,0.0785408123208,1.4730875418327196,-0.1830934973296879,0.1776094782018043
H2AC25,0.18742045306400001,1.4731166202297534,-0.01381250588085561,0.1366035493601793
DLX4,0.153979757502,1.4734069196065316,-0.07259121858937782,0.15377352520638551
MLYCD,0.321425619564,1.4739746464269454,0.03792011625958598,0.19234082756556112
CDIP1,0.32931507818399997,1.4740164512600904,0.08089773596169043,0.16853091565561928
TXN,0.0715918155836,1.4745178887722987,-0.31536557561197914,0.26242977053182076
HSD11B2,0.151317656989,1.4757627853238164,-0.06867085086949996,0.1490676618534119
TRPC3,0.270571576809,1.4762981025054653,0.039513428642727035,0.15651185067171594
MYL7,0.324599633002,1.4768090538169434,0.10954527662011783,0.14562096286317802
PDE4B,0.167874691042,1.4774405449979595,-0.07385336968578296,0.16361271629249677
PPIE,-0.255508151846,1.4779678584377829,-0.6948930535610259,0.29728988976760107
CYP21A2,0.23728224498000003,1.4780751731782833,0.004195212983455133,0.15769633116517429
GPR37,0.224893004903,1.4784148365793155,-0.03817669050365633,0.17794037836858714
SLC30A3,0.292184489415,1.4784932895807326,0.11300927112533479,0.12118771153873502
CD300E,0.20770832234499997,1.4788782368829474,-0.042631532656503525,0.16927685373824175
ETV1,0.15684292337000003,1.479392556492299,-0.07077384234674565,0.15385826075564044
STIL,0.0852009476713,1.4796650783670966,-0.16602289002141213,0.16978425818493562
ZNF502,0.19669926376699998,1.4806410816834934,-0.03557465901039401,0.15687388770362756
PCDHGC5,0.142519683086,1.4814971158253674,-0.18733265524806178,0.22264797873082287
SPRY4,0.177183826349,1.481579055342094,-0.09156196223176132,0.18139146042308785
WFDC11,0.187629127105,1.4856741809545968,-0.027840355628836782,0.14503145137474907
CIRBP,0.302076638432,1.4858547101121902,-0.0485702560094411,0.2359900278641411
DMRTB1,0.277391940721,1.4862780145592738,0.04157256711355082,0.1586643759090904
ACMSD,0.28130840641,1.4864816472200488,-0.003935871732178083,0.19189223000205155
RAB6B,0.161086102291,1.4866815650878054,-0.06254608054610584,0.15042372764197007
PLA2G4B,0.30898281718000004,1.4870271220056104,0.07727207535269527,0.155821463104713
RHOA,0.38533672635,1.4873631058666088,-0.021924574411549193,0.27381430879600804
KREMEN1,0.202415648764,1.4874065744798874,-0.05354226475091422,0.17208335495250646
POLR2J2,-0.273940962768,1.487642405268338,-0.5827465427267053,0.20758051724332477
H2AX,0.261453874775,1.4882386002956374,0.03624030049812546,0.15132894297469238
SLC38A1,0.17650802105500002,1.4897000349356653,-0.013842762734321926,0.12777792798906829
TERF2,0.0827274694082,1.4899002338014784,-0.17710962742961092,0.1743989905786087
B3GNT8,0.198432789601,1.4919065070757116,0.015752534413100847,0.12244752222843443
DMRT3,0.17150782802,1.4921085386252522,-0.05244106240573889,0.15008887398504753
OPN3,0.18343228816799997,1.4923241716548845,-0.09275438441214637,0.1850714997625981
HNRNPCL2,-0.42705241482,1.4924374749345195,-0.7995673637174565,0.24960171206756956
EPB41L3,0.2368170275,1.4925038504392976,-0.002351638957428676,0.16024659928819127
UNC13B,0.420428496835,1.4925947885555777,-0.012673936038915227,0.290167456160717
ROBO1,0.07316011079960001,1.492857630212374,-0.16842600455409487,0.1618279670241072
KIAA1549,0.195775842663,1.493117301941563,-0.077917114900448,0.1833030514130093
ZNF695,0.328968107774,1.493272059817343,0.08538320447647038,0.16312158370345783
PA2G4P4,0.203487091588,1.4935237757210442,-0.03571521235504649,0.1601596893411116
TPO,0.36461954796400003,1.4935258117446129,0.09386146556809613,0.1812878493741108
H4C7,0.154297927259,1.4946534267166431,-0.07304832842773257,0.15210633557115105
CHD5,0.0740787315996,1.495320237948919,-0.1192872795695958,0.12931411363389927
BAX,0.151445394196,1.4954388989001033,-0.1428187523464462,0.19677443642724404
WTAP,0.231717546937,1.4968464934549213,0.03864300521410348,0.1289875365090075
TSC1,0.251711866998,1.4979965292451258,0.014508279035200172,0.15834722132656215
AIMP2,0.126912111818,1.4980436097877454,-0.14350875134908717,0.18051601528836833
SLC25A26,0.24889610639600002,1.49852117114225,-0.010117256001422706,0.17284598134839124
SLC30A4,0.251885276199,1.4988284596492987,0.031293366925253925,0.14717622143721568
ZNF274,0.252747915426,1.4994841581806688,0.03365441736201835,0.14611257936183122
YWHAQ,0.344203217218,1.5022329916289836,0.10190661776863373,0.16129095872580054
MYO3B,0.20397607656800001,1.5023301359912045,-0.015683175872490823,0.14621237182036856
A1BG,0.23199644653700002,1.5024592533554817,-0.03851764357297627,0.1800475383980165
ALOX15B,0.206100132953,1.5026275441994281,-0.08644340053190445,0.1946879881273348
GGCX,0.422867961345,1.50338464001768,0.04604094498824452,0.25065243206976223
TTLL3,0.30681876709899997,1.5042250867713456,0.04295599078653569,0.1754144234350039
RGS9,0.405806699742,1.5042471461407985,0.1591309493088998,0.16398618476089913
MAPK11,0.082026173018,1.5049199487538512,-0.2148386981442461,0.19726289854026127
NR1H3,0.194430729602,1.5050927472568951,-0.020918357101050673,0.1430802766776565
SRP9,-0.028819485155099998,1.505282197439723,-0.3386168366895047,0.2058068261627801
NAV3,0.368216331849,1.5055044798792336,0.13194855237840006,0.15693595245199968
MYO3A,0.204047527547,1.5065144445925214,0.007988818654681108,0.1301406100658719
KIFC2,0.23449218901000002,1.507046024931979,0.05800867046300032,0.11710559307899394
ZNF676,0.13677717535999998,1.5076775612633675,-0.03695152504078262,0.11522934668816426
ZSCAN20,0.23269385529800002,1.5087932473459302,-0.047699821392437815,0.18583969485790672
KIF15,-0.0967291758209,1.508939429325925,-0.36932089431525167,0.18065119990676107
USP53,0.141086235924,1.5110242884288323,-0.06612795266428086,0.13713491581511425
RARG,0.274947992019,1.5128588109359544,0.040140052091588406,0.15520809888541012
SIGLEC8,0.23870742081399998,1.5132541062233054,0.020103897826093443,0.14445923000564984
ADGRG3,0.140453458583,1.5141760610350783,-0.06733395837683967,0.1372280425684434
DNASE1L3,0.14004049177300001,1.5156647060580573,-0.12963791844119998,0.17792748563472194
OTUD7B,0.227326377643,1.5166182253258018,-0.03967690430008645,0.17605174293994028
RPS11,-0.8319702984990001,1.5167628586133728,-1.1204499825717087,0.1901943223586298
BAG5,0.0490250400516,1.517114515065123,-0.19066989215512892,0.15799396144887576
SCN3B,0.212865065805,1.5171896593277094,-0.04802340176012293,0.1719550788928569
EED,0.238412898674,1.5172924189170625,-0.04659532942603132,0.18784001326748231
AMELX,0.25730703192,1.51741993927643,0.02886413687635422,0.15054691791685365
IFIH1,0.276698360798,1.5181845200274666,0.01325344691604305,0.1735262811645522
PGK1,0.0874595747556,1.519862155805222,-0.24594757547911805,0.21936670306662065
DLX3,0.202123718872,1.519884022124504,-0.07056771318106492,0.17941594758782647
ZNF343,0.26943894739700003,1.5204563758980048,0.0037991822282849525,0.17471054703021266
SCML1,0.112431595667,1.5205758231310937,-0.15080279442173924,0.1731149384886971
CX3CL1,0.273992384334,1.5207351179574116,-0.021107602068456854,0.1940508790241018
PCBP1,-0.278197638171,1.5213188063457805,-0.7699734853150818,0.3232562728422001
MGAT2,0.293332323096,1.5222227386955582,0.006683242370866432,0.18830955118353598
CGRRF1,0.291949686386,1.5247392499978112,0.0793317804747533,0.13944542052783904
RASGRF2,0.23599227624400002,1.5249133109545665,-0.033017167458276014,0.17640966327055094
TNFRSF11A,0.07424298323860001,1.5261421993612305,-0.20488134777737227,0.18289536265545914
GALNT4,0.387732639415,1.5268963496094996,0.1312023037443412,0.16800769465213924
RIN2,0.368596210683,1.5271414179096838,0.08253988015217403,0.1873148925018178
MYL1,0.288220296912,1.5273887077160906,-0.02288661153638305,0.20368548417094315
NFIC,0.24545611406,1.5278153467178783,-0.034352329455254654,0.18314284125784688
PDCD4,0.400450574456,1.5290644256929893,0.12686524880871816,0.1789233475386689
ADRB2,0.220420211886,1.5292815171462268,0.012618673994530937,0.1358818082619902
QTRT1,0.124355063117,1.5301308614395228,-0.09438911817200299,0.14295782589680722
PGP,0.182204622536,1.5315038001448635,-0.11176183407535532,0.19194627958712823
DRD4,0.250417938545,1.5319023338699183,-0.01646868519925921,0.17421908554055504
MAP2K5,0.12107848427000001,1.5322783919920127,-0.10222007613070047,0.14572975874860766
APPBP2,0.318404596241,1.5327006574887712,0.05443781280880082,0.17222331193143173
MAP3K4,0.194655890127,1.5335959942243247,-0.026326996113101554,0.14409459014782583
MOB3B,0.200352936844,1.533948720719211,-0.06213147977598895,0.17111681314673924
VPS41,0.242628666712,1.5340596551036472,-0.020632771039791303,0.17161095194437165
UQCRFS1,0.29646363837699996,1.534081659046128,0.056651006669591324,0.15632325065180755
UNC79,0.0971285746477,1.5348505023439885,-0.20138944408654635,0.19449322150812504
CYP3A7,0.407279198814,1.5364733451290415,0.1806781947862697,0.14748124641804253
GPR153,0.05364385790469999,1.5365301661695554,-0.20787568754663402,0.17020137398491883
PARP4,0.19059224470199998,1.5372092749221038,-0.053606000453589785,0.1588581653385901
ADAMTS16,0.204814772581,1.5378195184364332,-0.03466945191278684,0.15572973396597325
ETAA1,0.26899063958299996,1.538125120486856,0.0753226269987769,0.12591174151223938
PPP3R2,0.297096167574,1.538397541006771,0.03186011114916059,0.17241060867223007
MOS,0.239465773396,1.5384624362847394,-0.021337980798829342,0.16952234129592988
PRP4K,-0.22015014799600002,1.5385521254696306,-0.6221907385495156,0.26131099746184805
TTN,0.23989169485999998,1.538854299422716,0.021641052561971696,0.14182670989703353
SLC4A5,0.233703837958,1.540102637535207,-0.01844313718081449,0.16372089040919546
RMC1,0.276141526116,1.5411855321218384,0.03897743749561044,0.1538841908889919
NFXL1,0.229110793222,1.5412671958762167,0.014817393955324405,0.1390371506251704
NYX,0.16101935140100002,1.541329403175627,-0.04802486424281964,0.13562591825804549
COL3A1,0.21163567089699997,1.5422490086188172,-0.009686093318847878,0.1435058560446446
ADCY6,0.27110054652,1.5436134536658663,-0.05691993651672865,0.21250169999343152
ADAMTS2,0.31573383787,1.5438567891807067,0.06670481214327882,0.1613031904720099
CILP,0.17255268125700002,1.544066922521672,-0.04935477607180263,0.14371621727793862
LBHD1,0.105030841485,1.544379947996427,-0.15479977928186053,0.1682426795970428
CHID1,0.156931768026,1.5461033913361875,-0.06839992233350733,0.14574167007341543
RHBDL1,0.31382967408,1.5462625811442339,0.033545323520088766,0.18126568797422551
HLA-G,0.18729958617400003,1.5462763766075718,-0.016206578823884692,0.13161047279553206
FAM32A,0.465029557207,1.5462913542505001,-0.005549519210254526,0.3043275609888849
H3-4,0.056286769180100005,1.546425607025786,-0.18176579451725033,0.1539372877788753
IGBP1,0.00267388589835,1.54690193295092,-0.29001554766716287,0.18921007681926486
SOX21,0.323010327232,1.5470685118451297,0.04337346961697344,0.1807527303891114
PCBP4,0.333647727744,1.547407702961802,0.1046895523541469,0.14796241155554396
KCNH1,0.164016856473,1.5496081988435826,-0.09298506013748221,0.16584961076114182
RAB36,0.160719768332,1.5508225673458362,-0.14589749607330094,0.1977126660789201
LAP3,0.305246012588,1.5523490641182236,0.06497858780819553,0.15477667383803453
CLDN14,0.283176264675,1.5526145007001706,-0.06445662944699802,0.22390161496316613
SRXN1,0.45917966755500006,1.5528750838585368,0.027034184966219583,0.27828734396008115
TTBK1,0.183112261814,1.5535823965960138,-0.09514876594868697,0.17910928211620605
PPM1G,0.198428891631,1.5537278459870425,-0.08149397365138836,0.18016209595867846
LMTK3,0.125444744089,1.553747029875504,-0.09399657982855911,0.14123362407015647
ECHDC3,0.159845860427,1.5538778319699387,-0.05038608211104779,0.1352950265540019
RAB11A,0.19570211316,1.5539638350380474,-0.07239027866660039,0.1725216416121012
RPS15,-0.604112743006,1.5544223588756687,-0.9212162745660757,0.2040008815811426
ACKR2,0.20929412296799998,1.5563673293792868,-0.03926302343871859,0.1597033950242637
ABCC9,0.350108140484,1.5563728611542038,0.09463295987105685,0.16414779966253276
SOCS1,0.24393941451200002,1.556498409901111,0.008726945836648141,0.15111642079370682
ATRN,0.236312766814,1.558806145640541,0.047803482706748134,0.12093183275832549
DLK2,0.29223474703,1.558848033784033,0.035023931272150505,0.1650005710521262
FKBP9,0.202420310162,1.561235417138243,-0.04332469837204952,0.15740419787843532
HLTF,0.185652710801,1.5615272536011366,-0.10737425444506332,0.18765408325105778
ZBTB24,0.240872511972,1.5622852326350385,0.018452536761747136,0.14236835282319527
N4BP2,0.317836740266,1.5628956588394227,-0.07516192538535386,0.25145547204551544
DSCR8,0.344337806643,1.5634177858105769,0.006032352969472955,0.21638838750841485
ABLIM3,0.206227971115,1.5642011367938808,-0.11857412381152684,0.20764726945044212
CES1P2,0.35752783557499995,1.5649857474414688,0.06288635728683253,0.18827102979683025
GJA8,0.23417983929900002,1.5660170272360086,-0.022040609628189062,0.1636128116559585
SAP18,-0.0377541591428,1.5665216212944593,-0.43563180724744704,0.2539879709900652
STRBP,0.270182811885,1.5667795748292506,0.009719134000337816,0.16624143055544224
TNFRSF9,0.150554085252,1.569047888962897,-0.06916310338422417,0.1400321750418032
LGR5,0.19145655253199997,1.569569134287067,-0.04808432600139606,0.15261569133888506
ARHGAP17,0.171908547753,1.5714360568212153,-0.051760664720837186,0.14233427539284493
LALBA,0.30027629483199997,1.571628316250555,0.07915822343171935,0.14069361636840674
TERF2IP,0.0336629998348,1.5736419728732993,-0.21487475346841958,0.15793792844087443
RAD17,-0.014206668099200001,1.5738920871716109,-0.34888191947488173,0.21264180314745434
ATF4,0.190666006301,1.5748892791158438,-0.2084367801860279,0.25341640950853866
IFNA4,0.163648645856,1.57546316819586,-0.1511574160770569,0.19981810320171228
FBXO2,0.291864355319,1.5755127771087896,0.05754746404010737,0.14872420883116266
RFX6,0.36723611510700005,1.57675252661544,0.13589026640665514,0.14672299222309645
AMPH,0.224860415712,1.5770870088410878,-0.02896375437090587,0.16094493750818917
LENG8,0.18901167081700002,1.5774117317420275,-0.07524437027194035,0.16752508921504408
PTBP2,0.363180836542,1.5779279817777487,0.10725988447818256,0.16218798007212468
WFDC6,0.20346168889199998,1.57978640104313,0.025597741321571353,0.11258733930927965
SORBS1,0.311833623544,1.5819405885339541,0.007917547910910955,0.19211598579358782
PDE4DIP,0.274240211965,1.5834768782962447,0.04028130668604481,0.14775012410076063
SORCS1,0.33791009952100004,1.58387747068625,0.07282409571135762,0.16736522156274378
SIRT6,0.17288873431600002,1.5848375471872007,-0.0905317653471035,0.16621293465101655
NF1,0.36625902734899995,1.5855105217784613,0.044914413636348086,0.20267580019096992
GPR158,0.20221905081,1.5858226474563493,-0.019454914414244646,0.1397848401142514
SNRPB2,0.0392500974426,1.5861581922974322,-0.4188093831903928,0.2887854962117793
GKAP1,0.31241538729,1.5865202705756856,0.025172480295983284,0.1810521506225619
GDF9,0.248607728601,1.5885187017038396,0.00047831237939371224,0.15620175951058274
KCNJ18,0.45035039457500003,1.5896922400904894,0.12897810556749678,0.20216006652281948
PARP15,0.20361629195099998,1.590056057891929,-0.027723429041876652,0.14549155034167988
TRPM6,0.278670155845,1.590174756991925,0.04372584134925576,0.14774748087447934
KLK2,0.216894917303,1.5905206462586217,-0.0890436511085068,0.19235120847451143
ERAS,0.24168927059999998,1.590799661744188,0.002567481336124881,0.1503154639860161
GABRA3,0.167901899108,1.5916656320545264,-0.019954004996835906,0.1180247285118238
SLC6A17,0.334654811876,1.5929851441179836,0.06630330823838938,0.16845825877817183
CSF1,0.449965486382,1.5954992330911286,0.1094177913580349,0.2134427193450831
GUCY2F,0.142069308721,1.5961547112523025,-0.12223416548245206,0.16558762903132757
N4BP3,0.333829735615,1.596365709948759,0.09087682304897794,0.15219126234791183
PNLIPRP2,0.316190741562,1.5964662383681893,0.03415393804855281,0.17666318067692308
CUL2,0.18702023968400003,1.5965290929505276,-0.11692964207777139,0.19038167428571254
PLK2,0.293411933778,1.5969210350045957,0.040547167121775085,0.15834519122324495
ARF4,0.485302367427,1.5971031349678215,-0.08511165022676409,0.35715540541172175
RSPO2,0.242056180873,1.5971995585536112,-0.04160887400893879,0.17760151094633386
PTH,0.15039907463899999,1.5974758550902934,-0.11191613046441529,0.16420605311032294
ZFP36L2,0.152899828538,1.597810778405937,-0.08889284181909156,0.15132747483298184
GCFC2,0.44726052556199997,1.5981800020170702,0.22725373634272303,0.1376608322852278
IL17A,0.289488022641,1.5982139733429224,-0.05727528759718851,0.21696926445516998
H4C3,0.244488007465,1.5994733490559947,-0.11886794102329047,0.22717224310285775
RPS3,-0.6970651540880001,1.60036338815374,-1.0328699288319687,0.20983032805528623
PLPBP,0.311107258847,1.6008127367965113,0.08598610518082472,0.1406292869187683
ZFP69B,0.304786124658,1.6009032101552594,-0.010380431678668065,0.19686796449493188
ALDH8A1,0.209591618334,1.600960730333996,-0.011772048954328011,0.13826926738056006
IDO1,0.34161929456699996,1.6010132197754656,0.11346237148363131,0.14250783208109086
TPM2,0.22109199087200002,1.6018878635132747,-0.0003360997134214595,0.13822945764741823
DDX19B,-0.08379148423489999,1.6024813685442958,-0.3956670152231502,0.19462037881386407
SLC34A2,0.300407042555,1.6030033122199956,0.08936818454785406,0.13165216590530854
SCRT2,0.315127541052,1.6035828569230344,-0.016909269600188542,0.20705934166027634
BRDT,0.165426330782,1.6045742184171987,-0.062026275843842946,0.14175262447517645
ARHGAP18,0.207661518459,1.6054322544169024,-0.07148120809918944,0.17387387464666013
SC5D,0.267700017298,1.6061045200983466,0.021421104309987483,0.15333928141422087
BRCC3,0.227188377364,1.6062984634293063,0.035346615317672275,0.1194309565837238
FOXJ2,0.15766702872899999,1.606489884221412,-0.1800648732437329,0.21022970968560767
DYNLT3,0.17088196304499997,1.6068100757628498,-0.08972273298054803,0.16218761629424264
TAS2R42,0.30717895350499996,1.60696261745013,0.023071260000284713,0.17679794814115032
AMH,0.237426413603,1.6069648274755086,-0.029214388566341145,0.16592821299531832
NEIL3,0.24269061596,1.607299742094453,-0.008370933903011671,0.1562008275667713
TRIM69,0.266757076609,1.6074181197287436,-0.005426968718228177,0.16932995963312894
CLCNKA,0.27201922549,1.608975909382493,0.026933688554236015,0.15232393195360217
CD68,0.28173730076299996,1.6102004386747435,-0.051092575369199165,0.20670089768832184
GFRA4,0.34607017402199997,1.6125504548350218,0.057572691303549424,0.17890756959165435
IL24,0.284898835094,1.6133466796457452,-0.05471506983737865,0.2105027451421354
FBXO7,0.288940034555,1.614008393775096,0.05197785121412961,0.1468159547712302
OR4C11,0.185407906417,1.6146932503231346,-0.08660265166953764,0.16845958700335342
TRIM50,0.233236741732,1.6159260268185762,-0.03632634820133272,0.1668164788855135
MEN1,0.0683044154541,1.6166042837945533,-0.1935086025954944,0.1619524460463863
ZNF663P,0.336764204489,1.6168844626419636,0.07568027783775286,0.16147345879286892
KCNK15,0.19224907951900003,1.6176986298470826,-0.043730946746444704,0.14587391119182155
ZNF780A,0.35672004072400004,1.6180037347460754,0.12015667745256456,0.14620693277235297
UPF1,0.00014893528734099998,1.6182940056280006,-0.27576374245802543,0.17049601418890187
VGLL1,0.173449143014,1.6188634013107337,-0.06073046244631485,0.14465680382341606
DCK,0.116807859222,1.6191568118721553,-0.07231538414964163,0.11680353748625945
PIR,0.39877735281599996,1.6200131196778236,0.14032566397463322,0.15953678751241576
TRIM62,0.13237483633,1.6202085975083658,-0.07605291871846165,0.1286425435397589
PRSS48,0.34149342468800004,1.6205705447428713,0.07927543219421729,0.16180597218949683
SHARPIN,0.233260720812,1.6205813477351263,-0.037205328561424326,0.16689446028205818
TMUB1,0.20055089794300002,1.6205847647084057,-0.059573644905251556,0.16051276583181762
STAP1,0.220009036784,1.622284225684301,-0.05222184170967023,0.16780714142667547
FBXL6,0.369527750861,1.622411655696293,0.12301499795260197,0.15194217327204898
CREBL2,0.18676896420000003,1.6237759123191735,-0.04300590522717922,0.14150651434347308
PRDM7,0.21440531087,1.6259632634544763,-0.03751821188365676,0.1549380163844705
TYR,0.214129701477,1.626042467592661,-0.07113809874987116,0.17543686952359072
LDLRAP1,0.34777053763000004,1.6264753522512336,0.06008379669729786,0.1768774058177456
ACE,0.305082618764,1.6266620546834765,0.10208069194716542,0.12479662031357562
PLD5,0.235156498619,1.6266745751006233,-0.09836908698582805,0.20503522383030837
MTAP,0.161857452024,1.6272573587690444,-0.094709540859107,0.157668356207152
MKKS,0.18255974608,1.6274034269274238,-0.06441831403285322,0.15176203762772802
TRPC4AP,0.12972735585200001,1.6276231706398436,-0.16027708498287815,0.1781766480510799
ENDOV,0.279398564041,1.6277245614113893,-0.05761924337330294,0.20704842539334603
EBAG9,0.34767666578,1.6288273407821177,0.02101035059753209,0.20055306477457077
PBRM1,0.205494486045,1.6291666958908022,-0.07276403105650256,0.17079806369927988
PRKCD,0.164934763817,1.6300829333763451,-0.17936873237364018,0.21121839210812052
PPM1F,0.449329670103,1.6302526880954764,0.11344552317860496,0.20603195405050231
GPR39,0.175862598497,1.6305081589434955,-0.05268096238261991,0.14016707590577593
CHRM5,0.255545689322,1.6318925312667334,-0.03227769560335513,0.17637398260652393
GRIA2,0.217494027364,1.632214839257681,0.010931724967807817,0.12655337853081594
SEC14L2,-0.00856434698519,1.6333465145778756,-0.2792682506620434,0.16573574637150068
NRL,0.234274773556,1.6333961269968367,-0.012417623637633298,0.15103035516999916
CTSO,0.250917486907,1.6367761595281103,-0.010239254383807813,0.15955556278758387
PI3,0.22083614154800002,1.6377819829013494,-0.15698999513717957,0.2306937923543745
TOR1A,0.28174077134799996,1.6383129958617164,0.017359773661595485,0.1613739244907509
GPN3,-0.283031272487,1.6385906545158542,-0.852818042097361,0.3477297811018658
ENTPD5,0.152780989716,1.6393312062775298,-0.07877499748902343,0.14125027713638377
PLPPR3,0.29919499645,1.6402303370241422,0.07204691070204577,0.13848548013083778
ZNRF4,0.271378121761,1.6404744415297645,-0.06635716671962623,0.20587659272867642
SLC25A25,0.364316590101,1.641014061886267,0.04644414716243205,0.19370488670474206
TOX,0.504304875272,1.6418983425484548,0.14152273318698577,0.22095286454941285
FETUB,0.352020209367,1.6421535552750823,0.08961693868168588,0.15979216428475723
PSMD4,-0.13484294297399999,1.6423806940551307,-0.5688580280361082,0.2642597338321729
AATF,0.0133526147613,1.6427761980591444,-0.2948773047523779,0.18762745642275294
SLPI,0.194184703981,1.6443099542896449,-0.02625122570332427,0.13405984018357073
TNFSF4,0.263540034411,1.6443610814271452,-0.028543993279377945,0.1776276700959606
H3C3,0.227252354179,1.6444426411126332,-0.0420307022988547,0.16375338959567315
DLG4,0.20411381591400002,1.6455556673813914,-0.06711269717723223,0.16482366319629946
GIPR,0.0901924633201,1.6459094967374106,-0.1843357915067973,0.166794258962038
EHMT1,0.207710515376,1.6470458664708572,-0.11043416469595202,0.19316078959819377
OR51E1,0.161708338924,1.647257486137351,-0.07975953141239894,0.14658781178321806
HECTD4,0.23346124586,1.647661568624157,-0.04553035315349226,0.16932579136773698
PCSK2,0.142570031436,1.6476779308365703,-0.13682868333996012,0.16957119443488686
ZNF679,0.23104989316799998,1.647829147815388,-0.01078172309101765,0.14675770032325638
KPNA1,0.32930195847800003,1.6483648631599683,0.026481415147139333,0.1837096568233953
NT5E,0.264176642751,1.6489690207992016,-0.026264764661571377,0.17613515096348137
PUM2,0.30458004735599997,1.6499969411136475,0.05901531906156394,0.14882738396393316
ZNF234,0.27999137542,1.6524063989912023,0.043721965326787876,0.1429850491001821
TCF4,0.313643271801,1.65262421573153,0.03690630938227905,0.1674530481790284
ELOC,0.299717860706,1.6528966127674387,-0.03498303813847693,0.2024935475450509
NGFR,0.160986526395,1.6536374987095777,-0.07150022006623402,0.140591119058836
PI4KAP2,0.479492178392,1.6536973632831016,0.1584275208861586,0.19414958542863522
CFLAR,0.182481529495,1.6545360305196948,-0.21832666653251187,0.24224809169106867
HCN4,0.245117519842,1.6548535457856655,0.004806619415519156,0.14521581141634488
MYLK2,0.17290547395,1.6553100140330816,-0.059923516227825144,0.1406558216913995
GPR101,0.160887077792,1.6562840756287474,-0.059127335700207215,0.13283615819869962
ZKSCAN8,0.11957472392200001,1.6572735136304522,-0.06541543523764004,0.1116231917291657
ACP2,0.151623049316,1.6584062100617978,-0.07935260390856907,0.1392756803629927
ZFP2,0.24646130715700001,1.6588640525740863,-0.03960027498405081,0.17244425888737802
SERTAD4,0.36634069302100003,1.6607876732287719,0.11421337122058617,0.15181189375656184
RHCE,0.200371413115,1.6614525522877406,0.008969261838821466,0.1152016956563863
TRIM49,0.358590791929,1.6619709625868506,0.10712226602730088,0.15130741244136386
MAP1A,0.367714004711,1.6626702092142343,0.11040987692228617,0.15475355627518816
DDX17,0.19106656232,1.6629527143119185,-0.27287405925026104,0.27898605749726696
FCGR2A,0.29290274011,1.664058926640152,0.046974419930575585,0.14778822807433292
PPM1M,0.336010527201,1.6656429370025936,-0.011688164340186984,0.2087474354899183
AGAP3,0.254324281144,1.6662300875727,0.012633849464288256,0.1450522550770867
UMODL1,0.210912563775,1.6668961826681357,-0.01964561501390602,0.1383158598514879
ARID4A,0.190329232181,1.667423546085489,-0.10756934496174185,0.17865801274193388
OR10J1,0.224358462673,1.667469047206136,-0.047855117236512416,0.1632495549861087
RPE65,0.207234691011,1.6682170117488524,-0.05253018215853569,0.15571407756908962
MAPKAP1,0.131403271591,1.6685612062229553,-0.14882243437283948,0.1679445170598047
IMPDH1,0.195297501832,1.6689496216905157,-0.08216555195817166,0.16625010736341056
CASP9,0.341808935252,1.6691133834057095,0.053852337383863004,0.17252069316021038
DEF6,0.35989525863099997,1.6699360632390954,0.09167412134564237,0.16061760877545325
ZNF738,0.259752477027,1.6712654244523553,0.008380233445459394,0.1504083312582805
STK11IP,0.14975573333699999,1.671332351301179,-0.11279215746145863,0.15708897790080933
SLC17A2,0.31011065942899996,1.6716148747490032,-0.10795419534257186,0.2500963954597169
TRIM74,0.19376504210099998,1.672245692411096,-0.02684683137644029,0.13192551458114699
WFDC3,0.0358182087642,1.6737997779130138,-0.2547140896771825,0.17357649479654863
CDC25B,0.23051709477600002,1.6745909608249936,-0.17628176088583997,0.24292431117711813
SCAP,0.24133597261300002,1.6748689351888013,-0.2563847815549318,0.2971699717577159
MDFI,0.239316150127,1.6758996413392462,0.017431944792683434,0.13239707191356895
NT5C,0.19812265142700003,1.67928845285592,-0.09706802368526739,0.17578318639078636
AKR1C1,0.29203102739500003,1.6806287120124765,0.07374342469897523,0.129884489736365
TACSTD2,0.27685604518199997,1.68097338695998,0.04652433231324035,0.13702281943042044
PPP2R2B,0.288593905882,1.68279804101397,-0.048300148823712516,0.2001987442906203
NME4,0.255907658769,1.6854748309468939,-0.05096472149798388,0.18206880021731564
SLC25A17,0.222321704646,1.6888206114002347,-0.052573315588096935,0.16277336881042448
EPO,0.323074595245,1.6902959188212952,0.08437459423089104,0.14121787691504523
MTF1,0.284690862859,1.6920492848462583,0.010676313529302242,0.1619424160890178
CCNL1,0.123352960642,1.6924232680161433,-0.11053095299977354,0.13819469281814592
SLCO2A1,0.366251381324,1.6933607833030386,0.07810049514380105,0.1701650876891911
ZNF322,0.156568058525,1.694040973459389,-0.1650526896905697,0.1898541731011324
SNAPC4,0.23785112496999997,1.6941805810491923,0.026334059424818146,0.12484918544762862
GGT1,0.254529952625,1.6954051699262236,0.046819889884305264,0.12251352445134595
CCDC146,0.295856796311,1.6971259371574308,-0.07120576991761075,0.21628481316089912
INHBB,0.17833564810400002,1.6971518853118976,-0.07778592003265891,0.15091257909988984
SPIC,0.314470730631,1.6974725868526064,0.050768632506493536,0.1553498419750351
NCOA1,0.262853271716,1.6977305109338983,0.015569145550312117,0.14565570010852916
ALPI,0.130976895344,1.6979652220402788,-0.08790027700829596,0.12890556856594076
ZNF550,0.35638088893500003,1.6987537553108434,0.032080040667464386,0.19090515458975044
HS3ST1,0.264148614259,1.6999955745952615,0.012639176926132594,0.14794711297571894
DAP,0.623292644354,1.7003415720662123,0.30291539498346587,0.18841934740278082
FPGT,0.47089960613000004,1.700446083709916,0.17756466002881915,0.1725047026843703
ISL2,0.246178198984,1.7011447589462967,-0.017343263895831625,0.15490831188467408
CDH15,0.146881492292,1.701145040144827,-0.0977020426325425,0.14377582695930494
C5,0.244401884261,1.7015541856043859,0.006684886015004729,0.13970580558476842
VPS4B,0.07847007038430001,1.702058669936967,-0.3579783322676443,0.2564238297779168
HNRNPC,-0.703342590115,1.702646834573695,-1.186168357328388,0.2835736439343729
RFX2,0.24012376028700003,1.7035365564454148,-0.00841030993670139,0.14589300668856237
MLST8,0.041501317657499995,1.703908551054826,-0.2175836433731459,0.15205332520354808
RNF11,0.28855848110599996,1.7040710784326452,0.025901589856747547,0.15413493872030065
TBX19,0.213922011134,1.704940669960407,-0.2049666242002826,0.24569103354429936
SYNRG,0.45996656697800004,1.7058313268808925,0.05058230568310832,0.23999105588208983
RASSF7,0.34202987623400005,1.7058761692232915,0.07572551392530413,0.15611001965632001
LTBP1,0.331350928448,1.7070518846385443,0.017989174132190762,0.1835689688964324
PPRC1,0.226603078626,1.7074771106227677,-0.07916971146588454,0.17907870517828497
ZNF254,0.30279514158000004,1.7084361568802238,0.13085159280493291,0.10064382451905803
SSBP4,0.240277300971,1.708852221519599,-0.04596483849024937,0.16750549629546563
DEFB1,0.29614736000799996,1.7107135195035459,-0.030249961436932322,0.1907960144838592
HERPUD2,0.338551345879,1.7107732024718652,0.06636149717811023,0.15910340909455886
TRMT1,0.245414931972,1.712050780459138,0.002409432679125899,0.14193825444108898
ZNF835,0.44632571227799994,1.7133922930693373,0.11790921080166708,0.1916761869449138
ZFP41,0.5802329511159999,1.7136871565103007,0.23299759715717297,0.20262470465491864
ACTR3,0.162972318089,1.7138687281635694,-0.22475239040330186,0.22622777469529623
USP8,0.294912428736,1.7146968073922222,-0.27307686359319616,0.3312476525765604
TRIM47,0.386077063683,1.7154106803775564,0.10485530507776855,0.163938444491517
AVPR1B,0.145345579017,1.716690794927328,-0.16432672208044835,0.18038909628484237
ARFIP2,0.317963215875,1.7171497005234146,0.005813675382805367,0.18178353372280032
INO80,-0.0500449632302,1.7171543232695148,-0.5134067519744899,0.269842833847359
STK19,0.277806531689,1.7173248082056294,-0.00536653310031994,0.16489196652623753
EXOSC8,0.137997732578,1.7180571905970867,-0.183834801582084,0.18732352794858687
CD163L1,0.39046393937299995,1.7184212161774315,0.0709637264396812,0.1859265993258835
KAT8,-0.12698861605599998,1.7184597428481938,-0.5409510957167236,0.24089157827731114
STX11,0.40382371024,1.7188144532755427,0.09596578349187852,0.17911062253487398
S100A12,0.19529985263099997,1.7191980115237753,-0.1047461580097504,0.17452673201664004
TACR1,0.22909180960099998,1.7207236829444812,-0.05610223626150543,0.16574075703687932
SUDS3,0.108123405923,1.7215049070163706,-0.291308365992337,0.232024765243111
BCAS2,0.204461719824,1.722989660396975,-0.1398975495078538,0.19986148335476012
TRAIP,0.162014868059,1.7247505207838731,-0.12167117907037453,0.16447946744230782
DEFA3,0.08855050298730001,1.725211034402067,-0.1344030095805269,0.12923260292332836
RAB24,0.260573918376,1.7252644310220038,-0.005104396261884879,0.15399280820998765
APOBEC3G,0.181272060284,1.7261050596858867,-0.10298940050516801,0.16468375386194475
IFNAR1,0.29359148635000004,1.7262370966053218,0.06228973843782154,0.13399187653135122
CYP24A1,0.249112469093,1.726597029232588,-0.021632925993478252,0.15680867654846778
ZP3,0.268238444172,1.726654639240602,-0.002634017351269573,0.15687703572406447
ZNF416,0.304769091378,1.7286660930409325,0.08280102895564645,0.12840424377844128
CTSS,0.262389664849,1.729872173374425,0.04896393594176347,0.12337658943372186
KLF16,0.14436210843699998,1.731335323032565,-0.13838564939276704,0.1633119558460304
TRIML1,0.289767090997,1.732039929118902,0.041469470929246584,0.14335559815532875
TWIST1,0.13943240317800001,1.7321789639544214,-0.14639187733196227,0.16500851612783074
ITGB8,0.23279155618500003,1.7346351556706268,-0.011606048120880685,0.14089280014124597
ST13,0.33344841181699997,1.7358750826680713,0.09839866369478967,0.1354070638314219
ADGRG7,0.164133650609,1.736730862735197,-0.11499784875604137,0.16072236945535365
SH3GL1,0.269237129315,1.7373893903169286,0.03184486566859968,0.1366373393146461
KLF15,0.239690272515,1.7377697523534923,-0.04045227126802053,0.16120809065966218
KCTD12,0.196975047436,1.7385198855785817,-0.08885558718974933,0.16441033375389003
SEPHS1,0.271271419289,1.7391302364473271,-0.009305958569340498,0.1613320106672979
ZIM2,0.35463255496699997,1.7401491534001665,0.06202632162469705,0.1681500880373183
PTPN4,0.269543336876,1.7421035361651789,0.04309208782401373,0.12998725067194578
RASSF2,0.303503691417,1.7426073661989077,-0.010292951588821056,0.18007306126009062
AGAP7P,0.28926081446999996,1.7438537853277765,0.04734872200679766,0.13872269252076788
RAB20,0.164953180443,1.7448574480599535,-0.1282640079303027,0.16804650070372265
GALNT15,0.440399522888,1.7468918977794037,0.11975278637182915,0.18355270690977918
BCOR,0.205015265956,1.747730904942961,-0.1012626853378754,0.17524319700913632
RASIP1,0.39540552314000005,1.7487339481491777,0.055682209687556876,0.19426815257518104
ALPG,0.284222738446,1.7498293231774786,-0.021056344959103353,0.1744622057485889
QKI,0.218444431256,1.7515272766504149,-0.019656850146658418,0.1359392369030064
AURKC,0.268265587811,1.751647370997443,0.023833546765452403,0.13954409151789515
PNPLA6,0.244092806247,1.752127491584634,0.00314349279908012,0.13751813986435651
ARHGEF10,0.340545372566,1.7534213267717143,0.06934270750226988,0.15467056372757304
GNPDA2,0.100654255767,1.754393998655001,-0.2140942669769866,0.17940583642288294
ZNF432,0.25960703728,1.7548559592359858,-0.16283707617716686,0.24072865424298812
LENG1,0.314479896618,1.754915427852768,0.024194829175574147,0.1654125679421515
ENPP6,0.321136325746,1.755286817822756,0.040724150389071415,0.15975290904579892
EYA3,0.48569958226000004,1.7559871688000384,0.13107499032222444,0.2019516988726688
PRRX1,0.345888990659,1.756083621189189,0.07527260956605604,0.15410221804226343
RNF7,0.273879290994,1.7572037764011157,-0.032261087728616106,0.17422019166702135
PUS1,0.13046707836100002,1.7581598618262404,-0.10935887750806289,0.13640736606280515
PITPNM3,0.350763938168,1.7592142633077807,0.10237780719387353,0.1411915172328673
GPR12,0.250626420182,1.7593053955666247,-0.018830306931942167,0.1531608598444373
PNKP,0.10681974114399999,1.7611091216550756,-0.22792124618975007,0.19007396146989647
DDX53,0.299588809228,1.761579366432883,0.014883476713410851,0.16161936154548878
ITGB7,0.35296313287000003,1.7624759934267724,0.06071732617211501,0.16581548218973077
COL8A2,0.329436722212,1.7626258512665027,-0.032828777403600844,0.2055260334207067
KIFC1,0.1750146371,1.7634952125481633,-0.09969775672414065,0.15577722687843015
ZFAND4,0.255991508711,1.7636434110736707,0.01658323792697093,0.13574641522249792
PDZK1IP1,0.32175500541200003,1.7637615760800185,0.07376049681240174,0.1406054604901696
LILRA6,0.182275522923,1.7652109697390423,-0.0755691223680556,0.14607015802149345
TAAR8,0.371094680015,1.766180830538892,0.07674223292117292,0.1666604245749939
XRCC3,0.21982689691500001,1.770030690101836,-0.03611768510288072,0.14459895156007457
HSD11B1L,0.265313773275,1.7706475869469886,-0.03815269266778005,0.17138727558205263
HSD17B1,0.309328631821,1.7710694512284233,0.007569066910248054,0.1703826830175688
TACC2,0.249520202847,1.771307041571125,-0.00989146178984872,0.14645211617673815
C17orf75,0.24383844175099997,1.7715607446945938,0.0019312719101547814,0.13655031054695702
SYVN1,0.32255188971,1.7716028064920182,0.03791119992833617,0.16066845725159232
CACNG6,0.304389028042,1.7717288379588538,0.0475379400309718,0.1449720084180248
LUC7L2,0.146906867204,1.7726294816392953,-0.17210526454110328,0.1799654891500996
RRAS2,0.33610496729999995,1.7730467214659733,0.03697276680797955,0.16871083929739583
RAB31,0.227863002122,1.7748850060685966,-0.03078775612316422,0.1457281780852273
AKAP8L,0.139379999661,1.7749037734808615,-0.08813613958474165,0.12818505580138986
CYP3A7-CYP3A51P,0.189416295401,1.7755737700743661,-0.03688438301378255,0.1274521409523325
IRX2,0.141780777191,1.779802318968492,-0.11174665986423264,0.14244696411125468
FZD3,0.20310330068100002,1.7806728040380264,-0.040236520363973044,0.1366561113828167
H2BC1,0.407812811746,1.781202519700311,0.14537348576235226,0.14733828583838035
GABRA2,0.29755299609200003,1.781281977418687,-0.046992830954653064,0.1934257638119404
TNFRSF10B,0.400455315453,1.7822368467963388,0.018842429876555905,0.21412018624932633
FFAR4,0.186308230683,1.7832090180586349,-0.08123346665729328,0.15003384047012266
GUCY2C,0.328936613629,1.784055448233034,-0.017949294779437013,0.1944367305130567
LEFTY1,0.215496836677,1.7845825578143708,-0.0740213728040808,0.16223301534206522
CERS3,0.162323870358,1.785070964107553,-0.19936430234713137,0.20261837202979632
ZNF14,0.36769304070000003,1.785160417283477,0.10734759049451827,0.14583868636391564
KCNJ13,0.269560421739,1.7857213726014618,0.0022264942877551677,0.14970640523935116
TP73,0.163085059333,1.7864797975017472,-0.1464599758022353,0.17327094074509541
TRUB2,0.357816830897,1.7871179146699188,0.12045331064569052,0.13281917119338518
PLAT,0.108654420077,1.7871470612526297,-0.20043794074874566,0.17295295251701315
SERPINB6,0.249541857086,1.7873655009262581,-0.07820929810875393,0.1833710872370005
SEMA7A,0.199754956092,1.7876577853534705,-0.20124689203106563,0.22431689745572653
HLA-B,0.283346406085,1.789057408229817,0.04436370813841353,0.13358022881057122
GFRA1,0.208028319971,1.7896174807082612,-0.0734979484403984,0.1573108619278692
RAB37,0.171826290416,1.7900178817610353,-0.10738985766482609,0.1559851166437124
ELOVL4,0.287409073841,1.7913261114763719,-0.056263785775518896,0.19185387708844998
SIM1,0.133817424096,1.7925542246095227,-0.10669709529388435,0.1341741946145458
H3C11,0.44021467095899997,1.79388610478512,0.14415251389509917,0.16503955088016278
POU5F1B,0.25774998275600003,1.7940047819518736,0.022556679433168927,0.13109959666157706
ZSCAN25,0.264365534217,1.7945327215820148,-0.12711515362664386,0.21815188050654455
L1TD1,0.272473480576,1.7946996430397992,-0.048366475562101406,0.17877083632483146
ADRA2C,0.212439670533,1.7950211243238197,-0.08976894205955205,0.16835936273808105
RPIA,0.34952739665,1.7952329530303388,0.05796257893490444,0.1624105758658989
RAPGEF6,0.279157065398,1.7954919634171818,-0.14786714313052282,0.23783131154528256
ZNF438,0.408294293757,1.79578766398832,0.04449159152216122,0.20258670305533685
GGH,0.257099355108,1.7967492054212877,-0.03891947394113079,0.16475244745118595
PRKAG2,0.27234622839899997,1.7972888369921751,-0.025533732440632378,0.1657385027429118
PRSS58,0.24094061245499998,1.7974460031839354,-0.06200159936649481,0.16854036854785798
ARHGAP12,0.24891740911999996,1.7974970382922029,-0.024536971514373934,0.15213064322719672
YWHAE,0.351789619056,1.7984254396203567,0.013143190553821963,0.18830162265368391
DRP2,0.342172687988,1.798472169758409,0.14142574588405923,0.111620822095294
SLCO5A1,0.236027422189,1.799291632678943,-0.08016697483275302,0.1757327112953752
TAF1L,0.135899481857,1.7997079727942014,-0.10155155623055248,0.13193864875693656
MARCO,0.227017978777,1.7999897289989188,-0.11412151260467869,0.18952302109601848
STX3,0.28389294061500003,1.8016400440071076,-0.13099935131164758,0.23028589606826635
KCNJ6,0.227132643475,1.802786974001191,-0.04607551654949446,0.15154766700922143
BMAL1,0.177513853723,1.8040073203793392,-0.06914989903946428,0.13673101543213076
CCN4,0.046452664211800006,1.8052538133067024,-0.31417344156616167,0.1997647661064341
RFX3,0.159405763791,1.8057170667157434,-0.1165665506526803,0.15283253369567004
SNF8,0.405200641471,1.8076555360162405,0.14440798227585555,0.14427121428780965
ZNF135,0.322317362171,1.8079641701341156,0.04604067565755194,0.1528109301485514
PDIA4,0.35047375915299994,1.8080664590194637,0.06375666373903646,0.15857663526895668
GNE,0.132609068134,1.808773208297187,-0.14624130035326785,0.1541654681792765
FGFR2,0.295547818343,1.8116235670941692,-0.02421533725434737,0.17650640089113276
RAX2,0.28729572784400004,1.8120689203078577,0.012737902366859583,0.15151621574663673
SLC30A1,0.37526800365699997,1.813268105100338,0.11669476471133546,0.14260066573627636
SGO2,0.308102722741,1.8137373144489197,-0.04246199888846653,0.1932830729327422
CHKB-CPT1B,0.0971597772119,1.8141668782206855,-0.09959926686760207,0.10845697076802611
KCNK10,0.378717771166,1.8147285653079013,0.014718633198508566,0.20058048620937005
C7,0.182354500991,1.8151404798285835,-0.170343888087411,0.19430914190824436
FOXS1,0.261050367172,1.8158819722962918,0.01437506186490601,0.13584324811328913
LMNB1,0.206612956323,1.8160237456619377,-0.09415598852639244,0.16561950005767279
H1-2,0.181590440909,1.8171685161903204,-0.028497612077959318,0.11561286205167547
MYCBP,0.14482851247700002,1.8176285174788924,-0.10186717868503112,0.1357239330202663
LHPP,0.34361123691,1.817914620364337,-0.06015109870095023,0.2221019244182272
ABHD14A,0.399482188081,1.8188885135704418,0.08970418680579106,0.17031170352883307
UGT2B28,0.360110348021,1.8196810400572234,0.10291000900999928,0.14134363844496206
CACNA1D,0.17951447544799998,1.8200416104717512,-0.044462951413894,0.12306170670671616
TAL1,0.29509070327799997,1.820118786456137,0.05031596197439475,0.13448283877130568
NR2C1,0.215799888163,1.8220480317248573,-0.08484790426596155,0.16500541544140895
OVCH1,0.348797089279,1.8226866488323943,0.042065858757365945,0.16828522374820973
NAALADL2,0.229671866237,1.822836710469166,-0.11140752877626421,0.1871146181412357
CCNA1,0.19870700001299998,1.8233248047719175,-0.16338001405676095,0.19858612855050528
RNF8,0.318650090335,1.8234360475846376,-0.03104553933913117,0.19177839010989473
ALPK3,0.27599127367,1.824194012453226,-0.015010875838443124,0.15952368417057539
HNF1B,0.444088746974,1.8243978043389062,-0.04268688348445995,0.26681441366612985
GAN,0.38499527949100004,1.82461808300398,0.06002976490149905,0.17810056669749239
DDX4,0.153259690399,1.824852480061713,-0.17903810011659954,0.1820957004175822
RHOU,0.161384946512,1.8248961284190957,-0.19691506056144306,0.19633994587069334
KRT79,0.14199654873099998,1.8253795774464416,-0.11520540052238114,0.1409032687947489
CCNG2,0.274496831199,1.8263294728769197,0.001153565645045281,0.1496681018476757
ZNF766,0.09963951256,1.8269129632275152,-0.16971165023045534,0.14743513687406662
STAMBPL1,0.308645117326,1.828214091128227,0.056648745770708,0.13783745173946232
SMNDC1,-0.13417029732799998,1.8305271910915681,-0.5513560545164695,0.22790470374804758
ZKSCAN7,0.278976258284,1.8306224208577637,0.04365742956233348,0.12854580280482122
SYT16,0.372413680681,1.83084754945847,-0.13583481210640802,0.2776028473467047
FXYD4,0.345415336862,1.8310541419295934,-0.08439643783194938,0.23473460715968072
NEK9,0.19671300672699998,1.831669468886819,-0.06120414282898966,0.14080987532796327
MTMR9,0.18232174039299998,1.8327212882973565,-0.0964511804061264,0.15210873719817666
TPTEP2-CSNK1E,0.163049441737,1.8350741024750727,-0.004914907135503635,0.09153000886774011
PGAM4,0.30404735581,1.8354509966083605,-0.050380754536565694,0.1931013745403696
ZNF366,0.26713052975699997,1.8361142927214174,-0.09154919078201422,0.19534716436817942
MSN,0.24297058880199998,1.838008046940496,-0.014299329026380937,0.1399721389994055
LAMP2,0.222365985202,1.8387304969556535,-0.13122590634600628,0.19230218465046442
LNX2,0.393243858531,1.8390673017098587,0.044007519675562275,0.18989861791938661
PRDM14,0.21112863344799998,1.8392465294831604,-0.06684787963363659,0.15113608133856296
HTR6,0.38828026434199997,1.8401022395034072,0.05906787470930004,0.17890983585865602
ITGB6,0.37612637839,1.842910203799529,-0.029787409686882416,0.22025695405018092
CLEC4E,0.418020153998,1.8433598752973537,0.11568840434939377,0.16401124582351936
FRS3,0.293946825423,1.8436739732299647,-0.004093912077439349,0.16165587941684537
ARFRP1,0.164248679668,1.843921773331553,-0.18124211436355503,0.18736738132189343
LCT,0.40680420408600004,1.8444071766100705,0.02449054678573001,0.20728267713799708
ALOX12,0.331506034561,1.844537079605241,0.052301134179052064,0.15136854849331735
PIK3C2B,0.43060288451300005,1.845003740600098,0.11440681118191795,0.17137963808584883
ENPP7,0.32432129753600003,1.8465403570854249,-0.0014295255067597185,0.17641142896921252
NT5C1A,0.212382363607,1.8468589654476384,-0.06937552997952566,0.15256059009261363
LCN2,0.314680266072,1.8479480236614527,0.07459328967612681,0.12992084913739843
ATP6V1B1,0.282121481482,1.8482058315569172,0.029068600774448887,0.13691812696769867
CAPN7,0.303054925713,1.848969741063522,0.048536697489590025,0.13765407976715283
NUDT15,0.190496971914,1.8495994321437788,-0.07071161260600768,0.14122440782610632
DEFA5,0.215864091744,1.8497881590139622,-0.19919598117608273,0.22438248990702392
EPRS1,0.132810863548,1.8499571910588914,-0.2787673580366332,0.22247986254700908
RXRG,0.14014256017899998,1.8511234864120947,-0.14627462003810834,0.15472613378821692
USP29,0.325976129921,1.8516334731892137,-0.028731981363306455,0.19156497029261674
TRNT1,0.23713606758900002,1.8527661258520058,-0.19443890840761718,0.23293548493507502
CPT1B,0.25057295384399997,1.8530901350432634,-0.018599244631708377,0.14525585851733222
SLC7A4,0.284980602408,1.853275067360244,0.07197116700049358,0.11493676203765663
CCKBR,0.318197880866,1.8565122517047985,-0.016191728687365833,0.1801171035883563
CCL4L1,0.414066806024,1.8567273656480932,0.0723542069281996,0.18404026644834048
HNRNPD,0.225497560695,1.8572564824837647,-0.13822589593268386,0.19583911003033116
CRADD,0.319513070172,1.8573111640591269,-0.07988124484014344,0.21503898901855134
SERPINA9,0.23997289490200002,1.8587652168930189,-0.10895470530081272,0.18772010420232393
FBXW4P1,0.364342845664,1.8596648916124765,0.07127854855102968,0.15758984236071716
TRIM25,0.173252112341,1.8605191453856977,-0.14520733202419242,0.17116698054680524
ZNF25,0.40466136154200005,1.860589938749513,0.0033351242907388584,0.21569838086998858
MEF2C,0.38179634102399995,1.8614941728778749,0.050933985023084494,0.17774020505764002
CAMK2D,0.28013522977,1.861641942212321,0.008273474173666496,0.1460333211408317
LY75-CD302,0.394138749291,1.861839264980003,0.08470041631392687,0.16620034757962665
OLIG2,0.229831610513,1.8620325336087549,-0.021178173660744593,0.13480418824222654
LIPJ,0.40857018102799997,1.8628555704466458,0.04959759114011144,0.19270017256454283
HEY1,0.294550982134,1.8634676579573435,0.03990321252138225,0.13665263710117306
LCMT2,0.35405965397399997,1.8644085354474076,0.04915137351570905,0.16354156005036805
VEGFB,0.178419952834,1.865049616355925,-0.09078151821626841,0.1443401122894814
ADPRS,0.49916677723999997,1.8650957696429062,0.08639567088009252,0.22131362532602664
FPR3,0.403547116691,1.866166787191108,0.012430787342699048,0.20958272970713204
CLEC1B,0.361120778724,1.8674356400627534,0.13991806627626266,0.11845265652116613
ADH5,0.179943290712,1.8684098530537718,-0.13365154020273856,0.1678404930279039
IL6,0.237113558683,1.868772197300256,-0.03726620614491258,0.14682354822289126
ACSL1,0.307698710158,1.8701250186813871,0.03575882483382835,0.1454126770176652
NUDT21,-0.012195433289700002,1.8705511370337804,-0.2725810800636442,0.13920263478433942
MKRN1,0.315464213461,1.8744600788432726,0.06010366013457722,0.13623152405785324
SSX1,0.206775792922,1.874644563316752,-0.0494487929607978,0.13667902219792927
MYBBP1A,0.0223464030009,1.8766448527351018,-0.4132824319889502,0.2321317399799681
DOT1L,0.34844253865900005,1.8774167304115086,0.020066288612222465,0.1749085563836438
TXNDC12,0.362712074726,1.880014264615043,0.04238013755001718,0.17038803545545164
ST6GALNAC6,0.28740240464,1.8816398013629299,-0.015316550507024592,0.16088039534865062
ZSCAN9,0.24904050265900002,1.8844462521451375,-0.07547532818219194,0.17220752805859182
SSB,0.0054357351003599995,1.885002129146215,-0.34113023744322934,0.18385441967673613
ANKRD30A,0.30508825786800003,1.8877779184339374,-0.01854244731887539,0.17143473394124292
MMP23B,0.291618559665,1.8879028626731487,-0.008743337943500644,0.15909817371811574
INSRR,0.29190840801199996,1.889473194297249,0.004685912789285799,0.15201194496413098
ZNF529,0.277555910586,1.8909091157503737,0.004922218471990974,0.14418127758922944
FOXL1,0.234021475514,1.892977277001882,-0.023649849793228622,0.1361196082159693
REG3A,0.350322666663,1.8943255616073393,0.09960135330138468,0.13235386696090282
CAND2,0.346746165991,1.8945858103443582,0.0262077745678734,0.16918652597997969
SLC25A43,0.378638848447,1.8974393493118018,0.06812440334770811,0.16364920713376954
SMAD6,0.267991874981,1.899680574840765,-0.09746362835744889,0.19237734394851203
ARHGAP10,0.21697583104499998,1.9004838693430461,-0.16892901987452333,0.20305610436615903
NDUFS2,0.0247067988645,1.9017039807381444,-0.2512633321975857,0.14511729157498432
FOXP3,0.337628691861,1.9029168874825015,0.03254250066518225,0.16032554716535047
PDILT,0.34139312245399994,1.9034719670396516,-0.015537379037539831,0.1875155020258328
GTF3C3,-0.0338257134478,1.9036577718666745,-0.46124737351418127,0.22452652277266377
CERT1,0.18522338407400002,1.90520349632121,-0.18248783535474822,0.19300364509028464
NKX2-8,0.18998358522,1.90701133839105,-0.1627639793033239,0.18497402580780556
ZNF624,0.25037467321999995,1.9082355183967759,-0.01630695271526594,0.13975299346661427
SKIL,0.249066277408,1.908974149278774,-0.00026254071777455834,0.1306087975156568
PPFIA3,0.32755605879099997,1.909034017315038,0.028922010983163857,0.15643202012075727
HINT2,0.295244039185,1.909582018455516,-0.01991189805062272,0.16503922543768146
LSM6,-0.128232713971,1.9105934510632845,-0.6341394454286645,0.2647903619559237
RXFP3,0.17455052150800002,1.911428387879099,-0.07338864446078011,0.12971407536951507
SLC25A16,0.19548191817899999,1.913946588916815,-0.24134810269550114,0.228235220044318
NRGN,0.436839701309,1.916144227271504,0.1264719886349601,0.16197513123319973
ADI1,0.296247844459,1.9161868687257166,-0.06740699070907528,0.1897804651014592
PCDHA5,0.340918191294,1.9171675958341352,0.08279445514942037,0.13463806539681955
HBQ1,0.348260009308,1.9181491177427727,0.03605651125314892,0.1627628921896562
TNFSF12,0.27054585743799997,1.91880435428541,-0.07388260937326224,0.17950160788515213
ANXA1,0.301422315847,1.9202117315727092,0.055014872171481995,0.12832305918353243
DYSF,0.472286828191,1.92089101533824,0.10808611398874442,0.18959988426939742
AKAP7,0.21882117938,1.9211589054081724,-0.04509633228769131,0.1373741187804655
ZBTB22,0.311469229676,1.9228502690779883,-0.0545856692173362,0.19037098456389975
CUL7,0.321912415198,1.925496058767057,-0.11358823389081575,0.22617581952760663
NMT1,0.204299632904,1.9256201727297573,-0.18074570471823503,0.1999591316476474
RAPH1,0.419776187553,1.9269070199534903,0.02934530902777713,0.2026205076229608
ETS2,0.270631108668,1.9288120277416383,0.021071415379540576,0.12938518098140334
FBXO21,0.47399198124200004,1.9323759778079699,0.011653088325358267,0.23925928402458477
POU5F1,0.27131600753699997,1.9335629735686206,0.037221249169452145,0.12106911518661226
ZFYVE19,0.273811803499,1.933799631981994,-0.04327426131350493,0.16397048565342645
CHM,0.310048246405,1.9352191434867798,-0.06692476104738308,0.19479603057934422
NME5,0.253073727737,1.935476346612824,-0.18416399579745704,0.22590703539190438
KSR1,0.235277902962,1.9356373901990593,-0.03926717195339231,0.14183703843784415
CYP2C8,0.31259339455699997,1.9367556717021348,0.019143349406239674,0.1515162957508518
PTPN13,0.244962175881,1.9385129108513124,-0.04335749278530687,0.14873239535953833
FRRS1,0.33981058746200005,1.9387556668007937,-0.012949329729090795,0.18195171430404736
ADPRM,0.319715092463,1.9390360326113532,-0.05417633374233178,0.19282335135453976
IGSF8,0.122844630329,1.939067727785591,-0.12781247668359835,0.1292668138512356
POLRMT,0.12635007942600002,1.9397608601654288,-0.24672195599706517,0.19232888088650704
CYP4F12,0.304930404433,1.9404014501756428,0.0454923688028688,0.1337032785698275
IL1RAPL2,0.178282821406,1.9407564874491123,-0.09349222473089194,0.14003562419832852
ZNF420,0.330340933752,1.9412707241654217,0.0010444159096466656,0.16962936376837515
ZNF526,0.187815539165,1.9417895979068338,-0.19114519170192684,0.19516055255184717
NPAS1,0.208363926241,1.9421527533246408,-0.01935626527882496,0.11725143201532737
FADS2,0.311798376921,1.9431218720581072,0.04537942538220905,0.1371087194117199
P3H2,0.357229308968,1.944865825309499,0.0370913221441438,0.16460672127492937
PADI1,0.302947344175,1.9450307670991618,-0.11987867050074172,0.21738782842306845
ABCC6,0.25745513648400004,1.9471508634767425,0.033151280910537755,0.1151959305161161
ZNF331,0.318103153357,1.9472334533158082,0.04634292988634732,0.1395622199320226
LCTL,0.25503265613000003,1.9482488546889574,-0.039805158897443516,0.15133478165165667
NRG2,0.5169095614810001,1.9491168086647088,0.04925375482260054,0.2399321603402409
DHX33,0.24381618069400002,1.9495853560710785,-0.0019148607484722878,0.1260427201493164
LAIR2,0.24598208275699998,1.9534853784963888,-0.016693036166731057,0.1344648502697849
F5,0.40900729873899994,1.9555018611185397,0.09764434017359919,0.15922406659705365
SLC6A11,0.177753230244,1.9555716043420515,-0.07719616820461432,0.1303707815569308
CD164,0.351877474724,1.9584991260000033,0.03656115596029287,0.16099895811937504
OR52A1,0.250633855119,1.9594851054980762,-0.08246532545003647,0.16999321895042774
PLCD4,0.441404809366,1.9601491437384082,0.04722131258326804,0.20109872661574252
MADD,0.372112941731,1.9602379570252242,0.06418121421833023,0.15708895259837444
BAZ1A,0.21159289055599997,1.960615911182978,-0.0293164332769346,0.12287430825121529
PDCD6IP,0.145797501209,1.9656761630826178,-0.1781833283729708,0.1648190254664821
LRPAP1,0.346452406211,1.9659414175930834,0.03420970224427671,0.15882604698821814
ZNF148,0.19619169049000001,1.9674720873616314,-0.13325090701974943,0.16744461058735022
NETO1,0.395190012529,1.967686427945636,0.047946982919183874,0.17647274722139308
YES1,0.280658424184,1.9683161736977235,0.004555917888669669,0.1402734530076222
RAMP1,0.303141680486,1.969483348199856,-0.006472976733614955,0.15720602944046644
DKC1,-0.13566780693299998,1.9701192139390793,-0.6506649289023488,0.2614040400832687
PSMD12,-0.520935340558,1.972079746728811,-1.049814261641183,0.26818333384360415
EIF1,0.312971970131,1.9721110282970014,-0.03883266138526024,0.17838987078737548
CYP3A5,0.290387238222,1.9721293371553368,0.03309645664798258,0.1304634420910456
MYOG,0.37682049089599995,1.973552351390829,0.04813730266842888,0.1665439419410065
KIR2DL1,0.21615768654399997,1.9739226289122445,0.035450827585885865,0.09154708310816365
FBP1,0.33807088383699996,1.9740077866214363,0.09970227503775511,0.12075363147742121
ZNF799,0.43964811904299994,1.9751944311491278,0.11144838029751389,0.1661607250252048
GCGR,0.268946375595,1.975801078280161,-0.05811754718739309,0.1655348437541528
TRIM54,0.317197290359,1.9765221562429525,-0.11006659924831462,0.21616954217172749
RNF128,0.357491903785,1.9780349400358852,-0.010367257245975871,0.18597202384316944
INPP5J,0.34044232850699996,1.9781060458388606,0.05918841429387651,0.14218343592082364
ACSS2,0.388985538016,1.9788615878539926,0.11500942607050033,0.13845137710850072
RNASE11,0.211171221908,1.9789695869935184,-0.1517064959229623,0.18336700079471752
GSK3B,0.462817326479,1.979323418972426,0.08100029137472917,0.1929028027680755
ARL1,0.364352529192,1.979695575050671,0.08632668859459461,0.14043868365482873
BLVRA,0.545990252268,1.9800640703032673,0.1466756835335893,0.201667498907372
PURA,0.284697629646,1.980171897041477,-0.002923817768761691,0.14525074709144664
MYOC,0.273728937926,1.9801986066551323,-0.044023749726993286,0.16046505970920144
PAK1IP1,0.0352181648124,1.9805685491154028,-0.5004747640714138,0.270474318661212
PRPSAP2,0.250579233008,1.9814824546677852,-0.05977306009752657,0.15662631398750396
CBR4,0.244348468052,1.9820401318959542,-0.2098635067132109,0.2291638637663339
GZMA,0.204577402461,1.9828120706879837,-0.23802463043749475,0.22321935570269325
SIRT5,0.39237286535099997,1.9837021859322552,0.09825069759367007,0.14826931675689264
EPHA4,0.286480892554,1.9881225823528064,0.004529675689904984,0.14181782318996908
DLGAP5,0.24466501615400002,1.9887762998568204,-0.04620172049883915,0.14625412454572181
BFSP2,0.279651261289,1.9892165107897495,-0.00506120121596393,0.14312794055380562
NDUFS5,0.21479274049000002,1.9892731963000923,-0.14916660234840787,0.1829609645951831
NTF4,0.453926379417,1.9895656563743451,0.0670122304730442,0.1944716665691963
HTR2B,0.245090970042,1.9912121152788371,-0.07885574619985476,0.1626882006975391
RAD54L,0.317826891737,1.9931286832173318,0.030633744151835274,0.1440916233875949
ASCC3,0.332920680418,1.9933141739205518,-0.0073411942027956124,0.1707015778408635
ELF4,0.36353374732,1.9958361000893123,0.10291580203232456,0.13058083540828477
CWC27,0.27144249286999994,1.9959361059410523,-0.1406866215055278,0.20648412198606697
ZNF444,0.26535817644799997,1.9968330363454605,-0.10842572951799131,0.1871883623530581
POLR2G,-0.0042536309835599995,1.9970201480866507,-0.5801312110200695,0.28836843763857817
FYCO1,0.268628950024,1.9984398954748062,-0.020368794117991713,0.1446116767366322
RALB,0.34548725222099996,1.9988136998688697,0.03620967010088467,0.15473056950750597
TLK2,0.311412958038,1.998997975895729,-0.10129888714901072,0.20645936122175368
TRIM7,0.253996227117,1.9994406521826025,-0.13818831219432046,0.1961471268893174
STK32B,0.18248067514400002,2.00170859904596,-0.15983014479197738,0.17100931679022965
IGFBP3,0.37365636791999995,2.0022268922823794,0.06816847599315513,0.152574062961772
RAB43,0.308825699452,2.0034539636706223,-0.02914395967517456,0.16869349895515665
NPAS4,0.22964143394499997,2.003500730927259,-0.031486149998546216,0.13033565693918728
FAT3,0.30522098128499997,2.0052331884209327,-0.0057011491107486776,0.15505534827128584
POLR1D,0.290604719806,2.0067360461080828,-0.0652614047752491,0.17733579125736307
NUCKS1,0.422303023582,2.006880269964506,0.13093904846934598,0.14518254002158637
PNPLA2,0.282622409763,2.006935780674294,-0.012776176097843059,0.14718885811164048
EVX1,0.3681104965,2.008200504849599,-0.013587968505591557,0.19006989794287413
CHST4,0.290684462102,2.009491922400272,-0.009009429790179503,0.14913913738663107
ST3GAL6,0.347043904472,2.0097582265788283,0.042701529419880806,0.1514323320224419
CORT,0.376890685229,2.010571429641235,0.035039103042543415,0.1700270764553022
LGALS3,0.4244786346,2.0111209322752512,0.1251198364753689,0.14885171414627765
RPA2,-0.36655775181,2.0135726453727667,-1.0803342670774898,0.3544826241594827
RORC,0.22326020960499998,2.0143578861880562,-0.07921031845141434,0.15015729336399378
APLP2,0.301418575251,2.017283637995172,-0.062281565997242244,0.1802920196238228
ZNF92,0.334529989557,2.019357776068299,0.002733762340335171,0.1643077968395843
PLA1A,0.322137731666,2.020681272345554,0.043207439532225306,0.13803774793735765
CPB1,0.300843361646,2.0210471958163514,0.008737270609527987,0.1445320483564873
ARL4D,0.418173687008,2.023768116851561,0.016459783850323373,0.19849798986982534
RGS2,0.290810708407,2.0246013360355017,-0.024720829126892524,0.15584872533560337
ECD,0.18241329930199998,2.0270429088175015,-0.3074430656598888,0.24166057996653462
SLC45A3,0.266444114828,2.027451179342674,-0.04945334506465751,0.15581014384527647
GGT3P,0.24552126754599998,2.0274910808745976,-0.10458343135296869,0.17267878621095792
CD96,0.34716494208099996,2.0286431818033446,0.04218221079838953,0.15033828226583382
GLUD1,0.168342915025,2.0302697214333443,-0.12023860006627118,0.142139496070274
MRC2,0.283077478257,2.030547810420708,0.02031656223869619,0.1294039542776698
ST8SIA1,0.38775729901,2.032621232738864,0.028499546665755444,0.17674603932979743
NKX6-3,0.269238956688,2.0340237566525006,-0.05303277533497042,0.15844049557874876
PNMA1,0.316929828359,2.0368736010650244,-0.029177106964453407,0.16992067408723044
CYP4F3,0.332056113968,2.038625969550634,0.013300605571345879,0.15635801424962525
DUSP16,0.293756666332,2.0390303202967375,-0.009485988442844547,0.14871905128449195
SLC7A13,0.345332712931,2.039771121391698,-0.00036571791733292007,0.16947902988864225
SLC24A2,0.24861146845899998,2.0410806538903623,0.007859878365466956,0.11795300182511315
NOS3,0.21051701957000002,2.042281662995016,-0.08084480916606408,0.14266486058968994
PHF20,0.25708517788699997,2.04276902914113,-0.07437148061646438,0.16225850978503592
MAP3K10,0.40135484473899996,2.0449665536760357,0.04279260765078798,0.1753389249538873
STAM2,0.382764674071,2.0463057500072077,0.007045232714724825,0.18360865249728772
FAM110B,0.382586938406,2.0473761341450736,-0.013603860237727503,0.19351148625612247
ELAC2,0.13448490676,2.048996746862878,-0.18487152177924665,0.15585990023078278
RASL10B,0.296495265455,2.049393673392609,0.02487078846954696,0.13253894579258663
RBM26,0.28814961047800003,2.0495761277512696,-0.010069804200746435,0.14550297041464053
ADA2,0.34133026111599996,2.052599395641462,0.011090304544225498,0.1608886552695152
C9,0.273019252431,2.0559402751088864,-0.09478073311446532,0.17889624032292767
PRKACA,0.191654405667,2.0564069738058244,-0.15491782418033387,0.16853289949991138
CD1B,0.192278156398,2.057330022923551,-0.08228063902492098,0.13345393901983776
NDUFA10,0.217421618427,2.057372063656598,-0.27878136217842486,0.24118290967921274
HTR2C,0.305774773683,2.0579205930615387,0.009061046798210055,0.14418132938908648
OAS2,0.414712110132,2.058150440683965,0.03791712564943555,0.18307455909653905
USP17L3,0.262392134033,2.058852985795671,-0.13278266413945133,0.1919392986768945
ADAMTS15,0.275551805973,2.061147940409838,-0.08028997305448518,0.1726425221843754
JUND,0.346645566946,2.0613933496384163,-0.0086671659048205,0.17236532412076766
MYO9B,0.28797786781999996,2.061838179568422,-0.09330075793422467,0.18492170216482884
SYT17,0.24739680538400002,2.0633232194370072,-0.05395745198494782,0.1460528600318735
RBP3,0.514572867352,2.0643859680816434,0.1795975307453465,0.16226390887452774
KDM4C,0.13729924123099999,2.065437973754225,-0.11254882314842295,0.12096614255875658
ADORA2A,0.280171187979,2.0663447540951703,-0.07383880622713344,0.1713218442878621
DNASE2,0.342696556247,2.0664445447798223,0.05564519759736459,0.13891074859704036
PRDX5,0.21995389367499998,2.0665246686456764,-0.075312647920538,0.14288072437530822
PTPN23,-0.0019712784259100003,2.0669531474186438,-0.4365406742667761,0.21024636982390574
TRIM2,0.186342524016,2.067387133162538,-0.1925608647660424,0.18327645688808347
MFN2,0.31366400293200003,2.0682146873146263,-0.009201274956257248,0.15610820282272828
FZD9,0.294388625658,2.068934632834709,-0.06486294474625441,0.17364085104614113
ZNF711,0.399782077128,2.0696822233762147,-0.017271828095120314,0.20150625082085882
DNAJC27,0.284262971314,2.0710667070676894,0.019579872357587128,0.12780037362058863
CREB3,0.179834974433,2.072399718974467,-0.1340238337337358,0.1514470424277271
RNF44,0.496688123116,2.0738763347428946,0.09118126717176997,0.19553087575711314
NDUFAF1,0.17620450901299997,2.0755135798594218,-0.12159476482532607,0.14348220928455527
CKB,0.302833256704,2.076444386820917,-0.16974806896609668,0.22759161221439178
DAW1,0.324733361028,2.078233375410016,-0.01870112776351277,0.16525309084873896
UBL7,0.21021148979899998,2.0791374343875684,-0.1600092359463365,0.17806457602182937
RAP1B,0.283452720476,2.0801269539266736,-0.09375607045765239,0.18133931211342275
MPC1,0.37783287964199996,2.080458454534352,-0.040869247849985635,0.2012547410304809
GBX2,0.247097395187,2.081082277643482,-0.02009628364776236,0.12839169393019853
PRRG2,0.40826871264200004,2.081247767904347,-0.01712995449782341,0.2043959751933651
NDN,0.273937416271,2.0816609519074882,-0.05231851644575198,0.15672866055242757
ACTR3B,0.358288160824,2.0856904722552114,0.036687425496968934,0.15419389387117025
ANGPT2,0.329009191634,2.0866450679266153,0.04520001165030932,0.13601219696922215
PDE6G,0.288908591679,2.086685318438442,-0.03303817170445607,0.15428620719121316
ZNF696,0.479311070035,2.0870884187937158,0.04966776106110759,0.20585774186903655
SH3BP1,0.310822754255,2.0895937059906076,0.0012663425623617437,0.14814191428945167
RGS7,0.36487844357199994,2.0896088836823457,0.06923291547164577,0.1414836673068514
CEP250,0.364538941041,2.090097926524234,0.07533729521551315,0.13836751003644118
PEBP1,0.259508643256,2.0919787570343,-0.03674761743468981,0.1416153293595956
RBMX2,-0.045913345048199994,2.0933123382908403,-0.5850801264381953,0.2575663323277487
REXO1,0.535878046738,2.0960966154582956,0.1367052793082978,0.19043624443925075
GGT2P,0.508557911093,2.096900555002883,0.08406708214644579,0.2024372724466042
SLC16A13,0.309432782505,2.098890659728899,-0.05005237198398822,0.17127388357401177
KLRC3,0.631910856942,2.100129331288288,0.11578158253995181,0.24576070945375425
SULT1C4,0.298996212486,2.1003459525971984,-0.016763603039015612,0.15033705049140142
SLC38A7,0.329635481005,2.1003995656519714,-0.13883719516910698,0.22303978911207373
PRR5,0.23246652234499998,2.101649698927909,-0.032371632393370334,0.1260144137595667
ATP8A1,0.325559290728,2.102962680816303,0.04415006779400217,0.13381560476611204
ZNF781,0.224099988486,2.103193999827867,-0.07002531437233848,0.13984696746111427
CYBB,0.357125763706,2.1050094548180733,0.018114658650732984,0.16104968283126608
DSC3,0.41018164533600004,2.106216468130256,-0.08850169441314203,0.23676737281986804
CACNG7,0.45316152963100004,2.1067003061222858,0.07503617197893178,0.17948701889547242
DNASE1L1,0.39406156251100005,2.108130451623864,-0.04047958422946146,0.20612630798333206
RPEL1,0.418441718038,2.1082080788723916,0.10485980237804393,0.14874334217886137
BAG6,0.305508581057,2.108370568216749,-0.07444814172640277,0.1802134446909722
HSD3BP4,0.35516113510700004,2.1085228504263047,0.02058797607649346,0.1586765630559147
RPS6KC1,0.250708164904,2.1095700140323803,-0.055826636179664865,0.14530676822511937
ATP9B,0.205663997301,2.110128483673917,-0.09230647502510314,0.1412096346888369
FMC1-LUC7L2,0.343735685635,2.112529464064434,0.024566591003774774,0.1510838547156426
GTF3C4,0.190987366488,2.113367269912739,-0.1409261356440368,0.15705434017899858
CLP1,0.0965913691897,2.113391491628508,-0.43722438793317037,0.25258725571547086
ASL,0.219463395449,2.113975394586481,-0.10800754270988651,0.15490763941599411
CBX4,0.322359898105,2.1148965030766016,-0.019238090171199883,0.16151995512748132
SFSWAP,0.322145444032,2.1155296320211345,-0.11494286715606802,0.2066094015286766
PIP5K1A,0.37752308799999995,2.1158886476066763,0.020910336773286995,0.16854041521990523
GTPBP4,0.136359790875,2.1171976854038053,-0.3667698981553416,0.23763944788858085
KLK13,0.055948567406,2.117601173708203,-0.29266951593701324,0.16462877319459374
NOTCH1,0.32308138453699997,2.1194199532541966,-0.04396858111700105,0.1731841606428333
LHX2,0.32624855593400004,2.120258200711283,-0.01919062670240965,0.16292316781065874
FANCF,0.219798875589,2.1211541603233153,-0.05661904045647497,0.13031486405652956
FLT1,0.266413139281,2.1214447093126156,-0.04692199719999532,0.14769894077631712
CNTNAP1,0.482075793069,2.123087287102692,0.06902330734463608,0.1945527573141108
MCPH1,0.17531888388,2.1256042086066023,-0.20653885775952777,0.1796466812087501
SLC5A4,0.294246267812,2.1259817889492676,-0.0962856892114788,0.18369487408285512
MTRR,0.333320162034,2.1287497854777344,0.04968687831160361,0.13323937160550006
P2RY8,0.313234956075,2.1296407086069133,-0.07490843248238621,0.18225768646735108
PCDHB10,0.37786930537,2.131629510094555,0.1118656016262199,0.12478890092489887
HIVEP3,0.260977415105,2.1326189574574284,-0.10470353315911397,0.17147036369783078
GSDME,0.32884561048,2.1334557486228825,0.03713849501863834,0.13672986451659694
GCHFR,0.34590237321999995,2.1343084315194054,-0.04689511354849676,0.1840397015575044
NHP2,-0.157281129553,2.1343683422336364,-0.6267255702557204,0.21994537278951695
ZNF669,0.538267263509,2.1389044887872264,0.11667431156010744,0.19710695552747132
DDX59,0.309788210984,2.1392033822026137,-0.05527727263768568,0.17065487398668888
ZNF276,0.222414827265,2.1397417311975677,-0.15994678224137895,0.17869521537647415
SUPT20H,0.297919770506,2.139951511069003,-0.05550852336049273,0.16515715054213506
ARL5B,0.217857508458,2.141434621441724,-0.22950603932048602,0.20890833803616093
RAB8B,0.383297677837,2.1445413443100105,-0.057700450480501236,0.20563750355644875
MS4A10,0.481921499105,2.1449552918151746,0.08616746153828242,0.1845045624385996
CTCFL,0.319736823532,2.1457788655392265,-0.11195244572563647,0.2011806883693742
TNFRSF1A,0.224966916162,2.1481315193606716,-0.047291406593121824,0.1267419244591465
MYLK,0.283659574117,2.1482437321391603,-0.0766352337444371,0.16771598234929597
OR2T8,0.353143435123,2.1484484673345245,-0.02103072279122309,0.174160173540696
ABHD12,0.463106529978,2.148623940462649,-0.2831151392109221,0.34730212911443364
GALNT10,0.383537105017,2.1503335686281293,0.020902279594574948,0.1686411962836905
NKX2-1,0.291649327768,2.151422869798804,-0.002958002351206534,0.1369360409126624
MRPL45,0.124742628589,2.152843956137565,-0.2767518743254944,0.18649493929639888
FNTB,0.309587071074,2.153666345952303,-0.05931385920919679,0.17128973156706737
FAM3C,0.434207000906,2.15367170183665,0.11507116165070753,0.14818221318650082
OR2T1,0.28065014911999997,2.154842859143612,-0.06325277668906099,0.15959536183800263
RDX,0.380962883345,2.157109391973909,-0.03566816226442027,0.19314321617605731
IFNA14,0.506167906795,2.1576649760298583,0.14880187488665703,0.1656262839126688
PIP5K1B,0.267694612066,2.1577121573545615,-0.03648992977080606,0.14097549610590693
ZNF721,0.257684630117,2.1577548968296894,-0.07790890609378824,0.15552903469428506
OR2T33,0.34626454706200005,2.157879988496737,0.020916275812374683,0.1507721805586953
GRPR,0.219421551138,2.1601841428437716,-0.08466106279954101,0.14076698736304574
BAZ2B,0.29395021235,2.1630271389324958,-0.05118164449260153,0.159559651670821
FCRLA,0.404039193961,2.16354064841815,0.011954610260232717,0.18122358088692989
PTK6,0.24119163745799999,2.164999049871731,-0.13095641626393464,0.17189294089712562
FSTL4,0.38362215499700003,2.1661560163686198,-0.17001537770720299,0.25558525264137266
CYP26B1,0.240852219898,2.1681589391047535,-0.10701446523525752,0.16044335074295515
ITGA4,0.332066998293,2.168863014376733,-0.041800525188274276,0.17237950068908003
DSCAM,0.343542183379,2.1689739919654656,0.06133746336074817,0.13010977589571074
SOX9,0.305560320971,2.169057836303521,-0.07123912907717359,0.17371572290128978
IP6K2,0.27985590693100004,2.170494380568624,-0.16510762444162938,0.20500561317097646
GAMT,0.256562144825,2.1709772391031064,-0.12475589254811498,0.17564349846921865
SDS,0.34544940514600003,2.171075225535292,-0.02297932279986537,0.16969873895319634
GPR27,0.322936924251,2.173155332482973,0.012658665802703261,0.14277776365566258
SLC6A16,0.45530145268600003,2.1733001210376868,0.002832173099415115,0.20819456788625407
RNF17,0.251448146115,2.17331796755677,-0.1502626502981887,0.18483756284626374
PMS1,0.344841268763,2.173348120510496,0.012269430738145409,0.1530228106975964
CASD1,0.35402234710600006,2.1785186157115874,0.001041828750641397,0.1620277723631302
HMGN2,0.389432251385,2.1787007581988633,0.09525997227810162,0.1350218831107817
FGD2,0.306519640398,2.180570191449075,0.007555030626463141,0.1371038689531306
SYNPO,0.260218479769,2.180575155864131,-0.02704889756830361,0.13173926913950534
SPINK7,0.35711098491300003,2.1807811853870414,0.08745842367733316,0.12364952662034702
CPA2,0.363108617286,2.1819136868238105,0.07935634130208001,0.13004743390971404
NXF5,0.375686331682,2.1832274615262057,-0.009805525753886027,0.17656971810275982
SSR1,0.193839188448,2.1853616475898776,-0.18854886882118946,0.17497701476133504
PKDCC,0.287776216368,2.1902536365675545,-0.17234906388257618,0.2100785372837729
DES,0.315460266684,2.1917587179954383,-0.0474789759763827,0.16559269945202887
GTF3C5,0.247773018207,2.191774431175167,-0.1067807287506624,0.16176561872179557
TGFBRAP1,0.23720357532400002,2.1918025505868637,-0.09026641171016882,0.14940670041034831
ZNF521,0.21488065925799998,2.1952550820617636,-0.15990377608026307,0.17072477745331943
KRT80,0.413823169438,2.1966467622320294,0.1429890873884476,0.12329432601824238
KRT13,0.510632588249,2.199119626119232,0.175101149489908,0.15257534641314696
ZNF16,0.40604893794200003,2.199623864934696,0.10323751903520974,0.13766509071576216
INSR,0.273730389862,2.2036588713468537,-0.030281198534172184,0.13795764505527272
MAPKAPK3,0.352689759235,2.203924762232835,0.04028468192917869,0.14174942931777684
HCAR3,0.314902108974,2.204787242596686,-0.031116488116482766,0.1569396767204439
CYP2C18,0.434811361384,2.213820214807047,0.012236272990029228,0.19088049046060487
ZNF362,0.341486953686,2.214050403765814,0.04872670534937281,0.13222835751104844
SMARCC2,0.234498124514,2.2140520406901376,-0.07040837822559994,0.1377142439003187
MYBL1,0.27712582593,2.214563582035993,-0.08339847633509176,0.16279699765207836
SRP68,0.305205528713,2.216336384217848,-0.08001451961819096,0.17380937797812507
SON,-0.32873621423099997,2.2172253425744772,-0.7746292168710295,0.20110405292512656
EPHB4,0.168624890094,2.2183773674874234,-0.22601437068848243,0.17789545934173429
ADAMTS19,0.319872225734,2.2192089573710625,-0.0856940521998581,0.18275263200735425
HPCA,0.425110459213,2.2193298552379073,0.04465202708300612,0.17142942101736813
ZRANB1,0.42615535437299995,2.2205036343036553,0.029221753042651906,0.17875836598431216
RASA2,0.35268594637199996,2.220887760744429,0.01114110727338449,0.15378752818383384
PTPRJ,0.329250269398,2.221586533239005,0.053177386687759155,0.12426834542777637
SPECC1L-ADORA2A,0.333422767974,2.221742988228355,-0.018509705878002814,0.15840377384633408
TBCC,0.364769795489,2.222355531236878,0.00807673345914122,0.16050224953490547
KERA,0.366481549997,2.222706141597328,-0.011169148866526495,0.16990581516643094
HMBS,0.348668793037,2.2235000687638045,0.027131113430994856,0.14460880128722906
MYLK4,0.444379546707,2.2239630567182607,0.02515416773343143,0.18850375131329236
RHOBTB3,0.290186607582,2.2247135388721806,-0.019065477896348795,0.13900759809063967
ZNF337,0.425445893029,2.2249683213638063,0.02281089033431322,0.18096212823735372
LRAT,0.446112684771,2.2258381810290557,0.04540141154912707,0.18002713613107985
HPS6,0.289580000853,2.2262722667756676,-0.03514751016561032,0.14586154436937598
ANAPC5,-0.224697914806,2.2273032425292656,-0.8992762678872852,0.30286776411965
CERK,0.28740408418200003,2.227783211453142,0.009385611250371462,0.12479601762968769
ETFRF1,0.447167765514,2.2279489408446316,0.1180992591597472,0.14770020098822395
CTBP1,0.43345276998300003,2.232407502808694,-0.011082514783322497,0.19912819868551435
EN1,0.346553903958,2.2344059910317653,-0.04615795466856204,0.1757567157458356
COL16A1,0.403363226753,2.235554925122518,0.03770610063452377,0.16356436695396184
MRPL19,0.323224135087,2.238205714271885,-0.10533200384469281,0.19147307872507474
VPREB1,0.286994049163,2.2384033535000962,0.003951749800695854,0.12644830026711804
ADORA3,0.367192345506,2.2407270368335377,0.08305390091413618,0.12680636236415097
SEC23B,0.495388799654,2.2430741238693788,0.1368628787663268,0.15983685829748856
FKBP3,0.294516693746,2.243308492039988,0.018737690082508505,0.12293405237935308
NPY5R,0.305517333244,2.2442296543835814,0.016419066467828675,0.12881848620593933
TFPI,0.40825985697899997,2.244234424709738,-0.016631827853206108,0.18932589223033605
MMP15,0.51079424891,2.2452645450674185,0.14412918822114507,0.16330595051455066
ZNF248,0.358111588449,2.247900921027375,0.05279278207085664,0.13582396071024394
FRZB,0.38560690539399994,2.2481135674786747,0.039928342615600285,0.1537638346118289
HARS1,0.360410091655,2.249478760679139,0.04455258315721565,0.140413643382178
ELP3,0.205346113976,2.250862758965884,-0.2316978557088021,0.19416731115387664
IL11,0.475849792859,2.253508693773553,0.06325788382943695,0.18308866975732327
WNT4,0.27982320424199997,2.25444257385779,0.026842968461379946,0.11221409616467702
DDB2,0.32296196718000003,2.2556265234789095,0.012858052010145747,0.13748016878768266
CLEC3A,0.365630320809,2.2561231909802224,0.08987936157211285,0.12222336100232233
USP30,0.372183378212,2.2561469039304995,0.0342585091931205,0.149779639096271
ZNF250,0.509763768362,2.259023586497347,-0.14673506534672043,0.290611765911941
ZNF488,0.335676368525,2.259099012621347,0.06128901397954425,0.12145875546511359
ULBP3,0.301982813625,2.2604235627561047,-0.0488277725917491,0.1551968365561587
MCM4,0.121455388277,2.2604634292848247,-0.328480121088953,0.19904569281543547
IDE,0.442853209327,2.2615834522442686,0.09625498450108103,0.15325466963510645
HMGCS2,0.37119291318899994,2.2620106816606063,0.026115136156796143,0.15255355769534756
CDCA7L,0.34460317988600003,2.2620744627372935,0.001812369337581656,0.15153825225258663
NAT8B,0.211964554825,2.262796209956843,-0.0869422410670092,0.13209620670953398
FOXD1,0.32552971246199996,2.263411326571865,0.009968275302786074,0.13941851110074602
PARP1,0.251719455887,2.2637972603189307,-0.039565386800344854,0.1286709052056666
AARS2,0.31887972242,2.2639122901389235,-0.09932470645674563,0.18472642721113672
ADCK5,0.362866853403,2.265947329104442,0.011845935595238529,0.15491133147675304
UCP1,0.490853353438,2.2681622679528846,0.029227110123185927,0.20352434648842474
GRIA1,0.30658517512,2.2748143448560416,0.00010696655457645883,0.13472669066750526
UTRN,0.449131583877,2.2754326607625353,0.07340319388199498,0.1651239329003444
NEK4,0.25725172718,2.2755014651415157,-0.058535234835973546,0.1387768660462429
FKBP7,0.328274811421,2.277861813815325,0.013215466305532499,0.13831363395471125
SIRPA,0.429732748223,2.2782181163858444,0.03999190228484997,0.17107266557797077
PEPD,0.42290780334,2.283989627718023,0.10867751539246784,0.13757955996564028
OR7E91P,0.588085179142,2.284858419118304,0.2608808156765291,0.14320553112946693
SSR4,0.41647539128100003,2.2858494358365435,0.031595335318371186,0.16837506877253086
RAB35,0.52375255077,2.2875197822656403,-0.20381125101355443,0.3180579278151421
TENM1,0.363278191036,2.2880302290674326,0.023130012073530885,0.14866419798181973
SULT1C2,0.206042719421,2.288880560498965,-0.08963590099973717,0.129180449833643
PLEK,0.42806241030599995,2.290038621928564,0.09503448570926844,0.1454245886544354
ZFAND3,0.254301322205,2.29122612661636,-0.08035215878979465,0.14605868757659665
BRAP,0.325239414437,2.291327199236943,-0.04187920005365737,0.16022094732385453
SEMA4D,0.36090478294100004,2.2914763874447437,-0.017185291853924405,0.1649984598866139
SAP30L,0.216086077086,2.2957636740356127,-0.08882322568429182,0.13281388943414477
TMEM11,0.35021653740099995,2.297668011379306,-0.03285263509081227,0.1667208537502566
ANXA7,0.442030732978,2.297770979342005,-0.048372016982398694,0.21342542593206199
RHOBTB1,0.5273898032559999,2.298320378786018,0.037051374987199286,0.21334642149751087
HM13,0.228015355902,2.298840345390525,-0.12332311724569715,0.1528329158882985
MLX,0.296883804394,2.299870920909274,-0.04749696131692697,0.14973917126391295
ALDH1A2,0.254323364413,2.300112288864177,-0.1614962422522176,0.18078230731533299
SPHK1,0.557225841108,2.3008457924266636,0.059681396307531734,0.2162441509283925
KCND2,0.282381893266,2.301697253665951,-0.04323446876138421,0.1414679369794484
ZNF281,0.304733331309,2.3041249635554286,-0.09969239795911106,0.1755224806227755
CIB2,0.326708232407,2.306073680506251,-0.00560914134971471,0.14410527146893296
DCLRE1C,0.213047098558,2.306210414394978,-0.2619545421137296,0.20596630632957388
H2BC5,0.384337083981,2.306957563045242,-0.06341225693190337,0.19408650947261596
TYW1,0.461637575619,2.3073164909335957,0.12139593782361517,0.14746205782012803
ICAM5,0.415327534647,2.308091244151433,0.021622214933484738,0.17057615062278897
PPP1R3C,0.433227451605,2.3094253195176693,0.0797468078274734,0.15306000189317753
CDK10,0.405293504775,2.3113534267422726,-0.010596485654507284,0.17993353401417353
SLC6A15,0.290482047647,2.3114684916843866,-0.0033572001199529116,0.1271223245413264
DPYSL5,0.277293325454,2.31254998391724,0.01291695593725391,0.11432244550620162
NLGN3,0.37077647529799995,2.3154517879313046,0.01894596892662774,0.15194896659269608
ZFP3,0.409518226068,2.315451887337426,0.043494315875605184,0.15807882348757907
ZNF667,0.615016274405,2.3178547621395644,0.18955885498381908,0.18355654822325873
VPS72,0.168928381804,2.317990757136728,-0.21069160487255506,0.16377113908145016
ATF7,0.33051010263700004,2.319557980863884,-0.04697111556193761,0.16273842745605804
PRMT3,0.309946612338,2.3210158182260345,-0.006283017902095094,0.13624621933072012
EIF3F,-0.377911320705,2.321841596824927,-0.9354812961836795,0.2401412638317556
OTOR,0.292292162151,2.323295766299895,-0.006700662134867318,0.1286933969505081
TNFRSF10A,0.224462013491,2.323485446896202,-0.11149392179593026,0.1445913662750557
TRIM42,0.218974415905,2.323733945036841,-0.06316133984127,0.12141482735098443
ST6GALNAC2,0.40375467429399997,2.3246146475431937,0.08005624665954761,0.13924820958026665
PGM2L1,0.458061151334,2.3246620987542315,0.0383979752650922,0.18052652740103692
VAV2,0.401872436681,2.3257605786919293,0.08216259387069551,0.1374646409176468
STYXL1,0.298347833763,2.327404761221474,-0.020385894686576117,0.1369481294187512
POLE2,0.009110045009399999,2.3284497314363017,-0.5673470549461399,0.24757120249272163
C4BPA,0.33118838944699996,2.331474817586851,0.03305744904265245,0.12787225414380513
SLC3A2,0.34122977955300005,2.3332339042633263,-0.0705496326791433,0.1764844113913023
GPR82,0.33754790014700004,2.3338868486295175,-0.02055518467902509,0.15343635233914918
FPGT-TNNI3K,0.225994971151,2.3354733161511594,-0.19210141617443896,0.1790199804185553
GMIP,0.284913348788,2.337968441374215,-0.026722116759920856,0.13329327292576595
KRT86,0.358916149304,2.340010764157241,-0.047457530003830926,0.1736631666539308
KIF5B,0.374895676637,2.340824613561282,0.03567513536303815,0.14491497539317086
NPM1,0.24711657873000004,2.343375985518311,-0.3245345240461992,0.24394339888644065
SAMD4A,0.39658540184,2.346296413431348,0.022048497201989013,0.15962898058999647
ACOX2,0.374464187099,2.3485714053656173,0.05229388184037073,0.13717713863099465
EPAS1,0.366181029425,2.3529348754032533,0.012659950761687617,0.1502468607860321
ADRB1,0.374325822834,2.3538221348735004,0.0441608637998497,0.14026759037674447
SCN2A,0.344153917652,2.354219681232898,0.028206277330594977,0.13420482499574726
CD24,0.537355271178,2.3549845695742784,0.016999155054149978,0.22095945886300106
THRB,0.30939264346900003,2.3582577785316747,-0.06643058249157417,0.15936477741401686
SIX2,0.398433189445,2.3601791421723037,-0.08159856626691464,0.2033878476148613
BBOX1,0.541711243764,2.361658598797525,0.05831834503800937,0.20468364859007038
TM9SF1,0.424858470199,2.362342562632533,0.048944165466560996,0.15912777032367817
CACNG3,0.452096370023,2.364137596138345,0.002329983516439297,0.19024543547770778
RASA3,0.327402005836,2.3645672857413604,-0.06949711974357162,0.16785275173725167
KRT12,0.482771258249,2.365513842298395,0.10393038000772858,0.16015162180288903
ELAVL2,0.39185956602,2.368735708944094,-0.07183548001400412,0.19575634558264182
URM1,0.382041654237,2.370119445418171,-0.023633645555785884,0.17116238617299337
PNPLA5,0.28147396423,2.370312259108966,-0.049913246029938976,0.13980740680323364
OR5I1,0.356074537029,2.37041363746736,-0.08570858909766398,0.1863738543955906
MCF2L,0.37810973799,2.37050314631807,0.03855373085766289,0.14324216682004612
IRX1,0.305046762825,2.374791975933011,-0.008967227791762884,0.13222799883067346
CXCL8,0.391039245792,2.3748812917576507,-0.006147738796557773,0.16724498439860946
MAB21L2,0.444430958214,2.3752281258541323,0.06659280464888859,0.15907446929091948
RXFP4,0.400308307461,2.3756210344982978,-0.09221689358517601,0.20732481902366695
ADH1B,0.272357742059,2.37897756645445,-0.11185820887408673,0.1615046549201847
PTPRO,0.275905141217,2.38043315705558,-0.1370840071524262,0.17349327669434048
CCL11,0.745707745848,2.3805380408233305,0.211514719897687,0.22440012164878387
SPTBN5,0.32720651253000005,2.382247183803182,0.026221267161645988,0.12634509441956426
ALPK1,0.34567737275399996,2.383653032982041,-0.09454625622591681,0.18468444143868548
PCDHB15,0.48952427563600004,2.3841797272596716,0.0966722739847233,0.16477449126824553
COBL,0.237387914296,2.3856073522541243,-0.07749135787059164,0.1319912398279067
CD33,0.45129648060500005,2.3868691539662157,0.048620065044250656,0.1687048554344211
HSD17B8,0.273397072999,2.3870309041887205,-0.03489792621509464,0.1291541716837867
IL18BP,0.52132537007,2.3886174621283116,-0.030339337768426084,0.23095565388142164
OAT,0.272617602272,2.3907188598056366,-0.07478148871319701,0.1453115616503064
HNF4A,0.252677399954,2.3915425352931408,-0.1205654696711104,0.15606783660210358
TAP2,0.38204807151799997,2.3929209716844424,-0.05615814029141555,0.18312606934985828
LSM2,-0.064757731131,2.394572419866366,-0.5371716206002548,0.1972852796390342
TNFSF11,0.42073770906499997,2.3962383009555737,0.044890897499802115,0.15684867878763034
ETHE1,0.360597107253,2.396946795530861,-0.08133848245234539,0.1843743843331609
CYP27B1,0.393351367416,2.397522976142392,-0.00364353285672864,0.16558544140064607
AFM,0.467823248318,2.3977024231736004,0.08475976617426773,0.15976272886971069
NME7,0.29779022641999997,2.398583133889363,-0.036344329458573195,0.1393049718217461
MAN1A1,0.376730787844,2.3987520083534783,0.0530816331673357,0.13492397444570334
TSPO2,0.633937626317,2.398910886812567,0.10855232801840896,0.21900992704096256
CD247,0.193904412503,2.399887033039244,-0.1369867244843975,0.13787779692628
SLC25A13,0.319649470088,2.400550026213286,-0.016591839851959528,0.14006844525975515
PPP1R15A,0.241245522949,2.401414410493437,-0.08687293534334886,0.13663549983650172
CEBPG,0.154510022503,2.40349532992193,-0.27378895901459205,0.17819838307383104
GPR171,0.41873715570799996,2.4041810603675318,0.04917587001568514,0.1537160789528137
PPARD,0.30284109945099996,2.405269221971874,-0.006222962725370032,0.12849458154334795
VIP,0.406819981915,2.4073219012553975,0.00016487140796464771,0.16892427651448202
ACADM,0.446836463097,2.4079912186287533,-0.03324378704054565,0.1993696016927049
TMIGD3,0.38538309413099997,2.4084011284991402,-0.009073819004110419,0.16378372708242617
SLC7A3,0.367834106174,2.409522790749102,0.0046252317674467065,0.15073892465388733
DPEP1,0.513249904459,2.409554595913478,0.008575113512917898,0.2094473359524591
ARHGEF16,0.36000610804399996,2.409591458882669,-0.0006350661293528693,0.14966901249748896
SPRY1,0.33042516958,2.4104285469970974,-0.13651829966281243,0.19371802986009637
POLE4,0.47993029430699996,2.4143713564178517,0.02767963871057478,0.18731611207789478
LXN,0.439291034033,2.4176017672047623,0.06743261193772596,0.15381293442931993
ZFAND5,0.213018896052,2.422715332080691,-0.226029467520176,0.1812216060873771
UROS,0.47839726274899996,2.4227274718571246,0.009048452685732537,0.1937274478930523
PSMC1,-0.245556056785,2.423492073971701,-1.0478136527951802,0.33103371974120516
FGF18,0.377762049077,2.4251519514278606,-0.060649549569370284,0.18077696054807865
ASPA,0.477563585023,2.4277704200777155,0.10255788882173227,0.1544650569510042
RUNX2,0.342793740315,2.428913158658175,-0.0717658982826947,0.17067701128792656
ALS2CL,0.323030658079,2.428998406293991,-0.04101275456174693,0.14987387875489835
SP110,0.24711742609700002,2.4337122206908623,-0.07347659404109165,0.13173045580840453
RET,0.247775485065,2.433953381056943,-0.12004049006393538,0.15111874286154628
PCSK7,0.366691456114,2.4343441288918943,-0.12726916793783788,0.20291322750522015
HACE1,0.31607336446199996,2.437431433845533,-0.05858633298353401,0.15371086638299145
B3GALT5,0.428790135954,2.44430124916668,0.0678321182065684,0.14767329430874804
MCM3,0.16269491147,2.4450588999758693,-0.21845859911736087,0.1558872510560472
COL5A2,0.405502238134,2.4450623485843495,-0.014458552958208458,0.1717587248175323
NLK,0.271714653081,2.4464966005371727,-0.052300541585577516,0.13244048432171707
CXCR4,0.51004727085,2.4465187805049022,-0.014307949406607496,0.21432707749269486
IL16,0.49394930930500003,2.4478607393544167,-0.0022153300453683156,0.20269316443272165
ATP1B1,0.426300645158,2.447975399918674,0.08683757566557067,0.1386709480429039
DGKQ,0.522797063494,2.4495188743577607,0.06227032562291751,0.18800701749719237
POLI,0.466788612378,2.4500945994993453,-0.052118992285928936,0.21179084463512676
HOXB5,0.226043991627,2.4510646155954716,-0.051024985419605706,0.11304025821420194
NCOA4,0.334484688412,2.45108152806097,-0.10611604160122083,0.17975768042353793
FBXO17,0.249498468203,2.4543135531320672,-0.19498092828363464,0.18110130872211222
CPXM2,0.341550926976,2.4559630486595423,0.0038242622345229086,0.13751292590733696
SPRYD7,0.36390103448,2.456009640053244,0.05398267419323211,0.12618776214577446
IKBKE,0.29920441628600003,2.4579186751363706,-0.08754632942302476,0.15734887798416156
AKR1C4,0.422527395509,2.4588607627943286,-0.05129906350441895,0.19270162271203484
ADORA1,0.374834826008,2.4597416816005686,0.00035459196684331935,0.1522437241448379
GCG,0.34889840985200005,2.460305139545808,-0.05979678873669746,0.16611565452574142
HEXIM1,0.4377584722899999,2.460558411692642,0.02098763341803328,0.16938059136960945
SLC5A7,0.40417114187299996,2.460710204926928,-0.07451651454312491,0.19453231650670533
SIRPB1,0.33520613452,2.46073983344012,-0.033089806188406304,0.14966878485220753
RIN3,0.42043405120800004,2.461530842912485,-0.11804151184280774,0.21875637455498348
DNAI1,0.39979730771,2.4624718763840514,-0.05834148094967385,0.18604833340570576
MSL2,0.386730405641,2.462598889100555,-0.09342577793730036,0.1949794526845067
CAP2,0.368887083995,2.462611686089863,0.09716083223741107,0.11034068151809841
NEFH,0.241853435553,2.463902480178535,-0.3291650077315218,0.23175367039816674
COX4I2,0.348585147889,2.4640716476948143,-0.04370292361413837,0.15920319194863156
SLC12A3,0.45501477244499994,2.4641759332404716,-0.01274925403104511,0.18982574262095
ZNF311,0.488200476879,2.4650083925833832,0.04949350493308596,0.17797382486237276
ARFGAP1,0.366137919887,2.465425607829757,-0.14506790161829558,0.20734992768867008
PPP2R5E,0.465655280893,2.4677449442158355,-0.005442555308980225,0.1909021583880416
DUSP4,0.287359750077,2.4715394763400247,-0.10247051080905359,0.15772770963922983
MTX2,0.430518923667,2.473349476866121,0.05278498669734246,0.15272161920614172
SCO2,0.475836427431,2.473525150317477,-0.0026359710901540812,0.19343745037714377
CCL16,0.504389301849,2.4743307407416593,0.1174605803445095,0.15637712256224565
ADGRA2,0.19490209999000002,2.4771126970600688,-0.17586663649846251,0.1496777828996254
MATN2,0.419424576258,2.4783447340089566,0.031910923750395497,0.15635986680544017
GARS1,0.309739235376,2.4803351132141356,-0.1412734878304154,0.1818353982909881
ZNF230,0.36663305928,2.4804960582271107,-0.020344749159790423,0.15600823357743038
KCNH3,0.527425486449,2.4817537533448033,-0.046493380879323365,0.2312553638953178
RGS21,0.417594933605,2.482548349098833,-0.025309504697905657,0.178407175217224
ALKBH7,0.41598872366899997,2.4831985214698724,0.0358670202520385,0.153077452378619
HPRT1,0.385341112243,2.483652017227466,0.022699117713706075,0.14601159583302498
PICK1,0.350675271361,2.4836935013665697,-0.016451373129973277,0.14781479449415721
ADGRE4P,0.37341277861100003,2.4885573474075184,-0.03429752489567947,0.16383399961886194
FAT2,0.246412301551,2.489840149640301,-0.08786603095238137,0.13425694519050688
GPR83,0.27325136784000004,2.4909757085978024,-0.11460664912428326,0.1557052586364292
ADRM1,0.30005749550599997,2.491330164541831,-0.12344268925550608,0.16998958660278177
DPYSL2,0.37490569607600005,2.491958976291493,-0.06878882634450817,0.178050492260033
MMD2,0.435026240642,2.493003127572013,-0.015763380826546377,0.1808219237605128
ADGRL3,0.37399100784500006,2.4961202862913012,-0.016797315989632623,0.15655829007153346
CTBP2,0.34119550428,2.501217075022872,-0.0018226863987816696,0.13714051215472572
BCKDK,0.314594897593,2.5013655503893615,-0.1083014381621177,0.1690661869430839
ADAMTS6,0.400232664727,2.503278356019556,0.016081603035503916,0.1534591871366362
GPR18,0.242789729232,2.5044146962183738,-0.08733133793682876,0.13181565643553614
AARS1,0.415706928895,2.5074092000240866,-0.03676535184597353,0.18045410407548437
PLPP7,0.391483855581,2.507704696211538,0.008186361726744773,0.15284793876779584
LNX1,0.436319719349,2.5080991525094998,0.002195713773693701,0.17308885302279212
PDLIM5,0.508319458277,2.5105350342916317,0.005036716416029851,0.20046832049208008
DUSP28,0.44727216215000004,2.5139328595729693,0.03628855718787674,0.1634823314382132
CCS,0.438147616497,2.5144513809998026,0.03880290416616438,0.1588198186484907
BEX3,0.531686127004,2.514483559069788,0.11915330945385973,0.16406264262978648
PLXNC1,0.45148438464900004,2.514696197145948,-0.05300470921735939,0.20061631875807856
RNF168,0.31613713496,2.514791046387364,-0.11436936877257943,0.17118977115455605
PHF21B,0.363955602533,2.515369798742489,0.02535119478336476,0.13461416604386126
ABCC5,0.343641085948,2.515984856038918,-0.06886677041061155,0.16395482483469717
TFIP11,-0.329528452043,2.5165413554352196,-1.0767444833554947,0.29692181680172247
SEMA6D,0.320651691422,2.519190284709081,0.004397567815231485,0.12553800541640703
TUBB4B,0.433656126092,2.52391841310537,-0.036573202933343034,0.18630924303404242
MOGAT3,0.37274678874,2.5243937633922697,-0.045357800860757136,0.16562574177766545
TNFRSF4,0.34180400605800004,2.526189022864979,-0.043989022521768104,0.15271740360198227
AQP7,0.35688358235699996,2.5278887310503926,-0.12258767513314016,0.18967261161487492
ZNF446,0.398294941689,2.5297786762807832,-0.035220320207091316,0.17136489684284734
GRIN2B,0.325467092687,2.5302558545963705,-0.09398308533925336,0.16577381977569403
MOB3A,0.307846809154,2.530559732869673,-0.08190224423659735,0.15401693480225384
ABCA13,0.501356280131,2.5307646139412494,0.08914366860368181,0.16288066035717358
EEA1,0.303068569379,2.5333717235055735,-0.09164638232937185,0.15580617247996353
HPS4,0.578124870117,2.533621980444434,0.11056567341451101,0.18454181417405932
PRPF38B,0.335081144349,2.5340338751460867,-0.21512425372553287,0.21712629948280135
WFDC5,0.227336113284,2.538877134184883,-0.10623131718420649,0.13138384129616404
GRM6,0.37871404285099997,2.539171631221446,0.00891580272626116,0.1456373549458926
NF2,0.459404801288,2.5401464377428495,0.02860204241554597,0.16959760763055115
SALL3,0.38947311416599995,2.543542576345929,0.06987097540405818,0.12565236443617328
SHH,0.36871976929399997,2.5445813642447055,0.010373221321370566,0.14082730975238258
OXGR1,0.32649524380899997,2.545073954390683,-0.10129978900395417,0.1680874664073849
CDHR1,0.40432755608300003,2.5452059461146326,-0.03623479388981249,0.17309497121258502
STK10,0.281949303054,2.54679347951864,-0.10105946915321205,0.1503886260458006
CREB3L2,0.35084589127599997,2.5477282552728244,0.011400080292857013,0.13323470047506825
IPO4,0.609738942522,2.548919744290637,0.0577482205653845,0.21655869047781034
LIN28A,0.316393533936,2.5523188306791607,-0.015039302699309913,0.12985557785784824
PPP5D1P,0.558703642176,2.555702458089615,0.17546796967444456,0.14995316504411227
SLC35F2,0.312028222109,2.5567101888140304,-0.05233765732331758,0.14251356333872722
KCNA5,0.501865701599,2.5608358389355015,0.0547291488401531,0.17460570723061827
NFKBIB,0.326242203532,2.5616027405322463,-0.018356917594029774,0.134524809672256
ZNF682,0.339704188545,2.5649729980164104,-0.04324230091319453,0.14929844865982658
TAPBPL,0.37077970143100003,2.5650404939121607,-0.06094162395423891,0.1683097504346936
PI4KA,0.23247935484299997,2.5669738595721823,-0.3429387247439539,0.2241620332210373
TXN2,0.32236002075,2.5678089867961655,-0.1067777035112883,0.16712213660281636
OAZ2,0.64950625172,2.5687271636731563,0.036181912271115405,0.2387658557601969
CYP4Z2P,0.489411498134,2.5706880992396193,0.06292879695205837,0.1659021572115615
DOK1,0.539858277792,2.5720236270102523,0.09469329178366051,0.17307966432866873
EIF3L,0.355000251369,2.5723158262099233,-0.08487713375346215,0.1710044235783372
PRKAR2A,0.293681665679,2.572696045854324,-0.03552619103652969,0.12796220418110393
PALLD,0.444582712861,2.5733735543968006,0.08266757564953278,0.14063839919125157
ZCCHC8,0.440050111729,2.574699773586739,0.07323190530039916,0.14247028340612977
OVOL2,0.40831507708400006,2.575749737814763,0.03826642590305889,0.1436663841009982
SELENOS,0.400056474686,2.5760342994624943,0.0028436248291162473,0.1541954817681444
SHTN1,0.43900823934600003,2.5761230491684484,0.1119734850658507,0.12694842134412543
KCNIP3,0.37079460893,2.579051690536965,-0.020056207026102557,0.15154826767924393
OPN1LW,0.345620414824,2.5824045996669525,0.003172510892096363,0.13260815287274058
DCTN1,0.0343464798545,2.582425706410263,-0.5739063332979195,0.2355354547635486
PGM3,0.487242816905,2.58306546054003,0.1306582243618088,0.13804705997216254
KLRC4,0.45857742566299997,2.5855847415767936,0.0944959339587586,0.14081205146740222
STEAP4,0.46232684762599996,2.586399127983429,2.9318615043859005e-05,0.1787417587676816
CYP4B1,0.526249168548,2.5907592836993376,-0.00577880675068572,0.20535600456828415
GABARAPL1,0.378386128971,2.592048867865492,0.06263801316095699,0.12181410610134685
BAP1,0.314930500095,2.5987773488019354,-0.18163488720564697,0.1910765412548978
GPR88,0.373495530838,2.6034420740440583,-0.05566321349909132,0.1648428242808788
LEPROT,0.554251386066,2.6053778608860525,0.12712414835090818,0.163940610737297
GZMB,0.47558559660899996,2.6057884498783093,-0.09164437384017694,0.21768074475718344
LYRM2,0.43264342044799997,2.606984081452339,0.027756345319390727,0.15530861043963431
SLC14A2,0.40050052616,2.6090885963489283,0.055922367562325145,0.1320684008507285
NFKBIE,0.42894265270599996,2.6143157201711844,-0.0427856578805161,0.1804404521408101
CASP10,0.48147561454899995,2.6184098385446553,0.038999156679523965,0.1689867076406228
IMPA1,0.504523721377,2.618558968156395,0.03448584346375055,0.17950249875189217
UBR5,0.39753393400799997,2.6190723828391134,-0.3259910341167726,0.2762523757898057
NEIL1,0.5390072260600001,2.6200959587602854,0.027639919479494738,0.195171213050709
RAI1,0.392602915216,2.6218560305690723,0.048942483683840445,0.13107524880287505
GRB10,0.386760308596,2.623210248146232,-0.022440249414808485,0.1559922839962912
NDUFA8,0.2912689771,2.6242604680140826,-0.059094094176226034,0.1335092592929102
GAL3ST2,0.617399754028,2.624349173363672,0.1368970144405268,0.183094057934221
MAGEE1,0.34969361811800004,2.6272737361975804,-0.056719546378281215,0.15469007241113664
SPPL3,0.41218249687299996,2.6284467125109985,-0.01016745791772842,0.16068423711251523
GRK5,0.396623547959,2.631372971171385,0.0622267155449586,0.1270807430484402
SRPK3,0.173400635257,2.6315112023981193,-0.3512025172744355,0.19935432995814728
CACNA1G,0.36911643160400004,2.6342474906239275,0.03133398250828539,0.12822730221742001
DPF3,0.55444152702,2.634500254823899,-0.012650647971426532,0.21525607141356434
UGT1A10,0.493116297942,2.6346387757633103,-0.055004663847870255,0.2080440654074364
FASTK,0.616979119315,2.6350866858912534,-0.013452623314465503,0.23924516259936152
IL22RA1,0.41890948677400003,2.638991781090069,0.03467267299947099,0.14559985238598022
SLCO4A1,0.40865808975,2.6515075817166482,-0.024421668314783655,0.16333340362707832
ZNF354C,0.504709825835,2.65384875843374,0.008052495735214158,0.18714605665505418
MAGED1,0.393970313547,2.6540787272981015,-0.019127691867910773,0.15564647768962445
DNAJB6,0.454579752497,2.656249231725326,-0.06367600508398419,0.19510810634450862
TSHZ3,0.38392304010399997,2.6603367233186175,-0.17289886932823634,0.20930504945164718
ROGDI,0.351002454524,2.6645751080909528,-0.05018047263729897,0.15056168840694767
NLGN4X,0.326064735327,2.6672257188401147,-0.4337379821468511,0.28486629838147454
SLC22A7,0.330329965297,2.6686296329357533,-0.0015170058849279717,0.12435107782898441
PPAT,0.334178705165,2.675101482459018,-0.009214631624300772,0.12836647096978365
RAB5A,0.38225924084,2.6765011694614995,-0.10686631611039196,0.18274812001998933
DPYSL3,0.383740950641,2.6782301425590815,-0.029945614143910806,0.15446266480655327
PDE6H,0.453777779666,2.6802159080102474,0.033087646307160545,0.1569612851343583
TPP2,0.339340835186,2.680562760424935,-0.09710662299371299,0.16281933951455974
SLC25A51P4,0.561777648875,2.6828040573573455,0.06524070507321411,0.1850813302745978
MAP3K13,0.469819459036,2.682965211480021,0.01266123834345892,0.17039289914622338
HPR,0.5589384533439999,2.6843354765446628,0.13812359768612076,0.15676686440085408
KCNB2,0.312388165949,2.6857144315509762,-0.10610069504686796,0.1558203121223854
MANEA,0.460801248439,2.6905241454330007,-0.0023993174025809427,0.1721599735976484
TSSK1B,0.46331222353600005,2.690795737833509,-0.011883198907756378,0.17660033266826838
ASRGL1,0.396354647771,2.69299414858177,-0.0782563404859204,0.17623914575041613
SLC25A3,0.287996022817,2.693511979386028,-0.20377586820521765,0.18257646328876342
RAD54B,0.35324518329099996,2.6960553107431355,-0.028180603042053526,0.14147550490272323
ABCB4,0.334520845865,2.697017097155897,-0.09179775852495194,0.15807041224896962
HS3ST4,0.469766476474,2.6986845159776567,-0.20547610361779675,0.2502117517234783
PPP1R12A,0.43594169185599996,2.701469020907859,-0.386642142312235,0.30449500912351624
FES,0.441997806528,2.7021333351222268,-0.04518989664932604,0.1802974327154322
SLC10A5,0.436290882071,2.702177596735787,0.038025946812761405,0.14738666168328093
SH2D1B,0.352109651005,2.7024869426439206,-0.0338959321794898,0.1428334683485462
ZNF471,0.412588599395,2.702556937788216,-0.11480713851653078,0.1951469478911899
SULT1E1,0.452027525065,2.707623235189822,0.01039864021665657,0.1631057375740766
PRMT6,0.3444454886300001,2.710424140571971,-0.09905612321667215,0.16362812196362805
PCK1,0.27875474466600003,2.7105824268343137,-0.010159723340602701,0.10658759724345504
HIPK1,0.332098664401,2.718306889803425,-0.27282511498967804,0.2225369702220868
FAM89B,0.493076203297,2.719129370284361,0.09861812348289416,0.14506778681620958
PTK7,0.269363247365,2.7230323027383294,-0.21282601574182208,0.1770780547193377
TESK2,0.325935831269,2.7266007201948095,-0.021747086541599323,0.12751515659607035
MTA3,0.46822078362400005,2.726972740481843,0.07305084358003786,0.1449115842551978
LILRA5,0.565002693781,2.7273983061865925,0.034562858369100884,0.19448565110885918
LOXL1,0.627747907022,2.728229846356783,0.014408335063632772,0.22481227993946593
VIM,0.332751567874,2.7286460044158956,-0.05852641841699381,0.14339638987899872
KIRREL3-AS3,0.346705060061,2.7291073097037075,-0.06446850675900692,0.15066229362180963
SLC4A7,0.34599530396899997,2.7326841699753373,-0.07800120427967855,0.155157523473525
APEH,0.58384647139,2.7336523376892443,0.13117219870388336,0.16559321258414378
GABBR1,0.351335404876,2.73905596743449,-0.09306532288996869,0.16224594643175996
TNKS2,0.32878364867,2.7413016950228077,-0.07361413966868476,0.1467907706288916
BMP4,0.38308678408,2.7439220235858737,-0.10179892046212688,0.17671263992715713
CYP4F8,0.341185932856,2.746914398348469,-0.12565079959432326,0.16994950142276008
GAS7,0.504660088915,2.74724830022844,-0.07211696280553936,0.20994718667132456
NECAB3,0.358220148599,2.7472889015633495,-0.017364838734685833,0.13671113624779635
GSAP,0.3683404372199999,2.748969392664735,-0.048535207779519335,0.1516479761876932
TPRA1,0.313805172521,2.749134730441575,-0.052544904937252265,0.13326013941826995
DDOST,0.08007744559439998,2.7497693275514257,-0.34148035848401126,0.1533066064322544
NDUFV2,0.364055532708,2.7505119810634286,-0.06034995407209474,0.15430054102727708
PRDM11,0.349427090396,2.7566469577410437,-0.024237768921246853,0.13555049487492207
SERHL,0.620916080386,2.7595180648740536,-0.029536531318821977,0.2357123948505512
SPPL2B,0.401317165062,2.7598241428502317,-0.040579489704393894,0.16011768572689614
RMND5B,0.452874271158,2.7604251756707328,-0.0626331826639369,0.18674929440776383
AKR1C3,0.44043982158600004,2.766159220005985,-0.03141766216090827,0.17058218497845085
LYRM4,0.263272070689,2.7670266178518896,-0.3470456526553018,0.22056807094183517
SERPINF2,0.40970665934699996,2.7681695739205305,0.048916969646670895,0.13033511136723688
NBN,0.289042220413,2.771757458758064,-0.04480941468862276,0.12044763658765836
NUCB1,0.31338742966999994,2.780010031408444,-0.11052524599974992,0.1524860237482603
STRAP,0.5161220067260001,2.7817293557235283,-0.1582853256476479,0.2424417497647734
TSPAN17,0.314579679887,2.7832378745136612,-0.06669536236411686,0.1369897434001182
SLC30A2,0.48897737956500004,2.783955721124355,0.010110386367094373,0.1720095580415718
IGF2,0.5533224258030001,2.78397982112559,-0.09943505017493576,0.23446918365737995
UBE2K,0.416334390634,2.7880062505957994,-0.01591053283654875,0.15503728636841385
CSNK2A3,0.515038663535,2.7896508160332374,0.04170455483644692,0.16967503817256016
IRX6,0.378013782732,2.7970803596976332,0.008443726727247065,0.1321270784099688
PPP2CA,0.525871002875,2.7977256795389382,-0.3853420842606967,0.32569779582030484
FOXP4,0.34001546855899994,2.7986275049513973,-0.06378016969152345,0.1442834523480237
USP3,0.342685614359,2.800601384604231,-0.12996961820563924,0.16876919191819684
TAB1,0.512754606191,2.804835921288718,0.0023800015884728127,0.18196237460051815
THNSL1,0.494767947963,2.805170998645877,0.0033038006549250118,0.17519935417317392
PLA2G2E,0.5114200166130001,2.807485556836781,0.0026493053726230472,0.18121935124525218
HCCS,0.415002836003,2.8095467506025815,-0.33399866247125953,0.2665915768490474
HFE,0.390370492639,2.8121046422332903,-0.04290024960060606,0.1540734778260297
TBXA2R,0.496252937007,2.815011745419505,0.04274138915606384,0.16110467339572396
INPP5D,0.294584641558,2.817096101506061,-0.06257059180175822,0.12678134521886483
FBXO25,0.48135464221999996,2.817648351055586,-0.1792102007079787,0.23443835448114342
AMD1,0.210694896573,2.81812306879139,-0.26566169317781163,0.16903328141560084
BMPER,0.431093639445,2.8190955838497223,-0.008325944304644202,0.155872538081727
ATG4C,0.37787722167800003,2.8194597629440015,-0.09911188411712907,0.16917748288667556
PROX1,0.35865777432499996,2.822895054678304,-0.06368771294190718,0.14961430697431202
GPR17,0.321932636701,2.82371702312815,-0.13383808731248614,0.1614080732171163
MAT1A,0.351431610955,2.827754553943947,-0.1047357804293914,0.16131788763213634
NUMBL,0.453500387048,2.827779882873966,-0.006944087878158778,0.16282896618466422
MC1R,0.448720960499,2.8305327452826012,-0.00819971303434316,0.1614256801285385
IFT20,0.439040118711,2.831111572105286,0.006867785361963987,0.15265111329669773
TRIM4,0.50341591442,2.8325148331914622,0.03177428992074029,0.16650985158932066
SLC2A7,0.577725638739,2.8325441970686396,0.09747000416967667,0.16954921129433148
NFYA,0.43558004813,2.836755465868503,-0.007359407356141238,0.1561429812387902
TMEM14A,0.635271516702,2.8383464810892267,0.061792169700634045,0.20204698433479867
SPHK2,0.381228780827,2.8433593866173625,0.009519239056113913,0.13072900440246316
IL10RA,0.485483563543,2.856771795898875,0.04931868462835476,0.15267753607088774
SCGB1A1,0.36168250274999997,2.859703791676818,-0.06964807321703599,0.15083050811850715
PTGER4P2-CDK2AP2P2,0.690229334986,2.860015380491569,0.11327434446679673,0.2017314292974321
HSPB1,0.570687148245,2.861614840278379,-0.035877168121529295,0.21196574319817355
TRIM9,0.464300977698,2.8655247001518056,0.012513310048700968,0.15766315593977076
CAMK2A,0.452643409552,2.8727172303289144,-0.09465451964746596,0.19051576793613015
ZNF692,0.386805253609,2.8765538494384884,0.029315310901337585,0.12427715990001212
CDC73,0.253316039253,2.876919278543582,-0.4618831161830464,0.24859896513958166
PTPN6,0.41101852048500004,2.8772131716521634,0.05739587077607798,0.12290457071203507
TGM7,0.6159828127579999,2.880278580144158,0.0457990650740802,0.19796131930244817
NLRP3,0.43886842329899994,2.8809531949227467,0.013769122140081405,0.14755508763838757
SPG21,0.44696378653700003,2.8847385143040336,-0.0590117890251309,0.1753973793649722
SUZ12,0.81497833527,2.885937866992994,-0.05579781332620125,0.30173073320650085
TMEM123,0.21526687301,2.8879442793298966,-0.2347866440006233,0.15583871206651237
FOLR2,0.575764682552,2.888283761157611,0.12366532378223946,0.15652871952877687
NRP2,0.341894808816,2.8883822165792905,-0.011929367113925716,0.12249908405438097
ZBTB48,0.34547850597400004,2.892304968177302,-0.040548827630296776,0.1334670229631998
VN1R1,0.667606516614,2.8927129589998173,0.037662611947974316,0.21776924070746193
EXOSC10,0.167355783529,2.892782144045926,-0.28628397506285497,0.15681780929323
UBE2D2,0.509267498851,2.8942851481643346,0.0494084682789059,0.15888518477999797
ARAF,0.462218258007,2.896095272563748,-0.003312432175082288,0.1607442595526129
FOXI1,0.594045628436,2.899619078713151,0.07055522658453335,0.18053764568406386
DTNB,0.431220036416,2.9010529520738,0.07283509032611223,0.12353616152841967
TNFRSF13B,0.5715565851959999,2.902593668560615,-0.10192202393497257,0.23202648597554065
NDUFA1,0.163361820685,2.9026810312749163,-0.45597136749983613,0.21336591293078191
RNMT,0.41419064099299996,2.905710531087358,-0.05176666395330395,0.16035916171317177
GSX1,0.43127602438999996,2.910084037615654,-0.04511491795961095,0.16370350003360612
RPUSD1,0.451438826617,2.912348873000161,-0.13360178739531714,0.20088273744815352
DAPK2,0.415947280198,2.9166393845827248,0.04970636344830993,0.12556948887326608
IRS1,0.459781405495,2.920917207093843,-0.13591696427777056,0.2039422303124636
PPP1R14A,0.512776411937,2.9220179747581794,0.009764980571758241,0.17214522145671263
MRTFA,0.603654967084,2.9278406912690937,0.0651569121790393,0.18392327714782353
KHDRBS1,0.609877666315,2.931225175604509,-0.008456458187763576,0.21094733002736438
IVNS1ABP,0.37905657441,2.9375491816126464,0.013603669280236952,0.12440741670549255
PPP1R12B,0.394577438821,2.9375980070929057,-0.08684443496824082,0.16388282965430784
CUL1,0.361469528384,2.9425519908124556,-0.3248645569054489,0.23324450593647728
PVALB,0.34505631062799996,2.9475507311323126,-0.1279921338168906,0.16048865230664486
PYCR2,0.579561768678,2.948840693975173,0.11555778829752067,0.15735132159851628
ZNF134,0.599751309796,2.95485807670531,0.0661456609599426,0.18058588094052624
NDUFS1,0.318625736187,2.9562869421090503,-0.1556789431171526,0.16043932425780633
NAE1,0.23956786673799998,2.9643051150950646,-0.2655810896430651,0.17041058081663266
GPR84,0.329043030364,2.9648337729849596,-0.17855516343526717,0.17120629103203425
AIFM2,0.48029671563000004,2.9661236467730863,-0.03655392557203446,0.17425121227307167
SLC4A11,0.401770889034,2.971361268272313,-0.013952085792529479,0.13990993934852292
PDCD2,0.273893903211,2.9719949280075224,-0.2520204665893567,0.1769566848328839
DNAI7,0.504429650062,2.973992632475497,0.04583180183816524,0.15420275195574587
GALK2,0.30953170841,2.976183266500579,-0.1489232329858057,0.154041233467071
THRA,0.46650221849699997,2.97870302922196,-0.013843593449835682,0.1612600542029537
VILL,0.550909969169,2.979765058468498,-0.018478794069394684,0.19108511982184326
YIPF2,0.363961761148,2.9799819280911173,-0.1150070901969027,0.1607287771881607
CST11,0.625714264726,2.9801765330268855,0.15690017275587928,0.1573108461108372
PSEN2,0.317839081585,2.984574228358696,0.03900974313516393,0.09342348928717127
LRIF1,0.566785691281,2.994720688318416,0.06540891147866798,0.16742021443203878
GPX3,0.718745844212,2.995907503457812,0.07041500763483571,0.2164054917679784
SQLE,0.41522643126500003,3.0018164053784253,-0.00878344190961592,0.14125110130483245
ULBP2,0.38607425589500005,3.003862762109606,-0.03986808579418218,0.14179820298782356
DEGS2,0.373392944828,3.011840984287791,-0.18916230789414232,0.1867811931828033
S100A14,0.35445959785400005,3.01253256308456,-0.10371118767862417,0.15208824334283674
TXNDC8,0.434491514887,3.013059554215833,-0.0007858155993477263,0.14446356690073167
PCDHGB3,0.614558364531,3.013976116390527,0.029651520680910735,0.19406485694072492
FOXE3,0.456525269984,3.0183298799188885,-0.028847056212229643,0.16080824346783232
F11R,0.335740209583,3.019242534718787,-0.1703991688466987,0.1676378669846875
RBM5,0.322535795052,3.022645131342525,-0.1082088942699829,0.1425058750216785
EGLN2,0.471353995551,3.0251580704100705,-0.12843271173169266,0.1982662371098478
PRKY,0.386168816857,3.0288907914333008,-0.006379765733787117,0.12960143155410014
RAB4B-EGLN2,0.502145734811,3.0306385325061247,0.02739615123047439,0.15665001896083633
PGRMC2,0.633327988677,3.037641710477867,0.09528674085965727,0.17712465757941567
MRPS16,0.5456870344520001,3.0395687969967775,0.0455621617148493,0.16453809936175662
MMP16,0.492949714744,3.042226750398318,-0.004225567087824222,0.16342479460701909
CDC42BPG,0.433214702198,3.0483634663888233,0.00240638630129644,0.14132445840096988
ATF2,0.41011160869499996,3.049410125159795,0.0049163054920168285,0.13287661763166414
CD53,0.665506631925,3.0536040999453924,0.04714682741850662,0.20250162898247076
MFN1,0.508540262995,3.0603619506837267,-0.1410821070112742,0.21226978392576723
DDR2,0.443615841474,3.060713658740169,-0.08084075221944087,0.1713510808813505
KCNK5,0.428847364633,3.0665478319812722,-0.031162291615254023,0.15000896169000744
SHPK,0.38593334904700005,3.073087380610134,0.011896349657429837,0.12171375332494075
NFRKB,0.550456308457,3.080056003028023,-0.13401785845193828,0.22222783164852433
PTPRD,0.44053442661200004,3.081906354838519,-0.0564815781979959,0.16126901585756906
EGFL6,0.606545076557,3.0830558677720257,0.04683350152962852,0.18154441535691268
SAFB2,0.401137143729,3.0865114129361664,-0.06805394077820101,0.15201339691819393
COLQ,0.462421670018,3.0878960762045704,-0.05505204540978907,0.167581324842976
GPR176,0.400712337807,3.097543645314048,-0.034431961690034193,0.14048044170590424
NCBP2,0.2593759622,3.103604363173184,-0.7168865645274421,0.3145576602197107
INA,0.35559006466799997,3.105799369655459,-0.05987230219565099,0.1337698664385202
DNAJB4,0.49229964339500004,3.1108414665923108,-0.07711554418162528,0.18304217482364224
SCN4B,0.441913026568,3.111527046508108,0.014345681604158843,0.13741398952121467
CDKN2D,0.49982674216000006,3.1145741359507118,-0.022005274072223985,0.16754522238172279
CD109,0.371105009136,3.119064047924678,-0.09547382693485396,0.14958937325487115
TCF20,0.41713509008599997,3.119627805077505,-0.09371302009224458,0.16375290326198155
CABP1,0.5632638548800001,3.119989972893409,-0.04036710297548638,0.19347208263483381
SCN5A,0.44267604403899996,3.1256034851442385,-0.04127036882505552,0.15483295151295323
MARCHF8,0.621491082328,3.126925844693296,-0.03932372850258249,0.21133050275306364
USP22,0.573912402024,3.128969695791789,0.08677104542482432,0.15568746391323038
LANCL2,0.39900362210600004,3.1294469459167025,-0.09713261814054681,0.15853799371607966
KPNA4,0.537666668089,3.13175647954522,-0.09202237555272749,0.20106577499064301
ERO1B,0.733562873281,3.1412812917528843,0.10458567856900074,0.20022950391718028
POLR3G,0.503970355576,3.143327296794092,0.04171104450143571,0.1470605086355553
PRDM5,0.583224064835,3.1446817124521336,0.034699742900907236,0.1744292020912886
PDE1B,0.388889515512,3.1475308086359197,-0.08263491180346157,0.14980772420772948
MRPS28,0.42857592284199997,3.1508540946075767,-0.14392888130848758,0.18169829099045925
RGS14,0.5596360605640001,3.1561662396681447,0.02841369444569386,0.168312543059887
NUDT6,0.383479582628,3.156485056843061,-0.05155966481506405,0.13782395278568685
CNR1,0.447034106109,3.15755288614077,-0.03235349864695081,0.15182251003937064
TLR7,0.47608185407700004,3.1599672791370668,-0.03913257640957435,0.1630442295678678
NTF3,0.593178211493,3.166371611461831,0.11601218418590024,0.15069804996350528
DICER1,0.391651141294,3.169343684093435,-0.11989157011499885,0.16140335741319942
OR8B2,0.590664102486,3.1696790449300853,0.036532181808121164,0.17482272268677018
GNG4,0.545549798284,3.1751875842677877,0.08696229935230891,0.1444284744636413
CACNG1,0.517714336548,3.1756535229261122,0.01687078822532839,0.15771353666478832
ZNF70,0.45626920031,3.1792456387730015,0.0330353841392353,0.1331239747596564
GYPB,0.550507994257,3.185203933166404,-0.08961967704247134,0.20096913250484463
CDX4,0.389412963288,3.1858716273120704,-0.04600957493821902,0.13667297027708122
UGT1A6,0.76055625875,3.1917868735560773,0.17063282154684917,0.1848254474917046
PRDX2,0.559358109348,3.208194809833034,-0.024657570480424763,0.18203872097742685
CXCL11,0.492098121653,3.2105585454970917,0.0005951335540575616,0.15308955782422679
ZNF665,0.592477691642,3.2120143126242837,0.18379004105482377,0.1272371822818155
ACRBP,0.557087982864,3.2163300481456947,0.07035439502265092,0.1513319779237099
MARF1,0.761025033844,3.2193513298950562,0.11640359221911296,0.2002333313667571
RDH11,0.569194274567,3.2222991216508423,-0.014096995289091087,0.18101710854120223
SPATS2L,0.534009754415,3.2235560746421807,0.06779067664669115,0.14462880960433108
CDKL2,0.5594602126780001,3.2243357407119375,0.006116125589106309,0.17161490973229562
WT1,0.442411233433,3.233304117467416,-0.0515358218144062,0.15276851087991847
ERCC1,0.453546240564,3.2370838959894166,-0.07210874337860504,0.16238534459791573
GABPB2,0.8608836804359999,3.238320179615139,0.1763376064647311,0.21138924998226222
CDC42EP1,0.512231836867,3.2469455165657632,-0.020324465220512105,0.16401762806626566
CLCN3,0.5565512711339999,3.248263848876877,-0.09700408830374511,0.20120143862812098
EIF3H,0.411943300849,3.2508974245014555,-0.6328298761327877,0.3213799270033904
PNKD,0.60127902435,3.260788323489937,0.10813903613181088,0.15123336423457082
SMS,0.499253883095,3.268394451029158,-0.006762990651808202,0.15482123756129643
CHRNB2,0.33169641045000003,3.2693582245922137,-0.03274265455799716,0.11147113285619033
EREG,0.428361264147,3.271445590100209,-0.09290678944505561,0.15933875078634227
RHEBL1,0.688268812268,3.276662572986792,-0.062079228879358204,0.22899765368986097
USP12,0.44285869829700003,3.2767033640101673,-0.05760130015907768,0.15273277524993709
VTI1A,0.506101708068,3.2769829680227387,0.0036054751703792623,0.15334111827893213
PDCD1,0.8568632763230001,3.285794804380449,0.017180889261032152,0.2555492466974954
C5AR1,0.371875676831,3.2911460072388468,-0.05048013340971502,0.12833092464197793
PPP2R5D,0.467924881113,3.3001709381161017,-0.14984865832244126,0.18719440629584375
MKRN2,0.506986429618,3.3130455311451787,0.09796800772493175,0.12345692748499233
ZSCAN10,0.659459642779,3.3182405203286813,0.049735806465324335,0.18374913830938353
SLC35A1,0.49111616665799995,3.3185082692193726,-0.0870820906415341,0.1742343879816657
CXCR3,0.433180323741,3.327186810479868,-0.014482489869467772,0.1345469428408509
MUSK,0.504275027947,3.334119536879476,-0.0895362704504609,0.1781013823377282
EPM2A,0.554046534994,3.3348629769061873,-0.061383464542861484,0.18454431375402627
GBP2,0.5327842120399999,3.335406721097023,-0.05133761565164388,0.17512761607061966
OR5M1,0.5677988210530001,3.3430942648670428,-0.018035349205026086,0.17523710785382987
PRSS42P,0.844425963417,3.3475231119028757,0.1331838095572646,0.21246818321604802
CWF19L1,0.594770811394,3.348872506072107,-0.032097913901633496,0.1871879936184516
SERPINB9,0.471164938491,3.352093460321655,0.04536710148708751,0.12702445264251505
RPS4Y2,0.5256838510790001,3.3523931534889626,-0.01664986651059207,0.16177509401758708
SERPINB8,0.578340274486,3.353010372761089,0.008226743082921824,0.17003035124332444
DDX50,0.41414194777900004,3.3620702724295404,-0.01764688799247915,0.12842944994705738
ADGRE5,0.457496903095,3.366964683573177,0.017404518605372742,0.13070893990565446
PROP1,0.709371531134,3.3674428422177076,0.12368567624243133,0.1739259973617998
TMEFF2,0.41781583122599997,3.380551759187459,-0.07763416458387326,0.14655891437348037
NANP,0.795170092054,3.3845462969543725,0.0693268997215884,0.21445804803603097
MYO15A,0.458569225365,3.388826875542632,-0.032695382898336574,0.14496597976391856
CYP4Z1,0.457193373978,3.3896121246602284,0.03951790948949942,0.12322220039567741
MTNR1A,0.514421596839,3.3926610060124727,-0.03586003494601684,0.16219764686474952
ING5,0.43516607623400005,3.3978735896273857,-0.06941242067928124,0.14849831331383162
P2RY2,0.493323122209,3.4060206062690286,-0.07134995989833007,0.16578674863798773
KCNN3,0.41294973070600005,3.4060610180037805,-0.07221606448375995,0.14244189773033053
CLEC4M,0.8289232279350001,3.414524418900155,0.06851352208228033,0.22269857015626604
CETN2,0.587501269197,3.4170638848966357,0.06713942245799023,0.1522833240077835
WDR88,0.678769484586,3.4281364787315622,0.049893400066371094,0.18344546327756414
CD2BP2,0.5010375615079999,3.440996544529151,-0.08106156652421717,0.1691658566056098
IRAK3,0.42268184138000003,3.4532080310031925,-0.05372102135426975,0.13795950271662893
EFCAB3,0.595010121951,3.457077442113745,0.17577095312775318,0.12126982280353933
ACADVL,0.531227710795,3.4708420316121686,-0.03655951630816032,0.16358774670002174
RLBP1,0.633499385241,3.4791974646903885,-0.1190520241218499,0.2163002867759962
GPR68,0.446355438188,3.481662532523357,-0.10397603030983457,0.15806571238797756
KAT2A,0.511979274054,3.484689569449043,-0.06649122631884595,0.16600345277364456
OR52M1,0.589288561046,3.4872803861564345,0.11545148902506529,0.1358758171272779
LILRA4,0.529976541399,3.4912571777295205,-0.043368664241397605,0.1642231369541395
CBFA2T2,0.461411275565,3.4994663819987184,-0.22283622650781462,0.19552909711966057
STK4,0.47632419154600003,3.5011101273040888,0.010752126451739228,0.13297841203662988
DDB1,0.00617468512875,3.5163050078491183,-0.9384103036956958,0.2686299927668212
TRAFD1,0.465725706034,3.5210635034872704,-0.05155648771881741,0.14691078227941637
CCR4,0.573371594262,3.521917225908376,-0.09089792276315753,0.1886102013240327
FBLN2,0.517328650343,3.5322070507096046,-0.2066038481774,0.2049518864911855
TCN1,0.619628218467,3.551143844885413,0.06999920468884918,0.15477520421195048
FCN2,0.644058963159,3.55616305877755,0.04496465678881824,0.16846648943485837
PLEKHG2,0.7069680683030001,3.571059117887095,0.03471742568224897,0.18824965379416755
CHRNA1,0.501617492189,3.5763528157085775,0.025357932921469418,0.1331690646335658
CEBPE,0.752744381151,3.5786029600897136,0.06172956810808919,0.19309625033831287
RAB8A,0.597833775048,3.5872301132287325,0.04910859031249457,0.15296626294252927
HSDL1,0.49056818978699995,3.590186214127875,0.05615116650503668,0.12100125101379776
PLA2G4C,0.5389305835930001,3.5908088958820192,0.026939542605911596,0.14258376199698225
BNIP3,0.505503406079,3.5929658627144097,-0.04035910988536967,0.1519253276600803
ATF6B,0.47425062463100004,3.5955244168781473,0.02576393405280024,0.12473470864859351
GPR174,0.636323968939,3.596462629052166,0.01218550803646346,0.17354231790447544
SBNO1,0.583875328148,3.5972358909666484,-0.06931349184450673,0.1815807580572599
EXOSC7,0.671231857562,3.612350152876731,-0.09112083341342583,0.21104064077739493
TGM6,0.7655879860600001,3.615191625868606,0.005910680610663983,0.21013472702620897
P2RX7,0.8823039780859999,3.62002257998725,0.16137502768675777,0.19915040154301508
ART4,0.670154238481,3.635311288588731,0.09798729617425266,0.15739145753564038
DECR2,0.5118939930799999,3.6385672177934256,-0.08575098381938123,0.1642528339113156
DOCK1,0.555158545483,3.6463090861088956,-0.01774171911344557,0.15711785563626138
AIFM3,0.553586382736,3.6547940465515274,0.04613076927192074,0.13884656891758043
DNAJC8,0.324048497273,3.6661280692020592,-0.3102293725962303,0.17301028711942468
CLCN6,0.565363757009,3.681699973367611,-0.010232085134105605,0.15633969261667302
RABL3,0.543670273985,3.6858340610771756,-0.03277190995622946,0.15639395979013926
NR1H4,0.820531332011,3.6906254312941753,0.08054448160719337,0.2005044576263917
SECISBP2L,0.6873660232019999,3.6936803901630997,-0.0039333567140038325,0.18715733547413896
SH3TC2,0.553909012829,3.6996331240174194,0.046329633605881264,0.13719721988864125
PDE8B,0.543085870028,3.7115066962643306,-0.03600042176346044,0.15602458494128993
PAK1,0.40265527409400004,3.7307397748545457,-0.07177432715932909,0.12716770128300525
NKX2-5,0.604206609427,3.7538852514226404,-0.025991006633729,0.16787876396112478
DCLK1,0.517349235124,3.767583166764346,-0.08591396658791138,0.1601194121031182
EDA2R,0.8503053837700001,3.770436202089365,0.13157130848752988,0.190623587500085
WIPF2,0.702102511045,3.771406646046872,-0.24200368488736274,0.2503326436362835
SNAI1,0.566709176277,3.776091204299034,-0.042689396075300125,0.1613834357757321
ARL9,0.678364742021,3.7890066164653113,0.03917467856423134,0.1686959480828398
SLC22A23,0.415505808657,3.790868368221958,-0.05247464364435899,0.12344940706048763
RAPGEF2,0.720308646521,3.7953677146506006,-0.047591374524969504,0.20232559234821387
MRM2,0.6379751364540001,3.802794019459254,-0.05837268113730293,0.18311478718753257
RAP1A,0.6273376820090001,3.8058933908759247,-0.09458669175561443,0.18968591592589615
HLA-DPA1,0.692432123352,3.8614317101960154,0.13369640892396048,0.1446965157904286
MYL2,0.551362081646,3.8680095815482725,-0.04185247718359057,0.15336429404400306
TRAPPC2B,0.689991665018,3.870171707981829,-0.04767819942401232,0.19060391117030917
TMEM182,0.881256151231,3.881448254556706,0.09627507705313702,0.2022392217276936
CIITA,0.668115002728,3.8834180401422826,-0.09380397099465423,0.19619803117944484
ZNF226,0.698973660173,3.88538324151871,0.03960497313528067,0.16970492897374695
CYP1A1,0.46794983590800004,3.8879751646576546,-0.08977894506110487,0.1434496768495213
ATP12A,0.601994584671,3.907543291393568,-0.05115157714486091,0.16715007694333847
FAP,0.585274507692,3.9094796063374178,0.007107237650381925,0.14788854995032755
TKT,0.340562115773,3.9240351637281328,-0.4051525537947262,0.1900377133367073
HERC2,0.547915430559,3.935245099045564,-0.08428008718320278,0.1606495915325662
LHX1,0.7120393823800001,3.94631589595331,0.04713711853871146,0.16848683211678583
THPO,0.581267408543,3.985019392616132,-0.06105190205656107,0.16118348427355678
CRP,0.549847505294,3.986102211530393,-0.010868776738088563,0.14066781338675496
FABP4,0.525822934152,3.9911868090005966,-0.05185981177923669,0.14473959089774852
KIF13B,0.539008114915,3.9958999609929053,0.06998096251167904,0.11737710077375825
AUP1,0.541011249008,4.001593155379397,-0.10285205258991716,0.160901740031308
IL17RB,0.564690616959,4.002211082487818,-0.010041988152839368,0.14360377133196567
COP1,0.9590771207179999,4.007290707126956,-0.13269568257481135,0.27244661869704034
FGF14,0.572857865454,4.036734983035493,-0.10911474548530473,0.16894163570442852
ATRX,0.657907381061,4.04998625191964,-0.07987099224949204,0.18216811796849797
MAP3K6,0.605782843762,4.057335106566726,-0.134006849711966,0.18233389011339712
ME1,0.797127389121,4.064774903325951,0.002899338843991565,0.19539287393925342
TP53BP2,0.716348567615,4.153897139083776,-0.040210480655648015,0.18213235016154541
SLK,0.550023724507,4.18683407666593,-0.10227956615309602,0.15579869627399706
BATF2,0.7739520805850001,4.235599806181956,0.1276688118395247,0.15258364772852476
DAZL,0.597863766209,4.240924454143386,0.009694960875872566,0.13868881931119667
COX6C,0.550000527086,4.304158590225577,-0.19461140314184847,0.1729982561327565
FTSJ1,0.783009706463,4.374760096787915,-0.0006004412096361413,0.17912071298446447
EDN1,0.826690714359,4.401780458049056,-0.10450614873865896,0.21155004707126654
CBX3,0.5453245293119999,4.403341568656398,-0.05219395290129495,0.1356966006149773
WIF1,0.660329513624,4.44054965251789,-0.09459646181628757,0.1700073266858367
GJB4,0.944587781837,4.443235486072665,0.003304879992565728,0.21184627841465714
CLGN,0.774463698629,4.464346909875269,0.06873565958434427,0.15808091380254616
FLT3,0.7947708734990001,4.492059230333885,-0.036695126041964385,0.18509684688177264
LPAR3,0.625951193841,4.508047628377577,0.02786766568741358,0.13267018839568773
BTNL3,0.647146576251,4.583000250145235,0.014952961176641775,0.1379431770823761
PKD2,0.688282671483,4.58713218758616,0.006698062498605698,0.14858621489673215
UBXN4,0.65637913839,4.634685756604374,-0.02186520937264568,0.14634095672962405
PRB3,0.633294033823,4.695434457854413,-0.03408757504464511,0.1421341549664834
ALDH5A1,0.545028850768,4.705595508219771,-0.03272331018864885,0.12277981818612052
MBD3,0.725264246394,4.726676119115707,-0.020895738355634116,0.1578614582310814
CSNK1G2,0.67794804883,4.74195191086718,-0.023609823788530646,0.1479470660617125
HOXD13,0.5726931567310001,4.742716647331151,0.028905906449514088,0.11465733475506894
CHDH,0.758580272638,4.872769872512406,-0.09318439447209423,0.17480092214388185
SDSL,0.82237430707,4.875806734937773,-0.1659031649015998,0.2026900420170597
RGS11,0.686153312331,4.889489871036833,-0.06698823383476396,0.15403274493460758
KCNS3,0.8414749607709999,4.895537707055492,0.1023891091573217,0.15097133263798604
C2orf49,1.0393951399899999,4.972915321466964,-0.002626910084479826,0.20953947186196867
PTEN,0.9771465796100001,5.05238394375168,0.03666630853829144,0.18614584353487373
ATAD2B,0.683593896292,5.157162874683525,-0.043726511042381434,0.14103111051713957
FABP5,0.667221868083,5.169883274476991,-0.14523127283573936,0.15715115753767783
PPP6C,1.3342577559,5.216191901018714,-0.304804073272778,0.3142257532459018
CCL26,0.7801215769200001,5.25628913118051,-0.12305837298120524,0.17182843777438098
SIRPG,1.09276069896,5.512972970584148,-0.08447662451119088,0.21353946949361743
CYP46A1,1.0572410775299999,6.014465302376205,-0.011787695950402357,0.1777429446734107
ARX,0.8362781839300001,6.028915172173124,-0.03358628094775516,0.14428208724725056
GPR152,1.07277021639,6.514054498075503,0.03937874044613943,0.15864028712826447
ACVRL1,1.11822072369,8.057038290251754,-0.11072563387359957,0.15253078281265053
